g1,g2,id1,id2,r,n_lines,pDockQ,ge1,ge2,identity,corum
TADA3,TADA2A,O75528,A0A024R0Y4,0.033454883843660355,1178,0.73088347,-0.19115325808525085,-0.5567047595977783,0.18510158013544017,False
TMEM14B,FADS6,Q9NUH8,A0A087WU67,-0.1209840178489685,1178,0.28457171,-0.12826669216156006,-0.05661263316869736,,False
CD53,KIR3DL3,P19397,A0A0B4J1R5,-0.11657709628343582,1178,0.23347405,-0.04076395183801651,0.10139621794223785,,False
MED19,MED7,A0JLT2,O43513,0.2013895958662033,1178,0.28340623,-0.4926837980747223,-0.932953953742981,0.1885245901639344,False
MED19,MED14,A0JLT2,O60244,0.17139406502246857,1178,0.53738084,-0.4926837980747223,-1.4890227317810059,0.06533700137551582,False
MED19,MED10,A0JLT2,Q9BTT4,0.4135887622833252,1178,0.69501114,-0.4926837980747223,-0.5545581579208374,0.11475409836065574,False
CIB4,VASN,A0PJX0,Q6EMK4,0.012299034744501114,1178,0.35832431,-0.0636054277420044,0.07607027143239975,0.08023774145616643,False
TACO1,CIB4,Q9BSH4,A0PJX0,0.07575304806232452,1178,0.24442777,-0.11830977350473404,-0.0636054277420044,0.13468013468013468,False
ALOX5AP,TMEM120B,P20292,A0PK00,-0.11462807655334473,1178,0.2989058,0.0705159455537796,-0.034129489213228226,0.12389380530973451,False
COMT,TMEM120B,P21964,A0PK00,-0.0043960693292319775,1178,0.32284021,-0.20710420608520508,-0.034129489213228226,0.17699115044247787,False
TMEM139,TMEM120B,Q8IV31,A0PK00,-0.10839185863733292,1178,0.45000063,0.061919089406728745,-0.034129489213228226,0.14454277286135694,False
JPH1,TMEM120B,Q9HDC5,A0PK00,0.07222749292850494,1178,0.24341676,-0.05861842632293701,-0.034129489213228226,0.11195158850226929,False
TMEM120B,TMX2,A0PK00,Q9Y320,0.02239914797246456,1178,0.28580073,-0.034129489213228226,-0.24872562289237976,0.16519174041297935,False
FKBP7,TMEM120B,Q9Y680,A0PK00,-0.19457516074180603,1178,0.35216589,-0.020741967484354973,-0.034129489213228226,0.13864306784660768,False
LRRC25,CLRN2,Q8N386,A0PK11,-0.07371053099632263,1178,0.31920738,0.02789611741900444,-0.018579982221126556,0.18688524590163935,False
TEX29,CLRN2,Q8N6K0,A0PK11,-0.013676521368324757,1178,0.29420649,-0.1053338497877121,-0.018579982221126556,0.15517241379310345,False
FNDC9,CLRN2,Q8TBE3,A0PK11,-0.03873182088136673,1178,0.23171648,-0.01507076621055603,-0.018579982221126556,0.1939655172413793,False
SIT1,CLRN2,Q9Y3P8,A0PK11,0.01725769229233265,1178,0.33853863,-0.05106830969452858,-0.018579982221126556,0.17672413793103448,False
UPK2,SLC22A23,O00526,A1A5C7,0.11545927822589874,1178,0.27573117,-0.058885131031274796,-0.021389782428741455,0.08454810495626822,False
SLC22A23,PTTG1IP,A1A5C7,P53801,0.10242966562509537,1178,0.24706906,-0.021389782428741455,0.07913857698440552,0.08600583090379009,False
SGF29,SYCE3,Q96ES7,A1L190,0.034844737499952316,1178,0.35547573,-0.45557448267936707,0.016789395362138748,0.08532423208191127,False
BLOC1S6,SYCE3,Q9UL45,A1L190,-0.008183394558727741,1178,0.31846196,-0.022103847935795784,0.016789395362138748,0.12790697674418605,False
ZMYND10,NUTM2F,O75800,A1L443,-0.08074484765529633,1043,0.23934136,-0.18465374410152435,0.008535885252058506,0.13756613756613756,False
MAL,TMEM213,P21145,A2RRL7,0.046526774764060974,1178,0.31944097,-0.14689840376377106,-0.02126001939177513,0.1830065359477124,False
CD53,TMEM218,P19397,A2RU14,0.007084615994244814,1178,0.28216038,-0.04076395183801651,0.030351826921105385,0.1415525114155251,False
TMEM106C,TMEM218,Q9BVX2,A2RU14,-0.0516139417886734,1178,0.29793473,-0.0027408406604081392,0.030351826921105385,0.148,False
RAB19,KRTAP10-8,A4D1S5,P60410,0.1079205796122551,1178,0.28149872,0.16771642863750458,0.010718057863414288,0.12355212355212356,False
RHOH,MBLAC1,Q15669,A4D2B0,-0.007051732391119003,1178,0.31916783,-0.13963808119297028,-0.24892732501029968,0.18045112781954886,False
TRAPPC12,TRAPPC13,Q8WVT3,A5PLN9,0.3389074206352234,1178,0.72382789,-0.014447139576077461,-0.35501304268836975,0.14829931972789115,False
CCDC88B,LMNB2,A6NC98,Q03252,0.06956499069929123,1178,0.28746628,-0.2479700893163681,0.024937326088547707,0.1348238482384824,False
KCTD9,RCCD1,Q7L273,A6NED2,-0.03357032313942909,1178,0.31365612,-0.0966731607913971,0.050671253353357315,0.1953727506426735,False
CIDEB,SDHAF1,Q9UHD4,A6NFY7,0.08266349881887436,1178,0.27037428,-0.12749436497688293,-0.25947126746177673,0.1643835616438356,False
MYF5,MSGN1,P13349,A6NI15,-0.05134141817688942,1178,0.61081542,-0.09238084405660629,0.04199943691492081,0.2,False
ID1,MSGN1,P41134,A6NI15,-0.012046749703586102,1178,0.56576357,-0.02474992722272873,0.04199943691492081,0.18134715025906736,False
ID2,MSGN1,Q02363,A6NI15,0.16400252282619476,1178,0.52617036,-0.1517462581396103,0.04199943691492081,0.16062176165803108,False
ID3,MSGN1,Q02535,A6NI15,0.09718287736177444,1178,0.56181164,-0.06770389527082443,0.04199943691492081,0.15025906735751296,False
CSTF2,METTL15,P33240,A6NJ78,-0.06608714163303375,1178,0.25348833,-0.17886728048324585,-0.39655038714408875,0.14558058925476602,False
PEF1,METTL15,Q9UBV8,A6NJ78,0.15750062465667725,1178,0.28101011,-0.3296058475971222,-0.39655038714408875,0.14987714987714987,False
USP2,SPDYE4,O75604,A6NLX3,-0.024257326498627663,1178,0.25203775,0.031563907861709595,-0.017529113218188286,0.10743801652892562,False
PPIL1,SPDYE4,Q9Y3C6,A6NLX3,0.08455269783735275,1178,0.28741791,-0.6529818177223206,-0.017529113218188286,0.16455696202531644,False
TMEM97,AQP12B,Q5BJF2,A6NM10,-0.0028990667778998613,1178,0.43031351,-0.22210444509983063,-0.159271240234375,0.19661016949152543,False
TRARG1,AQP12B,Q8IXB3,A6NM10,0.0345744751393795,1178,0.44299323,0.1277216672897339,-0.159271240234375,0.14915254237288136,False
RTL8C,PEG10,A6ZKI3,Q86TG7,0.03932691365480423,1178,0.53797118,-0.050215721130371094,0.09344029426574707,0.05367231638418079,False
SPA17,EFCAB7,Q15506,A8K855,0.06572160124778748,1178,0.64137074,0.10481566935777664,0.012262629345059395,0.07790143084260731,False
FARS2,CYSRT1,O95363,A8MQ03,0.007482751738280058,1059,0.2709175,-0.3320689797401428,-0.140544593334198,0.082039911308204,False
CRYBA1,CYSRT1,P05813,A8MQ03,0.023976529017090797,1059,0.28369481,-0.18114277720451355,-0.140544593334198,0.17209302325581396,False
ERH,CYSRT1,P84090,A8MQ03,0.020775698125362396,1059,0.23763893,-2.0662007331848145,-0.140544593334198,0.1388888888888889,False
FHL3,CYSRT1,Q13643,A8MQ03,-0.015913905575871468,1059,0.25248982,0.016451235860586166,-0.140544593334198,0.14642857142857144,False
EPS8L1,CYSRT1,Q8TE68,A8MQ03,-0.018961837515234947,1059,0.44900876,-0.0728960782289505,-0.140544593334198,0.06639004149377593,False
CTRC,CYSRT1,Q99895,A8MQ03,0.05863182991743088,1059,0.27623027,0.002991237211972475,-0.140544593334198,0.13432835820895522,False
UTP23,CYSRT1,Q9BRU9,A8MQ03,0.012136461213231087,1059,0.43462176,-0.9102650284767151,-0.140544593334198,0.11646586345381527,False
RBM22,CYSRT1,Q9NW64,A8MQ03,-0.05573730170726776,1059,0.28888881,-1.696205735206604,-0.140544593334198,0.10714285714285714,False
TEAD1,VGLL3,P28347,A8MV65,0.13749948143959045,1178,0.65981638,-0.23620983958244324,-0.07925184071063995,0.1572769953051643,False
TEAD4,VGLL3,Q15561,A8MV65,0.01004934310913086,1178,0.68199564,-0.13746291399002075,-0.07925184071063995,0.17050691244239632,False
TEAD2,VGLL3,Q15562,A8MV65,-0.03197591006755829,1178,0.65005847,-0.11164596676826477,-0.07925184071063995,0.16554809843400448,False
TEAD3,VGLL3,Q99594,A8MV65,0.1536000370979309,1178,0.66298052,-0.26483601331710815,-0.07925184071063995,0.15632183908045977,False
MIF4GD,CTIF,A9UHW6,O43310,0.015639187768101692,1178,0.62562302,-0.21558167040348053,0.1624329686164856,0.12876254180602006,False
MIF4GD,EIF3G,A9UHW6,O75821,0.05202373117208481,1178,0.30914154,-0.21558167040348053,-1.2479687929153442,0.175,False
MIF4GD,MKRN3,A9UHW6,Q13064,-0.015391942113637924,1178,0.40578344,-0.21558167040348053,0.0910174697637558,0.11045364891518737,False
DDX19A,MIF4GD,Q9NUU7,A9UHW6,0.007453400641679764,1178,0.4843353,-0.35351473093032837,-0.21558167040348053,0.12343096234309624,False
CHCHD2,MIF4GD,Q9Y6H1,A9UHW6,-0.04207001253962517,1178,0.37100811,-0.36537471413612366,-0.21558167040348053,0.12612612612612611,False
YPEL3,VWC2L,P61236,B2RUY7,-0.0837959349155426,1178,0.43283714,-0.23058579862117767,0.05512363091111183,0.12612612612612611,False
EBP,SMIM1,Q15125,B2RUZ4,0.12328563630580902,1178,0.33484859,0.047918833792209625,-0.027338268235325813,0.09565217391304348,False
SLC26A11,SMIM1,Q86WA9,B2RUZ4,0.036881010979413986,1178,0.30493788,-0.08948992192745209,-0.027338268235325813,0.04785478547854786,False
JAGN1,SMIM1,Q8N5M9,B2RUZ4,0.09714393317699432,1178,0.24313767,0.14854472875595093,-0.027338268235325813,0.12021857923497267,False
TMEM45B,SMIM1,Q96B21,B2RUZ4,-0.041915163397789,1178,0.2723286,0.027050022035837173,-0.027338268235325813,0.06545454545454546,False
SPG21,MYG1,Q9NZD8,F8VQQ3,0.01854039542376995,1178,0.72368511,-0.17563346028327942,-0.29761365056037903,0.18506493506493507,False
NELFCD,CDSN,Q8IXH7,G8JLG2,0.051880620419979095,1178,0.31879445,-0.623820424079895,-0.06659240275621414,,False
UBE2I,DDX39A,P63279,O00148,-0.054249752312898636,1178,0.28430899,-2.037322521209717,-0.17833185195922852,0.0936768149882904,False
PDLIM1,ACTN4,O00151,O43707,0.04246636480093002,1178,0.28143676,-0.054866351187229156,0.02174565941095352,0.10098792535675083,False
ATP6V0E1,GPR25,O15342,O00155,-0.017711464315652847,1178,0.28545505,-0.12486952543258667,-0.09752144664525986,0.09418282548476455,False
KASH5,GPR25,Q8N6L0,O00155,0.04333602637052536,1178,0.23595086,-0.022756360471248627,-0.09752144664525986,0.17437722419928825,False
SLCO4A1,GPR25,Q96BD0,O00155,0.06300053000450134,1178,0.29043356,-0.08656827360391617,-0.09752144664525986,0.17174515235457063,False
CNIH4,GPR25,Q9P003,O00155,-0.0005054724751971662,1178,0.46887707,-0.28919970989227295,-0.09752144664525986,0.10249307479224377,False
EYA2,SNRPC,O00167,P09234,-0.011210831813514233,1178,0.32398607,0.04647773504257202,-0.7879713773727417,0.09479553903345725,False
EYA2,PAX9,O00167,P55771,-0.052154406905174255,1178,0.46448258,0.04647773504257202,-0.006750333588570356,0.15613382899628253,False
EYA2,PIN1,O00167,Q13526,-0.036822911351919174,1178,0.29852263,0.04647773504257202,0.019764717668294907,0.09665427509293681,False
EYA2,RBPMS,O00167,Q93062,-0.11162906140089035,1178,0.31982853,0.04647773504257202,0.02716308832168579,0.10408921933085502,False
AP3M1,AP3B1,Q9Y2T2,O00203,0.0744527205824852,1178,0.7295621,-0.20585140585899353,-0.2270079106092453,0.10329067641681901,True
LGALS8,APEH,O00214,P13798,-0.02932034246623516,1178,0.26587925,0.13327889144420624,-0.13291412591934204,0.12704918032786885,False
LGALS8,PTPRJ,O00214,Q12913,-0.005630926229059696,1178,0.25332285,0.13327889144420624,-0.03569627180695534,0.07703814510097233,False
PSMD5,PSMD9,Q16401,O00233,-0.016645735129714012,1178,0.5522185,-0.042088452726602554,-0.17886120080947876,0.10714285714285714,True
CD53,GET1,P19397,O00258,-0.050684548914432526,1178,0.2539071,-0.04076395183801651,-0.2897394001483917,0.1598173515981735,False
PGRMC1,CIAO1,O00264,O76071,0.026651563122868538,1178,0.51291042,-0.019136853516101837,-1.2104909420013428,0.15339233038348082,False
PGRMC1,ZNF71,O00264,Q9NQZ8,0.06119589880108833,1178,0.35209067,-0.019136853516101837,0.20153088867664337,0.11042944785276074,False
SUPT5H,IPO7,O00267,O95373,0.006077634170651436,1178,0.30148258,-1.4344755411148071,-1.052978515625,0.15915363385464582,False
TAF9B,TAF4,Q9HBM6,O00268,0.0004943189560435712,1178,0.26057227,0.044965293258428574,-0.2973664700984955,0.08847926267281106,True
DBF4B,CDC7,Q8NFT6,O00311,-0.036668550223112106,1178,0.41184619,-0.16999463737010956,-2.2296600341796875,0.2016260162601626,False
PDHB,PDHX,P11177,O00330,0.23773452639579773,1178,0.28056996,-0.1056055948138237,0.005871905479580164,0.16167664670658682,False
ACTR1B,DCTN6,P42025,O00399,0.018885990604758263,1178,0.56445162,-0.2349509447813034,-1.2008799314498901,0.13031914893617022,False
DCTN6,DCTN5,O00399,Q9BTE1,0.3345494866371155,1178,0.52388695,-1.2008799314498901,-1.2223607301712036,0.20526315789473684,False
DCTN6,DCTN4,O00399,Q9UJW0,0.27287209033966064,1178,0.32811815,-1.2008799314498901,-0.8821777701377869,0.12173913043478261,False
SLC7A1,SLC33A1,P30825,O00400,0.01106187142431736,1178,0.28294016,-0.28119662404060364,-0.2703646421432495,0.17965023847376788,False
WIPF1,WASL,O43516,O00401,-0.10371290147304535,1178,0.6561968,0.030071508139371872,-0.05079280957579613,0.24554455445544554,False
WIPF2,WASL,Q8TF74,O00401,0.12400840222835541,1178,0.62223487,-0.16481183469295502,-0.05079280957579613,0.2514851485148515,False
RNF4,TRAF5,P78317,O00463,-0.047920651733875275,1178,0.35925055,-0.5371871590614319,0.005806584842503071,0.0807899461400359,False
TRAF5,THAP7,O00463,Q9BT49,0.049943093210458755,1178,0.24370645,0.005806584842503071,-0.16138873994350433,0.12208258527827648,False
EXOC5,DEUP1,O00471,Q05D60,0.022261619567871094,1178,0.24422325,-0.506615400314331,0.12186944484710693,0.192090395480226,False
EXOC5,EXOC8,O00471,Q8IYI6,0.4270619750022888,1178,0.2786987,-0.506615400314331,-0.41522783041000366,0.1986206896551724,True
EXOC5,EXOC6,O00471,Q8TAG9,0.06801290810108185,1178,0.70229513,-0.506615400314331,-0.048627328127622604,0.20398009950248755,True
ELL2,EAF1,O00472,Q96JC9,0.02515588328242302,1178,0.71770111,-0.1484803706407547,-0.43194735050201416,0.1359375,True
GYPA,CLDN5,P02724,O00501,0.013685657642781734,1178,0.26786521,0.08395333588123322,0.05072591453790665,0.14220183486238533,False
PMP22,CLDN5,Q01453,O00501,-0.01615212857723236,1178,0.26934746,0.05782945081591606,0.05072591453790665,0.16972477064220184,False
TMEM140,CLDN5,Q9NV12,O00501,-0.054965246468782425,1178,0.34736385,0.03094441629946232,0.05072591453790665,0.1926605504587156,False
TECR,CLDN5,Q9NZ01,O00501,-0.032288808375597,1178,0.55376942,-0.18995562195777893,0.05072591453790665,0.1525974025974026,False
CCM2,KRIT1,Q9BSQ5,O00522,0.4373907148838043,1178,0.27838777,-0.024263473227620125,-0.010785908438265324,0.13994565217391305,False
UPK2,ADGRG3,O00526,Q86Y34,-0.03949014097452164,1178,0.25970552,-0.058885131031274796,-0.030487021431326866,0.11657559198542805,False
UPK2,BSCL2,O00526,Q96G97,-0.04384460300207138,1178,0.27810831,-0.058885131031274796,-0.16664136946201324,0.11055276381909548,False
BOP1,PES1,Q14137,O00541,0.21483711898326874,1178,0.72370083,-1.2106263637542725,-1.0728094577789307,0.17024128686327078,True
EBAG9,SLC35A1,O00559,P78382,0.008416284807026386,1178,0.33476639,-0.008415313437581062,-0.10879158973693848,0.1394658753709199,False
SDCBP,RPIA,O00560,P49247,-0.003147629788145423,1178,0.24240749,-0.0705125629901886,-0.3310123682022095,0.1864951768488746,False
CDC34,SDCBP,P49427,O00560,-0.05613340809941292,1178,0.25473963,0.0396389402449131,-0.0705125629901886,0.18120805369127516,False
CDKN2D,SDCBP,P55273,O00560,-0.09434046596288681,1178,0.46813921,-0.05516837164759636,-0.0705125629901886,0.12751677852348994,False
UBE2R2,SDCBP,Q712K3,O00560,0.05197899788618088,1178,0.23853162,-0.12569846212863922,-0.0705125629901886,0.18120805369127516,False
ANP32B,SDCBP,Q92688,O00560,0.11812357604503632,1178,0.33883581,-0.03623073175549507,-0.0705125629901886,0.17114093959731544,False
FBL,NOP56,P22087,O00567,0.156430184841156,1178,0.69860516,-1.1341578960418701,-1.3515470027923584,0.12121212121212122,False
NOP56,SNU13,O00567,P55769,-0.07783307135105133,1178,0.5131427,-1.3515470027923584,-2.4069347381591797,0.0723905723905724,False
MYBBP1A,NOP56,Q9BQG0,O00567,0.10658589750528336,1178,0.2625228,-0.5525110363960266,-1.3515470027923584,0.13478915662650603,False
SOX1,SOX5,O00570,P35711,-0.051437877118587494,1178,0.24673821,0.0839005559682846,-0.06925876438617706,0.1363040629095675,False
PEX12,DNAJC30,O00623,Q96LL9,-0.04231802374124527,1178,0.40190944,-0.05384046956896782,-0.18560028076171875,0.1532033426183844,False
PEX12,CXCL16,O00623,Q9H2A7,-0.03091457486152649,1178,0.26451965,-0.05384046956896782,0.04718900844454765,0.18384401114206128,False
C6orf226,PEX7,Q5I0X4,O00628,0.043163467198610306,1178,0.68343674,-0.08733231574296951,-0.022064324468374252,0.10526315789473684,False
PEX7,PEX13,O00628,Q92968,0.19391730427742004,1178,0.25275217,-0.022064324468374252,-0.12489637732505798,0.1662531017369727,False
PPP6C,PPP6R2,O00743,O75170,0.006016329862177372,1178,0.70854057,-0.3984029293060303,-0.058138202875852585,0.10351966873706005,True
PPP6R3,PPP6C,Q5H9R7,O00743,0.4294542968273163,1178,0.70125646,-0.3412015736103058,-0.3984029293060303,0.10423825887743414,False
PPP6R1,PPP6C,Q9UPN7,O00743,0.12813915312290192,1178,0.7093343,0.10295318812131882,-0.3984029293060303,0.11010215664018161,True
NME4,CDKN2D,O00746,P55273,-0.017121752724051476,1178,0.33885734,0.047875624150037766,-0.05516837164759636,0.19786096256684493,False
NME4,CIB1,O00746,Q99828,0.02213461883366108,1178,0.37545452,0.047875624150037766,-0.0184027012437582,0.14659685863874344,False
NME4,UBL5,O00746,Q9BZL1,0.01707192324101925,1178,0.35879931,0.047875624150037766,-2.6641077995300293,0.10160427807486631,False
PDXK,STIP1,O00764,P31948,0.006088521797209978,1178,0.33698389,-0.15551966428756714,-0.24724973738193512,0.15653775322283608,False
SCD,RNF5,O00767,Q99942,-0.03060375154018402,1177,0.23431648,-0.815825343132019,-0.03679965063929558,0.13649025069637882,False
SCD,CYBC1,O00767,Q9BQA9,0.004286960698664188,1178,0.27073159,-0.815825343132019,0.0799885019659996,0.1309192200557103,False
SPAG4,SCD,Q9NPE6,O00767,0.012184851802885532,1178,0.39198395,-0.20573285222053528,-0.815825343132019,0.18306636155606407,False
SCD,SCN3B,O00767,Q9NY72,0.0348789244890213,1178,0.2493102,-0.815825343132019,0.0030425740405917168,0.13370473537604458,False
SCD,TMX2,O00767,Q9Y320,0.10787142813205719,1178,0.28141988,-0.815825343132019,-0.24872562289237976,0.181058495821727,False
FFAR2,CLDN4,O15552,O14493,0.005195422563701868,1178,0.43037745,-0.1677795797586441,0.039284683763980865,0.15757575757575756,False
MFSD14B,CLDN4,Q5SR56,O14493,0.04048996791243553,1178,0.26732516,-0.10548390448093414,0.039284683763980865,0.12055335968379446,False
CLEC14A,CLDN4,Q86T13,O14493,-0.09551829099655151,1178,0.33727089,-0.06722529232501984,0.039284683763980865,0.1326530612244898,False
SYT2,CLDN4,Q8N9I0,O14493,0.024719661101698875,1178,0.24526435,-0.17453978955745697,0.039284683763980865,0.11694510739856802,False
TMEM237,CLDN4,Q96Q45,O14493,-0.12026938796043396,1178,0.40482445,0.046736832708120346,0.039284683763980865,0.11764705882352941,False
SMYD1,BHLHE40,Q8NB12,O14503,0.004432175308465958,1178,0.24144941,0.0368114598095417,0.06854570657014847,0.1510204081632653,False
SOCS7,CUL5,O14512,Q93034,0.09047239273786545,1178,0.43459875,0.062371108680963516,0.1681215912103653,0.15128205128205127,False
EXOSC8,SOCS7,Q96B26,O14512,0.09391023963689804,1178,0.2682476,-1.1000125408172607,0.062371108680963516,0.14285714285714285,False
OPRM1,C2CD2L,P35372,O14523,0.08164216578006744,1178,0.36255347,0.049531105905771255,0.02948741614818573,0.1359773371104816,False
GJA8,C2CD2L,P48165,O14523,0.03590688854455948,1178,0.34055941,-0.045923665165901184,0.02948741614818573,0.1558073654390935,False
EBP,C2CD2L,Q15125,O14523,0.0489138588309288,1178,0.33599044,0.047918833792209625,0.02948741614818573,0.09915014164305949,False
C2CD2L,MFSD5,O14523,Q6N075,0.04888097941875458,1178,0.25220538,0.02948741614818573,0.04757249727845192,0.1671388101983003,False
ZDHHC15,C2CD2L,Q96MV8,O14523,-0.03454390540719032,1178,0.25245538,0.02028116211295128,0.02948741614818573,0.11473087818696884,False
TXNDC9,MYOG,O14530,P15173,-0.08202207833528519,1178,0.2410171,-0.3365725576877594,0.042906805872917175,0.1504424778761062,False
NDUFAB1,TLX3,O14561,O43711,0.012759525328874588,1178,0.37137386,-0.745480477809906,-0.13718542456626892,0.14776632302405499,False
NDUFAB1,HINFP,O14561,Q9BQA5,-0.028547806665301323,1178,0.48298912,-0.745480477809906,-1.6045206785202026,0.09477756286266925,False
NDUFAB1,LYRM2,O14561,Q9NU23,0.035824988037347794,1177,0.42426056,-0.745480477809906,-0.21009109914302826,0.16666666666666666,False
NDUFAB1,THAP1,O14561,Q9NVV9,0.06468354910612106,1178,0.27041146,-0.745480477809906,-1.1222763061523438,0.17370892018779344,False
CYB561D2,CLDN7,O14569,O95471,0.020068952813744545,1178,0.37932256,-0.055599868297576904,-0.0833858996629715,0.22522522522522523,False
CD79A,CYB561D2,P11912,O14569,-0.016529150307178497,1178,0.28522869,0.13628360629081726,-0.055599868297576904,0.2345132743362832,False
CYB561D2,TMEM154,O14569,Q6P9G4,-0.006300778593868017,1178,0.58907528,-0.055599868297576904,0.07719498127698898,0.12162162162162163,False
CYB561D2,CLEC14A,O14569,Q86T13,0.037702977657318115,1178,0.46765217,-0.055599868297576904,-0.06722529232501984,0.13673469387755102,False
NEDD9,CDC42EP2,Q14511,O14613,-0.021754367277026176,1178,0.32477511,-0.04467349126935005,-0.21748913824558258,0.09112709832134293,False
CASS4,CDC42EP2,Q9NQ75,O14613,-0.0690329298377037,1178,0.23056151,-0.07032588124275208,-0.21748913824558258,0.08778625954198473,False
AP3D1,AP3S1,O14617,Q92572,0.044283702969551086,1178,0.72660998,-0.09577915072441101,-0.10103996098041534,0.06938421509106678,True
BET1,GOSR2,O15155,O14653,0.19987769424915314,1178,0.62254723,-0.371826708316803,-0.8788051009178162,0.1320754716981132,False
GOSR2,STX6,O14653,O43752,-0.0013902339851483703,1178,0.31205137,-0.8788051009178162,-0.01886628195643425,0.2,False
CYB561,GOSR2,P49447,O14653,0.004585822578519583,1178,0.30554422,-0.23183859884738922,-0.8788051009178162,0.1593625498007968,False
GOSR2,STX5,O14653,Q13190,0.3134690821170807,1178,0.64905546,-0.8788051009178162,-1.4793835878372192,0.14647887323943662,False
AQP6,GOSR2,Q13520,O14653,-0.0019878395833075047,1178,0.29348541,-0.07723511010408401,-0.8788051009178162,0.1453900709219858,False
GOSR2,EBP,O14653,Q15125,-0.033833179622888565,1178,0.24510626,-0.8788051009178162,0.047918833792209625,0.1782608695652174,False
CYBRD1,GOSR2,Q53TN4,O14653,-0.004343917593359947,1178,0.34352511,-0.03616389259696007,-0.8788051009178162,0.12937062937062938,False
GOSR2,JAGN1,O14653,Q8N5M9,-0.02010086365044117,1178,0.37652127,-0.8788051009178162,0.14854472875595093,0.1509433962264151,False
GOSR2,GPR152,O14653,Q8TDT2,-0.054447680711746216,1178,0.43154161,-0.8788051009178162,-0.07044405490159988,0.11702127659574468,False
GOSR2,ELOVL4,O14653,Q9GZR5,0.007479129359126091,1178,0.27784887,-0.8788051009178162,-0.08147358149290085,0.12101910828025478,False
GOSR2,MFF,O14653,Q9GZY8,-0.043516527861356735,1178,0.24266873,-0.8788051009178162,0.023023413494229317,0.15789473684210525,False
VAMP4,PTGES,O75379,O14684,-0.1048288494348526,1178,0.3393436,-0.08393599838018417,0.15767860412597656,0.1513157894736842,False
VAPB,PTGES,O95292,O14684,0.03398860991001129,1178,0.26990834,0.08691097795963287,0.15767860412597656,0.1522633744855967,False
PTGES,SERP2,O14684,Q8N6R1,0.04658937081694603,1178,0.24484962,0.15767860412597656,0.055590759962797165,0.14473684210526316,False
PTGES,SMCO4,O14684,Q9NRQ5,0.005995179060846567,1178,0.24769606,0.15767860412597656,-0.006934805307537317,0.07236842105263158,False
CDIPT,FFAR2,O14735,O15552,-0.12101367115974426,1178,0.32794673,-0.5606279373168945,-0.1677795797586441,0.1696969696969697,False
CDIPT,CD79A,O14735,P11912,0.0783277377486229,1178,0.28662646,-0.5606279373168945,0.13628360629081726,0.168141592920354,False
CDIPT,FCGR2A,O14735,P12318,0.06752954423427582,1178,0.31701261,-0.5606279373168945,0.0864534080028534,0.1608832807570978,False
CDIPT,IGFBP6,O14735,P24592,-0.07071200758218765,1178,0.26553136,-0.5606279373168945,-0.10530810803174973,0.14583333333333334,False
CYB561,CDIPT,P49447,O14735,0.0005208320217207074,1178,0.3174848,-0.23183859884738922,-0.5606279373168945,0.18326693227091634,False
CDIPT,BSND,O14735,Q8WZ55,-0.04147687554359436,1178,0.45747336,-0.5606279373168945,-0.09961970150470734,0.15,False
MEIS2,PBX2,O14770,P40425,0.20486555993556976,1178,0.70364307,0.02053215727210045,-0.2074374407529831,0.23689727463312368,False
MEIS2,PBX3,O14770,P40426,0.1476113647222519,1178,0.70429707,0.02053215727210045,0.04496580734848976,0.2180293501048218,False
MEIS2,ITGB3BP,O14770,Q13352,0.08412405848503113,1178,0.2770075,0.02053215727210045,0.09382627159357071,0.09853249475890985,False
NDC80,HGS,O14777,O14964,0.04698096960783005,1178,0.28780278,-1.5184890031814575,-0.7085214853286743,0.14414414414414414,False
NDC80,GOLGA2,O14777,Q08379,0.03680317848920822,1178,0.24933668,-1.5184890031814575,-0.15413284301757812,0.15169660678642716,False
NDC80,KRT27,O14777,Q7Z3Y8,-0.002440590411424637,1178,0.28686486,-1.5184890031814575,-0.003711748169735074,0.17133956386292834,False
NDC80,NDEL1,O14777,Q9GZM8,0.10257866233587265,1178,0.26840844,-1.5184890031814575,-0.0398474745452404,0.1292834890965732,False
NDC80,SPC25,O14777,Q9HBM1,0.3045477867126465,1178,0.34510315,-1.5184890031814575,-1.6654701232910156,0.11214953271028037,True
LRRC25,TSPAN4,Q8N386,O14817,-0.08243197947740555,1178,0.27498571,0.02789611741900444,-0.06833096593618393,0.1737704918032787,False
MAFG,BACH1,O15525,O14867,-0.011254750192165375,1178,0.61560042,-0.16395185887813568,0.05783182010054588,0.08152173913043478,False
BACH1,MAFK,O14867,O60675,-0.01602158136665821,1178,0.63066495,0.05783182010054588,-0.0828932523727417,0.07201086956521739,False
MAFF,BACH1,Q9ULX9,O14867,-0.003237401135265827,1178,0.61611923,-0.1913699358701706,0.05783182010054588,0.08152173913043478,False
BACH1,MAFB,O14867,Q9Y5Q3,0.046777065843343735,1178,0.63771341,0.05783182010054588,0.08888459950685501,0.12092391304347826,False
MGST3,PLN,O14880,P26678,-0.02086416818201542,1059,0.26727337,0.006834151688963175,-0.10797566920518875,0.10526315789473684,False
MGST3,SNORC,O14880,Q6UX34,-0.11113914102315903,1178,0.25640065,0.006834151688963175,-0.10789484530687332,0.17105263157894737,False
MGST3,TMEM86B,O14880,Q8N661,-0.12864895164966583,1178,0.30929804,0.006834151688963175,0.053364310413599014,0.1415929203539823,False
MGST3,GPX8,O14880,Q8TED1,0.22413352131843567,1178,0.30419321,0.006834151688963175,-0.2495092898607254,0.15789473684210525,False
LIN7A,MPP3,O14910,Q13368,-0.07600809633731842,1178,0.69068608,-0.07645483314990997,-0.22824040055274963,0.11282051282051282,False
MPP2,LIN7A,Q14168,O14910,-0.10705480724573135,1178,0.56518539,-0.2388918399810791,-0.07645483314990997,0.1284722222222222,False
PALS1,LIN7A,Q8N3R9,O14910,0.07080439478158951,1178,0.64497309,0.0030626466032117605,-0.07645483314990997,0.10962962962962963,False
PALS2,LIN7A,Q9NZW5,O14910,0.09188073873519897,1178,0.65242341,0.08529888838529587,-0.07645483314990997,0.12222222222222222,False
HAT1,TCF4,O14929,P15884,-0.12552668154239655,1178,0.34903991,-0.06246047839522362,0.08569417893886566,0.1424287856071964,False
RBBP7,HAT1,Q16576,O14929,0.12283573299646378,1178,0.56194443,-0.10855186730623245,-0.06246047839522362,0.20470588235294118,False
STEEP1,HAT1,Q9H5V9,O14929,0.13456468284130096,1178,0.38464899,-0.20593994855880737,-0.06246047839522362,0.1431980906921241,False
MYH9,MYL12B,P35579,O14950,0.1683482527732849,1178,0.52068891,-0.4350582957267761,0.01328608300536871,0.03775510204081633,False
LDOC1,HGS,O95751,O14964,-0.03609119728207588,1178,0.47104527,0.007671866100281477,-0.7085214853286743,0.06435006435006435,False
EXOC3L1,HGS,Q86VI1,O14964,0.07664790004491806,1178,0.24909927,-0.11230186372995377,-0.7085214853286743,0.19433719433719435,False
CEP63,HGS,Q96MT8,O14964,-0.007446460425853729,1178,0.58593393,-0.0905737429857254,-0.7085214853286743,0.18532818532818532,False
RAB29,LDOC1,O14966,O95751,-0.06751204282045364,1178,0.28985419,-0.0006158732576295733,0.007671866100281477,0.15763546798029557,False
RAB29,TRIM27,O14966,P14373,-0.060708172619342804,1178,0.3500949,-0.0006158732576295733,0.02979389950633049,0.10916179337231968,False
VPS26C,TEPSIN,O14972,Q96N21,-0.03173229843378067,1178,0.3538189,0.03457241132855415,-0.18230193853378296,0.14095238095238094,False
ZNF263,CLK3,O14978,P49761,-0.07520352303981781,1178,0.24577514,0.0005230227834545076,-0.01834220439195633,0.19326500732064422,False
ZNF263,SCAND1,O14978,P57086,-0.03321441635489464,1178,0.63173551,0.0005230227834545076,-0.2130463719367981,0.08784773060029283,False
ZNF263,TCAF1,O14978,Q9Y4C2,0.07960160076618195,1178,0.44545462,0.0005230227834545076,-0.07009071111679077,0.16938110749185667,False
KHNYN,PLOD3,O15037,O60568,0.08854799717664719,1178,0.28313237,0.05875404551625252,0.09341735392808914,0.17073170731707318,False
CHERP,U2SURP,Q8IWX8,O15042,0.22917383909225464,1178,0.68573304,-1.1090794801712036,-1.4773519039154053,0.17395529640427598,False
METTL5,ZBTB5,Q9NRN9,O15062,0.00711904838681221,1178,0.42235996,-0.19902004301548004,-0.08119377493858337,0.08419497784342689,False
KIFAP3,KIF3B,Q92845,O15066,0.10117554664611816,1178,0.69772239,0.005513044539839029,0.07527507096529007,0.17803030303030304,False
LSM6,LSM1,P62312,O15116,-0.06678809970617294,1178,0.52218067,-0.8991559147834778,-0.029716776683926582,0.18796992481203006,True
ARPC3,ACTR2,O15145,P61160,0.48205313086509705,1178,0.30844058,-0.8744624853134155,-1.2629363536834717,0.1218274111675127,True
AQP6,BET1,Q13520,O15155,-0.08608006685972214,1178,0.30979552,-0.07723511010408401,-0.371826708316803,0.10638297872340426,False
BET1,FAM9B,O15155,Q8IZU0,0.1392056792974472,1178,0.26883904,-0.371826708316803,0.21312586963176727,0.13978494623655913,False
BET1,JAGN1,O15155,Q8N5M9,-0.05257634073495865,1178,0.46908672,-0.371826708316803,0.14854472875595093,0.16393442622950818,False
BET1,GPX8,O15155,Q8TED1,0.05886264145374298,1178,0.2574417,-0.371826708316803,-0.2495092898607254,0.14354066985645933,False
BET1,TMEM80,O15155,Q96HE8,0.01334136351943016,1162,0.35203318,-0.371826708316803,-0.08396829664707184,0.16783216783216784,False
BET1,SLC26A6,O15155,Q9BXS9,-0.019466599449515343,1178,0.2390486,-0.371826708316803,-0.053526438772678375,0.05665349143610013,False
POLR1C,C1orf105,O15160,O95561,0.046602942049503326,1178,0.2801997,-1.7076953649520874,0.027840282768011093,0.14450867052023122,False
C21orf58,POLR1C,P58505,O15160,0.05089544132351875,1178,0.38524863,-0.01991184987127781,-1.7076953649520874,0.1907514450867052,False
POLR1C,IHO1,O15160,Q8IYA8,-0.004390639252960682,1178,0.37543439,-1.7076953649520874,-0.2562044858932495,0.14814814814814814,False
POLR1C,ZNF655,O15160,Q8N720,-0.027322567999362946,1178,0.28432718,-1.7076953649520874,-0.08213110268115997,0.15071283095723015,False
RUSC1,POLR1C,Q9BVN2,O15160,-0.035946547985076904,1178,0.4359736,-0.11892098933458328,-1.7076953649520874,0.11086474501108648,False
SPATC1L,POLR1C,Q9H0A9,O15160,0.021143272519111633,1178,0.35347813,-0.013446216471493244,-1.7076953649520874,0.19653179190751446,False
POLR1B,POLR1C,Q9H9Y6,O15160,0.17845410108566284,1178,0.69779456,-1.4886126518249512,-1.7076953649520874,0.0933920704845815,False
POLR1C,ZIM2,O15160,Q9NZV7,-0.01130790077149868,1059,0.40811661,-1.7076953649520874,-0.049958717077970505,0.16318785578747627,False
SMPD2,PGRMC2,O60906,O15173,0.056277789175510406,1178,0.49475931,0.01172592956572771,-0.12282323837280273,0.15130023640661938,False
PGRMC2,TAS2R19,O15173,P59542,0.014788742177188396,1178,0.32090228,-0.12282323837280273,0.09755035489797592,0.15384615384615385,False
PGRMC2,CYP4F2,O15173,P78329,-0.0788552537560463,1178,0.50379835,-0.12282323837280273,-0.12610170245170593,0.11923076923076924,False
PGRMC2,STX3,O15173,Q13277,-0.08669944852590561,1178,0.28915795,-0.12282323837280273,0.03789303079247475,0.14878892733564014,False
PGRMC2,MFSD5,O15173,Q6N075,0.04206559807062149,1178,0.23652835,-0.12282323837280273,0.04757249727845192,0.1288888888888889,False
FA2H,PGRMC2,Q7L5A8,O15173,-0.0269582848995924,1178,0.31619313,-0.08858222514390945,-0.12282323837280273,0.14516129032258066,False
PGRMC2,SLC16A13,O15173,Q7RTY0,0.03225346654653549,1178,0.28226296,-0.12282323837280273,0.04383929446339607,0.14788732394366197,False
TMEM86A,PGRMC2,Q8N2M4,O15173,-0.05201489478349686,1178,0.2641065,0.11852151900529861,-0.12282323837280273,0.16666666666666666,False
PGRMC2,FAXDC2,O15173,Q96IV6,0.004944280255585909,1178,0.46440525,-0.12282323837280273,0.041398148983716965,0.15015015015015015,False
ST6GAL2,PGRMC2,Q96JF0,O15173,-0.04040836542844772,1178,0.26698628,-0.07508178800344467,-0.12282323837280273,0.11909262759924386,False
AQP10,PGRMC2,Q96PS8,O15173,0.04365929588675499,1178,0.24235115,-0.16743157804012299,-0.12282323837280273,0.18272425249169436,False
YIPF2,PGRMC2,Q9BWQ6,O15173,-0.02622673101723194,1178,0.2943033,-0.18802188336849213,-0.12282323837280273,0.1550632911392405,False
SLC38A1,PGRMC2,Q9H2H9,O15173,0.03261938691139221,1178,0.27261435,-0.08606979995965958,-0.12282323837280273,0.12320328542094455,False
PGRMC2,SFXN1,O15173,Q9H9B4,0.04217682033777237,1178,0.26773511,-0.12282323837280273,0.02296670712530613,0.16459627329192547,False
TECR,PGRMC2,Q9NZ01,O15173,0.02273351512849331,1178,0.2386191,-0.18995562195777893,-0.12282323837280273,0.14285714285714285,False
VAPA,PGRMC2,Q9P0L0,O15173,0.08531670272350311,1178,0.38482533,-0.1130419671535492,-0.12282323837280273,0.1566265060240964,False
PEX16,PGRMC2,Q9Y5Y5,O15173,0.042095620185136795,1178,0.2673144,-0.08807103335857391,-0.12282323837280273,0.15476190476190477,False
CTDSPL,CDCA3,O15194,Q99618,0.09024341404438019,1178,0.23832748,0.06880883872509003,-0.34765100479125977,0.20652173913043478,False
PFDN2,PFDN6,Q9UHV9,O15212,0.3571312427520752,1178,0.26791398,-1.658110499382019,-1.6983038187026978,0.2077922077922078,True
ZNF185,HSF2BP,O15231,O75031,-0.006150014698505402,1178,0.43877872,-0.12702442705631256,0.035670217126607895,0.13352685050798258,False
TMEM50A,LEPROT,O95807,O15243,0.10409404337406158,1178,0.54643568,-0.03862985223531723,0.029666339978575706,0.2356687898089172,False
TMEM50B,LEPROT,P56557,O15243,0.08031892031431198,1178,0.51070378,-0.1924169808626175,0.029666339978575706,0.25949367088607594,False
TMEM120A,LEPROT,Q9BXJ8,O15243,-0.2918040156364441,349,0.34161863,0.1434427797794342,0.029666339978575706,0.12244897959183673,False
NPHP4,NPHP1,O75161,O15259,-0.006555777974426746,1178,0.71204733,-0.12580284476280212,-0.11969974637031555,0.14656381486676018,False
C2orf68,SIVA1,Q2NKX9,O15304,-0.0007742902380414307,1178,0.3553762,-0.24565137922763824,-0.05935392901301384,0.14857142857142858,False
CHAD,CNPY4,O15335,Q8N129,0.010966919362545013,1178,0.43056224,-0.11308106034994125,-0.14020833373069763,0.1615598885793872,False
FOXN1,TRAF2,O15353,Q12933,-0.034822944551706314,1178,0.23741876,-0.15352080762386322,-0.3087533712387085,0.18055555555555555,False
CDC23,FOXN1,Q9UJX2,O15353,-0.027883144095540047,1178,0.25889169,-2.192012071609497,-0.15352080762386322,0.1728395061728395,False
EIF3A,EIF3D,Q14152,O15371,0.13564367592334747,1178,0.43072956,-1.7004626989364624,-1.7117793560028076,0.09913169319826338,True
TMEM237,SLC16A4,Q96Q45,O15374,0.08906024694442749,1178,0.51361675,0.046736832708120346,-0.18194730579853058,0.1806981519507187,False
GPS2,HDAC3,Q13227,O15379,0.28164008259773254,1178,0.38212981,-0.0926506519317627,-0.9344151020050049,0.14018691588785046,True
TMPRSS2,TNF,O15393,P01375,-0.042683195322752,1178,0.4406135,-0.037304993718862534,-0.07806415855884552,0.12804878048780488,False
IGFBP5,TMPRSS2,P24593,O15393,0.0396118089556694,1178,0.31907046,0.08269146829843521,-0.037304993718862534,0.14227642276422764,False
TMPRSS2,ANKRD46,O15393,Q86W74,0.008299892768263817,1178,0.26495058,-0.037304993718862534,0.11606259644031525,0.12195121951219512,False
CYBC1,TMPRSS2,Q9BQA9,O15393,-0.05513414740562439,1178,0.2740764,0.0799885019659996,-0.037304993718862534,0.11585365853658537,False
GJA8,SLC16A3,P48165,O15427,-0.0846286192536354,1178,0.31782344,-0.045923665165901184,-0.025785524398088455,0.18924731182795698,False
POLR1E,POLR1G,Q9GZS1,O15446,0.47367537021636963,1178,0.68052295,-0.6927081942558289,-0.4398866891860962,0.1627450980392157,False
TNR,MAGEB4,Q92752,O15481,-0.08097267895936966,1178,0.23430965,0.0257047638297081,0.06268734484910965,0.09057437407952872,False
GSC2,FKBP6,O15499,O75344,0.05448386073112488,349,0.51144148,-0.05612664297223091,0.24959854781627655,0.1529051987767584,False
GSC2,CRCP,O15499,O75575,-0.05460219085216522,1178,0.26138437,-0.05612664297223091,-1.4143062829971313,0.12682926829268293,False
GSC2,CSNK2A1,O15499,P68400,-0.0305661391466856,1178,0.25770344,-0.05612664297223091,-0.12552425265312195,0.11764705882352941,False
GSC2,UBE2R2,O15499,Q712K3,-0.04171540215611458,1178,0.35308333,-0.05612664297223091,-0.12569846212863922,0.1638655462184874,False
GSC2,TSR2,O15499,Q969E8,0.02027345448732376,1178,0.29029502,-0.05612664297223091,-1.5966148376464844,0.1902439024390244,False
GSC2,PTER,O15499,Q96BW5,0.06688288599252701,1178,0.3601678,-0.05612664297223091,0.09585795551538467,0.14326647564469913,False
GSC2,EGLN3,O15499,Q9H6Z9,0.030678201466798782,1178,0.31311502,-0.05612664297223091,-0.02029956877231598,0.18828451882845187,False
GSC2,MAD2L2,O15499,Q9UI95,-0.032732803374528885,1178,0.40541964,-0.05612664297223091,-0.8712741732597351,0.16113744075829384,False
ARPC5,ACTR3,O15511,P61158,0.16165965795516968,1178,0.25312718,-0.09582588076591492,-0.5630986094474792,0.10526315789473684,True
ARPC5,ARPC1A,O15511,Q92747,0.07296984642744064,1178,0.39990345,-0.09582588076591492,-0.08079193532466888,0.11891891891891893,False
NFE2L2,MAFG,Q16236,O15525,0.11321160197257996,1178,0.70295016,-0.23562383651733398,-0.16395185887813568,0.08429752066115702,False
BACH2,MAFG,Q9BYV9,O15525,-0.039839744567871094,1178,0.65847407,0.0210069939494133,-0.16395185887813568,0.06064209274673008,False
FABP7,GLRX,O15540,P35754,0.041129130870103836,1178,0.26634158,0.10098457336425781,-0.14881154894828796,0.17424242424242425,False
FABP7,PPIA,O15540,P62937,0.09705153107643127,1059,0.26340715,0.10098457336425781,-0.8390113711357117,0.18787878787878787,False
CARNMT1,RNF113A,Q8N4J0,O15541,-0.056584157049655914,1178,0.52837579,-0.05614694207906723,-1.0115559101104736,0.15647921760391198,False
FFAR2,YIF1A,O15552,O95070,-0.07219492644071579,1178,0.37548052,-0.1677795797586441,-0.11994921416044235,0.18484848484848485,False
FFAR2,TMEM11,O15552,P17152,0.00427992781624198,1178,0.27143998,-0.1677795797586441,-0.2533855736255646,0.1484848484848485,False
CD82,FFAR2,P27701,O15552,0.19622166454792023,1178,0.23729658,0.049317046999931335,-0.1677795797586441,0.1606060606060606,False
PMP22,FFAR2,Q01453,O15552,-0.10282186418771744,1178,0.48244425,0.05782945081591606,-0.1677795797586441,0.14545454545454545,False
FFAR2,IFITM3,O15552,Q01628,-0.03278028219938278,1059,0.24910247,-0.1677795797586441,-1.0735313892364502,0.10606060606060606,False
FFAR2,BNIP3,O15552,Q12983,0.17408329248428345,1178,0.29802073,-0.1677795797586441,-0.2076050341129303,0.12121212121212122,False
FFAR2,MALL,O15552,Q13021,0.01501347217708826,1178,0.34051558,-0.1677795797586441,-0.2591892182826996,0.1393939393939394,False
TMEM97,FFAR2,Q5BJF2,O15552,0.013116834685206413,1178,0.4180361,-0.22210444509983063,-0.1677795797586441,0.13333333333333333,False
FFAR2,SLC35E3,O15552,Q7Z769,-0.011492607183754444,1178,0.24605028,-0.1677795797586441,-0.057750508189201355,0.23636363636363636,False
FFAR2,NRM,O15552,Q8IXM6,-0.005638171453028917,1178,0.26725397,-0.1677795797586441,-0.07073205709457397,0.20606060606060606,False
FFAR2,CYB561A3,O15552,Q8NBI2,-0.027916371822357178,1178,0.32922268,-0.1677795797586441,-0.012787813320755959,0.19090909090909092,False
FFAR2,OR10AG1,O15552,Q8NH19,0.06976082921028137,1059,0.30314011,-0.1677795797586441,-0.05930653214454651,0.15151515151515152,False
FFAR2,CLDND2,O15552,Q8NHS1,-0.05781139060854912,1178,0.50302992,-0.1677795797586441,0.0023534088395535946,0.14242424242424243,False
FFAR2,TMEM239,O15552,Q8WW34,0.035741571336984634,1178,0.24969489,-0.1677795797586441,-0.04025276005268097,0.17272727272727273,False
FFAR2,TMEM203,O15552,Q969S6,-0.05815434455871582,1178,0.40137134,-0.1677795797586441,0.15245753526687622,0.11212121212121212,False
FFAR2,CMTM5,O15552,Q96DZ9,0.022718830034136772,1178,0.31819574,-0.1677795797586441,-0.14888995885849,0.15151515151515152,False
FFAR2,C11orf24,O15552,Q96F05,0.05987430736422539,1178,0.34969426,-0.1677795797586441,0.03535415604710579,0.133630289532294,False
FFAR2,CXCL16,O15552,Q9H2A7,0.08153925091028214,1178,0.35432629,-0.1677795797586441,0.04718900844454765,0.16363636363636364,False
FFAR2,LPAR3,O15552,Q9UBY5,0.020642656832933426,1178,0.25040257,-0.1677795797586441,-0.035856880247592926,0.20679886685552407,False
PEX16,FFAR2,Q9Y5Y5,O15552,0.0510847344994545,1178,0.26246415,-0.08807103335857391,-0.1677795797586441,0.2113095238095238,False
FXYD3,KCNN4,Q14802,O15554,0.10011714696884155,1178,0.25793192,-0.054568447172641754,0.1511479616165161,0.06088992974238876,False
DHX15,SF3B1,O43143,O75533,0.04613405466079712,1178,0.71452109,-1.5188853740692139,-1.4963200092315674,0.15030674846625766,False
DHX15,PABPC1,O43143,P11940,-0.06545597314834595,1178,0.26391153,-1.5188853740692139,-0.9841540455818176,0.15471698113207547,False
DHX15,HNRNPM,O43143,P52272,0.10298088937997818,1178,0.27850692,-1.5188853740692139,-0.9146052598953247,0.17358490566037735,True
DHX9,DHX15,Q08211,O43143,0.05817818641662598,1178,0.60799853,-1.20247483253479,-1.5188853740692139,0.18818897637795276,False
DHX15,ZGPAT,O43143,Q8N5A5,-0.008083391934633255,1178,0.68190947,-1.5188853740692139,-0.08527906984090805,0.16226415094339622,False
ZBTB24,RBM10,O43167,P98175,-0.036518555134534836,1178,0.2420551,-0.08747359365224838,-0.4265322983264923,0.15483870967741936,False
ZBTB24,POGZ,O43167,Q7Z3K3,-0.004717090167105198,1178,0.2871274,-0.08747359365224838,-0.33361178636550903,0.13404255319148936,False
GMCL1,ZBTB24,Q96IK5,O43167,0.016304589807987213,1178,0.35519165,-0.05387333780527115,-0.08747359365224838,0.17216642754662842,False
ZRANB1,ZBTB24,Q9UGI0,O43167,0.009414381347596645,1178,0.29371146,-0.17313158512115479,-0.08747359365224838,0.16807909604519775,False
AQP6,CYB5B,Q13520,O43169,0.029591165482997894,1178,0.30042726,-0.07723511010408401,-0.3234706521034241,0.11702127659574468,False
CYB5B,EBP,O43169,Q15125,0.10861048102378845,1178,0.3517424,-0.3234706521034241,0.047918833792209625,0.13043478260869565,False
CYB5B,MFSD4B,O43169,Q5TF39,0.008601118810474873,1178,0.31191349,-0.3234706521034241,0.08581998199224472,0.0945945945945946,False
CYB5B,MFSD5,O43169,Q6N075,0.04514482617378235,1178,0.26164964,-0.3234706521034241,0.04757249727845192,0.09333333333333334,False
CYB5B,GPR152,O43169,Q8TDT2,-0.04063396528363228,1178,0.30416425,-0.3234706521034241,-0.07044405490159988,0.10425531914893617,False
SLC39A9,CYB5B,Q9NUM3,O43169,0.057894304394721985,1178,0.30541373,-0.08135750889778137,-0.3234706521034241,0.11074918566775244,False
HNRNPK,PHGDH,P61978,O43175,-0.02390216290950775,1178,0.35235921,-2.351480722427368,-0.05143101513385773,0.15384615384615385,False
CRX,SUFU,O43186,Q9UMX1,-0.030969511717557907,1178,0.25691121,-0.013380090706050396,0.056817978620529175,0.16322314049586778,False
ZNHIT1,ACTR6,O43257,Q9GZN1,0.38348209857940674,1178,0.72308084,-0.2914504408836365,-0.5830253958702087,0.11363636363636363,True
RINT1,ZW10,Q6NUQ1,O43264,0.30528542399406433,1178,0.68176364,-1.065390944480896,-0.27647265791893005,0.1919191919191919,False
TF,SPINT1,P02787,O43278,0.04594401642680168,1178,0.39960662,-0.0005086754681542516,-0.28732773661613464,0.167621776504298,False
SPINT1,AGR3,O43278,Q8TD06,-0.04756364971399307,1178,0.25343948,-0.28732773661613464,-0.03304667770862579,0.0945179584120983,False
EFS,ZNF417,O43281,Q8TAU3,-0.02227959968149662,1043,0.26732382,-0.0629754289984703,-0.23774990439414978,0.1808695652173913,False
GPAA1,PIGT,O43292,Q969N2,0.31669875979423523,1178,0.67798094,-0.025457317009568214,0.012539699673652649,0.20772946859903382,True
SPG21,CTIF,Q9NZD8,O43310,0.06839188933372498,1178,0.2929181,-0.17563346028327942,0.1624329686164856,0.13879598662207357,False
IARS1,EEF1E1,P41252,O43324,0.06379371136426926,1178,0.29280206,-1.8848167657852173,-0.10645966231822968,0.04833597464342314,True
UBE2I,RIPK2,P63279,O43353,-0.06694498658180237,1178,0.30637419,-2.037322521209717,0.058263834565877914,0.11666666666666667,False
FIBP,C2CD5,O43427,Q86YS7,0.3574587404727936,1178,0.67790827,0.006196826696395874,0.12896907329559326,0.119,False
BPNT1,PPIH,O95861,O43447,-0.08726968616247177,1178,0.32313224,-0.245746910572052,-0.25406524538993835,0.1396103896103896,False
XIAP,PPIH,P98170,O43447,0.033099714666604996,1178,0.4296342,-0.023898975923657417,-0.25406524538993835,0.10261569416498995,False
GYS1,KLF4,P13807,O43474,0.025076894089579582,1178,0.37151346,0.008435512892901897,0.003972718492150307,0.1560379918588874,False
OIP5,TEX12,O43482,Q9BXU0,-0.051109686493873596,1178,0.29632974,-0.9860591292381287,0.17932704091072083,0.1615720524017467,False
OIP5,MIS18A,O43482,Q9NYP9,0.5411832332611084,1178,0.69833906,-0.9860591292381287,-0.7384010553359985,0.2532188841201717,False
MED14,MED7,O60244,O43513,0.12544485926628113,1178,0.44157133,-1.4890227317810059,-0.932953953742981,0.0639614855570839,True
MED1,MED7,Q15648,O43513,0.2367977350950241,1178,0.33718137,-0.6696135997772217,-0.932953953742981,0.04490828589500316,True
MED7,MED4,O43513,Q9NPJ6,0.23994535207748413,1178,0.52993008,-0.932953953742981,-1.278164267539978,0.15555555555555556,True
WAS,WIPF1,P42768,O43516,0.27287137508392334,1178,0.65515774,0.0012539238668978214,0.030071508139371872,0.2584493041749503,True
RAD51D,XRCC2,O75771,O43543,0.6973592638969421,1178,0.70434952,-0.5456402897834778,-0.4245989918708801,0.19207317073170732,True
PSTPIP1,MOS,O43586,P00540,0.04551777243614197,1178,0.31600904,-0.028918106108903885,-0.13638082146644592,0.14182692307692307,False
NCBP1,PSTPIP1,Q09161,O43586,-0.003632033709436655,1178,0.39866628,-1.4239816665649414,-0.028918106108903885,0.13291139240506328,False
UBE2W,PSTPIP1,Q96B02,O43586,0.003895543748512864,349,0.26816253,0.019258977845311165,-0.028918106108903885,0.11057692307692307,False
TTC1,PSTPIP1,Q99614,O43586,0.055677011609077454,1178,0.49536367,-1.1111375093460083,-0.028918106108903885,0.1658653846153846,False
PCDHB14,PSTPIP1,Q9Y5E9,O43586,0.06986735761165619,1178,0.56741467,0.03952588513493538,-0.028918106108903885,0.13909774436090225,False
FARS2,SPRY1,O95363,O43609,0.06823587417602539,1178,0.26790353,-0.3320689797401428,0.1295047253370285,0.1419068736141907,False
TRAPPC3,TRAPPC2L,O43617,Q9UL33,0.22636239230632782,1178,0.39117528,-1.5798348188400269,-0.18360117077827454,0.15555555555555556,True
SNAI2,CSNK2A1,O43623,P68400,-0.07160544395446777,1178,0.26310809,-0.08642873913049698,-0.12552425265312195,0.13810741687979539,False
CHMP2A,MITD1,O43633,Q8WV92,-0.0465245395898819,1178,0.35829703,-1.837498664855957,-0.09172486513853073,0.20481927710843373,False
BCAS2,PLRG1,O75934,O43660,0.14874446392059326,1178,0.29862793,-1.326369285583496,-1.1751877069473267,0.09533073929961089,True
PLRG1,CDC5L,O43660,Q99459,0.2125214785337448,1178,0.4492978,-1.1751877069473267,-1.6672489643096924,0.1596009975062344,True
RGS10,PLEKHF2,O43665,Q9H8W4,-0.047582101076841354,1178,0.35542287,0.07229916006326675,-0.10347121953964233,0.17670682730923695,False
ZNF207,BUB3,O43670,O43684,-0.08053166419267654,1178,0.67587381,-1.207301139831543,-2.128984212875366,0.11715481171548117,False
TCF21,MYOD1,O43680,P15172,0.02408187836408615,1178,0.61114162,0.055630818009376526,-0.014635695144534111,0.153125,False
TMX1,GET3,Q9H3N1,O43681,0.0667441338300705,1178,0.31545277,-0.19082042574882507,-0.6436672806739807,0.14367816091954022,False
BUB1,BUB3,O43683,O43684,0.1983695775270462,1178,0.65082836,-0.8340951204299927,-2.128984212875366,0.08847926267281106,False
BUB1B,BUB3,O60566,O43684,0.13441260159015656,1178,0.65192893,-1.0511451959609985,-2.128984212875366,0.09238095238095238,True
ACTN4,EGFR,O43707,P00533,-0.09578929096460342,1178,0.24306914,0.02174565941095352,-0.293984055519104,0.15537190082644628,False
TLX3,FNTB,O43711,P49356,-0.024002527818083763,1178,0.29358097,-0.13718542456626892,-0.6770198941230774,0.15789473684210525,False
TLX3,CSNK2B,O43711,P67870,-0.02131495252251625,1178,0.44040437,-0.13718542456626892,-0.8481774926185608,0.15807560137457044,False
TLX3,ACY1,O43711,Q03154,-0.008676107041537762,1178,0.23828491,-0.13718542456626892,0.12464948743581772,0.18872549019607843,False
LASP1,TLX3,Q14847,O43711,-0.053420715034008026,1178,0.26267179,-0.09351672977209091,-0.13718542456626892,0.14776632302405499,False
WDR83,TLX3,Q9BRX9,O43711,-0.015011822804808617,1178,0.26953675,-0.4242371916770935,-0.13718542456626892,0.2126984126984127,False
PLAAT1,TLX3,Q9HDD0,O43711,-0.0839051902294159,349,0.32075987,0.06800664961338043,-0.13718542456626892,0.12714776632302405,False
GATC,GATB,O43716,O75879,0.6777389049530029,1178,0.6828792,-0.22732305526733398,-0.32437393069267273,0.08258527827648116,False
GATC,QRSL1,O43716,Q9H0R6,0.6304289698600769,1178,0.71787628,-0.22732305526733398,-0.4112253785133362,0.09090909090909091,False
PRKAB2,MORN3,O43741,Q6PF18,-0.014019564725458622,1178,0.35542492,-0.07973732799291611,0.2002219408750534,0.17279411764705882,False
PRKAB2,ZFP90,O43741,Q8TF47,-0.009180070832371712,1178,0.24069522,-0.07973732799291611,0.05372926592826843,0.13679245283018868,False
AP1S1,AP1G1,P61966,O43747,0.1514308750629425,1178,0.72999036,-0.06485385447740555,-0.14523202180862427,0.06082725060827251,True
AP1B1,AP1G1,Q10567,O43747,0.3994714021682739,1178,0.56312342,-0.14864765107631683,-0.14523202180862427,0.20337197049525815,True
AP1G1,AP1M1,O43747,Q9BXS5,0.3793800473213196,1178,0.46833482,-0.14523202180862427,-0.09985730051994324,0.12408759124087591,True
AP1M2,AP1G1,Q9Y6Q5,O43747,0.18330538272857666,1178,0.5643798,-0.03890621289610863,-0.14523202180862427,0.13260340632603407,True
AQP6,STX6,Q13520,O43752,0.004637354519218206,1178,0.44305367,-0.07723511010408401,-0.01886628195643425,0.1773049645390071,False
STX6,GOLM2,O43752,Q6P4E1,0.1306508630514145,1178,0.30894534,-0.01886628195643425,-0.15603524446487427,0.12155963302752294,False
AQP6,SYNGR1,Q13520,O43759,0.032537929713726044,1178,0.51900509,-0.07723511010408401,-0.04300069436430931,0.21631205673758866,False
SYNGR1,UNC93A,O43759,Q86WB7,0.09302420914173126,1178,0.25310369,-0.04300069436430931,0.06612608581781387,0.15317286652078774,False
CCDC146,KRT86,Q8IYE0,O43790,-0.10577355325222015,1043,0.37441831,-0.008222667500376701,-0.23819215595722198,0.12879581151832462,False
MYL6,NUDT21,P60660,O43809,0.03228984400629997,1178,0.32959791,-0.14362449944019318,-1.7168476581573486,0.15859030837004406,False
NUDT21,IKZF1,O43809,Q13422,0.09398332238197327,1178,0.29749532,-1.7168476581573486,-0.04607044905424118,0.12138728323699421,False
NUDT21,FAM90A1,O43809,Q86YD7,-0.0830998495221138,349,0.37330002,-1.7168476581573486,0.0731341615319252,0.12284482758620689,False
GMCL1,CFAP410,Q96IK5,O43822,0.06405685096979141,1178,0.61263205,-0.05387333780527115,-0.06661947816610336,0.13203883495145632,False
SPG21,CFAP410,Q9NZD8,O43822,-0.010187576524913311,1178,0.45835538,-0.17563346028327942,-0.06661947816610336,0.17532467532467533,False
INTS3,ZBTB14,Q68E01,O43829,-0.020568300038576126,1178,0.45204888,-1.5145775079727173,0.07404819875955582,0.12272291466922339,False
TCEANC,ZBTB14,Q8N8B7,O43829,0.059293679893016815,1178,0.24424742,0.04941663146018982,0.07404819875955582,0.16258351893095768,False
AP1M1,ZBTB14,Q9BXS5,O43829,0.07607188820838928,1178,0.39914812,-0.09985730051994324,0.07404819875955582,0.17817371937639198,False
CDKN2C,AHCYL1,P42773,O43865,-0.0006276736385188997,1178,0.24846442,0.2813692092895508,-0.40880322456359863,0.1,False
CREB3,SLC29A2,O43889,Q14542,0.08500143140554428,1178,0.25330743,-0.133744016289711,-0.25381049513816833,0.18859649122807018,False
RHEB,CREB3,Q15382,O43889,0.0009733338956721127,1178,0.25554755,-0.7482081055641174,-0.133744016289711,0.1078167115902965,False
FA2H,CREB3,Q7L5A8,O43889,0.08186360448598862,1178,0.28216423,-0.08858222514390945,-0.133744016289711,0.20698924731182797,False
CREB3,DRAM1,O43889,Q8N682,0.133132204413414,1178,0.263951,-0.133744016289711,-0.0262145958840847,0.14016172506738545,False
APPBP2,CREB3,Q92624,O43889,0.024918366223573685,1178,0.2916667,-0.10429910570383072,-0.133744016289711,0.15726495726495726,False
CREB3,AGPAT3,O43889,Q9NRZ7,-0.1399441808462143,1178,0.23267956,-0.133744016289711,0.05494600534439087,0.2127659574468085,False
MFSD11,GJA8,O43934,P48165,-0.07217534631490707,1178,0.24109976,-0.16919168829917908,-0.045923665165901184,0.17371937639198218,False
MFSD11,LAYN,O43934,Q6UX15,0.10248586535453796,1178,0.45956043,-0.16919168829917908,-0.07963930070400238,0.17371937639198218,False
SMC1B,RAD21,Q8NDV3,O60216,0.09986870735883713,1178,0.68197389,-0.05465378239750862,-1.4837149381637573,0.13441295546558704,False
PDS5B,RAD21,Q9NTI5,O60216,-0.0004596585058607161,1178,0.47417601,-0.041386451572179794,-1.4837149381637573,0.13061506565307532,True
CCT5,ZNRD2,P48643,O60232,0.07141799479722977,1178,0.56186184,-1.163062572479248,-0.313179612159729,0.10536044362292052,False
CCT3,ZNRD2,P49368,O60232,0.12000446766614914,1178,0.60249826,-2.1431899070739746,-0.313179612159729,0.11376146788990826,False
UBE2I,ZNRD2,P63279,O60232,-0.009088866412639618,1178,0.39911192,-2.037322521209717,-0.313179612159729,0.16080402010050251,False
CCT2,ZNRD2,P78371,O60232,0.016708938404917717,1178,0.53368137,-1.4407544136047363,-0.313179612159729,0.11775700934579439,False
PPP1R12B,PPP1CB,O60237,P62140,0.07762087881565094,1178,0.40453425,-0.004621423780918121,-1.209707260131836,0.10896130346232179,False
MED6,MED14,O75586,O60244,0.2475430965423584,1178,0.38637635,-1.751216173171997,-1.4890227317810059,0.05983493810178817,True
MED14,MED21,O60244,Q13503,0.22227062284946442,1178,0.41283565,-1.4890227317810059,-1.0077470541000366,0.03782668500687758,True
MED10,MED14,Q9BTT4,O60244,0.23020625114440918,1178,0.67242574,-0.5545581579208374,-1.4890227317810059,0.039889958734525444,True
MED14,MED17,O60244,Q9NVC6,0.23053644597530365,1178,0.67523222,-1.4890227317810059,-1.0786819458007812,0.12861072902338377,True
MED29,MED14,Q9NX70,O60244,0.21263845264911652,1178,0.27396803,-0.869602382183075,-1.4890227317810059,0.057083906464924346,False
DYNLL1,GPRIN2,P63167,O60269,-0.008521595038473606,1178,0.28150059,-0.5641142725944519,-0.10741476714611053,0.05895196506550218,False
GPRIN2,DYNLL2,O60269,Q96FJ2,-0.021863125264644623,1178,0.29700687,-0.10741476714611053,0.06282959878444672,0.056768558951965066,False
ZNF830,AQR,Q96NB3,O60306,0.30532267689704895,1178,0.25966084,-0.9611366391181946,-1.5638508796691895,0.08215488215488216,False
KDM1A,GOLGA2,O60341,Q08379,0.006325915455818176,1178,0.25734425,-0.09592282772064209,-0.15413284301757812,0.1966067864271457,False
KDM1A,NMI,O60341,Q13287,0.05208684876561165,1178,0.57459778,-0.09592282772064209,0.0172196626663208,0.10093896713615023,False
KDM1A,FAM161A,O60341,Q3B820,-0.02660219371318817,1178,0.51568486,-0.09592282772064209,-0.08839048445224762,0.18544600938967137,False
KDM1A,TTC23,O60341,Q5W5X9,0.02854570373892784,1178,0.33160356,-0.09592282772064209,0.06822758167982101,0.13262910798122066,False
KDM1A,KLC3,O60341,Q6P597,-0.044856224209070206,1178,0.2705762,-0.09592282772064209,-0.03879346698522568,0.15258215962441316,False
KDM1A,ANKRD23,O60341,Q86SG2,-0.04393203184008598,1178,0.25685341,-0.09592282772064209,-0.11192987859249115,0.12323943661971831,False
STX12,STX10,Q86Y82,O60499,0.031464848667383194,1178,0.27306222,-0.050052057951688766,-0.1442999392747879,0.17028985507246377,False
PLOD3,COIL,O60568,P38432,-0.05870984122157097,1178,0.25517717,0.09341735392808914,-0.399604469537735,0.17615176151761516,False
PLOD3,NAB2,O60568,Q15742,0.055427536368370056,1178,0.33816831,0.09341735392808914,-0.014108515344560146,0.16124661246612465,False
PLOD3,CCDC85B,O60568,Q15834,0.06940208375453949,1178,0.23558924,0.09341735392808914,-0.12670280039310455,0.0948509485094851,False
PLOD3,ZNF620,O60568,Q6ZNG0,-0.020177071914076805,1178,0.34623511,0.09341735392808914,0.1419260948896408,0.14769647696476965,False
PLOD3,DPPA2,O60568,Q7Z7J5,0.09722399711608887,1178,0.32328171,0.09341735392808914,-0.12665420770645142,0.11382113821138211,False
PLOD3,EHMT2,O60568,Q96KQ7,-0.03910138085484505,1178,0.24053807,0.09341735392808914,-0.3029434382915497,0.16611570247933885,False
EIF4E2,HOMEZ,O60573,Q8IX15,0.03856416419148445,1178,0.26177191,-0.26644468307495117,-0.11131160706281662,0.12,False
CDK9,CCNT2,P50750,O60583,0.05367521196603775,1178,0.58576102,-1.448000192642212,-0.139977365732193,0.13013698630136986,True
LEPROTL1,TSPAN2,O95214,O60636,0.05777711793780327,1178,0.24487247,0.13688786327838898,0.04607129469513893,0.1493212669683258,False
TSPAN2,TSPAN31,O60636,Q12999,0.01445974875241518,1178,0.25534144,0.04607129469513893,-0.28866317868232727,0.20361990950226244,False
TSPAN2,BSCL2,O60636,Q96G97,0.11184719204902649,1178,0.25413284,0.04607129469513893,-0.16664136946201324,0.12311557788944724,False
TSPAN2,SCN3B,O60636,Q9NY72,-0.04175104200839996,1178,0.39134111,0.04607129469513893,0.0030425740405917168,0.20361990950226244,False
EXOC3,EXOC4,O60645,Q96A65,0.17314189672470093,1178,0.58822344,-0.6181628704071045,-0.39606666564941406,0.162217659137577,True
EXOC3,EXOC2,O60645,Q96KP1,0.28423377871513367,1178,0.60897457,-0.6181628704071045,-0.43653368949890137,0.17316017316017315,True
LMX1B,LDB1,O60663,Q86U70,0.17118559777736664,1178,0.3419901,-0.025578422471880913,-0.27440598607063293,0.1873479318734793,False
NFE2L2,MAFK,Q16236,O60675,0.11986697465181351,1178,0.69741119,-0.23562383651733398,-0.0828932523727417,0.08429752066115702,False
BACH2,MAFK,Q9BYV9,O60675,-0.05285269394516945,1178,0.6550891,0.0210069939494133,-0.0828932523727417,0.06420927467300833,False
MAFK,NFE2L3,O60675,Q9Y4A8,0.006124333944171667,1178,0.64426407,-0.0828932523727417,-0.32986897230148315,0.06484149855907781,False
RPS2,PRMT3,P15880,O60678,-0.04389291629195213,349,0.52167859,-1.6495307683944702,0.11256936937570572,0.14689265536723164,False
ICMT,PDZK1IP1,O60725,Q13113,-0.1340031623840332,1178,0.30330505,-0.21642974019050598,-0.2983594834804535,0.11267605633802817,False
CDC14B,ZNF696,O60729,Q9H7X3,-0.06654103100299835,1178,0.37289518,-0.06596767902374268,-0.08590222150087357,0.13052208835341367,False
SNX32,SNX2,Q86XE0,O60749,-0.09274312853813171,1178,0.73007286,-0.1901087611913681,0.12089555710554123,0.2138728323699422,False
VPS35,SNX2,Q96QK1,O60749,0.06966150552034378,1178,0.32117852,-0.5928045511245728,0.12089555710554123,0.15954773869346733,True
SNX6,SNX2,Q9UNH7,O60749,0.04067801311612129,1178,0.73134581,-0.13597753643989563,0.12089555710554123,0.19845857418111754,False
SNX5,SNX2,Q9Y5X3,O60749,-0.005859924480319023,1178,0.72854199,0.04610301926732063,0.12089555710554123,0.21965317919075145,False
MRPS31,MRPS14,Q92665,O60783,0.5180304646492004,1178,0.45372572,-0.40504103899002075,-0.5941845774650574,0.11392405063291139,False
MRPS14,MRPS24,O60783,Q96EL2,0.6976478695869446,1178,0.4899061,-0.5941845774650574,-0.36588162183761597,0.17964071856287425,False
GCM2,TBX19,O75603,O60806,-0.05453885719180107,1178,0.35261766,-0.0063632638193666935,0.02133292332291603,0.17786561264822134,False
CCDC22,CCDC93,O60826,Q567U6,0.3619050979614258,1178,0.73649103,-0.2196413278579712,-0.13622018694877625,0.19175911251980982,True
CCDC22,VPS35L,O60826,Q7Z3J2,0.46157196164131165,1178,0.39943721,-0.2196413278579712,-0.18632608652114868,0.15160955347871236,True
CCDC22,KRT27,O60826,Q7Z3Y8,-0.019831428304314613,1178,0.64542682,-0.2196413278579712,-0.003711748169735074,0.16905901116427433,False
CCDC22,DENND10,O60826,Q8TCE6,0.024772871285676956,1178,0.55439913,-0.2196413278579712,-0.1779053509235382,0.15629984051036683,False
CCDC22,COMMD5,O60826,Q9GZQ3,0.3293271064758301,1178,0.29002513,-0.2196413278579712,-0.16996225714683533,0.11323763955342903,True
COMMD3,CCDC22,Q9UBI1,O60826,0.7059721946716309,1178,0.28810215,-0.18448041379451752,-0.2196413278579712,0.09569377990430622,True
PQBP1,WBP11,O60828,Q9Y2W2,0.2122979313135147,1178,0.45575247,-0.19508309662342072,-1.077606439590454,0.1310452418096724,False
CTCF,DKC1,P49711,O60832,0.06982122361660004,1178,0.23258913,-1.6275089979171753,-1.3018759489059448,0.15543328748280605,False
DKC1,NAF1,O60832,Q96HR8,0.18629780411720276,1178,0.60302288,-1.3018759489059448,-0.40410295128822327,0.16926070038910507,False
DKC1,NOP10,O60832,Q9NPE3,0.3985694646835327,1178,0.69764384,-1.3018759489059448,-0.9319126605987549,0.042801556420233464,True
DKC1,GAR1,O60832,Q9NY12,0.14196205139160156,1178,0.55165631,-1.3018759489059448,-0.6092008352279663,0.09727626459143969,True
GPR37L1,CLDN7,O60883,O95471,0.08523710817098618,1178,0.34941681,-0.11672244220972061,-0.0833858996629715,0.12681912681912683,False
CD46,GPR37L1,P15529,O60883,-0.06587845087051392,1178,0.2850949,-0.043540507555007935,-0.11672244220972061,0.16216216216216217,False
GPR37L1,PLN,O60883,P26678,-0.06397682428359985,1059,0.2715219,-0.11672244220972061,-0.10797566920518875,0.0498960498960499,False
GPR37L1,CLEC2A,O60883,Q6UVW9,0.038141880184412,1178,0.29344568,-0.11672244220972061,0.07495029270648956,0.09355509355509356,False
GPR37L1,TMEM86B,O60883,Q8N661,0.13316582143306732,1178,0.26767239,-0.11672244220972061,0.053364310413599014,0.1288981288981289,False
CLDND2,GPR37L1,Q8NHS1,O60883,-0.017873508855700493,1178,0.4555679,0.0023534088395535946,-0.11672244220972061,0.11226611226611227,False
TMEM54,GPR37L1,Q969K7,O60883,0.10654953867197037,1178,0.30840735,-0.13266892731189728,-0.11672244220972061,0.158004158004158,False
GPR37L1,TMEM80,O60883,Q96HE8,-0.013008722104132175,1162,0.32358977,-0.11672244220972061,-0.08396829664707184,0.09355509355509356,False
GPR37L1,RPRM,O60883,Q9NS64,0.12913107872009277,1178,0.32291354,-0.11672244220972061,0.09651501476764679,0.08316008316008316,False
RAMP1,MS4A13,O60894,Q5J8X5,-0.14941854774951935,1178,0.38947847,0.04544907808303833,-0.03193621337413788,0.1513157894736842,False
RAMP2,LCN2,O60895,P80188,2.814471190504264e-05,1178,0.38288436,-0.011830796487629414,-0.12070373445749283,0.15656565656565657,False
SMPD2,STAR,O60906,P49675,-0.011588330380618572,1178,0.29944121,0.01172592956572771,-0.0008565967436879873,0.1607565011820331,False
PPP1CC,PPP1R11,P36873,O60927,0.1273156851530075,1178,0.60697078,-0.19104059040546417,-0.9843539595603943,0.11455108359133127,False
PPP1CA,PPP1R11,P62136,O60927,0.11233039945363998,1178,0.25189021,-0.6405314207077026,-0.9843539595603943,0.11212121212121212,False
PPP1R11,PPP1CB,O60927,P62140,0.10953421890735626,1178,0.62767843,-0.9843539595603943,-1.209707260131836,0.11009174311926606,False
CLEC3A,RNASEH1,O75596,O60930,0.019371312111616135,1178,0.28656908,0.2146201729774475,-0.053563088178634644,0.16083916083916083,False
RNASEH1,ASPH,O60930,Q12797,0.03877560794353485,1178,0.3322403,-0.053563088178634644,0.03793072700500488,0.11609498680738786,False
NBN,FAM219A,O60934,Q8IW50,0.03104577027261257,1178,0.31739888,-0.038646068423986435,-0.06774548441171646,0.08355437665782493,False
NBN,RAD50,O60934,Q92878,0.25263693928718567,1178,0.30690412,-0.038646068423986435,-0.017021965235471725,0.13185975609756098,True
NOL3,ETNK2,O60936,Q9NVF9,0.04543125256896019,1178,0.33112186,-0.1455886960029602,-0.09179681539535522,0.13471502590673576,False
HSF2BP,NPPA,O75031,P01160,-0.030360888689756393,1178,0.38379187,0.035670217126607895,0.05603295564651489,0.1407185628742515,False
POMC,HSF2BP,P01189,O75031,-0.139261856675148,1178,0.57668543,-0.03360481560230255,0.035670217126607895,0.1317365269461078,False
VHL,HSF2BP,P40337,O75031,0.02881125546991825,1178,0.27008921,-0.7422401309013367,0.035670217126607895,0.1437125748502994,False
MFAP1,HSF2BP,P55081,O75031,-0.045821525156497955,1178,0.33176875,-1.7876204252243042,0.035670217126607895,0.16400911161731208,False
HSF2BP,MKRN3,O75031,Q13064,0.00985377375036478,1178,0.33907093,0.035670217126607895,0.0910174697637558,0.14398422090729784,False
BYSL,HSF2BP,Q13895,O75031,0.026023464277386665,1178,0.35002387,-1.3705101013183594,0.035670217126607895,0.17620137299771166,False
VEZF1,HSF2BP,Q14119,O75031,0.04418981075286865,1178,0.26585424,-0.3162173330783844,0.035670217126607895,0.1343570057581574,False
HSF2BP,LAGE3,O75031,Q14657,0.019330700859427452,1178,0.23732945,0.035670217126607895,-0.3179718554019928,0.10179640718562874,False
HSF2BP,NAB2,O75031,Q15742,0.014131598174571991,1178,0.27032875,0.035670217126607895,-0.014108515344560146,0.16380952380952382,False
SNAPC1,HSF2BP,Q16533,O75031,0.03267943486571312,1178,0.26005269,-1.6179766654968262,0.035670217126607895,0.14945652173913043,False
HSF2BP,C4orf46,O75031,Q504U0,-0.011811895295977592,1178,0.34952266,0.035670217126607895,-0.07531128078699112,0.10479041916167664,False
ZC2HC1C,HSF2BP,Q53FD0,O75031,-0.10017451643943787,1178,0.37781273,-0.033205367624759674,0.035670217126607895,0.15789473684210525,False
HSF2BP,ZNF648,O75031,Q5T619,-0.007040407042950392,1178,0.27745897,0.035670217126607895,-0.16403481364250183,0.1619718309859155,False
HSF2BP,ATXN7L2,O75031,Q5T6C5,-0.02082745172083378,1178,0.45635387,0.035670217126607895,-0.1065395399928093,0.1149584487534626,False
HSF2BP,KIF24,O75031,Q5T7B8,0.07490335404872894,1178,0.24793084,0.035670217126607895,-0.14538408815860748,0.08187134502923976,False
TSHZ3,HSF2BP,Q63HK5,O75031,-0.016408627852797508,1178,0.26378091,0.07287637889385223,0.035670217126607895,0.11008325624421832,False
PRR5L,HSF2BP,Q6MZQ0,O75031,-0.026275482028722763,1178,0.32815088,0.16532985866069794,0.035670217126607895,0.17391304347826086,False
PPP1R18,HSF2BP,Q6NYC8,O75031,-0.002255067229270935,1178,0.47763269,-0.00449755135923624,0.035670217126607895,0.1402936378466558,False
HSF2BP,INSYN2A,O75031,Q6ZSG2,0.06167688965797424,1178,0.26796914,0.035670217126607895,0.020947614684700966,0.162839248434238,False
HSF2BP,GGN,O75031,Q86UU5,-0.003046646947041154,1178,0.44082298,0.035670217126607895,-0.18982326984405518,0.1303680981595092,False
GPBP1,HSF2BP,Q86WP2,O75031,-0.025370176881551743,1178,0.41730028,-0.09605923295021057,0.035670217126607895,0.12896405919661733,False
HSF2BP,FAM90A1,O75031,Q86YD7,0.057947199791669846,349,0.53634624,0.035670217126607895,0.0731341615319252,0.16163793103448276,False
MISP,HSF2BP,Q8IVT2,O75031,0.07484548538923264,1178,0.47762604,0.013076609000563622,0.035670217126607895,0.13549337260677466,False
HSF2BP,BEND7,O75031,Q8N7W2,-0.055818017572164536,1178,0.42181768,0.035670217126607895,0.17664888501167297,0.19128329297820823,False
HSF2BP,RNF169,O75031,Q8NCN4,0.06125209853053093,1178,0.31210938,0.035670217126607895,-0.11605052649974823,0.13135593220338984,False
SPATA22,HSF2BP,Q8NHS9,O75031,0.047932226210832596,1178,0.54399524,-0.012257794849574566,0.035670217126607895,0.1487603305785124,False
HSF2BP,ZNF417,O75031,Q8TAU3,-0.03147650510072708,1043,0.23111352,0.035670217126607895,-0.23774990439414978,0.1373913043478261,False
HSF2BP,TSEN15,O75031,Q8WW01,-0.059379756450653076,1178,0.26707883,0.035670217126607895,-0.09352844953536987,0.12275449101796407,False
SNX21,HSF2BP,Q969T3,O75031,-0.03459220379590988,1178,0.28631001,-0.05914505943655968,0.035670217126607895,0.2064343163538874,False
HSF2BP,TEPSIN,O75031,Q96N21,0.020864641293883324,1178,0.24782337,0.035670217126607895,-0.18230193853378296,0.1657142857142857,False
HSF2BP,PRPF18,O75031,Q99633,-0.01451779156923294,1178,0.45251129,0.035670217126607895,-0.7735507488250732,0.17543859649122806,False
BEX2,HSF2BP,Q9BXY8,O75031,0.022977344691753387,1178,0.40855867,0.012712721712887287,0.035670217126607895,0.12275449101796407,False
POLDIP3,HSF2BP,Q9BY77,O75031,0.1030028834939003,1178,0.50395446,0.043988846242427826,0.035670217126607895,0.16389548693586697,False
HSF2BP,CCSER1,O75031,Q9C0I3,0.10753393173217773,1178,0.28662152,0.035670217126607895,-0.009384261444211006,0.11333333333333333,False
DMRT3,HSF2BP,Q9NQL9,O75031,0.0120367631316185,1178,0.35578223,0.18900969624519348,0.035670217126607895,0.15677966101694915,False
PAK6,HSF2BP,Q9NQU5,O75031,-0.018216151744127274,1178,0.24104075,-0.026138324290513992,0.035670217126607895,0.14537444933920704,False
CCDC198,HSF2BP,Q9NVL8,O75031,0.015566199086606503,1178,0.57797118,0.007267259061336517,0.035670217126607895,0.17365269461077845,False
TAB2,HSF2BP,Q9NYJ8,O75031,-0.013441300019621849,1178,0.25403235,0.07197444140911102,0.035670217126607895,0.1111111111111111,False
CTTNBP2NL,HSF2BP,Q9P2B4,O75031,0.047450173646211624,1178,0.34972694,-0.03467593342065811,0.035670217126607895,0.12519561815336464,False
SAMD4A,HSF2BP,Q9UPU9,O75031,-0.016912251710891724,1178,0.26365063,-0.18229106068611145,0.035670217126607895,0.11977715877437325,False
HSF2BP,GPSM3,O75031,Q9Y4H4,-0.02157980389893055,1178,0.33737633,0.035670217126607895,-0.16949108242988586,0.10778443113772455,False
FAM133A,NOS1AP,Q8N9E0,O75052,0.007942168042063713,1178,0.44499072,0.0506899356842041,-0.16100509464740753,0.11462450592885376,False
CBFA2T3,GAS8,O75081,O95995,0.13930658996105194,1178,0.28015408,0.061670780181884766,0.018582701683044434,0.15773353751914243,False
RNF40,CCDC146,O75150,Q8IYE0,0.051073964685201645,1178,0.39809945,-0.36629682779312134,-0.008222667500376701,0.1938061938061938,False
RNF40,AMOTL2,O75150,Q9Y2J4,0.04122869670391083,1178,0.31149397,-0.36629682779312134,0.10274762660264969,0.18681318681318682,False
ZC3H11A,MLH1,O75152,P40692,0.05747703090310097,349,0.33768307,-0.1122051551938057,-0.04027620702981949,0.19135802469135801,False
HDAC1,SIN3B,Q13547,O75182,0.04933822527527809,1178,0.72390768,-0.1551736742258072,-0.0522087924182415,0.11962134251290878,True
SIN3B,SUDS3,O75182,Q9H7L9,0.0026556183584034443,1178,0.53182368,-0.0522087924182415,-0.7269014716148376,0.0963855421686747,True
COQ9,GALNT2,O75208,Q10471,0.010469134896993637,1178,0.23684076,-0.15132273733615875,-0.03618429973721504,0.13660245183887915,False
ASPH,UGT2B11,Q12797,O75310,0.0017440647352486849,1162,0.25605184,0.03793072700500488,-0.2394086718559265,0.14643799472295516,False
FKBP6,PIAS2,O75344,O75928,0.0061438605189323425,349,0.23644286,0.24959854781627655,0.031159373000264168,0.13043478260869565,False
FKBP6,RAB11FIP2,O75344,Q7L804,0.007844842970371246,349,0.2902081,0.24959854781627655,0.06534683704376221,0.15234375,False
CRYBA1,PROP1,P05813,O75360,0.0015710961306467652,1178,0.46174086,-0.18114277720451355,0.019349662587046623,0.18584070796460178,False
ARSA,PROP1,P15289,O75360,0.017986532300710678,1178,0.49104247,-0.0498591847717762,0.019349662587046623,0.14201183431952663,False
UBE2I,PROP1,P63279,O75360,0.007952016778290272,1178,0.2946465,-2.037322521209717,0.019349662587046623,0.17256637168141592,False
TLE5,PROP1,Q08117,O75360,-0.06417547166347504,1178,0.38620356,-0.04278573393821716,0.019349662587046623,0.22123893805309736,False
HDHD3,PROP1,Q9BSH5,O75360,0.030460858717560768,1178,0.29978683,-0.02325608767569065,0.019349662587046623,0.21912350597609562,False
HDAC1,ZNF217,Q13547,O75362,0.08729304373264313,1178,0.25149356,-0.1551736742258072,-0.2517544627189636,0.12118320610687022,True
MACROH2A1,H3C1,O75367,P68431,0.01962941326200962,1178,0.41638002,-0.09002760052680969,-0.2667277157306671,0.11653116531165311,False
MACROH2A1,H2BC15,O75367,Q99877,0.03860100358724594,1162,0.72489642,-0.09002760052680969,-0.9812471866607666,0.1111111111111111,False
VAMP4,NAPA,O75379,P54920,0.048013560473918915,1178,0.25245777,-0.08393599838018417,-1.347333312034607,0.12203389830508475,False
AQP6,VAMP4,Q13520,O75379,-0.06589014083147049,1178,0.30763507,-0.07723511010408401,-0.08393599838018417,0.12411347517730496,False
TMEM205,VAMP4,Q6UW68,O75379,0.02808649092912674,1178,0.24179485,-0.10119639337062836,-0.08393599838018417,0.13756613756613756,False
VAMP4,GPX8,O75379,Q8TED1,0.11472608894109726,1178,0.32396547,-0.08393599838018417,-0.2495092898607254,0.17703349282296652,False
VAMP4,TMX2,O75379,Q9Y320,-0.004908111412078142,1178,0.23776642,-0.08393599838018417,-0.24872562289237976,0.11824324324324324,False
TRIM3,TRIM21,O75382,P19474,0.0009531433461233974,1178,0.5150533,0.175980806350708,0.1189064085483551,0.18548387096774194,False
UBE2D1,TRIM3,P51668,O75382,-0.0019388619111850858,1178,0.32130264,0.019335202872753143,0.175980806350708,0.06720430107526881,False
UBE2I,TRIM3,P63279,O75382,-0.05142515152692795,1178,0.29190698,-2.037322521209717,0.175980806350708,0.06182795698924731,False
PRPF40A,RBM25,O75400,P49756,0.3230321705341339,1178,0.69691747,-1.1197419166564941,-1.4745153188705444,0.18704284221525602,False
NME6,RCC1L,O75414,Q96I51,0.37600788474082947,1178,0.65507469,-0.1666851043701172,-0.2779752314090729,0.1206896551724138,False
DDX6,GIGYF1,P26196,O75420,0.06888014078140259,1178,0.26155024,-0.795698344707489,-0.0968228355050087,0.12270531400966184,False
MTX2,RHOH,O75431,Q15669,0.04440860077738762,1178,0.47515595,-0.0301024429500103,-0.13963808119297028,0.17490494296577946,False
MTX2,MTX3,O75431,Q5HYI7,0.022677497938275337,1178,0.68745677,-0.0301024429500103,-0.10553932934999466,0.2403846153846154,False
MTX2,SAMM50,O75431,Q9Y512,0.40176722407341003,1178,0.55114685,-0.0301024429500103,-0.5772714614868164,0.13646055437100213,True
TRIM44,ZNF254,Q96DX7,O75437,0.07525589317083359,349,0.30801285,0.08672955632209778,0.005056525114923716,0.1244309559939302,False
PMPCA,PMPCB,Q10713,O75439,0.07761696726083755,1178,0.66658614,-1.3018872737884521,-1.6579241752624512,0.29333333333333333,False
TADA3,TADA2A,O75528,O75478,0.033454883843660355,1178,0.7292341,-0.19115325808525085,-0.5567047595977783,0.18510158013544017,True
NDUFAF3,NDUFS3,Q9BU61,O75489,0.4824764132499695,1178,0.52833373,-0.3991566002368927,-0.2746622562408447,0.16666666666666666,False
HSBP1,BRK1,O75506,Q8WUW1,0.2498353272676468,1178,0.60342935,-0.2587011158466339,-0.2549775242805481,0.18421052631578946,False
TADA3,TADA2B,O75528,Q86TJ2,0.6633510589599609,1178,0.73136077,-0.19115325808525085,-0.14392220973968506,0.22685185185185186,True
TADA3,TADA1,O75528,Q96BN2,0.5760882496833801,1178,0.56742793,-0.19115325808525085,-0.11604446172714233,0.18981481481481483,True
TADA3,SGF29,O75528,Q96ES7,0.6243144273757935,1178,0.7125664,-0.19115325808525085,-0.45557448267936707,0.1550925925925926,True
SF3B1,CDC5L,O75533,Q99459,0.12945438921451569,1178,0.29493513,-1.4963200092315674,-1.6672489643096924,0.15567484662576686,False
STRAP,CSDE1,Q9Y3F4,O75534,0.5410721302032471,1178,0.51368977,-0.7487534284591675,-0.3455345928668976,0.13157894736842105,False
MED6,MED8,O75586,Q96G25,0.2636040151119232,1178,0.68454527,-1.751216173171997,-0.9515039920806885,0.1791044776119403,True
MED6,MED17,O75586,Q9NVC6,0.2698317766189575,1178,0.47227961,-1.751216173171997,-1.0786819458007812,0.10291858678955453,True
FOXH1,KLHL26,O75593,Q53HC5,-0.025803381577134132,1178,0.25263923,-0.02601405419409275,0.020203473046422005,0.16422764227642275,False
USP2,TFIP11,O75604,Q9UBB9,0.004068585578352213,1178,0.24837411,0.031563907861709595,-1.091179370880127,0.14934289127837516,False
NPM1,NPM3,P06748,O75607,0.038985103368759155,349,0.67123435,-0.801037609577179,-0.1899683028459549,0.23469387755102042,False
COL1A2,ERAL1,P08123,O75616,-0.02492525801062584,1178,0.26434033,0.02256825938820839,-0.386375367641449,0.09150805270863836,False
ERAL1,CEP44,O75616,Q9C0F1,0.10197585076093674,1178,0.30010144,-0.386375367641449,-0.05445513501763344,0.1853546910755149,False
PIBF1,OFD1,Q8WXW3,O75665,0.2457745224237442,1178,0.62108568,0.05760817229747772,0.08062782883644104,0.1857707509881423,False
CEP20,OFD1,Q96NB1,O75665,0.32052919268608093,1178,0.58618923,0.061067596077919006,0.08062782883644104,0.06620553359683795,False
UBE2I,RFPL3,P63279,O75679,-0.04160314053297043,1178,0.30790155,-2.037322521209717,0.06270911544561386,0.11987381703470032,False
COMT,GJB3,P21964,O75712,0.02786831557750702,1178,0.30234577,-0.20710420608520508,-0.17996539175510406,0.2029520295202952,False
RPRM,GJB3,Q9NS64,O75712,0.030112851411104202,1178,0.40532097,0.09651501476764679,-0.17996539175510406,0.1259259259259259,False
STK16,RPIA,O75716,P49247,-0.017360037192702293,1178,0.25826264,-0.04111017659306526,-0.3310123682022095,0.1382636655948553,False
STK16,REL,O75716,Q04864,0.0030164087656885386,1178,0.4352984,-0.04111017659306526,-0.03971794620156288,0.13247172859450726,False
STK16,GABPA,O75716,Q06546,0.01751423254609108,1178,0.34908548,-0.04111017659306526,-0.8651272654533386,0.13656387665198239,False
STK16,CBX3,O75716,Q13185,0.03284239396452904,1178,0.34839347,-0.04111017659306526,-0.10129912942647934,0.15737704918032788,False
STK16,ZMAT1,O75716,Q5H9K5,-0.05398411303758621,1178,0.2786345,-0.04111017659306526,0.09270346164703369,0.1238244514106583,False
STK16,SSC4D,O75716,Q8WTU2,-0.012794298119843006,1178,0.32997346,-0.04111017659306526,-0.032823435962200165,0.1565217391304348,False
STK16,DRG1,O75716,Q9Y295,0.05289675295352936,1178,0.27077974,-0.04111017659306526,-0.23813515901565552,0.17983651226158037,False
NUP50,WDHD1,Q9UKX7,O75717,0.06931985169649124,1178,0.25044868,-0.5918383002281189,-1.3302032947540283,0.12134632418069087,False
CRTAP,P3H1,O75718,Q32P28,0.06175996735692024,1178,0.67257919,-0.08925263583660126,-0.20139674842357635,0.20923913043478262,False
RHBDL1,TRARG1,O75783,Q8IXB3,-0.05121471360325813,1178,0.41526378,-0.06124138459563255,0.1277216672897339,0.11643835616438356,False
ZMYND10,NUTM1,O75800,Q86Y26,0.002537831664085388,1178,0.41647024,-0.18465374410152435,-0.01637762412428856,0.12014134275618374,False
AP1S2,AP1G2,P56377,O75843,-0.031992267817258835,1178,0.72932923,-0.16255787014961243,-0.19237296283245087,0.08152866242038216,True
AP1B1,AP1G2,Q10567,O75843,0.03423862159252167,1178,0.55747014,-0.14864765107631683,-0.19237296283245087,0.1791359325605901,True
AP1M2,AP1G2,Q9Y6Q5,O75843,0.016601406037807465,1178,0.48406479,-0.03890621289610863,-0.19237296283245087,0.13248407643312102,True
PPP1R37,ZNF837,O75864,Q96EG3,-0.07341865450143814,1178,0.26583127,-0.13347269594669342,0.05141957849264145,0.17510853835021709,False
TRAPPC6A,PFDN5,O75865,Q99471,0.06539932638406754,1178,0.23750238,-0.15701371431350708,-0.7839041948318481,0.15723270440251572,False
TRAPPC6A,TRAPPC2L,O75865,Q9UL33,-0.0723051130771637,1178,0.55630525,-0.15701371431350708,-0.18360117077827454,0.18867924528301888,True
TRAPPC1,TRAPPC6A,Q9Y5R8,O75865,-0.014213590882718563,1178,0.28617433,-1.1727570295333862,-0.15701371431350708,0.18867924528301888,True
CCNK,CEP76,O75909,Q8TAP6,0.048901598900556564,1178,0.23474775,-1.5854660272598267,0.08644552528858185,0.17147192716236723,False
PIAS2,CCNDBP1,O75928,O95273,0.020347505807876587,1178,0.46000441,0.031159373000264168,-0.03465985879302025,0.15136876006441224,False
PIAS2,SOX5,O75928,P35711,0.112685926258564,1178,0.30287556,0.031159373000264168,-0.06925876438617706,0.182175622542595,False
PIAS2,UBE2I,O75928,P63279,0.05377328768372536,1178,0.55328117,0.031159373000264168,-2.037322521209717,0.07568438003220612,False
HMG20B,PIAS2,Q9P0W2,O75928,-0.014523977413773537,1178,0.24480376,0.006589623633772135,0.031159373000264168,0.12238325281803543,False
PIAS2,HOOK1,O75928,Q9UJC3,0.14319880306720734,1178,0.23599294,0.031159373000264168,-0.10199125111103058,0.16071428571428573,False
BCAS2,GOLGA2,O75934,Q08379,-0.018041690811514854,1178,0.38070716,-1.326369285583496,-0.15413284301757812,0.07784431137724551,False
KRT31,BCAS2,Q15323,O75934,-0.060772307217121124,1178,0.36509731,-0.2508959472179413,-1.326369285583496,0.11538461538461539,False
BCAS2,USHBP1,O75934,Q8N6Y0,-0.024391934275627136,1178,0.36337423,-1.326369285583496,-0.06399358808994293,0.10668563300142248,False
DCTN2,DCTN3,Q13561,O75935,0.21968810260295868,1178,0.68652461,-0.985519528388977,-0.7328990697860718,0.13216957605985039,False
ATP5ME,ATP5MG,P56385,O75964,0.3669057786464691,1178,0.30440392,-0.43049323558807373,-0.3339015245437622,0.13592233009708737,True
CYTH1,SNAPC5,Q15438,O75971,0.014869369566440582,1178,0.4074053,-0.03455447778105736,-1.222563624382019,0.07788944723618091,False
SNAPC5,SNAPC1,O75971,Q16533,0.37096428871154785,1178,0.3794052,-1.222563624382019,-1.6179766654968262,0.11413043478260869,True
SNAPC5,MCRS1,O75971,Q96EZ8,-0.01818361133337021,1178,0.3229936,-1.222563624382019,-0.6710070371627808,0.07575757575757576,False
CYTH4,SNAPC5,Q9UIA0,O75971,-0.011495638638734818,1178,0.44083116,0.007151373662054539,-1.222563624382019,0.08375634517766498,False
GLRX3,METAP1,O76003,P53582,0.11654194444417953,1178,0.3184469,-0.24026237428188324,-0.7465184926986694,0.19430051813471502,False
GLRX3,ZNF124,O76003,Q15973,0.08473996073007584,1178,0.29407947,-0.24026237428188324,-0.09047557413578033,0.16809116809116809,False
GLRX3,CERCAM,O76003,Q5T4B2,-0.045903194695711136,1178,0.2718768,-0.24026237428188324,-0.16175252199172974,0.1411764705882353,False
GLRX3,CIAPIN1,O76003,Q6FI81,0.16790136694908142,1178,0.57805918,-0.24026237428188324,-0.8510916829109192,0.20597014925373133,False
GLRX3,OLFM3,O76003,Q96PB7,-0.03949451819062233,1178,0.24744942,-0.24026237428188324,-0.062038034200668335,0.14853556485355648,False
GLRX3,PFDN5,O76003,Q99471,-0.019474919885396957,1178,0.23199384,-0.24026237428188324,-0.7839041948318481,0.13432835820895522,False
HSD3B7,GLRX3,Q9H2F3,O76003,-0.040181469172239304,1178,0.3546432,-0.15011394023895264,-0.24026237428188324,0.17344173441734417,False
DDX6,KRT34,P26196,O76011,-0.02385574020445347,1178,0.26743711,-0.795698344707489,0.08752618730068207,0.15113871635610765,False
MATR3,KRT34,P43243,O76011,-0.02183125913143158,1178,0.33441794,-0.30666783452033997,0.08752618730068207,0.12750885478158205,False
PKN1,KRT34,Q16512,O76011,-0.02819640189409256,1178,0.41489088,-0.03974103182554245,0.08752618730068207,0.11571125265392782,False
KRT34,SEMA4C,O76011,Q9C0C4,0.009269318543374538,1178,0.27724821,0.08752618730068207,-0.11551079154014587,0.12845138055222088,False
ZNF446,KRT34,Q9NWS9,O76011,-0.027747727930545807,1178,0.24299161,-0.01591249741613865,0.08752618730068207,0.1622222222222222,False
KRT34,ZNF319,O76011,Q9P2F9,0.08349301666021347,1178,0.25951507,0.08752618730068207,-0.05917518958449364,0.15292096219931273,False
MAD2L2,KRT34,Q9UI95,O76011,-0.02561313286423683,1178,0.26921884,-0.8712741732597351,0.08752618730068207,0.10152284263959391,False
TXLNA,KRT38,P40222,O76015,-0.032795775681734085,1178,0.25005081,-0.08945633471012115,0.1339593082666397,0.2087912087912088,False
CCDC146,KRT38,Q8IYE0,O76015,0.1199047863483429,1178,0.28905915,-0.008222667500376701,0.1339593082666397,0.12670157068062826,False
SMARCD1,KRT38,Q96GM5,O76015,-0.02642795629799366,1178,0.25322924,-0.25394558906555176,0.1339593082666397,0.19611650485436893,False
KRT38,ZNF587,O76015,Q96SQ5,0.11058628559112549,1043,0.29327155,0.1339593082666397,-0.23222728073596954,0.16869565217391305,False
HSF4,KRT38,Q9ULV5,O76015,-0.14009247720241547,1178,0.34782316,-0.21261288225650787,0.1339593082666397,0.20528455284552846,False
RRP12,RSL1D1,Q5JTH9,O76021,0.17998945713043213,1178,0.23635295,-1.312182903289795,-1.3944388628005981,0.117964533538936,False
NEBL,GOLGA2,O76041,Q08379,-0.018549902364611626,1178,0.36841371,0.08192137628793716,-0.15413284301757812,0.19230769230769232,False
MAPK1,RNF8,P28482,O76064,0.04136700555682182,1178,0.51044061,-0.2733442485332489,-0.5703687071800232,0.15876288659793814,False
RNF8,WASHC3,O76064,Q9Y3C0,-0.06035753712058067,1178,0.23435317,-0.5703687071800232,-0.213297039270401,0.09690721649484536,False
CIAO1,TCP10L,O76071,Q8TDR4,-0.0287241842597723,1178,0.3199017,-1.2104909420013428,-0.004194674547761679,0.14454277286135694,False
OTX1,RGS20,P32242,O76081,-0.05992911010980606,1178,0.34902308,-0.12674158811569214,-0.040622200816869736,0.16494845360824742,False
RGS20,VASN,O76081,Q6EMK4,0.00837827567011118,1178,0.48141437,-0.040622200816869736,0.07607027143239975,0.16047548291233285,False
ABHD17A,RGS20,Q96GS6,O76081,-0.04477016627788544,1178,0.37059847,-0.3169713020324707,-0.040622200816869736,0.1958762886597938,False
DDX27,SRP72,Q96GQ7,O76094,0.02644990384578705,1178,0.34858889,-1.0625786781311035,-1.0621376037597656,0.1803921568627451,False
UXT,URI1,Q9UBK9,O94763,0.3217709958553314,1178,0.66466894,-0.998257040977478,-1.2522363662719727,0.08971962616822429,False
ACTL6A,MTA2,O96019,O94776,-0.008900176733732224,1178,0.29384229,-1.585509181022644,-0.2172025740146637,0.14820359281437126,True
RBBP4,MTA2,Q09028,O94776,0.08993975818157196,1178,0.62376975,-1.1858043670654297,-0.2172025740146637,0.15269461077844312,True
MBD2,MTA2,Q9UBB5,O94776,0.41542908549308777,1178,0.36449091,-0.09072520583868027,-0.2172025740146637,0.14520958083832336,True
IPO13,PSMA1,O94829,P25786,0.010188276879489422,1178,0.68323244,-1.1161463260650635,-2.2540767192840576,0.08515057113187954,False
TOX4,TBX6,O94842,O95947,-0.05378716066479683,1178,0.32509621,-0.3690655529499054,-0.18476159870624542,0.16264090177133655,False
PPP1R10,TOX4,Q96QC0,O94842,0.3173234164714813,1178,0.56519742,-1.2280354499816895,-0.3690655529499054,0.16808510638297872,False
SUPT7L,TADA1,O94864,Q96BN2,0.7265588641166687,1178,0.56097734,-0.05608893185853958,-0.11604446172714233,0.18357487922705315,True
UFL1,DDRGK1,O94874,Q96HY6,0.4558238685131073,1178,0.61979716,-0.37488746643066406,-0.2185889631509781,0.10831234256926953,False
UFL1,CDK5RAP3,O94874,Q96JB5,0.38648176193237305,1178,0.68944051,-0.37488746643066406,-0.34921741485595703,0.172544080604534,False
HMG20A,PHF14,Q9NP66,O94880,0.40116462111473083,1178,0.6945526,-0.034392546862363815,0.09747830033302307,0.10443037974683544,False
TRIM62,UBXN7,Q9BVG3,O94888,-0.039800550788640976,1178,0.28005334,-0.06538432836532593,0.028800945729017258,0.18813905930470348,False
CLP1,PCF11,Q92989,O94913,0.04936716705560684,1178,0.71872145,-1.7628403902053833,-1.04098641872406,0.08745980707395498,True
HAUS5,HAUS3,O94927,Q68CZ6,0.20755891501903534,1178,0.73678332,-1.2649257183074951,-1.1734838485717773,0.17535545023696683,True
HAUS5,HAUS4,O94927,Q9H6D7,0.2916191816329956,1178,0.63534601,-1.2649257183074951,-1.2577688694000244,0.16587677725118483,False
HAUS5,HAUS2,O94927,Q9NVX0,0.2193758189678192,1178,0.34077632,-1.2649257183074951,-0.7660250663757324,0.10426540284360189,True
PALMD,ABLIM3,Q9NP74,O94929,-0.028739357367157936,1178,0.3518748,-0.054542165249586105,0.05530393868684769,0.17569546120058566,False
AP2A2,AP2S1,O94973,P53680,0.1995105892419815,1178,0.72731044,0.0891326442360878,-0.5706266164779663,0.04898828541001065,False
AP2M1,AP2A2,Q96CW1,O94973,0.1945594996213913,1178,0.28475793,-0.6677334308624268,0.0891326442360878,0.11927582534611289,False
YIPF5,YIF1A,Q969M3,O95070,0.03842152655124664,1178,0.62817623,-0.2542598843574524,-0.11994921416044235,0.19795221843003413,False
YIPF4,YIF1A,Q9BSR8,O95070,0.07413297146558762,1178,0.47332409,0.04101676121354103,-0.11994921416044235,0.17406143344709898,False
ATPAF2,FSBP,Q8N5M1,O95073,-0.015057649463415146,1178,0.55966086,-0.014161631464958191,0.0188483614474535,0.1806020066889632,False
UBE4B,UBL7,O95155,Q96S82,0.34195101261138916,1178,0.52992213,-0.26554402709007263,-0.04796607792377472,0.09831029185867896,False
ZFPL1,CD3E,O95159,P07766,-0.06883852928876877,1178,0.26159788,-0.13912615180015564,0.05478726327419281,0.16129032258064516,False
MFSD14B,ZFPL1,Q5SR56,O95159,0.0805702731013298,1178,0.24481816,-0.10548390448093414,-0.13912615180015564,0.1442687747035573,False
ZFPL1,TMEM139,O95159,Q8IV31,-0.06837751716375351,1178,0.32129144,-0.13912615180015564,0.061919089406728745,0.18064516129032257,False
ZFPL1,SGMS2,O95159,Q8NHU3,-0.01497422531247139,1178,0.31283342,-0.13912615180015564,0.005596835166215897,0.1506849315068493,False
ZFPL1,FNDC9,O95159,Q8TBE3,0.01674124039709568,1178,0.26506142,-0.13912615180015564,-0.01507076621055603,0.15806451612903225,False
MS4A3,ZFPL1,Q96HJ5,O95159,-0.11488936096429825,1178,0.26100946,0.005369850434362888,-0.13912615180015564,0.14838709677419354,False
ELOVL4,ZFPL1,Q9GZR5,O95159,-0.03671349212527275,1178,0.31692886,-0.08147358149290085,-0.13912615180015564,0.17834394904458598,False
ELP3,ELP1,Q9H9T3,O95163,0.5583319664001465,1178,0.70694648,-0.8392627239227295,-0.8521302342414856,0.12012012012012012,True
TSR2,GABARAP,Q969E8,O95166,0.07741677761077881,1178,0.29068946,-1.5966148376464844,-0.23224486410617828,0.10471204188481675,False
SNAP29,VAMP5,O95721,O95183,-0.06290239840745926,1178,0.6472347,-0.25683242082595825,0.0728621557354927,0.11627906976744186,False
GJA8,VAMP5,P48165,O95183,0.116750068962574,1178,0.43812069,-0.045923665165901184,0.0728621557354927,0.07621247113163972,False
STX5,VAMP5,Q13190,O95183,-0.10915279388427734,1178,0.5380394,-1.4793835878372192,0.0728621557354927,0.10704225352112676,False
AQP6,VAMP5,Q13520,O95183,0.014312993735074997,1178,0.28747357,-0.07723511010408401,0.0728621557354927,0.11347517730496454,False
VAMP5,GPR152,O95183,Q8TDT2,0.07280529290437698,1178,0.44549952,0.0728621557354927,-0.07044405490159988,0.08085106382978724,False
GPX8,VAMP5,Q8TED1,O95183,-0.013692696578800678,1178,0.25110574,-0.2495092898607254,0.0728621557354927,0.10526315789473684,False
TMEM45B,VAMP5,Q96B21,O95183,-0.12464620918035507,1178,0.3644106,0.027050022035837173,0.0728621557354927,0.10909090909090909,False
ZDHHC15,VAMP5,Q96MV8,O95183,-0.07712162286043167,1178,0.3466265,0.02028116211295128,0.0728621557354927,0.09495548961424333,False
PANX1,VAMP5,Q96RD7,O95183,0.07348182052373886,1178,0.28431438,0.020404908806085587,0.0728621557354927,0.08450704225352113,False
AZIN2,OAZ2,Q96A70,O95190,0.15357767045497894,1178,0.49160467,0.03986174240708351,0.026957975700497627,0.11956521739130435,False
RMDN2,RTN3,Q96LZ7,O95197,-0.17522327601909637,1178,0.27674369,-0.03798530250787735,-0.24313893914222717,0.1124031007751938,False
RCBTB2,MORF4L1,O95199,Q9UBU8,0.025736352428793907,1178,0.28363439,-0.06799691170454025,-0.10992132127285004,0.15970961887477314,False
ZNF205,CCDC85B,O95201,Q15834,0.0003265053383074701,1178,0.24875312,-0.18058457970619202,-0.12670280039310455,0.11010830324909747,False
TNS2,ZNF205,Q63HR2,O95201,0.0451403371989727,1178,0.23374084,-0.2563523054122925,-0.18058457970619202,0.11994322214336409,False
EPN2,THOP1,O95208,P52888,-0.05696595087647438,1178,0.25187952,0.00903996266424656,-0.15903952717781067,0.18577648766328012,False
LEPROTL1,TMEM50A,O95214,O95807,0.07886318862438202,1178,0.5255894,0.13688786327838898,-0.03862985223531723,0.20382165605095542,False
LEPROTL1,SLC7A1,O95214,P30825,0.001277805888094008,1178,0.3004246,0.13688786327838898,-0.28119662404060364,0.07154213036565978,False
LEPROTL1,TMEM50B,O95214,P56557,-0.06412281095981598,1178,0.54358805,0.13688786327838898,-0.1924169808626175,0.22151898734177214,False
LEPROTL1,MALL,O95214,Q13021,0.054587364196777344,1178,0.52820039,0.13688786327838898,-0.2591892182826996,0.1568627450980392,False
ZDHHC15,LEPROTL1,Q96MV8,O95214,-0.05923604965209961,1178,0.29617846,0.02028116211295128,0.13688786327838898,0.12462908011869436,False
LEPROTL1,LPAR3,O95214,Q9UBY5,0.15395738184452057,1178,0.48052261,0.13688786327838898,-0.035856880247592926,0.11614730878186968,False
SNX4,SNX7,O95219,Q9UNH6,0.15730316936969757,1178,0.72867917,-0.01268770731985569,-0.057789821177721024,0.2311111111111111,False
SH3GLB1,SNX4,Q9Y371,O95219,-0.1385745406150818,1178,0.67745652,-0.05537145957350731,-0.01268770731985569,0.17777777777777778,False
TSG101,ZWINT,Q99816,O95229,0.0007013912545517087,1178,0.2660103,-1.1593528985977173,-0.4221843183040619,0.14615384615384616,False
CEACAM6,VENTX,P40199,O95231,-0.06183691695332527,1178,0.36839422,-0.21515122056007385,0.042527489364147186,0.1744186046511628,False
UBE2I,VENTX,P63279,O95231,-0.02667333371937275,1178,0.41052559,-2.037322521209717,0.042527489364147186,0.12790697674418605,False
RNF4,VENTX,P78317,O95231,-0.08977600187063217,1178,0.31738057,-0.5371871590614319,0.042527489364147186,0.17829457364341086,False
VENTX,RBPMS,O95231,Q93062,0.05111022666096687,1178,0.24200086,0.042527489364147186,0.02716308832168579,0.15891472868217055,False
NCALD,APOL3,P61601,O95236,-0.038989774882793427,1178,0.28179015,-0.03623707965016365,0.05534892529249191,0.12437810945273632,False
SPDEF,COX5A,O95238,P20674,-0.01692095212638378,1178,0.31064661,0.012098439037799835,-0.4939219653606415,0.11641791044776119,False
TTC23,SPDEF,Q5W5X9,O95238,-0.03098338656127453,1178,0.29398034,0.06822758167982101,0.012098439037799835,0.15659955257270694,False
KAT7,JADE1,O95251,Q6IE81,0.16858208179473877,1178,0.69929544,-0.3651738166809082,0.019932428374886513,0.15795724465558195,True
KAT7,KCTD13,O95251,Q8WZ19,0.015355951152741909,1178,0.23761462,-0.3651738166809082,0.09857968240976334,0.14238952536824878,False
KAT7,JADE2,O95251,Q9NQC1,0.21141867339611053,1178,0.69021875,-0.3651738166809082,-0.02149931713938713,0.16455696202531644,True
GADD45G,REL,O95257,Q04864,0.036322563886642456,1178,0.33548735,-0.03547009080648422,-0.03971794620156288,0.08562197092084006,False
GADD45G,BEND7,O95257,Q8N7W2,0.01980685256421566,1178,0.25316089,-0.03547009080648422,0.17664888501167297,0.10653753026634383,False
RPLP0,CCNDBP1,P05388,O95273,-0.0582735650241375,1178,0.3938995,-1.5239462852478027,-0.03465985879302025,0.1638888888888889,False
RPL28,CCNDBP1,P46779,O95273,-0.051951102912425995,1178,0.4291783,-0.8013965487480164,-0.03465985879302025,0.11388888888888889,False
ILF2,CCNDBP1,Q12905,O95273,0.06012040376663208,1178,0.45616026,-1.045439600944519,-0.03465985879302025,0.15897435897435896,False
CCNDBP1,ZNF124,O95273,Q15973,-0.004650668706744909,1178,0.26065686,-0.03465985879302025,-0.09047557413578033,0.14444444444444443,False
ZNF394,CCNDBP1,Q53GI3,O95273,0.07885103672742844,1178,0.40246765,-0.16386879980564117,-0.03465985879302025,0.16042780748663102,False
CCNDBP1,ZNF564,O95273,Q8TBZ8,0.01602911576628685,1178,0.29559334,-0.03465985879302025,0.05628780275583267,0.14285714285714285,False
ZNF837,CCNDBP1,Q96EG3,O95273,0.013302220031619072,1178,0.28204524,0.05141957849264145,-0.03465985879302025,0.12994350282485875,False
PIMREG,CCNDBP1,Q9BSJ6,O95273,0.09822294116020203,1178,0.25899687,-0.11255183070898056,-0.03465985879302025,0.15555555555555556,False
CCNDBP1,THAP7,O95273,Q9BT49,0.02710961550474167,1178,0.30044166,-0.03465985879302025,-0.16138873994350433,0.15,False
POLDIP3,CCNDBP1,Q9BY77,O95273,0.0662955641746521,1178,0.30250196,0.043988846242427826,-0.03465985879302025,0.19714964370546317,False
CCNDBP1,ZNF552,O95273,Q9H707,-0.0160702932626009,1178,0.41030905,-0.03465985879302025,0.13198037445545197,0.15233415233415235,False
CCNDBP1,ZNF696,O95273,Q9H7X3,-0.011688054539263248,1178,0.39437383,-0.03465985879302025,-0.08590222150087357,0.16042780748663102,False
DMRT3,CCNDBP1,Q9NQL9,O95273,-0.02480625919997692,1178,0.28983411,0.18900969624519348,-0.03465985879302025,0.15466101694915255,False
CCNDBP1,ZNF223,O95273,Q9UK11,-0.042314428836107254,1178,0.25883556,-0.03465985879302025,-0.0053696115501224995,0.15352697095435686,False
CYB561,VAPB,P49447,O95292,-0.10153654217720032,1178,0.25207977,-0.23183859884738922,0.08691097795963287,0.14741035856573706,False
AQP6,VAPB,Q13520,O95292,-0.056364841759204865,1178,0.28310236,-0.07723511010408401,0.08691097795963287,0.14893617021276595,False
VAPB,EBP,O95292,Q15125,-0.0963187962770462,1178,0.25041514,0.08691097795963287,0.047918833792209625,0.1522633744855967,False
CYBRD1,VAPB,Q53TN4,O95292,0.026026122272014618,1178,0.29977786,-0.03616389259696007,0.08691097795963287,0.15734265734265734,False
ACBD5,VAPB,Q5T8D3,O95292,0.07424427568912506,1178,0.24963617,0.05992508679628372,0.08691097795963287,0.1198501872659176,False
TMEM101,VAPB,Q96IK0,O95292,0.03810526058077812,1178,0.26014471,-0.12825196981430054,0.08691097795963287,0.1556420233463035,False
ZDHHC15,VAPB,Q96MV8,O95292,0.08664891868829727,1178,0.38039658,0.02028116211295128,0.08691097795963287,0.1661721068249258,False
OSBPL10,VAPB,Q9BXB5,O95292,0.002327048685401678,1178,0.53228696,-0.03316454216837883,0.08691097795963287,0.08900523560209424,False
ELOVL4,VAPB,Q9GZR5,O95292,0.08205562829971313,1178,0.38898211,-0.08147358149290085,0.08691097795963287,0.14012738853503184,False
SNX25,VAPB,Q9H3E2,O95292,0.023295128718018532,1178,0.29741654,0.08073979616165161,0.08691097795963287,0.10238095238095238,False
VAPB,AIG1,O95292,Q9NVV5,0.03924419730901718,1178,0.38736333,0.08691097795963287,0.11428071558475494,0.16049382716049382,False
SNAPIN,BLOC1S2,O95295,Q6QNY1,0.12923265993595123,1178,0.71793852,-0.3103361129760742,0.10101082921028137,0.21830985915492956,True
SNAPIN,ENTHD1,O95295,Q8IYW4,-0.04068766534328461,1178,0.54383403,-0.3103361129760742,-0.004701843485236168,0.07742998352553541,False
SNAPIN,BANP,O95295,Q8N9N5,0.05841584503650665,1178,0.24842324,-0.3103361129760742,-0.9525805711746216,0.06936416184971098,False
DTNBP1,SNAPIN,Q96EV8,O95295,0.03737962618470192,1178,0.71714813,-0.06569483876228333,-0.3103361129760742,0.1168091168091168,True
TSG101,SNAPIN,Q99816,O95295,0.04400455951690674,1178,0.33130779,-1.1593528985977173,-0.3103361129760742,0.09487179487179487,False
BPNT1,PGLS,O95861,O95336,-0.025084974244236946,1178,0.46460511,-0.245746910572052,-0.1830991506576538,0.19805194805194806,False
FARS2,MKRN3,O95363,Q13064,-0.0330769345164299,1178,0.4962068,-0.3320689797401428,0.0910174697637558,0.1755424063116371,False
CALCOCO2,FARS2,Q13137,O95363,0.012987233698368073,1178,0.29888243,-0.0011222225148230791,-0.3320689797401428,0.16851441241685144,False
TRIP6,FARS2,Q15654,O95363,0.07841131091117859,1178,0.35763026,-0.1628584861755371,-0.3320689797401428,0.17647058823529413,False
FARS2,BEX5,O95363,Q5H9J7,0.03517315164208412,1178,0.24250067,-0.3320689797401428,0.08466940373182297,0.07760532150776053,False
MORN3,FARS2,Q6PF18,O95363,0.04651140049099922,1178,0.39530962,0.2002219408750534,-0.3320689797401428,0.1352549889135255,False
ADAMTSL4,FARS2,Q6UY14,O95363,0.01269172690808773,1178,0.25767289,-0.2467358559370041,-0.3320689797401428,0.10986964618249534,False
FARS2,HOMEZ,O95363,Q8IX15,-0.07088962942361832,1178,0.34696052,-0.3320689797401428,-0.11131160706281662,0.18181818181818182,False
KCTD17,FARS2,Q8N5Z5,O95363,0.028339052572846413,1178,0.25315455,-0.0012030625948682427,-0.3320689797401428,0.15521064301552107,False
FARS2,ZNF655,O95363,Q8N720,0.07790734618902206,1178,0.2474959,-0.3320689797401428,-0.08213110268115997,0.17515274949083504,False
FARS2,NFKBID,O95363,Q8NI38,-0.07082868367433548,1178,0.39353904,-0.3320689797401428,-0.043836966156959534,0.1662971175166297,False
FARS2,ZNF526,O95363,Q8TF50,0.021611925214529037,1178,0.36059472,-0.3320689797401428,0.03879597783088684,0.16865671641791044,False
AJUBA,FARS2,Q96IF1,O95363,0.10671733319759369,1178,0.36010583,0.007505378220230341,-0.3320689797401428,0.1654275092936803,False
FARS2,TEPSIN,O95363,Q96N21,-0.01577637530863285,1178,0.35975334,-0.3320689797401428,-0.18230193853378296,0.17904761904761904,False
PPP1R16B,FARS2,Q96T49,O95363,-0.021153323352336884,1178,0.27530304,-0.009723898023366928,-0.3320689797401428,0.164021164021164,False
ZRANB1,FARS2,Q9UGI0,O95363,-0.028237497434020042,1178,0.29864815,-0.17313158512115479,-0.3320689797401428,0.16101694915254236,False
FARS2,APPL1,O95363,Q9UKG1,-0.009272515773773193,1178,0.30059322,-0.3320689797401428,-0.05624140799045563,0.1466854724964739,False
IPO7,KPNB1,O95373,Q14974,0.013450426049530506,1178,0.36957235,-1.052978515625,-2.0271530151367188,0.18882466281310212,False
COMT,GJB5,P21964,O95377,0.08427098393440247,1178,0.33997299,-0.20710420608520508,-0.0073915524408221245,0.17582417582417584,False
TMEM86A,GJB5,Q8N2M4,O95377,0.07245726883411407,1178,0.2889386,0.11852151900529861,-0.0073915524408221245,0.19047619047619047,False
RPRM,GJB5,Q9NS64,O95377,0.09627679735422134,1178,0.39541375,0.09651501476764679,-0.0073915524408221245,0.11355311355311355,False
LPAR3,GJB5,Q9UBY5,O95377,-0.04260827600955963,1178,0.2807712,-0.035856880247592926,-0.0073915524408221245,0.1813031161473088,False
CD2BP2,ZNHIT2,O95400,Q9UHR6,0.07985799014568329,1178,0.25529403,-0.274579793214798,-1.4437419176101685,0.18362282878411912,False
CNIH1,CLDN7,O95406,O95471,-0.02267032116651535,1178,0.31079974,0.007874746806919575,-0.0833858996629715,0.16587677725118483,False
CNIH1,CD53,O95406,P19397,-0.05663411691784859,1178,0.39216321,0.007874746806919575,-0.04076395183801651,0.1187214611872146,False
CNIH1,OPRM1,O95406,P35372,0.03665973246097565,1178,0.24460136,0.007874746806919575,0.049531105905771255,0.095,False
AQP6,CNIH1,Q13520,O95406,-0.028621666133403778,1178,0.49055776,-0.07723511010408401,0.007874746806919575,0.14184397163120568,False
CNIH1,RNF24,O95406,Q9Y225,0.06915538758039474,1178,0.33960367,0.007874746806919575,0.01566188968718052,0.22297297297297297,False
BRI3,ABHD16A,O95415,O95870,-0.0604221411049366,1178,0.24435529,-0.2426730841398239,-0.08256961405277252,0.07168458781362007,False
HSPA8,BAG4,P11142,O95429,0.07563953101634979,1178,0.24845263,-0.8518505692481995,-0.12745611369609833,0.14860681114551083,False
UBE2I,BAG4,P63279,O95429,0.026843424886465073,1178,0.43967069,-2.037322521209717,-0.12745611369609833,0.11159737417943107,False
P4HA3,BAG4,Q7Z4N8,O95429,-0.024969032034277916,1178,0.23253379,-0.057534780353307724,-0.12745611369609833,0.16176470588235295,False
TINAGL1,BAG4,Q9GZM7,O95429,0.02028905414044857,1178,0.31953198,-0.008236904628574848,-0.12745611369609833,0.1948608137044968,False
BAG4,PEF1,O95429,Q9UBV8,-0.02911805920302868,1178,0.23791819,-0.12745611369609833,-0.3296058475971222,0.18161925601750548,False
PSMG2,PSMG1,Q969U7,O95456,0.716842532157898,1178,0.68006159,-0.6771107316017151,-0.528704822063446,0.1527777777777778,False
CLDN7,TNF,O95471,P01375,0.04087098315358162,1178,0.29160812,-0.0833858996629715,-0.07806415855884552,0.15450643776824036,False
TMEM11,CLDN7,P17152,O95471,-0.0338929183781147,1178,0.32967912,-0.2533855736255646,-0.0833858996629715,0.1943127962085308,False
CD53,CLDN7,P19397,O95471,-0.022878756746649742,1178,0.51522736,-0.04076395183801651,-0.0833858996629715,0.182648401826484,False
MAL,CLDN7,P21145,O95471,-0.04374121502041817,1178,0.35113952,-0.14689840376377106,-0.0833858996629715,0.16587677725118483,False
EDDM3B,CLDN7,P56851,O95471,-0.15081854164600372,1178,0.25353545,-0.05689993500709534,-0.0833858996629715,0.1848341232227488,False
NIPAL4,CLDN7,Q0D2K0,O95471,-0.013791915029287338,1178,0.28185173,0.06044778972864151,-0.0833858996629715,0.13613861386138615,False
MALL,CLDN7,Q13021,O95471,-0.020843883976340294,1178,0.25171491,-0.2591892182826996,-0.0833858996629715,0.15165876777251186,False
CLDN7,MS4A13,O95471,Q5J8X5,-0.09546519070863724,1178,0.31923926,-0.0833858996629715,-0.03193621337413788,0.14218009478672985,False
CLDN7,MFSD5,O95471,Q6N075,-0.1016126349568367,1178,0.33456235,-0.0833858996629715,0.04757249727845192,0.13333333333333333,False
CLDN7,ANKRD46,O95471,Q86W74,-0.023449528962373734,1178,0.24066797,-0.0833858996629715,0.11606259644031525,0.18859649122807018,False
JAGN1,CLDN7,Q8N5M9,O95471,-0.11584267765283585,1178,0.24549995,0.14854472875595093,-0.0833858996629715,0.18009478672985782,False
CYBC1,CLDN7,Q9BQA9,O95471,-0.02599439211189747,1178,0.28466454,0.0799885019659996,-0.0833858996629715,0.1848341232227488,False
RHOXF2,CLDN7,Q9BQY4,O95471,0.09998834878206253,1043,0.30372121,-0.0970466136932373,-0.0833858996629715,0.15625,False
CXCL16,CLDN7,Q9H2A7,O95471,-0.1520039290189743,1178,0.37298308,0.04718900844454765,-0.0833858996629715,0.17716535433070865,False
RPRM,CLDN7,Q9NS64,O95471,0.05987945571541786,1178,0.23777308,0.09651501476764679,-0.0833858996629715,0.16113744075829384,False
TMEM140,CLDN7,Q9NV12,O95471,0.13037021458148956,1178,0.31930328,0.03094441629946232,-0.0833858996629715,0.1895734597156398,False
SLC38A7,CLDN7,Q9NVC3,O95471,0.024417076259851456,1178,0.36719479,-0.1279948353767395,-0.0833858996629715,0.12554112554112554,False
PGAP2,CLDN7,Q9UHJ9,O95471,0.08774146437644958,1178,0.30748049,-0.026594530791044235,-0.0833858996629715,0.14566929133858267,False
ERG28,CLDN7,Q9UKR5,O95471,0.008429553359746933,1178,0.32173574,-0.009785575792193413,-0.0833858996629715,0.15639810426540285,False
UBIAD1,CLDN7,Q9Y5Z9,O95471,0.09261880815029144,1178,0.40174574,-0.5015153288841248,-0.0833858996629715,0.16568047337278108,False
MAL,CLDN9,P21145,O95484,0.027144180610775948,1178,0.28010669,-0.14689840376377106,-0.0536765418946743,0.16589861751152074,False
CYB561,CLDN9,P49447,O95484,0.021675297990441322,1178,0.44119183,-0.23183859884738922,-0.0536765418946743,0.22709163346613545,False
BNIP3,CLDN9,Q12983,O95484,-0.18095669150352478,1178,0.25502126,-0.2076050341129303,-0.0536765418946743,0.15668202764976957,False
MALL,CLDN9,Q13021,O95484,0.09992367029190063,1178,0.24346927,-0.2591892182826996,-0.0536765418946743,0.17050691244239632,False
AOC3,CLDN9,Q16853,O95484,-0.10297841578722,1178,0.32222995,-0.15589676797389984,-0.0536765418946743,0.09305373525557012,False
SEC24A,ARID5A,O95486,Q03989,-0.1100059524178505,1178,0.3041142,-0.1640474796295166,-0.25626417994499207,0.13266239707227814,False
SEC24B,SEC23B,O95487,Q15437,0.06507015228271484,1178,0.36331466,-0.045981571078300476,0.10688722133636475,0.13249211356466878,False
MPC1,MPC2,Q9Y5U8,O95563,0.5127435326576233,1178,0.51961928,0.21572713553905487,0.008371209725737572,0.2440944881889764,False
POLR2E,POLR1A,P19388,O95602,0.0014029346639290452,1178,0.70718508,-1.4534789323806763,-1.3351716995239258,0.04709302325581395,False
POLR2H,POLR1A,P52434,O95602,-0.02044660970568657,1178,0.63030326,-1.6415244340896606,-1.3351716995239258,0.0436046511627907,False
POLR1A,POLR1E,O95602,Q9GZS1,0.20863398909568787,1178,0.50577595,-1.3351716995239258,-0.6927081942558289,0.08313953488372093,False
DMAP1,YEATS4,Q9NPF5,O95619,0.3892376720905304,1178,0.70148078,-1.1388840675354004,-0.7588770389556885,0.145610278372591,True
CDS2,TMEM139,O95674,Q8IV31,0.034788016229867935,1178,0.4466745,-0.40756770968437195,0.061919089406728745,0.12359550561797752,False
CDS2,GPX8,O95674,Q8TED1,-0.024655917659401894,1178,0.25723436,-0.40756770968437195,-0.2495092898607254,0.14606741573033707,False
CDS2,JSRP1,O95674,Q96MG2,-0.04830965772271156,1178,0.29771253,-0.40756770968437195,-0.04280208796262741,0.14157303370786517,False
KIFC3,KRT75,Q9BVG8,O95678,0.03869730234146118,1178,0.44190975,0.031241534277796745,-0.07634131610393524,0.17406962785114047,False
TNPO3,KRT75,Q9Y5L0,O95678,0.03498436510562897,1178,0.37245663,-1.3967753648757935,-0.07634131610393524,0.1419284940411701,False
CEP43,CEP19,O95684,Q96LK0,0.015344255603849888,1178,0.2976673,-0.15865078568458557,-0.07837174087762833,0.11278195488721804,False
POP4,NEPRO,O95707,Q6NW34,0.39022380113601685,1178,0.26982168,-0.9577875137329102,-1.2820231914520264,0.1164021164021164,False
STX1B,SNAP29,P61266,O95721,-0.030185841023921967,1178,0.46242533,-0.048426248133182526,-0.25683242082595825,0.16666666666666666,False
SNAP29,STX3,O95721,Q13277,0.06459171324968338,1178,0.31132939,-0.25683242082595825,0.03789303079247475,0.17301038062283736,False
SNAP29,TSNARE1,O95721,Q96NA8,-0.10172557085752487,1178,0.69033412,-0.25683242082595825,0.04640040919184685,0.12280701754385964,False
ZNF648,LDOC1,Q5T619,O95751,-0.0051304674707353115,1178,0.40976149,-0.16403481364250183,0.007671866100281477,0.07394366197183098,False
LDOC1,PEG10,O95751,Q86TG7,-0.0314812958240509,1178,0.65919342,0.007671866100281477,0.09344029426574707,0.07062146892655367,False
FAM90A1,LDOC1,Q86YD7,O95751,-0.012738654389977455,349,0.37015583,0.0731341615319252,0.007671866100281477,0.08405172413793104,False
CDC5L,LDOC1,Q99459,O95751,-0.0321977399289608,1178,0.37602492,-1.6672489643096924,0.007671866100281477,0.06982543640897755,False
LDOC1,THAP7,O95751,Q9BT49,-0.07144854217767715,1178,0.28941784,0.007671866100281477,-0.16138873994350433,0.1262135922330097,False
LSM3,LSM8,P62310,O95777,0.20261378586292267,1178,0.55795984,-1.8582645654678345,-1.8107209205627441,0.22549019607843138,True
AP2A1,AP2S1,O95782,P53680,0.38038548827171326,1178,0.72990157,-0.02953496016561985,-0.5706266164779663,0.052200614124872056,False
AP2A1,AP2B1,O95782,P63010,0.29597651958465576,1178,0.59447605,-0.02953496016561985,-0.15819475054740906,0.20777891504605936,False
AP2M1,AP2A1,Q96CW1,O95782,0.32867926359176636,1178,0.24989834,-0.6677334308624268,-0.02953496016561985,0.1299897645854657,False
CHCHD4,AIFM1,Q8N4Q1,O95831,0.5256500244140625,1178,0.68134495,-0.9764078855514526,-0.35800275206565857,0.0766721044045677,False
CD79A,CLDN1,P11912,O95832,-0.05725841224193573,1178,0.31567781,0.13628360629081726,0.009732082486152649,0.18141592920353983,False
CD69,CLDN1,Q07108,O95832,-0.16793274879455566,1178,0.3099096,0.07958972454071045,0.009732082486152649,0.14691943127962084,False
CLDN1,FNDC9,O95832,Q8TBE3,0.12058500200510025,1178,0.23326945,0.009732082486152649,-0.01507076621055603,0.19642857142857142,False
PPIF,BPNT1,P30405,O95861,0.025243321433663368,1178,0.25127543,-0.12595471739768982,-0.245746910572052,0.17207792207792208,False
UBE2V1,BPNT1,Q13404,O95861,0.055731672793626785,1178,0.35607547,-0.3138408958911896,-0.245746910572052,0.10714285714285714,False
NOXA1,DDAH2,Q86UR1,O95865,0.009818262420594692,1178,0.35058293,0.023804916068911552,0.022854391485452652,0.18277310924369747,False
ITGAM,ABHD16A,P11215,O95870,0.0027782036922872066,1178,0.73121455,0.04037872329354286,-0.08256961405277252,0.14322916666666666,False
CBARP,ABHD16A,Q8N350,O95870,0.00438773725181818,1178,0.29728443,-0.007788978051394224,-0.08256961405277252,0.17304964539007092,False
RABAC1,C6orf47,Q9UI14,O95873,0.02219931036233902,1178,0.24342871,-0.12402266263961792,-0.0607696995139122,0.16666666666666666,False
FKBP7,TXNDC12,Q9Y680,O95881,0.05137907341122627,1178,0.28761342,-0.020741967484354973,-0.18598687648773193,0.15315315315315314,False
DLGAP3,GOLGA2,O95886,Q08379,0.046759799122810364,1178,0.25370734,-0.00029313727281987667,-0.15413284301757812,0.1686626746506986,False
CBX7,BMI1,O95931,P35226,-0.04988948628306389,1178,0.52574048,-0.0663011372089386,0.10868632048368454,0.1656441717791411,False
EFEMP2,RBP3,O95967,P10745,0.03559376671910286,1178,0.45753179,-0.015425151214003563,-0.17088301479816437,0.11868484362469928,False
CCND3,EFEMP2,P30281,O95967,-0.04356294497847557,1178,0.3617394,-0.3197183609008789,-0.015425151214003563,0.17155756207674944,False
EFEMP2,HHIPL1,O95967,Q96JK4,0.08498437702655792,1178,0.29589932,-0.015425151214003563,0.012406386435031891,0.159846547314578,False
FTO,EFEMP2,Q9C0B1,O95967,0.03647589311003685,1178,0.31922664,-0.05957070738077164,-0.015425151214003563,0.1702970297029703,False
MBD3,MTA1,O95983,Q13330,0.07348223030567169,1178,0.38629792,-0.05693429708480835,-0.019022829830646515,0.11328671328671329,True
MBD3,MTA3,O95983,Q9BTC8,0.037456221878528595,1178,0.36192734,-0.05693429708480835,-0.03139546886086464,0.12289562289562289,True
TOP3B,AXIN2,O95985,Q9Y2T1,0.09155691415071487,1178,0.33267131,-0.10831321775913239,-0.06493715941905975,0.1751740139211137,False
GABPB1,AGR2,Q06547,O95994,0.020773636177182198,1178,0.24518204,-0.6465395092964172,-0.03967583552002907,0.12658227848101267,False
TLE5,AGR2,Q08117,O95994,0.0379372164607048,1178,0.29386066,-0.04278573393821716,-0.03967583552002907,0.2182741116751269,False
AGR2,TCEA2,O95994,Q15560,-0.0558132566511631,1178,0.29219953,-0.03967583552002907,-0.05813737213611603,0.13377926421404682,False
GAS8,KRT14,O95995,P02533,-0.04912450164556503,1178,0.52744362,0.018582701683044434,-0.10920017212629318,0.1799163179916318,False
SKIL,GAS8,P12757,O95995,-0.011307373642921448,1178,0.32687703,-0.01718873530626297,0.018582701683044434,0.15935672514619884,False
GAS8,ZNF250,O95995,P15622,0.1537611037492752,1178,0.31229309,0.018582701683044434,0.017085812985897064,0.15535714285714286,False
TXLNA,GAS8,P40222,O95995,0.005264295265078545,1178,0.24518721,-0.08945633471012115,0.018582701683044434,0.21245421245421245,False
GAS8,GOLGA2,O95995,Q08379,0.041764263063669205,1178,0.37100741,0.018582701683044434,-0.15413284301757812,0.13672654690618763,False
CCDC6,GAS8,Q16204,O95995,-0.041968654841184616,1178,0.30745324,-0.194899320602417,0.018582701683044434,0.1903765690376569,False
CCDC146,GAS8,Q8IYE0,O95995,-0.07147280871868134,1178,0.30546291,-0.008222667500376701,0.018582701683044434,0.16230366492146597,False
GAS8,GCC1,O95995,Q96CN9,0.05702204257249832,1178,0.28629694,0.018582701683044434,-0.012362783774733543,0.16774193548387098,False
GAS8,FAM161B,O95995,Q96MY7,0.05478058382868767,1178,0.24946236,0.018582701683044434,0.02283908985555172,0.16383307573415765,False
MAD1L1,GAS8,Q9Y6D9,O95995,-0.04895692318677902,1178,0.54052099,-0.1263515055179596,0.018582701683044434,0.1894150417827298,False
ACTL6A,EWSR1,O96019,Q01844,0.1258384734392166,1178,0.34267548,-1.585509181022644,-0.8636667132377625,0.1173780487804878,False
SMARCB1,ACTL6A,Q12824,O96019,0.070125512778759,1178,0.47654286,-0.8200259804725647,-1.585509181022644,0.1794871794871795,True
HDAC1,ACTL6A,Q13547,O96019,0.016837581992149353,1178,0.37636137,-0.1551736742258072,-1.585509181022644,0.2033195020746888,True
HDAC2,ACTL6A,Q92769,O96019,-0.008909600786864758,1178,0.50175835,-0.05978936329483986,-1.585509181022644,0.17418032786885246,True
DPF2,ACTL6A,Q92785,O96019,0.07747317850589752,1178,0.25546751,-0.36207446455955505,-1.585509181022644,0.1794871794871795,True
CDKN1A,CCNE2,P38936,O96020,-0.0882989838719368,1178,0.61693098,0.2894359529018402,-0.09804902970790863,0.11633663366336634,False
CYB5R3,TMEM201,P00387,Q5SNT2,0.08094891905784607,1178,0.28446215,-0.014170771464705467,-0.15124958753585815,0.11261261261261261,False
CYB5R3,NXPE3,P00387,Q969Y0,-0.008477323688566685,1178,0.34509193,-0.014170771464705467,-0.08202625066041946,0.1556350626118068,False
SOD1,PPIF,P00441,P30405,0.0052937231957912445,1178,0.41913822,-1.3792566061019897,-0.12595471739768982,0.178743961352657,False
GLRX,SOD1,P35754,P00441,-0.021788474172353745,1178,0.28420868,-0.14881154894828796,-1.3792566061019897,0.18831168831168832,False
FKBP1A,SOD1,P62942,P00441,-0.01454518549144268,1043,0.27083028,-0.3649578094482422,-1.3792566061019897,0.16883116883116883,False
FKBP1B,SOD1,P68106,P00441,-0.04493306204676628,1178,0.3413182,0.18973006308078766,-1.3792566061019897,0.16233766233766234,False
EEF2KMT,HPRT1,Q96G04,P00492,0.07189613580703735,1178,0.30804144,-0.701794445514679,0.03968292474746704,0.13636363636363635,False
MAP2K2,MOS,P36507,P00540,-0.01569397747516632,1178,0.27917979,-0.11592912673950195,-0.13638082146644592,0.2375,False
PGK1,ACTC1,P00558,P68032,0.026059169322252274,1178,0.57021309,-0.7329132556915283,-0.006649556569755077,0.19664268585131894,False
PPIF,AK1,P30405,P00568,-0.07995885610580444,1178,0.28151269,-0.12595471739768982,-0.1765989512205124,0.21739130434782608,False
RAP1GDS1,NRAS,P52306,P01111,0.049537789076566696,1178,0.55660405,0.040560804307460785,-0.26543956995010376,0.09719934102141681,False
PENK,TPT1,P01210,P13693,-0.05545241758227348,1178,0.24223826,0.02712145447731018,-1.004910945892334,0.17228464419475656,False
MMD,GAST,Q15546,P01350,-0.07605472207069397,1178,0.29976749,-0.0030409989412873983,0.0021407778840512037,0.12605042016806722,False
AQP3,TNF,Q92482,P01375,-0.05464264750480652,1178,0.50001564,0.03050755150616169,-0.07806415855884552,0.17123287671232876,False
IFNA5,IFNA1,P01569,P01562,0.3645060658454895,1042,0.45382234,0.03849982097744942,-0.055866241455078125,,False
IFNA1,IFNA17,P01562,P01571,0.34554022550582886,1042,0.47269776,-0.055866241455078125,-0.07807909697294235,,False
IFNA21,IFNAR2,P01568,P48551,-0.14052961766719818,1042,0.47793977,-0.13538514077663422,0.1164894849061966,0.09514563106796116,False
HLA-DRB1,HLA-DRB5,P01912,Q30154,0.34317609667778015,1178,0.63856128,0.10847198218107224,0.13479715585708618,,False
KIFC3,KRT6A,Q9BVG8,P02538,-0.006677192635834217,1162,0.55767402,0.031241534277796745,-0.20600953698158264,0.1788715486194478,False
GDPD1,APOC3,Q8N9F7,P02656,-0.013458747416734695,1178,0.25205488,-0.0342898890376091,0.028503883630037308,0.09554140127388536,False
EBP,GYPA,Q15125,P02724,-0.10363168269395828,1178,0.39449414,0.047918833792209625,0.08395333588123322,0.13043478260869565,False
TLCD4,GYPA,Q96MV1,P02724,0.06580954790115356,1178,0.30196606,-0.08049624413251877,0.08395333588123322,0.1520912547528517,False
TMEM237,GYPA,Q96Q45,P02724,0.028194298967719078,1178,0.33633075,0.046736832708120346,0.08395333588123322,0.11519607843137254,False
TF,GPX8,P02787,Q8TED1,-0.05929647013545036,1178,0.36978972,-0.0005086754681542516,-0.2495092898607254,0.10744985673352435,False
FUCA1,CIB1,P04066,Q99828,0.07409097999334335,1178,0.36018783,-0.12839727103710175,-0.0184027012437582,0.12446351931330472,False
HOOK2,KRT1,Q96ED9,P04264,-0.013135412707924843,1178,0.34174827,0.057054243981838226,-0.0467119961977005,0.17385257301808066,False
ASL,QARS1,P04424,P47897,-0.009062088094651699,1178,0.23022055,-0.054755136370658875,-1.6815320253372192,0.1329032258064516,False
CAPNS1,CAPN1,P04632,P07384,0.061968844383955,1178,0.59299804,-0.13370448350906372,-0.16573405265808105,0.1722689075630252,False
RPN1,CAMLG,P04843,P49069,0.07686110585927963,1178,0.27926646,-0.9746201634407043,-0.48849382996559143,0.14662273476112025,False
KRT31,GNAI2,Q15323,P04899,0.019119780510663986,1178,0.27185166,-0.2508959472179413,-0.14982905983924866,0.17548076923076922,False
SIGLECL1,APOD,Q8N7X8,P05090,0.03512417897582054,1178,0.23056183,-0.013996182940900326,0.0039988248609006405,0.20812182741116753,False
ALDH2,ALDH6A1,P05091,Q02252,-0.05192089453339577,1178,0.68990272,-0.10938957333564758,-0.01855902373790741,0.29158878504672897,False
KRT18,GOLGA2,P05783,Q08379,0.11261974275112152,1178,0.35687918,0.04158038645982742,-0.15413284301757812,0.13373253493013973,False
KRT18,RCOR3,P05783,Q9P2K3,-0.003129418008029461,1178,0.31169256,0.04158038645982742,0.049823686480522156,0.17575757575757575,False
KRT8,KRT13,P05787,P13646,-0.013955849222838879,349,0.73449882,-0.6279649138450623,-0.007645763922482729,0.2981366459627329,False
TFIP11,KRT8,Q9UBB9,P05787,0.11371228098869324,349,0.23970354,-1.091179370880127,-0.6279649138450623,0.14695340501792115,False
YPEL3,CRYBA1,P61236,P05813,0.11424926668405533,1178,0.41317896,-0.23058579862117767,-0.18114277720451355,0.11162790697674418,False
VAC14,CRYBA1,Q08AM6,P05813,0.04654938355088234,1178,0.2905329,-0.12927581369876862,-0.18114277720451355,0.08823529411764706,False
LASP1,CRYBA1,Q14847,P05813,0.03731672093272209,1178,0.34953124,-0.09351672977209091,-0.18114277720451355,0.15708812260536398,False
CRYBA1,NOXA1,P05813,Q86UR1,-0.10767680406570435,1178,0.27597567,-0.18114277720451355,0.023804916068911552,0.11974789915966387,False
CRYBA1,RBPMS,P05813,Q93062,0.07347503304481506,1178,0.38125202,-0.18114277720451355,0.02716308832168579,0.17674418604651163,False
CRYBA1,RHOXF2,P05813,Q9BQY4,0.0011166208423674107,1043,0.23078723,-0.18114277720451355,-0.0970466136932373,0.1527777777777778,False
CHCHD2,CRYBA1,Q9Y6H1,P05813,-0.002281868364661932,1178,0.27287018,-0.36537471413612366,-0.18114277720451355,0.16744186046511628,False
MAD2L1,INSR,Q13257,P06213,-0.023728571832180023,1178,0.31726353,-1.7082000970840454,-0.1355591118335724,0.05861070911722142,False
CCNA2,CDK1,P20248,P06493,0.17565274238586426,1178,0.51798783,-1.3130156993865967,-2.370879888534546,0.17824074074074073,True
ATP5F1B,ATP5F1C,P06576,P36542,0.6295101046562195,1178,0.4060744,-0.9331632852554321,-0.5625135898590088,0.15879017013232513,True
EIF4E,EIF4ENIF1,P06730,Q9NRA8,-0.07820305973291397,1178,0.68865796,-1.520824909210205,-0.24592691659927368,0.06700507614213198,False
PPIF,DBI,P30405,P07108,-0.008441266603767872,1178,0.24735434,-0.12595471739768982,-0.10722741484642029,0.13526570048309178,False
DES,NEFM,P17661,P07197,0.05439794063568115,1178,0.73392918,0.05938977003097534,0.08214689046144485,0.21724890829694324,False
NEFM,INA,P07197,Q16352,-0.07759648561477661,1178,0.73531379,0.08214689046144485,0.016466522589325905,0.2740174672489083,False
THBD,KIR2DL3,P07204,P43628,0.02872868813574314,1178,0.26880053,-0.02539718523621559,0.07815271615982056,0.1426086956521739,False
AIG1,THBD,Q9NVV5,P07204,-0.011872831732034683,1178,0.3479541,0.11428071558475494,-0.02539718523621559,0.12695652173913044,False
HSPA5,P4HB,P11021,P07237,0.02670205384492874,1178,0.30223007,-1.2527687549591064,-0.049207065254449844,0.16666666666666666,False
P4HB,YWHAB,P07237,P31946,0.06281520426273346,1178,0.34322772,-0.049207065254449844,-0.010076310485601425,0.13385826771653545,False
P4HB,YWHAZ,P07237,P63104,0.07758820801973343,349,0.41735023,-0.049207065254449844,-0.6822043657302856,0.1377952755905512,False
LRFN4,P4HB,Q6PJG9,P07237,0.04521289840340614,1178,0.35372545,-0.04813621565699577,-0.049207065254449844,0.1795275590551181,False
NTM,P4HB,Q9P121,P07237,0.016130538657307625,1178,0.45294563,0.08246691524982452,-0.049207065254449844,0.1673228346456693,False
CAPN1,CAST,P07384,P20810,-0.015857476741075516,1178,0.59342674,-0.16573405265808105,-0.27693819999694824,0.17787114845938376,False
CAPN1,CAPNS2,P07384,Q96L46,0.044151466339826584,1178,0.6266621,-0.16573405265808105,0.13299675285816193,0.16806722689075632,False
HSPA5,TUBB,P11021,P07437,-0.03703717887401581,1178,0.38637514,-1.2527687549591064,-1.673378348350525,0.14831804281345565,True
HSPA8,TUBB,P11142,P07437,-0.020099235698580742,1178,0.34975974,-0.8518505692481995,-1.673378348350525,0.17027863777089783,False
EEF1G,TUBB,P26641,P07437,-0.026717493310570717,1178,0.34694727,-1.0173078775405884,-1.673378348350525,0.19594594594594594,True
TUBB,RPL23,P07437,P62829,0.0475953035056591,1178,0.31524505,-1.673378348350525,-2.645392656326294,0.11036036036036036,False
KPNB1,TUBB,Q14974,P07437,0.018739663064479828,1178,0.54676268,-2.0271530151367188,-1.673378348350525,0.136986301369863,False
HEXB,FAM210B,P07686,Q96KR6,0.11244788020849228,1178,0.2392402,0.013741273432970047,0.0517241396009922,0.12769784172661872,False
DARS1,EPRS1,P14868,P07814,0.09699317812919617,1178,0.55404705,-1.9059101343154907,-1.6646498441696167,0.09986772486772487,True
EPRS1,KARS1,P07814,Q15046,0.10649268329143524,1178,0.34021658,-1.6646498441696167,-1.648799180984497,0.1164021164021164,True
ZDHHC15,CELA2B,Q96MV8,P08218,-0.0801386907696724,1178,0.26627192,0.02028116211295128,0.0089091956615448,0.1572700296735905,False
SRPRB,SRPRA,Q9Y5M8,P08240,0.13806340098381042,1178,0.62789467,-0.6608504056930542,-0.7103297114372253,0.13009404388714735,False
ALAS1,SNRPB2,P13196,P08579,-0.011144183576107025,1178,0.43930805,-0.21949537098407745,-0.7417677044868469,0.103125,False
SNRPD3,SNRPB2,P62318,P08579,0.029142990708351135,349,0.23188473,-4.249576091766357,-0.7417677044868469,0.13333333333333333,False
CFHR3,CFH,Q02985,P08603,0.10057155042886734,1162,0.3263389,-0.017872847616672516,-0.05510343238711357,0.1844029244516653,False
VIM,NES,P08670,P48681,0.09260614961385727,1178,0.73474492,0.006141421385109425,-0.1105724424123764,0.09561998766193708,False
VIM,KIF9,P08670,Q9HAQ2,-0.03639087453484535,1178,0.24913982,0.006141421385109425,-0.03846222162246704,0.1468354430379747,False
EXOC8,KRT19,Q8IYI6,P08727,0.01432632002979517,1178,0.392253,-0.41522783041000366,-0.05701036751270294,0.14758620689655172,False
USHBP1,KRT19,Q8N6Y0,P08727,0.007204837165772915,1178,0.32090491,-0.06399358808994293,-0.05701036751270294,0.155049786628734,False
GNAI3,GNB1,P08754,P62873,-0.03515955060720444,1178,0.62006825,-0.029637865722179413,-0.16559244692325592,0.17796610169491525,False
U2AF2,SNRPA,P26368,P09012,-0.09079141169786453,1178,0.24273725,-1.429535984992981,-0.37376168370246887,0.15789473684210525,False
SNRPA,SNRPD1,P09012,P62314,0.045729752629995346,1178,0.43576974,-0.37376168370246887,-2.5965354442596436,0.09219858156028368,True
SNRPA,DDX39B,P09012,Q13838,0.11267340928316116,1178,0.37272397,-0.37376168370246887,-0.746597170829773,0.15186915887850466,False
SNRPA,PCBP1,P09012,Q15365,0.18321694433689117,1178,0.40438029,-0.37376168370246887,-1.4138424396514893,0.19101123595505617,False
FANCL,HOXD4,Q9NW38,P09016,-0.02817171812057495,1178,0.24154063,-0.24380117654800415,-0.04387868195772171,0.144,False
CSNK2A1,HOXC4,P68400,P09017,-0.036794666200876236,1178,0.31020799,-0.12552425265312195,-0.17595726251602173,0.1483375959079284,False
SNRPC,GOLGA2,P09234,Q08379,0.07430204004049301,1178,0.27713479,-0.7879713773727417,-0.15413284301757812,0.06087824351297405,False
PAEP,IFNLR1,P09466,Q8IU57,0.08034392446279526,1178,0.35641266,-0.10928823798894882,-0.20072737336158752,0.11153846153846154,False
PAEP,GRAMD2B,P09466,Q96HH9,-0.11183448880910873,1178,0.32333698,-0.10928823798894882,-0.06840480864048004,0.13657407407407407,False
CLTB,CLTC,P09497,Q00610,0.0018438760889694095,1178,0.69261011,-0.0753922387957573,-1.4355792999267578,0.06208955223880597,False
SEC22A,CD7,Q96IW7,P09564,0.12688280642032623,1178,0.28081386,-0.08306688815355301,-0.10839676856994629,0.1791530944625407,False
HNRNPA1,CUL1,P09651,Q13616,-0.03818009793758392,1178,0.33933442,-0.4333798289299011,-0.7117182016372681,0.1172680412371134,False
SNRPA1,TOE1,P09661,Q96GM8,-0.09688813239336014,1178,0.27587884,-2.8211867809295654,-0.5311331152915955,0.13725490196078433,False
TMEM54,CD3G,Q969K7,P09693,-0.03597075864672661,1178,0.35986962,-0.13266892731189728,0.07600435614585876,0.12612612612612611,False
H2AC11,H3C1,P0C0S8,P68431,0.21005892753601074,1178,0.39613218,-0.4346199035644531,-0.2667277157306671,0.21323529411764705,False
TFPT,PIM1,P0C1Z6,P11309,-0.07841720432043076,1178,0.33494814,-0.08133149892091751,-0.20797087252140045,0.22364217252396165,False
BCL2L1,BNIP5,Q07817,P0C671,-0.02685876190662384,1178,0.38096209,-1.0604352951049805,-0.11155018210411072,0.09969325153374232,False
CCNC,ZNF688,P24863,P0C7X2,0.022231336683034897,1178,0.36061453,-0.2620517313480377,-0.04099144786596298,0.17667844522968199,False
TENT5B,ZNF688,Q96A09,P0C7X2,0.008092650212347507,1178,0.40458189,0.04829917103052139,-0.04099144786596298,0.1811764705882353,False
CHTF8,DSCC1,P0CG13,Q9BVC3,0.6308900117874146,1178,0.71315748,-0.40999820828437805,-0.2184409648180008,0.09923664122137404,True
PRR35,MSS51,P0CG20,Q4VC12,0.10322204232215881,1178,0.32180666,0.08612436056137085,-0.04600570723414421,0.18388791593695272,False
TTC19,PRR35,Q6DKK2,P0CG20,-0.08341886103153229,1178,0.25307402,-0.2529568672180176,0.08612436056137085,0.14886164623467601,False
NSMF,CALM1,Q6X4W1,P0DP23,0.023995159193873405,1178,0.37411191,-0.10295499861240387,0.022757036611437798,0.08113207547169811,False
CALM2,NSMF,P0DP24,Q6X4W1,-0.05943791940808296,1178,0.29525166,0.11006620526313782,-0.10295499861240387,0.08113207547169811,False
CALM3,NSMF,P0DP25,Q6X4W1,0.06920231133699417,1178,0.45148051,0.1373060941696167,-0.10295499861240387,0.08113207547169811,False
ECE2,SYNE4,P0DPD6,Q8N205,-0.05485203489661217,349,0.33577552,-0.01750142127275467,-0.10316048562526703,0.1442663378545006,False
SCAND1,ZSCAN22,P57086,P10073,0.045781414955854416,1178,0.66415194,-0.2130463719367981,0.04462047666311264,0.12423625254582485,False
BYSL,ZSCAN22,Q13895,P10073,-0.061809688806533813,1178,0.47013414,-1.3705101013183594,0.04462047666311264,0.20977596741344195,False
GAA,ME1,P10253,P48163,-0.0874306932091713,1178,0.243273,-0.07281092554330826,-0.174170583486557,0.14285714285714285,False
RRAS,RAP1GDS1,P10301,P52306,-0.0451352521777153,1178,0.61155966,0.06266184151172638,0.040560804307460785,0.10049423393739704,False
DLAT,DLST,P10515,P36957,0.09592269361019135,1178,0.62426795,-0.040154024958610535,-0.3896713852882385,0.23338485316846985,False
PRKACG,PRKAR1A,P22612,P10644,-0.03250850737094879,1178,0.63204625,-0.21234193444252014,-0.17786076664924622,0.15485564304461943,False
HSD3B7,RBP3,Q9H2F3,P10745,0.11295194923877716,1178,0.26878255,-0.15011394023895264,-0.17088301479816437,0.08981555733761026,False
CDC23,RBP3,Q9UJX2,P10745,-0.0012430715141817927,1178,0.2587661,-2.192012071609497,-0.17088301479816437,0.132317562149158,False
HSPA5,ILF3,P11021,Q12906,-0.19615745544433594,1178,0.34049874,-1.2527687549591064,-0.949572741985321,0.1487695749440716,True
HSPA5,PDIA6,P11021,Q15084,0.08373863995075226,1178,0.34201934,-1.2527687549591064,0.03216719254851341,0.17584097859327216,False
HSPH1,HSPA5,Q92598,P11021,0.026998210698366165,1178,0.70988502,-0.019156448543071747,-1.2527687549591064,0.25874125874125875,False
HYOU1,HSPA5,Q9Y4L1,P11021,-0.0508897565305233,1178,0.71465252,-1.0448837280273438,-1.2527687549591064,0.21421421421421422,False
HSPA8,ACTB,P11142,P60709,0.008325310423970222,1178,0.47332299,-0.8518505692481995,-0.6299494504928589,0.15325077399380804,True
HSPA8,SKP1,P11142,P63208,0.02806367352604866,1178,0.31315103,-0.8518505692481995,-1.4505438804626465,0.08668730650154799,True
HSPA8,ACTG1,P11142,P63261,-0.1318734735250473,1178,0.48268902,-0.8518505692481995,-0.7161232233047485,0.15479876160990713,True
HSPA8,SRSF1,P11142,Q07955,0.02769399806857109,1178,0.45759272,-0.8518505692481995,-1.7023574113845825,0.10371517027863777,False
HSPA8,PDIA6,P11142,Q15084,0.033921148627996445,1178,0.35352681,-0.8518505692481995,0.03216719254851341,0.1609907120743034,False
DBT,DLST,P11182,P36957,-0.034665338695049286,1178,0.64659692,-0.09182657301425934,-0.3896713852882385,0.27385892116182575,False
ITGAM,KIR2DL3,P11215,P43628,-0.1214606985449791,1178,0.26888936,0.04037872329354286,0.07815271615982056,0.1154513888888889,False
PIM1,BANP,P11309,Q8N9N5,0.04418310895562172,1178,0.62293868,-0.20797087252140045,-0.9525805711746216,0.1348747591522158,False
ZBTB1,PIM1,Q9Y2K1,P11309,-0.006796389352530241,1178,0.32894909,-0.03409459441900253,-0.20797087252140045,0.10518934081346423,False
IDH2,MTHFD1,P48735,P11586,0.013097797520458698,1178,0.24435994,-0.02793370746076107,-0.3326820135116577,0.12299465240641712,False
SFTPC,TMEM30B,P11686,Q3MIR4,0.012736423872411251,1178,0.23796663,0.009157266467809677,0.006960244849324226,0.15954415954415954,False
GPX8,SFTPC,Q8TED1,P11686,-0.003921340685337782,1178,0.26597185,-0.2495092898607254,0.009157266467809677,0.16267942583732056,False
TMEM106C,SFTPC,Q9BVX2,P11686,-0.024087512865662575,1178,0.4063032,-0.0027408406604081392,0.009157266467809677,0.168,False
AQP6,MS4A1,Q13520,P11836,-0.04403286799788475,1178,0.31350228,-0.07723511010408401,0.024783441796898842,0.16498316498316498,False
MFSD14B,MS4A1,Q5SR56,P11836,0.033845216035842896,1178,0.42500944,-0.10548390448093414,0.024783441796898842,0.16996047430830039,False
CD79A,TMEM11,P11912,P17152,0.06220255419611931,1178,0.240367,0.13628360629081726,-0.2533855736255646,0.16371681415929204,False
HMOX2,CD79A,P30519,P11912,-0.034033771604299545,1178,0.31182577,0.0009631927241571248,0.13628360629081726,0.17405063291139242,False
CD79A,SLC7A1,P11912,P30825,0.16313651204109192,1178,0.33649359,0.13628360629081726,-0.28119662404060364,0.1192368839427663,False
CD79A,SLC6A12,P11912,P48065,0.03836626932024956,1178,0.33762801,0.13628360629081726,0.01717197708785534,0.10586319218241043,False
CYB561,CD79A,P49447,P11912,0.017335789278149605,1178,0.44426644,-0.23183859884738922,0.13628360629081726,0.2151394422310757,False
CD79A,SLC35B1,P11912,P78383,-0.0022745919413864613,1178,0.28197409,0.13628360629081726,-1.2490029335021973,0.16770186335403728,False
CD79A,MALL,P11912,Q13021,0.002098848344758153,1178,0.32015512,0.13628360629081726,-0.2591892182826996,0.168141592920354,False
CD79A,ALG10,P11912,Q5BKT4,-0.024425998330116272,1178,0.51408224,0.13628360629081726,-0.13335658609867096,0.11627906976744186,False
CD79A,ALG10B,P11912,Q5I7T1,-0.08344906568527222,1178,0.51930771,0.13628360629081726,-0.36000996828079224,0.11205073995771671,False
CD79A,RTP2,P11912,Q5QGT7,0.10880713164806366,1178,0.29849016,0.13628360629081726,0.13485287129878998,0.20353982300884957,False
CD79A,HACD4,P11912,Q5VWC8,-0.03740818798542023,1178,0.51121824,0.13628360629081726,0.21345892548561096,0.2025862068965517,False
CD79A,MFSD5,P11912,Q6N075,0.06936506927013397,1178,0.36888765,0.13628360629081726,0.04757249727845192,0.13111111111111112,False
CD79A,MFSD12,P11912,Q6NUT3,0.07961118221282959,1178,0.36320772,0.13628360629081726,0.11148581653833389,0.1375,False
NIPAL3,CD79A,Q6P499,P11912,0.059250857681035995,1178,0.27563533,0.06028265133500099,0.13628360629081726,0.15270935960591134,False
FA2H,CD79A,Q7L5A8,P11912,0.00833437405526638,1178,0.37361487,-0.08858222514390945,0.13628360629081726,0.15053763440860216,False
CD79A,OTOP2,P11912,Q7RTS6,-0.0240547563880682,1178,0.43297405,0.13628360629081726,-0.13093076646327972,0.12633451957295375,False
CD79A,SLC16A13,P11912,Q7RTY0,0.00781620480120182,1178,0.44144235,0.13628360629081726,0.04383929446339607,0.13849765258215962,False
CD79A,SLC46A3,P11912,Q7Z3Q1,-0.06196323409676552,1178,0.33472975,0.13628360629081726,-0.09400564432144165,0.1279826464208243,False
CD79A,TMEM86A,P11912,Q8N2M4,-0.00938019435852766,1178,0.53579328,0.13628360629081726,0.11852151900529861,0.17916666666666667,False
CD79A,SLC66A2,P11912,Q8N2U9,0.06860098987817764,1178,0.3831751,0.13628360629081726,0.12852174043655396,0.15498154981549817,False
CD79A,JAGN1,P11912,Q8N5M9,0.07211129367351532,1178,0.35663435,0.13628360629081726,0.14854472875595093,0.12831858407079647,False
CD79A,TRAM1L1,P11912,Q8N609,0.03607828542590141,1178,0.28958658,0.13628360629081726,-0.028326885774731636,0.12737127371273713,False
CD79A,TMEM86B,P11912,Q8N661,-0.005134508479386568,1178,0.34545323,0.13628360629081726,0.053364310413599014,0.22123893805309736,False
CD79A,ZDHHC22,P11912,Q8N966,0.057874955236911774,1178,0.53007287,0.13628360629081726,-0.046358827501535416,0.16730038022813687,False
CD79A,TMEM229B,P11912,Q8NBD8,-0.02147163264453411,1178,0.23038581,0.13628360629081726,-0.08777397871017456,0.16371681415929204,False
CD79A,CYB561A3,P11912,Q8NBI2,0.39267832040786743,1178,0.54902822,0.13628360629081726,-0.012787813320755959,0.17768595041322313,False
CD79A,AQP3,P11912,Q92482,-0.014890363439917564,1178,0.47258768,0.13628360629081726,0.03050755150616169,0.16095890410958905,False
CD79A,ALG3,P11912,Q92685,0.16587311029434204,1178,0.3732268,0.13628360629081726,-0.014682797715067863,0.13013698630136986,False
CD79A,FAXDC2,P11912,Q96IV6,0.0027809373568743467,1178,0.43024992,0.13628360629081726,0.041398148983716965,0.18618618618618618,False
ZDHHC15,CD79A,Q96MV8,P11912,-0.11529875546693802,1178,0.32663305,0.02028116211295128,0.13628360629081726,0.142433234421365,False
CD79A,MYADM,P11912,Q96S97,-0.07190395146608353,1178,0.5168445,0.13628360629081726,-0.04431537538766861,0.15217391304347827,False
CD79A,TMEM147,P11912,Q9BVK8,0.13571804761886597,1178,0.27364236,0.13628360629081726,-0.020778672769665718,0.17256637168141592,False
CD79A,SLC38A1,P11912,Q9H2H9,0.21914976835250854,1178,0.30695018,0.13628360629081726,-0.08606979995965958,0.11704312114989733,False
SLC39A9,CD79A,Q9NUM3,P11912,0.048104457557201385,1178,0.23858116,-0.08135750889778137,0.13628360629081726,0.15309446254071662,False
CD79A,TMEM140,P11912,Q9NV12,0.038970958441495895,1178,0.40998012,0.13628360629081726,0.03094441629946232,0.15486725663716813,False
TECR,CD79A,Q9NZ01,P11912,0.09779629856348038,1178,0.36073853,-0.18995562195777893,0.13628360629081726,0.1590909090909091,False
CD79A,LPAR3,P11912,Q9UBY5,0.005571799352765083,1178,0.28677996,0.13628360629081726,-0.035856880247592926,0.1558073654390935,False
CD79A,PGAP2,P11912,Q9UHJ9,-0.05410778895020485,1178,0.52282976,0.13628360629081726,-0.026594530791044235,0.16929133858267717,False
CD79A,SLC13A4,P11912,Q9UKG4,0.10185248404741287,1178,0.36912774,0.13628360629081726,0.03201964870095253,0.10383386581469649,False
CD79A,DOLK,P11912,Q9UPQ8,0.17511017620563507,1178,0.41341814,0.13628360629081726,-0.44926226139068604,0.12267657992565056,False
CD79A,UBE2J1,P11912,Q9Y385,0.08642399311065674,1178,0.34655996,0.13628360629081726,-0.04373384639620781,0.1540880503144654,False
CD79A,UBIAD1,P11912,Q9Y5Z9,-0.025485998019576073,1178,0.50275722,0.13628360629081726,-0.5015153288841248,0.14792899408284024,False
AGPAT4,FCGR2A,Q9NRZ5,P12318,0.012856101617217064,1178,0.33576658,0.10497935116291046,0.0864534080028534,0.1693121693121693,False
ALAS1,TTC23,P13196,Q5W5X9,0.06268095225095749,1178,0.31339494,-0.21949537098407745,0.06822758167982101,0.146875,False
ALAS1,ZNF564,P13196,Q8TBZ8,-0.04371403902769089,1178,0.28340803,-0.21949537098407745,0.05628780275583267,0.1515625,False
CNR2,CCL4,P34972,P13236,-0.009917434304952621,1043,0.30096644,0.019315557554364204,-0.07954496890306473,0.09166666666666666,False
TMEM86B,CCL4,Q8N661,P13236,0.009992635808885098,1043,0.30483965,0.053364310413599014,-0.07954496890306473,0.10176991150442478,False
GPR152,CCL4,Q8TDT2,P13236,0.03673488646745682,1043,0.26373567,-0.07044405490159988,-0.07954496890306473,0.07872340425531915,False
IFI30,DEPDC1B,P13284,Q8WUY9,-0.05340972915291786,1178,0.26953799,-0.03433440625667572,0.01730223558843136,0.12098298676748583,False
IFI30,TXNDC17,P13284,Q9BRA2,-0.05056731402873993,1178,0.24898597,-0.03433440625667572,-0.2040800154209137,0.104,False
MYF5,ID3,P13349,Q02535,-0.035527873784303665,1178,0.49775612,-0.09238084405660629,-0.06770389527082443,0.1568627450980392,False
EEF2,SFPQ,P13639,P23246,-0.13330890238285065,1178,0.23619548,-2.349802255630493,-1.6053037643432617,0.17132867132867133,False
EEF2,ACTC1,P13639,P68032,0.05533890053629875,1178,0.41904557,-2.349802255630493,-0.006649556569755077,0.11188811188811189,False
EEF2,CORO1B,P13639,Q9BR76,0.04818980395793915,1178,0.5129851,-2.349802255630493,0.09084808081388474,0.1445221445221445,False
CCNC,KRT13,P24863,P13646,0.0534302219748497,1178,0.24559909,-0.2620517313480377,-0.007645763922482729,0.12882096069868995,False
TXLNA,KRT13,P40222,P13646,-0.07753368467092514,1178,0.60799372,-0.08945633471012115,-0.007645763922482729,0.19597069597069597,False
KRT6C,KRT13,P48668,P13646,0.07392210513353348,1043,0.73530213,0.012313111685216427,-0.007645763922482729,0.2765957446808511,False
KRT71,KRT13,Q3SY84,P13646,-0.01101446058601141,1178,0.73572193,0.0023965961299836636,-0.007645763922482729,0.28489483747609945,False
CEP57,KRT13,Q86XR8,P13646,0.0640190914273262,1178,0.44794207,-0.13959743082523346,-0.007645763922482729,0.174,False
ATP5F1A,TPT1,P25705,P13693,0.1820768266916275,1178,0.2790714,-0.6659853458404541,-1.004910945892334,0.11392405063291139,False
IL6ST,OSM,P40189,P13725,-0.0074104308150708675,1178,0.48216286,-0.05834348127245903,-0.06488519161939621,0.09041394335511982,False
ETFRF1,ETFA,Q6IPR1,P13804,-0.07332591712474823,1059,0.35301367,-0.027838706970214844,0.03158422186970711,0.0960960960960961,False
GYS1,GYG1,P13807,P46976,0.001090880949050188,1178,0.65597112,0.008435512892901897,-0.16149765253067017,0.13704206241519673,False
GYS1,KLF1,P13807,Q13351,0.03359731286764145,1178,0.23885612,0.008435512892901897,-0.12641878426074982,0.14111261872455902,False
GYS1,BEND7,P13807,Q8N7W2,0.024862639605998993,1178,0.28887549,0.008435512892901897,0.17664888501167297,0.13975576662143827,False
GYS1,ZNF552,P13807,Q9H707,0.023920204490423203,1178,0.42815944,0.008435512892901897,0.13198037445545197,0.14654002713704206,False
GYS1,PLAGL2,P13807,Q9UPG8,0.0227976031601429,1178,0.44741607,0.008435512892901897,-0.16887323558330536,0.1560379918588874,False
PRKACA,PRKAR2A,P17612,P13861,0.03811699524521828,1178,0.67468053,-0.23899652063846588,-0.17216487228870392,0.1608910891089109,True
PRKACB,PRKAR2A,P22694,P13861,0.10377756506204605,1178,0.64673768,-0.039315007627010345,-0.17216487228870392,0.1782178217821782,False
ACTA1,ANXA8,P68133,P13928,0.0338810570538044,1043,0.30516985,-0.04630151763558388,-0.05148053169250488,0.17771883289124668,False
SLC16A13,HSD3B1,Q7RTY0,P14060,0.04287432134151459,1178,0.26938449,0.04383929446339607,-0.13419894874095917,0.16901408450704225,False
GFAP,GOLGA2,P14136,Q08379,0.046744074672460556,1178,0.31013224,0.06296081095933914,-0.15413284301757812,0.1437125748502994,False
BMP7,TRIM27,P18075,P14373,0.037403516471385956,1178,0.23745253,0.06793412566184998,0.02979389950633049,0.16764132553606237,False
ILF2,TRIM27,Q12905,P14373,0.04351276904344559,1178,0.418324,-1.045439600944519,0.02979389950633049,0.17738791423001948,False
GSE1,TRIM27,Q14687,P14373,0.061947163194417953,1178,0.33849174,-0.0530199259519577,0.02979389950633049,0.1306491372226787,False
SYT6,TRIM27,Q5T7P8,P14373,-0.017651237547397614,1178,0.30150898,0.02067546173930168,0.02979389950633049,0.18518518518518517,False
KCTD9,TRIM27,Q7L273,P14373,-0.04783296585083008,1178,0.40037506,-0.0966731607913971,0.02979389950633049,0.17348927875243664,False
CDC20B,TRIM27,Q86Y33,P14373,0.04333094507455826,1178,0.24387605,-0.07073653489351273,0.02979389950633049,0.18304431599229287,False
SIAH1,TRIM27,Q8IUQ4,P14373,0.02160363830626011,1178,0.4570714,0.03499428927898407,0.02979389950633049,0.1539961013645224,False
TRIM42,TRIM27,Q8IWZ5,P14373,-0.0958455428481102,1178,0.67916653,0.061949532479047775,0.02979389950633049,0.1479944674965422,False
HAUS1,TRIM27,Q96CS2,P14373,-0.01745622418820858,1178,0.42787254,-1.603763461112976,0.02979389950633049,0.14230019493177387,False
POLR3C,TRIM27,Q9BUI4,P14373,-0.016784796491265297,1178,0.55529996,-1.1816551685333252,0.02979389950633049,0.18164794007490637,False
AP1M1,TRIM27,Q9BXS5,P14373,-0.0004328157228883356,1178,0.31489605,-0.09985730051994324,0.02979389950633049,0.17153996101364521,False
HAPLN2,TRIM27,Q9GZV7,P14373,-0.04771686717867851,1178,0.26978323,-0.4346486032009125,0.02979389950633049,0.16374269005847952,False
MAD2L2,TRIM27,Q9UI95,P14373,0.027246173471212387,1178,0.41984421,-0.8712741732597351,0.02979389950633049,0.12085769980506822,False
TRIM9,NCF1,Q9C026,P14598,-0.0018939977744594216,1059,0.24476107,-0.23456400632858276,-0.04791891574859619,0.12535211267605634,False
MORN3,HOXB2,Q6PF18,P14652,-0.12317376583814621,1178,0.47869749,0.2002219408750534,-0.0438147634267807,0.13202247191011235,False
PBX4,HOXB2,Q9BYU1,P14652,0.008322224020957947,1178,0.30123803,-0.06620407849550247,-0.0438147634267807,0.22459893048128343,False
SNRPB,SNRPG,P14678,P62308,-0.036715317517519,1059,0.39000411,-1.767295002937317,-2.0647547245025635,0.08333333333333333,True
SNRPB,PRR22,P14678,Q8IZ63,-0.05146133154630661,1178,0.24251094,-1.767295002937317,-0.16543719172477722,0.16824644549763032,False
SNRPB,COA7,P14678,Q96BR5,-0.05481228232383728,1178,0.36048731,-1.767295002937317,-0.4248586893081665,0.15,False
SNRPB,LSM2,P14678,Q9Y333,0.049102943390607834,1178,0.62414493,-1.767295002937317,-2.2870986461639404,0.1,False
ACTR3,HNRNPL,P61158,P14866,0.06386911869049072,1178,0.2402013,-0.5630986094474792,-1.2785475254058838,0.166383701188455,False
DARS1,IARS1,P14868,P41252,0.10937661677598953,1178,0.27313477,-1.9059101343154907,-1.8848167657852173,0.11489698890649762,True
DARS1,QARS1,P14868,P47897,0.11778928339481354,1178,0.31433735,-1.9059101343154907,-1.6815320253372192,0.16,True
DARS1,KARS1,P14868,Q15046,0.06999794393777847,1178,0.73122,-1.9059101343154907,-1.648799180984497,0.21608040201005024,True
DARS1,LARS1,P14868,Q9P2J5,0.0677676722407341,1178,0.37561897,-1.9059101343154907,-1.649951457977295,0.12244897959183673,True
PPIF,AKR1B1,P30405,P15121,-0.008251059800386429,1178,0.35418021,-0.12595471739768982,0.1439136117696762,0.15822784810126583,False
IFNGR1,AQP6,P15260,Q13520,-0.024599624797701836,1178,0.41023102,0.07100284099578857,-0.07723511010408401,0.12269938650306748,False
ARSA,PKN1,P15289,Q16512,-0.0047998265363276005,1178,0.54322968,-0.0498591847717762,-0.03974103182554245,0.15498938428874734,False
ARSA,EID2B,P15289,Q96D98,0.07984250783920288,1178,0.25934669,-0.0498591847717762,0.049797430634498596,0.11242603550295859,False
ARSA,RHOXF2,P15289,Q9BQY4,0.055169183760881424,1043,0.43484887,-0.0498591847717762,-0.0970466136932373,0.16962524654832348,False
ATP6V1B1,ATP6V1E1,P15313,P36543,-0.007025725673884153,1178,0.66403082,-0.03859129548072815,-1.4192545413970947,0.12085769980506822,False
ATP6V1A,ATP6V1B1,P38606,P15313,0.07782240211963654,1178,0.71109607,-1.9093289375305176,-0.03859129548072815,0.20907617504051865,False
ATP6V1B1,ATP6V1E2,P15313,Q96A05,-0.0011981627903878689,1178,0.66180161,-0.03859129548072815,-0.03531559929251671,0.11695906432748537,False
ATP6V1D,ATP6V1B1,Q9Y5K8,P15313,-0.12002148479223251,1178,0.44831819,-0.9276524186134338,-0.03859129548072815,0.1286549707602339,False
FOSL2,FHL3,P15408,Q13643,-0.022707028314471245,1178,0.35040409,-0.13825495541095734,0.016451235860586166,0.1656441717791411,False
CD46,ANKRD46,P15529,Q86W74,-0.017354412004351616,1178,0.40475161,-0.043540507555007935,0.11606259644031525,0.14285714285714285,False
NEXN,ZNF250,Q0ZGT2,P15622,-0.046586427837610245,1178,0.34262959,-0.06612706929445267,0.017085812985897064,0.16444444444444445,False
TRAF2,ZNF250,Q12933,P15622,-0.021611228585243225,1178,0.24035349,-0.3087533712387085,0.017085812985897064,0.1767857142857143,False
GRIPAP1,ZNF250,Q4V328,P15622,0.016228750348091125,1178,0.48871351,0.09571518748998642,0.017085812985897064,0.15576694411414982,False
TNS2,ZNF250,Q63HR2,P15622,-0.04025116562843323,1178,0.27293466,-0.2563523054122925,0.017085812985897064,0.12278211497515969,False
ZNF250,HOMEZ,P15622,Q8IX15,-0.13730818033218384,1178,0.23013926,0.017085812985897064,-0.11131160706281662,0.19642857142857142,False
GMCL1,ZNF250,Q96IK5,P15622,0.015817483887076378,1178,0.36130717,-0.05387333780527115,0.017085812985897064,0.19107142857142856,False
NXF1,ZNF250,Q9UBU9,P15622,0.014800946228206158,1178,0.42094248,-1.2181719541549683,0.017085812985897064,0.16155088852988692,False
ZNF639,ZNF250,Q9UID6,P15622,0.014439226128160954,1178,0.23510757,0.014074314385652542,0.017085812985897064,0.225,False
DDX6,TCF4,P26196,P15884,0.04968541860580444,1178,0.32346565,-0.795698344707489,0.08569417893886566,0.15892053973013492,False
LASP1,TCF4,Q14847,P15884,0.022996770218014717,1178,0.33122094,-0.09351672977209091,0.08569417893886566,0.095952023988006,False
TCF4,TWIST1,P15884,Q15672,-0.0233499463647604,1178,0.63564211,0.08569417893886566,0.04769765958189964,0.11544227886056972,False
MORN4,TCF4,Q8NDC4,P15884,0.1391710340976715,1178,0.41319789,-0.07426328212022781,0.08569417893886566,0.08095952023988005,False
FLAD1,TCF4,Q8NFF5,P15884,0.043608397245407104,1178,0.23975545,-0.013775231316685677,0.08569417893886566,0.16491754122938532,False
MAGOHB,TCF4,Q96A72,P15884,-0.08084642887115479,1178,0.26677063,-0.029480313882231712,0.08569417893886566,0.07196401799100449,False
UTP23,TCF4,Q9BRU9,P15884,0.03782575577497482,1178,0.26567791,-0.9102650284767151,0.08569417893886566,0.10494752623688156,False
MEMO1,TCF4,Q9Y316,P15884,0.11475341767072678,1178,0.23573577,-0.2661958932876587,0.08569417893886566,0.11694152923538231,False
PPIL1,TCF4,Q9Y3C6,P15884,0.08052235841751099,1178,0.48876244,-0.6529818177223206,0.08569417893886566,0.07796101949025487,False
SPO11,TCF4,Q9Y5K1,P15884,0.01824190840125084,1178,0.44792433,0.055921025574207306,0.08569417893886566,0.14992503748125938,False
NEUROD1,TCF3,Q13562,P15923,0.03056447207927704,1178,0.65086108,0.0710429921746254,-0.0687851756811142,0.12232415902140673,False
RPA2,XPA,P15927,P23025,0.0027795773930847645,1178,0.31793647,-1.82414972782135,0.030642524361610413,0.1684981684981685,False
H2AX,H2BC17,P16104,P23527,0.13519206643104553,1178,0.72272852,-0.48651599884033203,-0.15590810775756836,0.2097902097902098,False
GCFC2,TFIP11,P16383,Q9UBB9,0.08176378160715103,1178,0.68975785,-0.04276374727487564,-1.091179370880127,0.1935483870967742,False
FBL,YBX3,P22087,P16989,-0.10338763892650604,1178,0.43340328,-1.1341578960418701,-0.18007266521453857,0.14516129032258066,False
ZNF18,TTC32,P17022,Q5I0X7,-0.0066006421111524105,1178,0.39227858,0.11956354230642319,0.03070938214659691,0.08196721311475409,False
ZNF808,ZNF22,Q8N4W9,P17026,-0.015023266896605492,1178,0.48162631,0.026391899213194847,-0.06155997887253761,0.1273532668881506,False
LMO2,ZNF24,P25791,P17028,0.044073011726140976,1178,0.47372718,0.0007442926289513707,-0.10645731538534164,0.11413043478260869,False
SCAND1,ZNF24,P57086,P17028,0.08733819425106049,1178,0.64041605,-0.2130463719367981,-0.10645731538534164,0.16576086956521738,False
ZNF3,GOLGA2,P17036,Q08379,0.03006216511130333,1178,0.31660629,-0.08678889274597168,-0.15413284301757812,0.13073852295409183,False
SSX2IP,ZNF3,Q9Y2D8,P17036,-0.053446270525455475,1178,0.24407848,0.013073551468551159,-0.08678889274597168,0.18566775244299674,False
ZSCAN20,SCAND1,P17040,P57086,0.007107440382242203,1178,0.65804797,-0.1946018636226654,-0.2130463719367981,0.08053691275167785,False
ZSCAN20,ZNF174,P17040,Q15697,0.05709031969308853,1178,0.67127833,-0.1946018636226654,-0.14353905618190765,0.1716203259827421,False
ZSCAN20,ZKSCAN3,P17040,Q9BRR0,0.04696887731552124,1178,0.72156818,-0.1946018636226654,-0.048752561211586,0.23873441994247363,False
HSPA4,HSPA6,P34932,P17066,-0.0743221864104271,1178,0.70171174,-0.11330894380807877,-0.2055431455373764,0.2654761904761905,False
HSPH1,HSPA6,Q92598,P17066,-0.011483610607683659,1178,0.70946866,-0.019156448543071747,-0.2055431455373764,0.2494172494172494,False
MCRS1,ZNF8,Q96EZ8,P17098,0.06261857599020004,1178,0.27098496,-0.6710070371627808,0.005727862473577261,0.14956521739130435,False
AP1M1,ZNF8,Q9BXS5,P17098,-0.04180072993040085,1178,0.40307577,-0.09985730051994324,0.005727862473577261,0.1565217391304348,False
PDZK1IP1,TMEM11,Q13113,P17152,-0.018256941810250282,1178,0.24563289,-0.2983594834804535,-0.2533855736255646,0.16145833333333334,False
EBP,TMEM11,Q15125,P17152,0.005678236484527588,1178,0.29008966,0.047918833792209625,-0.2533855736255646,0.20869565217391303,False
JUNB,BATF3,P17275,Q9NR55,0.1149141862988472,1178,0.64510459,-0.26485833525657654,0.012025823816657066,0.12680115273775217,False
HOXB6,SAT1,P17509,P21673,0.10411616414785385,1178,0.32981281,-0.10382875055074692,0.1254427582025528,0.1875,False
JUND,BATF3,P17535,Q9NR55,0.06185436248779297,1178,0.63803793,-0.1674932837486267,0.012025823816657066,0.12680115273775217,False
NDUFB7,CDKN2D,P17568,P55273,0.02939712628722191,1178,0.41032966,-0.5035912394523621,-0.05516837164759636,0.1746987951807229,False
TCP1,CCT6A,P17987,P40227,0.17347311973571777,1178,0.57568288,-1.8644174337387085,-1.6572927236557007,0.27697841726618705,True
TCP1,CCT6B,P17987,Q92526,-0.037028130143880844,1178,0.59939964,-1.8644174337387085,-0.09621933102607727,0.2805755395683453,False
TMEM86B,PTPN1,Q8N661,P18031,-0.06465735286474228,1178,0.25761667,0.053364310413599014,-0.2290356159210205,0.1471264367816092,False
TIMMDC1,PTPN1,Q9NPL8,P18031,-0.17423827946186066,1178,0.27719585,-0.3479161858558655,-0.2290356159210205,0.16091954022988506,False
RPL35A,RPS16,P18077,P62249,0.14265906810760498,349,0.2890855,-1.557037115097046,-2.0666143894195557,0.17123287671232876,False
RPL6,RPL35A,Q02878,P18077,0.3294418752193451,349,0.52027668,-2.330833673477173,-1.557037115097046,0.125,False
RPL4,RPL7,P36578,P18124,0.0170691329985857,1162,0.55864776,-2.2184746265411377,-1.582344889640808,0.15690866510538642,False
RPL7,RPL21,P18124,P46778,0.0682700127363205,333,0.31306152,-1.582344889640808,-2.721560478210449,0.14919354838709678,False
RPL7,RPL18A,P18124,Q02543,0.21799778938293457,1162,0.49148309,-1.582344889640808,-2.4688665866851807,0.13306451612903225,False
VCL,TRIP6,P18206,Q15654,-0.18203604221343994,1178,0.28060763,-0.3985861539840698,-0.1628584861755371,0.12345679012345678,False
NELFB,NELFE,Q8WX92,P18615,0.22671698033809662,1178,0.41082439,-0.9232762455940247,-0.4203287661075592,0.15286624203821655,True
RCC1,RANBP1,P18754,P43487,0.0595727413892746,1178,0.34202764,-1.5360468626022339,-0.4180532693862915,0.12826603325415678,False
RCC1,SUMO1,P18754,P63165,-0.08428193628787994,1178,0.40725946,-1.5360468626022339,-0.17551855742931366,0.09501187648456057,False
RCC1,UBE2I,P18754,P63279,0.1019449457526207,1178,0.34781648,-1.5360468626022339,-2.037322521209717,0.10926365795724466,False
RCC1,KPNB1,P18754,Q14974,-0.06829456239938736,1178,0.62888233,-1.5360468626022339,-2.0271530151367188,0.12100456621004566,False
ATF4,GCC1,P18848,Q96CN9,0.02153264731168747,1178,0.30261283,-0.4423774182796478,-0.012362783774733543,0.12774193548387097,False
PSMC5,KRT15,P62195,P19012,0.10976345837116241,1178,0.52331294,-1.3369284868240356,-0.10851994901895523,0.16228070175438597,False
CEP57,KRT15,Q86XR8,P19012,-0.03477567806839943,1178,0.2472586,-0.13959743082523346,-0.10851994901895523,0.184,False
USHBP1,KRT15,Q8N6Y0,P19012,0.006583162117749453,1178,0.52256789,-0.06399358808994293,-0.10851994901895523,0.1763869132290185,False
AMOTL2,KRT15,Q9Y2J4,P19012,0.006930799689143896,1178,0.37470479,0.10274762660264969,-0.10851994901895523,0.17073170731707318,False
SAT1,TNNI1,P21673,P19237,-0.05572225898504257,1178,0.25868145,0.1254427582025528,-0.10405298322439194,0.1925133689839572,False
POLR2E,POLR2G,P19388,P62487,0.22525359690189362,1178,0.47719798,-1.4534789323806763,-1.6229546070098877,0.1619047619047619,True
CD53,MAL,P19397,P21145,-0.05576125904917717,1178,0.2756686,-0.04076395183801651,-0.14689840376377106,0.1324200913242009,False
GJA8,CD53,P48165,P19397,-0.008979267440736294,1178,0.3812996,-0.045923665165901184,-0.04076395183801651,0.14087759815242495,False
PMP22,CD53,Q01453,P19397,0.021009942516684532,1178,0.26011218,0.05782945081591606,-0.04076395183801651,0.1689497716894977,False
TMEM97,CD53,Q5BJF2,P19397,0.08453573286533356,1178,0.24501344,-0.22210444509983063,-0.04076395183801651,0.1689497716894977,False
CD53,CNIH2,P19397,Q6PI25,0.07953472435474396,1178,0.39029729,-0.04076395183801651,-0.19255943596363068,0.1415525114155251,False
CD53,CD302,P19397,Q8IX05,0.09777785837650299,1178,0.26490452,-0.04076395183801651,0.0004289196222089231,0.19827586206896552,False
CD53,CLDN19,P19397,Q8N6F1,-0.013468371704220772,1178,0.55890641,-0.04076395183801651,-0.22375376522541046,0.22321428571428573,False
CD53,TMEM229B,P19397,Q8NBD8,-0.040448449552059174,1178,0.23407877,-0.04076395183801651,-0.08777397871017456,0.182648401826484,False
CD53,GPR152,P19397,Q8TDT2,-0.03306945785880089,1178,0.33338949,-0.04076395183801651,-0.07044405490159988,0.11063829787234042,False
CD53,GPX8,P19397,Q8TED1,-0.048585884273052216,1178,0.23830679,-0.04076395183801651,-0.2495092898607254,0.1780821917808219,False
CD53,MS4A3,P19397,Q96HJ5,0.11622209846973419,1178,0.319286,-0.04076395183801651,0.005369850434362888,0.1415525114155251,False
CD53,TMEM237,P19397,Q96Q45,0.08595288544893265,1178,0.27955848,-0.04076395183801651,0.046736832708120346,0.125,False
GPR108,CD53,Q9NPR9,P19397,-0.027636229991912842,1178,0.46035187,-0.01111179031431675,-0.04076395183801651,0.1141804788213628,False
CD53,RPRM,P19397,Q9NS64,-0.09977653622627258,1178,0.27716533,-0.04076395183801651,0.09651501476764679,0.1141552511415525,False
CD53,TMEM140,P19397,Q9NV12,-0.08751973509788513,1178,0.52700131,-0.04076395183801651,0.03094441629946232,0.1689497716894977,False
CD53,AIG1,P19397,Q9NVV5,-0.021924830973148346,1178,0.41604909,-0.04076395183801651,0.11428071558475494,0.18907563025210083,False
CD53,LPAR3,P19397,Q9UBY5,0.12859328091144562,1178,0.32482202,-0.04076395183801651,-0.035856880247592926,0.16147308781869688,False
ERG28,CD53,Q9UKR5,P19397,0.009370286948978901,1178,0.32823792,-0.009785575792193413,-0.04076395183801651,0.182648401826484,False
UBIAD1,CD53,Q9Y5Z9,P19397,-0.04856301471590996,1178,0.37431801,-0.5015153288841248,-0.04076395183801651,0.16272189349112426,False
TNFRSF1A,TRADD,P19438,Q15628,0.006414653733372688,1178,0.54656075,0.11891783028841019,0.07549303770065308,0.1824175824175824,True
LNX1,TRIM21,Q8TBB1,P19474,0.04921719431877136,1178,0.35095677,-0.03482906520366669,0.1189064085483551,0.1717032967032967,False
CSNK2A2,NKAPD1,P19784,Q6ZUT1,0.11367134004831314,1178,0.26576573,-0.07154864072799683,-0.28907713294029236,0.1457142857142857,False
NFKB1,RELB,P19838,Q01201,0.3851487636566162,1178,0.40513858,0.004771290812641382,0.01734309084713459,0.21384297520661158,True
NFKB1,REL,P19838,Q04864,0.14359642565250397,1178,0.53659694,0.004771290812641382,-0.03971794620156288,0.23760330578512398,True
SKP2,CCNA2,Q13309,P20248,0.20266413688659668,1178,0.23360694,-0.6484020948410034,-1.3130156993865967,0.1875,False
NACA2,BTF3,Q9H009,P20290,0.0592188723385334,1178,0.65995315,-0.3935975134372711,-0.8251664042472839,0.2,False
SMYD2,BTF3,Q9NRG4,P20290,0.028775736689567566,1178,0.35339365,0.1156938225030899,-0.8251664042472839,0.13163972286374134,False
MLH1,MSH3,P40692,P20585,0.07549374550580978,1178,0.24469916,-0.04027620702981949,-0.06984074413776398,0.1565523306948109,False
PSMA2,PSMB1,P25787,P20618,0.12377455830574036,1178,0.24828201,-2.4203450679779053,-1.7263292074203491,0.1991701244813278,True
PSMB1,PSMB9,P20618,P28065,0.037252798676490784,1178,0.44954674,-1.7263292074203491,0.04513983801007271,0.21991701244813278,False
PSMB1,PSMB6,P20618,P28072,-0.0878463014960289,1178,0.39745677,-1.7263292074203491,-1.7179232835769653,0.21991701244813278,True
PSMB1,PSMB2,P20618,P49721,0.2151670753955841,1178,0.46209618,-1.7263292074203491,-1.965756893157959,0.2157676348547718,True
PSMB1,SMAD3,P20618,P84022,-0.07968275249004364,1178,0.286698,-1.7263292074203491,-0.05162723362445831,0.13647058823529412,False
PSMB1,GPBP1,P20618,Q86WP2,-0.01880371943116188,1178,0.25690167,-1.7263292074203491,-0.09605923295021057,0.12896405919661733,False
PSMB1,TOLLIP,P20618,Q9H0E2,0.040086615830659866,1178,0.2766167,-1.7263292074203491,0.08071936666965485,0.14963503649635038,False
PSMB1,IMPACT,P20618,Q9P2X3,0.0670723244547844,1178,0.42518072,-1.7263292074203491,0.0772094577550888,0.15625,False
OPRM1,MAL,P35372,P21145,-0.00598455686122179,1178,0.23599752,0.049531105905771255,-0.14689840376377106,0.115,False
CLDN20,MAL,P56880,P21145,-0.04862966760993004,1178,0.41381447,0.056402403861284256,-0.14689840376377106,0.1643835616438356,False
CD69,MAL,Q07108,P21145,0.07052478194236755,1178,0.30183019,0.07958972454071045,-0.14689840376377106,0.1407035175879397,False
AQP6,MAL,Q13520,P21145,0.11141399294137955,1178,0.58767974,-0.07723511010408401,-0.14689840376377106,0.1276595744680851,False
CD300LG,MAL,Q6UXG3,P21145,-0.007954645901918411,1178,0.27180992,-0.21893984079360962,-0.14689840376377106,0.09939759036144578,False
NKAIN4,MAL,Q8IVV8,P21145,0.006070823408663273,1178,0.34131867,0.00374678079970181,-0.14689840376377106,0.15384615384615385,False
MAL,LRRC25,P21145,Q8N386,0.040253087878227234,1178,0.2677042,-0.14689840376377106,0.02789611741900444,0.12131147540983607,False
TEX29,MAL,Q8N6K0,P21145,-0.05654475465416908,1178,0.25612547,-0.1053338497877121,-0.14689840376377106,0.1503267973856209,False
MAL,GPR152,P21145,Q8TDT2,-0.001848184852860868,1178,0.36890822,-0.14689840376377106,-0.07044405490159988,0.09574468085106383,False
TMEM174,MAL,Q8WUU8,P21145,0.002711268374696374,1178,0.2759258,-0.11662214994430542,-0.14689840376377106,0.15637860082304528,False
TM4SF18,MAL,Q96CE8,P21145,0.006137191317975521,1178,0.33793105,-0.0803748145699501,-0.14689840376377106,0.1691542288557214,False
PERP,MAL,Q96FX8,P21145,0.08981779217720032,1178,0.34704486,-0.13046711683273315,-0.14689840376377106,0.17616580310880828,False
MS4A4A,MAL,Q96JQ5,P21145,-0.014102401211857796,1178,0.49351266,0.0070827254094183445,-0.14689840376377106,0.17154811715481172,False
LMAN2L,MAL,Q9H0V9,P21145,-0.05142366886138916,1178,0.25415224,-0.040288474410772324,-0.14689840376377106,0.12931034482758622,False
LRTM1,MAL,Q9HBL6,P21145,0.012138649821281433,1178,0.25987005,-0.04241778701543808,-0.14689840376377106,0.11014492753623188,False
NPDC1,MAL,Q9NQX5,P21145,-0.0443669930100441,1178,0.26993375,0.017657145857810974,-0.14689840376377106,0.11076923076923077,False
FUT3,TRARG1,P21217,Q8IXB3,0.010840032249689102,1178,0.35606733,0.06217837333679199,0.1277216672897339,0.1440443213296399,False
SEC22A,FUT3,Q96IW7,P21217,0.013225533999502659,1178,0.55728864,-0.08306688815355301,0.06217837333679199,0.1883656509695291,False
SYT1,UBIAD1,P21579,Q9Y5Z9,0.05389413237571716,1178,0.31607357,0.07265464961528778,-0.5015153288841248,0.14691943127962084,False
ARRDC3,TNFAIP3,Q96B67,P21580,0.0235771294683218,1178,0.23881937,0.18828076124191284,0.008564447984099388,0.13544303797468354,False
SAT1,FAM228A,P21673,Q86W67,0.06302615255117416,1178,0.24941058,0.1254427582025528,0.01940864324569702,0.1650485436893204,False
TXN2,SAT1,Q99757,P21673,0.09589194506406784,1178,0.25829857,-0.11095912754535675,0.1254427582025528,0.1871345029239766,False
TBXA2R,MFSD5,P21731,Q6N075,0.041379254311323166,1178,0.2910638,0.05496494472026825,0.04757249727845192,0.20222222222222222,False
TBXA2R,ZDHHC15,P21731,Q96MV8,-0.08900661766529083,1178,0.25081223,0.05496494472026825,0.02028116211295128,0.16909620991253643,False
TMED8,MDK,Q6PL24,P21741,0.047700975090265274,1178,0.4151588,-0.040708959102630615,-0.09396860748529434,0.1076923076923077,False
MDK,NFU1,P21741,Q9UMS0,0.06747934967279434,1178,0.24847414,-0.09396860748529434,-0.33765295147895813,0.14566929133858267,False
CD9,ODF4,P21926,Q2M2E3,0.0552300401031971,1178,0.23787923,-0.07323848456144333,-0.10828281939029694,0.17898832684824903,False
COMT,EMD,P21964,P50402,-0.022919123992323875,1178,0.24683569,-0.20710420608520508,0.16836243867874146,0.17712177121771217,False
COMT,TMEM205,P21964,Q6UW68,0.02980254776775837,1178,0.23455569,-0.20710420608520508,-0.10119639337062836,0.2066420664206642,False
COMT,GPR161,P21964,Q8N6U8,0.004771924577653408,1178,0.29827926,-0.20710420608520508,0.0372539758682251,0.13043478260869565,False
COMT,GJB4,P21964,Q9NTQ9,0.042402274906635284,1178,0.3567474,-0.20710420608520508,-0.08221860229969025,0.1992619926199262,False
COMT,PGAP2,P21964,Q9UHJ9,0.02456863969564438,1178,0.42600428,-0.20710420608520508,-0.026594530791044235,0.19557195571955718,False
FBL,RAN,P22087,P62826,0.021831458434462547,1178,0.29877617,-1.1341578960418701,-3.9330873489379883,0.14953271028037382,False
FBL,YBX1,P22087,P67809,-0.10019179433584213,1178,0.27831066,-1.1341578960418701,-1.2261667251586914,0.2006172839506173,False
FBL,ZNF792,P22087,Q3KQV3,0.09267545491456985,1178,0.34824792,-1.1341578960418701,-0.07612121850252151,0.12183544303797468,False
FBL,NHP2,P22087,Q9NX24,0.09393920004367828,1178,0.34539046,-1.1341578960418701,-0.7310420274734497,0.12461059190031153,False
FBL,NOP58,P22087,Q9Y2X3,0.1122933030128479,1178,0.67843186,-1.1341578960418701,-1.744507074356079,0.13610586011342155,False
PILRA,PAICS,Q9UKJ1,P22234,-0.05934181436896324,1178,0.31359946,-0.1363736242055893,-0.6183705925941467,0.17176470588235293,False
PAICS,RAD54L2,P22234,Q9Y4B4,0.04622354358434677,1178,0.73616938,-0.6183705925941467,-0.12091287225484848,0.09543285616905249,False
FKBP1A,NME2,P62942,P22392,-0.04340997710824013,1043,0.27310891,-0.3649578094482422,-0.4026079475879669,0.19078947368421054,False
FKBP1B,NME2,P68106,P22392,-0.005366066005080938,1178,0.25370591,0.18973006308078766,-0.4026079475879669,0.17105263157894737,False
KCNA5,TMEM107,P22460,Q6UX40,0.004570628050714731,1178,0.25328277,0.016672274097800255,0.011205784976482391,0.0734094616639478,False
PRKACG,PRKAR2B,P22612,P31323,-0.10754527896642685,1178,0.63811575,-0.21234193444252014,0.06685545295476913,0.1674641148325359,False
PRKACB,PRKAR1B,P22694,P31321,-0.1285669207572937,1178,0.64249221,-0.039315007627010345,0.08298325538635254,0.15748031496062992,False
PRKACB,PRKAR2B,P22694,P31323,-0.019375015050172806,1178,0.64011913,-0.039315007627010345,0.06685545295476913,0.19138755980861244,False
SLC2A5,TMEM130,P22732,Q8N3G9,-0.05988515913486481,1178,0.26769163,-0.06436966359615326,-0.04728677496314049,0.17564870259481039,False
SLC2A5,SCN3B,P22732,Q9NY72,0.0219452902674675,1178,0.32292212,-0.06436966359615326,0.0030425740405917168,0.12574850299401197,False
EVI2A,ATP6V0C,P22794,P27449,0.044021666049957275,1178,0.37935544,0.03708743304014206,-2.1755034923553467,0.15254237288135594,False
EVI2A,MALL,P22794,Q13021,-0.01184183917939663,1178,0.25898922,0.03708743304014206,-0.2591892182826996,0.13135593220338984,False
UBIAD1,EVI2A,Q9Y5Z9,P22794,0.0031263839919120073,1178,0.51858001,-0.5015153288841248,0.03708743304014206,0.15680473372781065,False
ILF2,SFPQ,Q12905,P23246,-0.011673584580421448,1178,0.2762678,-1.045439600944519,-1.6053037643432617,0.13861386138613863,False
TUBGCP4,TUBG1,Q9UGJ1,P23258,0.14267389476299286,1178,0.69367391,-1.3868932723999023,-1.44948410987854,0.16941529235382308,True
MYF6,TCF12,P23409,Q99081,-0.013523262925446033,1178,0.65227356,-0.11261364817619324,-0.028791137039661407,0.11143695014662756,False
AHCY,C1orf50,P23526,Q9BV19,0.030086832121014595,1178,0.45708021,-0.4934023916721344,-0.07968918234109879,0.13194444444444445,False
PAX7,CIB1,P23759,Q99828,-0.047679074108600616,1178,0.23889626,0.04780052229762077,-0.0184027012437582,0.0891089108910891,False
PAX7,HOMER3,P23759,Q9NSC5,0.0012315066996961832,1178,0.2573344,0.04780052229762077,-0.14238880574703217,0.16237623762376238,False
VAMP1,EBP,P23763,Q15125,0.041040338575839996,1178,0.28934212,0.06876132637262344,0.047918833792209625,0.13043478260869565,False
VAMP1,GPR152,P23763,Q8TDT2,0.1413135826587677,1178,0.37160063,0.06876132637262344,-0.07044405490159988,0.06808510638297872,False
TMEM101,VAMP1,Q96IK0,P23763,-0.00928092747926712,1178,0.33487021,-0.12825196981430054,0.06876132637262344,0.10505836575875487,False
EEF1B2,VARS1,P24534,P26640,-0.0692775696516037,1178,0.65570172,-0.8520307540893555,-1.6603052616119385,0.06962025316455696,False
EEF1A1,EEF1B2,P68104,P24534,-0.054327353835105896,349,0.41886598,-2.09175705909729,-0.8520307540893555,0.14502164502164502,False
ATP5PB,ATP5PO,P24539,P48047,0.5301768183708191,1178,0.51877066,-0.6543193459510803,-0.3724718689918518,0.18359375,True
RABGGTB,IGFBP6,P53611,P24592,-0.0825764387845993,1178,0.30180885,-1.477100133895874,-0.10530810803174973,0.1540785498489426,False
UBAC1,IGFBP6,Q9BSL1,P24592,0.001761560793966055,1178,0.32157151,0.05131363496184349,-0.10530810803174973,0.1308641975308642,False
IGFBP5,GJA8,P24593,P48165,-0.05132496356964111,1178,0.23430751,0.08269146829843521,-0.045923665165901184,0.15935334872979215,False
IGFBP5,MFSD5,P24593,Q6N075,0.019407255575060844,1178,0.24881485,0.08269146829843521,0.04757249727845192,0.14888888888888888,False
TXN2,MYL9,Q99757,P24844,-0.0547683909535408,1178,0.2393864,-0.11095912754535675,-0.11407781392335892,0.1744186046511628,False
CCNC,CDKN2B,P24863,P42772,0.06942972540855408,1162,0.28770246,-0.2620517313480377,0.0685386061668396,0.12014134275618374,False
CCNC,LCN2,P24863,P80188,0.01852976717054844,1178,0.24579526,-0.2620517313480377,-0.12070373445749283,0.17667844522968199,False
CCNC,PAX5,P24863,Q02548,0.12727966904640198,1178,0.23852833,-0.2620517313480377,-0.11489889025688171,0.1483375959079284,False
CCNC,FAM90A1,P24863,Q86YD7,-0.025174520909786224,349,0.32465883,-0.2620517313480377,0.0731341615319252,0.1400862068965517,False
CCNC,DYDC1,P24863,Q8WWB3,-0.030037639662623405,1178,0.36547105,-0.2620517313480377,-0.20145422220230103,0.14840989399293286,False
CCNC,NRBF2,P24863,Q96F24,0.01435447484254837,1178,0.34763655,-0.2620517313480377,-0.3032747805118561,0.1951219512195122,False
CCNC,TEPSIN,P24863,Q96N21,-0.009038837626576424,1178,0.46568088,-0.2620517313480377,-0.18230193853378296,0.13904761904761906,False
CCNC,ZNF426,P24863,Q9BUY5,-0.03417282551527023,1178,0.28526144,-0.2620517313480377,-0.025944381952285767,0.13537906137184116,False
CCNC,RUSC1,P24863,Q9BVN2,-0.0021677620243281126,1178,0.23228787,-0.2620517313480377,-0.11892098933458328,0.09090909090909091,False
CCNC,TEX12,P24863,Q9BXU0,-0.03563467785716057,1178,0.235088,-0.2620517313480377,0.17932704091072083,0.10600706713780919,False
COL8A2,TMX2,P25067,Q9Y320,-0.02648613043129444,1178,0.23852669,-0.0028923104982823133,-0.24872562289237976,0.09246088193456614,False
MCM3,MCM4,P25205,P33991,0.26640069484710693,1178,0.45933792,-0.9829457998275757,-1.2792649269104004,0.28968713789107764,True
MCM2,MCM3,P49736,P25205,0.21376270055770874,1178,0.48593413,-1.58405601978302,-0.9829457998275757,0.27876106194690264,True
FAM90A1,BRD2,Q86YD7,P25440,-0.05587172135710716,349,0.61581619,0.0731341615319252,-0.4402139484882355,0.14481897627965043,False
YY1,LHX3,P25490,Q9UBR4,0.013979937881231308,1178,0.36991791,-0.7594634294509888,-0.08788729459047318,0.17149758454106281,False
MAPK1,PSMA1,P28482,P25786,-0.08495873957872391,1178,0.32222179,-0.2733442485332489,-2.2540767192840576,0.1638888888888889,False
ACTN2,PSMA1,P35609,P25786,0.08575097471475601,1178,0.24553281,0.05550381913781166,-2.2540767192840576,0.09060402684563758,False
PSMA1,PSMB3,P25786,P49720,0.24049417674541473,1178,0.30047361,-2.2540767192840576,-2.682792901992798,0.17110266159695817,True
PSMA1,CDKN2D,P25786,P55273,0.02865234576165676,1178,0.39899622,-2.2540767192840576,-0.05516837164759636,0.17490494296577946,False
PSMA1,PSMA6,P25786,P60900,0.30429065227508545,1178,0.68768344,-2.2540767192840576,-2.800093650817871,0.24334600760456274,True
PSMA1,KCTD1,P25786,Q719H9,-0.09548261761665344,1162,0.27102379,-2.2540767192840576,-0.026473989710211754,0.19771863117870722,False
KCTD9,PSMA1,Q7L273,P25786,-0.09888774901628494,1178,0.32433962,-0.0966731607913971,-2.2540767192840576,0.16452442159383032,False
PSMA1,HOMEZ,P25786,Q8IX15,0.005697892978787422,1178,0.35084209,-2.2540767192840576,-0.11131160706281662,0.15636363636363637,False
KCTD17,PSMA1,Q8N5Z5,P25786,-0.013003229163587093,1178,0.25964913,-0.0012030625948682427,-2.2540767192840576,0.18471337579617833,False
ABI3,PSMA1,Q9P2A4,P25786,0.007195760961622,1178,0.43848399,0.011913086287677288,-2.2540767192840576,0.16120218579234974,False
PSMA2,PSMB8,P25787,P28062,0.07121532410383224,1178,0.33394934,-2.4203450679779053,0.027474883943796158,0.2427536231884058,False
PSMA2,PSMB9,P25787,P28065,0.021424034610390663,1178,0.34770512,-2.4203450679779053,0.04513983801007271,0.18803418803418803,False
PSMA2,PSMB4,P25787,P28070,0.17770755290985107,1178,0.32082332,-2.4203450679779053,-2.2145705223083496,0.17045454545454544,True
PSMA2,PSMB6,P25787,P28072,-0.08659397810697556,1178,0.36713841,-2.4203450679779053,-1.7179232835769653,0.20920502092050208,True
PSMA2,PSMB5,P25787,P28074,0.0709695890545845,1178,0.41568766,-2.4203450679779053,-1.7032208442687988,0.20152091254752852,True
PSMA2,PSMB2,P25787,P49721,0.15175901353359222,1178,0.47332749,-2.4203450679779053,-1.965756893157959,0.19230769230769232,True
PSMA3,PSMB2,P25788,P49721,0.21949629485607147,1178,0.59439278,-2.5991077423095703,-1.965756893157959,0.16470588235294117,True
PSMA3,SLAIN1,P25788,Q8ND83,0.07654329389333725,1178,0.41190971,-2.5991077423095703,0.0667034238576889,0.1056338028169014,False
PSMA4,PSMB8,P25789,P28062,-0.14573080837726593,1178,0.30954718,-1.5632736682891846,0.027474883943796158,0.18840579710144928,False
PSMA4,PSMB4,P25789,P28070,0.08782737702131271,1178,0.34797221,-1.5632736682891846,-2.2145705223083496,0.17424242424242425,True
PSMA4,PSMB6,P25789,P28072,-0.024797962978482246,1178,0.34263639,-1.5632736682891846,-1.7179232835769653,0.1685823754789272,True
PSMA4,PSMB5,P25789,P28074,0.01384923979640007,1178,0.38724845,-1.5632736682891846,-1.7032208442687988,0.20532319391634982,True
SOX5,LMO2,P35711,P25791,-0.06274992227554321,1178,0.28747733,-0.06925876438617706,0.0007442926289513707,0.07601572739187418,False
LMO2,PAX9,P25791,P55771,0.010978135280311108,1178,0.29081829,0.0007442926289513707,-0.006750333588570356,0.11436950146627566,False
LMO2,POLR2G,P25791,P62487,-0.023526117205619812,1178,0.40403703,0.0007442926289513707,-1.6229546070098877,0.21511627906976744,False
LMO2,GRB2,P25791,P62993,0.0360892154276371,1178,0.29308598,0.0007442926289513707,-0.8988953232765198,0.14285714285714285,False
SKP1,LMO2,P63208,P25791,-0.03346233069896698,1178,0.25188689,-1.4505438804626465,0.0007442926289513707,0.17177914110429449,False
BYSL,LMO2,Q13895,P25791,0.011823706328868866,1178,0.4329967,-1.3705101013183594,0.0007442926289513707,0.07780320366132723,False
LMO2,YOD1,P25791,Q5VVQ6,-0.006800793576985598,1178,0.29645158,0.0007442926289513707,-0.04503648728132248,0.1206896551724138,False
LMO2,FAM228A,P25791,Q86W67,-0.00538985850289464,1178,0.30892025,0.0007442926289513707,0.01940864324569702,0.1553398058252427,False
LMO2,FAM90A1,P25791,Q86YD7,-0.11081164330244064,349,0.33084883,0.0007442926289513707,0.0731341615319252,0.09051724137931035,False
LMO2,BANP,P25791,Q8N9N5,-0.0461970791220665,1178,0.26988426,0.0007442926289513707,-0.9525805711746216,0.09826589595375723,False
LMO2,TCP10L,P25791,Q8TDR4,0.09470252692699432,1178,0.23817157,0.0007442926289513707,-0.004194674547761679,0.14418604651162792,False
LMO2,RUSC1,P25791,Q9BVN2,0.10828904807567596,1178,0.24231317,0.0007442926289513707,-0.11892098933458328,0.057649667405764965,False
PTPN3,LMO1,P26045,P25800,-0.05929235368967056,1178,0.25712759,-0.00037325482117012143,0.036303941160440445,0.06790799561883899,False
LMO1,ZNF620,P25800,Q6ZNG0,-0.2208355814218521,1178,0.28161199,0.036303941160440445,0.1419260948896408,0.10900473933649289,False
BIVM,LMO1,Q86UB2,P25800,-0.09348404407501221,1178,0.37736377,0.04256829991936684,0.036303941160440445,0.08946322067594434,False
LMO1,BANP,P25800,Q8N9N5,0.06299393624067307,1178,0.2465796,0.036303941160440445,-0.9525805711746216,0.08670520231213873,False
LMO1,TCP10L,P25800,Q8TDR4,0.07427941262722015,1178,0.25492245,0.036303941160440445,-0.004194674547761679,0.12558139534883722,False
LMO1,ZFP90,P25800,Q8TF47,-0.05310250446200371,1178,0.24249438,0.036303941160440445,0.05372926592826843,0.07547169811320754,False
SPG21,LMO1,Q9NZD8,P25800,-0.06899268180131912,1178,0.46529364,-0.17563346028327942,0.036303941160440445,0.1038961038961039,False
CD40,MIP,P25942,P30301,-0.04085753485560417,1178,0.30669238,-0.024431779980659485,-0.1366289108991623,0.1588447653429603,False
CD40,EBP,P25942,Q15125,0.030671382322907448,1178,0.37982438,-0.024431779980659485,0.047918833792209625,0.17328519855595667,False
CD40,CYB561A3,P25942,Q8NBI2,-0.055910270661115646,1178,0.24623539,-0.024431779980659485,-0.012787813320755959,0.18050541516245489,False
CD40,TMEM147,P25942,Q9BVK8,-0.09990362823009491,1178,0.2696773,-0.024431779980659485,-0.020778672769665718,0.1371841155234657,False
TCL1A,NFKBIA,P56279,P25963,0.012377580627799034,1178,0.41532364,0.027084955945611,-0.012227700091898441,0.11987381703470032,False
NFKBIA,RELB,P25963,Q01201,-0.11132607609033585,1178,0.24591635,-0.012227700091898441,0.01734309084713459,0.14507772020725387,True
NFKBIA,REL,P25963,Q04864,-0.02100452594459057,1178,0.37962995,-0.012227700091898441,-0.03971794620156288,0.14054927302100162,True
DDX6,NAB2,P26196,Q15742,-0.004714219830930233,1178,0.23563066,-0.795698344707489,-0.014108515344560146,0.18476190476190477,False
DDX6,ZBTB8A,P26196,Q96BR9,-0.03136279433965683,1178,0.50678545,-0.795698344707489,-0.03165227174758911,0.15734989648033126,False
DDX6,PDLIM7,P26196,Q9NR12,0.035318970680236816,1178,0.39966249,-0.795698344707489,-0.03747934103012085,0.16770186335403728,False
PAX6,MORN3,P26367,Q6PF18,-0.005624108947813511,1178,0.23419755,0.02411159686744213,0.2002219408750534,0.15165876777251186,False
U2AF2,KHDC4,P26368,Q7Z7F0,-0.024810438975691795,1178,0.46153819,-1.429535984992981,-0.1836506724357605,0.1791530944625407,False
U2AF2,FUBP1,P26368,Q96AE4,-0.027242371812462807,1178,0.38664937,-1.429535984992981,-0.26475173234939575,0.15683229813664595,False
RPL13,RPL35,P26373,P42766,0.13588333129882812,1178,0.4281458,-2.2569565773010254,-1.5074961185455322,0.16113744075829384,False
RPL13,RPL27A,P26373,P46776,0.20766913890838623,1178,0.5736691,-2.2569565773010254,-2.031108856201172,0.15165876777251186,False
RPL36,RPL13,Q9Y3U8,P26373,0.2542767822742462,1178,0.25459178,-2.0774693489074707,-2.2569565773010254,0.15165876777251186,False
RAB31,CHML,Q13636,P26374,-0.004268569406121969,1178,0.32894047,0.053885385394096375,0.06963147968053818,0.10213414634146341,False
EEF1G,VARS1,P26641,P26640,0.12993459403514862,1178,0.67677544,-1.0173078775405884,-1.6603052616119385,0.1337025316455696,False
EEF1A1,EEF1G,P68104,P26641,0.17423902451992035,349,0.60128095,-2.09175705909729,-1.0173078775405884,0.16883116883116883,True
EEF1A2,EEF1G,Q05639,P26641,0.0486052930355072,1178,0.63652977,0.03173544630408287,-1.0173078775405884,0.19870410367170627,False
GJA8,PLN,P48165,P26678,-0.034610871225595474,1059,0.51322891,-0.045923665165901184,-0.10797566920518875,0.03464203233256351,False
SLC14A2,PLN,Q15849,P26678,-0.0008397683850489557,1059,0.26256267,-0.03730309382081032,-0.10797566920518875,0.02826086956521739,False
GPR152,PLN,Q8TDT2,P26678,-0.04486316815018654,1059,0.42239237,-0.07044405490159988,-0.10797566920518875,0.04042553191489362,False
TMEM45B,PLN,Q96B21,P26678,0.05389386788010597,1059,0.27192796,0.027050022035837173,-0.10797566920518875,0.06545454545454546,False
ELOVL4,PLN,Q9GZR5,P26678,0.0422668531537056,1059,0.54205648,-0.08147358149290085,-0.10797566920518875,0.050955414012738856,False
CD27,CIB1,P26842,Q99828,-0.04617178440093994,1178,0.27714932,-0.0810508131980896,-0.0184027012437582,0.19230769230769232,False
FKBP2,CMPK1,P26885,P30085,0.09090453386306763,1178,0.3858835,-0.13099020719528198,-0.898122251033783,0.17346938775510204,False
FKBP2,GPX4,P26885,P36969,-0.009552933275699615,1178,0.41965769,-0.13099020719528198,-0.8325554728507996,,False
FKBP2,UBE2V1,P26885,Q13404,-0.055815890431404114,1178,0.4338837,-0.13099020719528198,-0.3138408958911896,0.17687074829931973,False
TMEM139,ATP6V0C,Q8IV31,P27449,-0.04434345290064812,1178,0.27809973,0.061919089406728745,-2.1755034923553467,0.125,False
MCEMP1,ATP6V0C,Q8IX19,P27449,-0.029988516122102737,1178,0.43330468,0.043704643845558167,-2.1755034923553467,0.1711229946524064,False
FNDC9,ATP6V0C,Q8TBE3,P27449,0.0014859683578833938,1178,0.35691127,-0.01507076621055603,-2.1755034923553467,0.16071428571428573,False
EDA,ATP6V0C,Q92838,P27449,0.003749930765479803,1178,0.27052105,-0.06938301771879196,-2.1755034923553467,0.09974424552429667,False
SPACA1,ATP6V0C,Q9HBV2,P27449,0.02781709097325802,1178,0.23511078,-0.003650135360658169,-2.1755034923553467,0.13945578231292516,False
ARNT,NPAS1,P27540,Q99742,-0.024307550862431526,1178,0.54640775,-0.048665616661310196,-0.0551212802529335,0.2002534854245881,False
CIDEB,COL8A1,Q9UHD4,P27658,0.020818769931793213,1178,0.23030134,-0.12749436497688293,-0.0572577565908432,0.06854838709677419,False
PSMB4,PSMB8,P28070,P28062,0.06046007201075554,1178,0.39561299,-2.2145705223083496,0.027474883943796158,0.27898550724637683,False
PSMB6,PSMB8,P28072,P28062,-0.04855924844741821,1178,0.49711038,-1.7179232835769653,0.027474883943796158,0.2826086956521739,False
PSMB7,PSMB8,Q99436,P28062,-0.02319035679101944,1178,0.51881329,-1.3106693029403687,0.027474883943796158,0.23826714801444043,False
PSMB5,PSMB9,P28074,P28065,-0.040263302624225616,1178,0.45582059,-1.7032208442687988,0.04513983801007271,0.25475285171102663,False
PSMB3,PSMB9,P49720,P28065,0.09379280358552933,1178,0.41785299,-2.682792901992798,0.04513983801007271,0.2146118721461187,False
PSMB2,PSMB9,P49721,P28065,0.03297543153166771,1178,0.45222315,-1.965756893157959,0.04513983801007271,0.2465753424657534,False
PSMA5,PSMB4,P28066,P28070,0.23106631636619568,1178,0.39068273,-1.9408906698226929,-2.2145705223083496,0.1893939393939394,True
PSMA5,PSMB6,P28066,P28072,-0.02408251352608204,1178,0.27614151,-1.9408906698226929,-1.7179232835769653,0.2074688796680498,True
PSMA5,PSMB2,P28066,P49721,0.20459869503974915,1178,0.43950567,-1.9408906698226929,-1.965756893157959,0.18672199170124482,True
PSMA5,PSMA6,P28066,P60900,0.3023868501186371,1178,0.66783488,-1.9408906698226929,-2.800093650817871,0.26422764227642276,True
PSMA5,PSMB7,P28066,Q99436,0.2189224362373352,1178,0.35361982,-1.9408906698226929,-1.3106693029403687,0.20216606498194944,True
POU1F1,UBE2I,P28069,P63279,-0.01124553568661213,1178,0.38475106,-0.010918713174760342,-2.037322521209717,0.15120274914089346,False
PSMB3,PSMB4,P49720,P28070,0.33578020334243774,1178,0.55264124,-2.682792901992798,-2.2145705223083496,0.17424242424242425,True
PSMB2,PSMB4,P49721,P28070,0.17620514333248138,1178,0.35549446,-1.965756893157959,-2.2145705223083496,0.17803030303030304,True
PSMA6,PSMB4,P60900,P28070,0.28511157631874084,1178,0.55447536,-2.800093650817871,-2.2145705223083496,0.17803030303030304,True
HEMK1,PSMB4,Q9Y5R4,P28070,-3.3995489502558485e-05,1178,0.47458211,0.025137556716799736,-2.2145705223083496,0.1952662721893491,False
PSMB5,PSMB6,P28074,P28072,0.37051889300346375,1178,0.49460111,-1.7032208442687988,-1.7179232835769653,0.28517110266159695,True
PSMB2,PSMB6,P49721,P28072,-0.03192375972867012,1178,0.4549191,-1.965756893157959,-1.7179232835769653,0.19246861924686193,True
PSMA6,PSMB5,P60900,P28074,0.17328885197639465,1178,0.41280452,-2.800093650817871,-1.7032208442687988,0.16730038022813687,True
PSMB5,PSMB7,P28074,Q99436,0.23764993250370026,1178,0.2848632,-1.7032208442687988,-1.3106693029403687,0.2563176895306859,True
MAPK1,PPP1R18,P28482,Q6NYC8,-0.02808339335024357,1178,0.3350389,-0.2733442485332489,-0.00449755135923624,0.13213703099510604,False
SIAH1,RXRB,Q8IUQ4,P28702,0.02123873680830002,1178,0.54427361,0.03499428927898407,0.005853827111423016,0.1200750469043152,False
GRN,ECM1,P28799,Q16610,0.07671960443258286,1178,0.25316584,-0.24621465802192688,-0.20784933865070343,0.2057335581787521,False
GRN,FANCL,P28799,Q9NW38,-0.03308037295937538,1178,0.29743222,-0.24621465802192688,-0.24380117654800415,0.1399662731871838,False
APLNR,GJB2,P35414,P29033,0.03365468233823776,1178,0.39543447,0.019303008913993835,-0.033237338066101074,0.1394736842105263,False
TEX29,GJB2,Q8N6K0,P29033,-0.09601759165525436,1178,0.32119236,-0.1053338497877121,-0.033237338066101074,0.14601769911504425,False
GJB2,TM2D2,P29033,Q9BX73,0.03773404285311699,1178,0.27523595,-0.033237338066101074,-0.2789486348628998,0.17699115044247787,False
EEF1D,EEF1A1,P29692,P68104,-0.013533921912312508,349,0.42066641,-0.18775950372219086,-2.09175705909729,0.1406926406926407,False
EEF1D,SIAH1,P29692,Q8IUQ4,-0.1309579610824585,1178,0.28515889,-0.18775950372219086,0.03499428927898407,0.1595744680851064,False
OAS2,FBXO17,P29728,Q96EF6,-0.023760387673974037,1178,0.23936923,-0.06543861329555511,-0.05095597356557846,0.12934631432545202,False
FNDC9,AQP1,Q8TBE3,P29972,0.07949985563755035,1178,0.24112032,-0.01507076621055603,0.09364534914493561,0.1524163568773234,False
TMEM80,AQP1,Q96HE8,P29972,0.011440593749284744,1162,0.5044601,-0.08396829664707184,0.09364534914493561,0.137546468401487,False
IL21R,AQP1,Q9HBE5,P29972,-0.03178645297884941,1178,0.2433913,0.06872545927762985,0.09364534914493561,0.13011152416356878,False
PRDX5,CDKN2D,P30044,P55273,0.1544698029756546,1178,0.46964059,-0.10942655056715012,-0.05516837164759636,0.205607476635514,False
ATP5F1C,ATP5F1D,P36542,P30049,0.5917484760284424,1178,0.54538333,-0.5625135898590088,-0.6911172866821289,0.1610738255033557,True
PPIF,CMPK1,P30405,P30085,0.008954070508480072,1178,0.4015512,-0.12595471739768982,-0.898122251033783,0.16908212560386474,False
GLRX,PEBP1,P35754,P30086,0.10107405483722687,1178,0.37775942,-0.14881154894828796,-0.16428478062152863,0.11764705882352941,False
EIF4A1,PPP2R1A,P60842,P30153,-0.0923604816198349,1178,0.41747083,-1.2459946870803833,-0.8647000789642334,0.1494057724957555,True
EIF4A1,PPP2R1B,P60842,P30154,-0.024009032174944878,1178,0.32436272,-1.2459946870803833,0.11619057506322861,0.15307820299500832,True
CCND3,CDKN1C,P30281,P49918,0.05222729220986366,1178,0.61657174,-0.3197183609008789,0.08782989531755447,0.20253164556962025,False
CCND3,CDKN2D,P30281,P55273,0.005128182005137205,1178,0.44729392,-0.3197183609008789,-0.05516837164759636,0.1541095890410959,False
MIP,TMEM154,P30301,Q6P9G4,-0.037674352526664734,1178,0.46845634,-0.1366289108991623,0.07719498127698898,0.155893536121673,False
MIP,TMEM139,P30301,Q8IV31,-0.034424249082803726,1178,0.46364447,-0.1366289108991623,0.061919089406728745,0.20912547528517111,False
MIP,CISD2,P30301,Q8N5K1,0.012507934123277664,1178,0.24478235,-0.1366289108991623,0.0908317044377327,0.12167300380228137,False
MIP,SYT2,P30301,Q8N9I0,-0.004169446416199207,1178,0.25146442,-0.1366289108991623,-0.17453978955745697,0.14558472553699284,False
MIP,RELL2,P30301,Q8NC24,0.066789910197258,1178,0.26662779,-0.1366289108991623,0.0042615290731191635,0.21782178217821782,False
MIP,TM4SF18,P30301,Q96CE8,0.14037726819515228,1178,0.37709144,-0.1366289108991623,-0.0803748145699501,0.155893536121673,False
PPIF,HIBADH,P30405,P31937,-0.03413441777229309,1178,0.44147312,-0.12595471739768982,-0.01719762198626995,0.13988095238095238,False
PPIF,AK2,P30405,P54819,0.01657230406999588,1178,0.25746854,-0.12595471739768982,-0.3398204743862152,0.18410041841004185,False
PPIF,UFM1,P30405,P61960,0.0005202552420087159,1178,0.50593046,-0.12595471739768982,-0.498414546251297,0.12560386473429952,False
FKBP1A,PPIF,P62942,P30405,-0.02441580593585968,1043,0.34611517,-0.3649578094482422,-0.12595471739768982,0.14009661835748793,False
PGM5,PPIF,Q15124,P30405,-0.06008350849151611,1178,0.23573023,-0.07451997697353363,-0.12595471739768982,0.10229276895943562,False
FKBP7,PPIF,Q9Y680,P30405,-0.0658021792769432,1178,0.35959127,-0.020741967484354973,-0.12595471739768982,0.21171171171171171,False
HMOX2,EBP,P30519,Q15125,-0.01629120483994484,1178,0.25050025,0.0009631927241571248,0.047918833792209625,0.16772151898734178,False
HMOX2,RNASEK,P30519,Q6P5S7,0.05294652283191681,349,0.255098,0.0009631927241571248,-0.5285704731941223,0.13291139240506328,False
HMOX2,GPR152,P30519,Q8TDT2,0.036071646958589554,1178,0.29583495,0.0009631927241571248,-0.07044405490159988,0.14468085106382977,False
CLIP1,GORASP1,P30622,Q9BQQ3,-0.04881227761507034,1178,0.32610171,-0.10412324219942093,-0.042025890201330185,0.08066759388038942,False
SLC7A1,MS4A13,P30825,Q5J8X5,-0.05795930325984955,1178,0.42811681,-0.28119662404060364,-0.03193621337413788,0.07790143084260731,False
SLC7A1,TRARG1,P30825,Q8IXB3,-0.018913451582193375,1178,0.4839811,-0.28119662404060364,0.1277216672897339,0.09697933227344992,False
SLC7A1,CMTM2,P30825,Q8TAZ6,-0.010464059188961983,1178,0.2523992,-0.28119662404060364,0.060115523636341095,0.09220985691573927,False
SLC7A1,SCN3B,P30825,Q9NY72,-0.012851553969085217,1178,0.28838575,-0.28119662404060364,0.0030425740405917168,0.09379968203497616,False
ALDH1B1,ALDH6A1,P30837,Q02252,0.08738583326339722,1178,0.60872931,0.002785723190754652,-0.01855902373790741,0.29345794392523367,False
GDI1,RAB7A,P31150,P51149,-0.03804212436079979,1178,0.45492291,0.08927027881145477,-0.5670374035835266,0.1476510067114094,False
GDI1,RAB13,P31150,P51153,0.0009024492464959621,1178,0.34207518,0.08927027881145477,-0.12847769260406494,0.12304250559284116,False
GDI1,RAB8A,P31150,P61006,0.048987776041030884,1178,0.30786655,0.08927027881145477,-0.17681147158145905,0.116331096196868,False
GDI1,RAB4B,P31150,P61018,-0.04419434815645218,1178,0.31518012,0.08927027881145477,-0.00822911225259304,0.1185682326621924,False
GDI1,RAB5B,P31150,P61020,-0.09160421043634415,1178,0.50481278,0.08927027881145477,0.04285895451903343,0.11185682326621924,False
RAB10,GDI1,P61026,P31150,-0.08459937572479248,1178,0.50903446,-0.4439699351787567,0.08927027881145477,0.12080536912751678,False
GDI1,RAB14,P31150,P61106,0.0028730297926813364,1178,0.29872914,0.08927027881145477,-0.11750461906194687,0.12080536912751678,False
RAB31,GDI1,Q13636,P31150,0.026664501056075096,1178,0.38348172,0.053885385394096375,0.08927027881145477,0.13870246085011187,False
GDI1,RAB35,P31150,Q15286,0.05359100550413132,1178,0.28962661,0.08927027881145477,-0.15194736421108246,0.116331096196868,False
GDI1,RAB34,P31150,Q9BZG1,0.02301122061908245,1178,0.34364294,0.08927027881145477,-0.2590358555316925,0.14988814317673377,False
HOXC8,FNTB,P31273,P49356,0.024267274886369705,1178,0.26984569,-0.027592109516263008,-0.6770198941230774,0.14187643020594964,False
PRKAR2B,PRKX,P31323,P51817,-0.06653372943401337,1178,0.65005671,0.06685545295476913,0.04934629052877426,0.1722488038277512,False
PMP22,SDC4,Q01453,P31431,-0.12403369694948196,1178,0.30044559,0.05782945081591606,0.0032491483725607395,0.19696969696969696,False
CEP76,AKT1,Q8TAP6,P31749,-0.00897892378270626,1178,0.28272278,0.08644552528858185,-0.11894035339355469,0.16084977238239756,False
HIBADH,RTP2,P31937,Q5QGT7,-0.16885364055633545,1178,0.33293651,-0.01719762198626995,0.13485287129878998,0.13988095238095238,False
HIBADH,CLEC2A,P31937,Q6UVW9,-0.005926154088228941,1178,0.29148404,-0.01719762198626995,0.07495029270648956,0.125,False
ACTB,YWHAB,P60709,P31946,0.028417212888598442,1178,0.31667858,-0.6299494504928589,-0.010076310485601425,0.144,True
ACTG1,YWHAB,P63261,P31946,0.0329008474946022,1178,0.2568817,-0.7161232233047485,-0.010076310485601425,0.13866666666666666,False
SFN,MKRN3,P31947,Q13064,-0.014389559626579285,1178,0.25709443,-0.2125605344772339,0.0910174697637558,0.13609467455621302,False
STIP1,GPX4,P31948,P36969,-0.035509269684553146,1178,0.23940121,-0.24724973738193512,-0.8325554728507996,,False
PHETA2,INPP5B,Q6ICB4,P32019,0.004603142384439707,1178,0.53997474,0.07264534384012222,-0.23760944604873657,0.08056394763343404,False
LASP1,OTX1,Q14847,P32242,0.06726031750440598,1178,0.31060987,-0.09351672977209091,-0.12674158811569214,0.1497175141242938,False
TBCEL,OTX2,Q5QJ74,P32243,-0.011686584912240505,1178,0.35522192,0.0071348585188388824,0.04020672291517258,0.14858490566037735,False
TENT5B,OTX2,Q96A09,P32243,0.01904929243028164,1178,0.33644844,0.04829917103052139,0.04020672291517258,0.16,False
POLDIP3,OTX2,Q9BY77,P32243,0.03030402585864067,1178,0.44527319,0.043988846242427826,0.04020672291517258,0.1543942992874109,False
NAA50,OTX2,Q9GZZ1,P32243,-0.057101037353277206,1178,0.41307075,-1.6934723854064941,0.04020672291517258,0.11418685121107267,False
HSD3B7,OTX2,Q9H2F3,P32243,-0.05646974593400955,1178,0.27328074,-0.15011394023895264,0.04020672291517258,0.15718157181571815,False
TAX1BP1,KIF5B,Q86VP1,P33176,0.043616484850645065,1178,0.40521637,-0.05180560052394867,0.1238151490688324,0.1754932502596054,False
CSTF3,CSTF2,Q12996,P33240,0.030939435586333275,1178,0.67433319,-1.1674578189849854,-0.17886728048324585,0.17433751743375175,True
CSTF2,SYMPK,P33240,Q92797,0.15104587376117706,1178,0.61863781,-0.17886728048324585,-1.124184489250183,0.12872841444270017,True
CSTF2,HDHD3,P33240,Q9BSH5,0.030568616464734077,1178,0.26713259,-0.17886728048324585,-0.02325608767569065,0.11091854419410745,False
CYP2C18,TMEM260,P33260,Q9NX78,-0.03376241400837898,1178,0.26146573,-0.02247694507241249,-0.02551468089222908,0.15417256011315417,False
MCM4,MCM5,P33991,P33992,0.28321540355682373,1178,0.49248082,-1.2792649269104004,-1.408808946609497,0.2931633835457706,True
MCM5,MCM6,P33992,Q14566,0.19521267712116241,1178,0.57046149,-1.408808946609497,-1.2173418998718262,0.2789281364190012,True
MCM2,MCM7,P49736,P33993,0.2616073489189148,1178,0.57793351,-1.58405601978302,-1.9144065380096436,0.2809734513274336,True
MCM7,MCMBP,P33993,Q9BTE3,0.10328826308250427,1178,0.39745,-1.9144065380096436,-0.45540106296539307,0.17385257301808066,False
AQP6,CD68,Q13520,P34810,-0.03126581013202667,1178,0.26284004,-0.07723511010408401,-0.061802349984645844,0.1497175141242938,False
CD68,TMEM179B,P34810,Q7Z7N9,0.12093790620565414,1178,0.29037665,-0.061802349984645844,-0.11443796753883362,0.1497175141242938,False
HSPA2,HSPA4,P54652,P34932,-0.03879993408918381,1178,0.71286785,0.03784184902906418,-0.11330894380807877,0.26071428571428573,False
FXYD3,CNR2,Q14802,P34972,0.0381571426987648,1178,0.36603001,-0.054568447172641754,0.019315557554364204,0.07777777777777778,False
TMEM86A,CNR2,Q8N2M4,P34972,-0.05478030815720558,1178,0.28831513,0.11852151900529861,0.019315557554364204,0.16666666666666666,False
TMEM203,CNR2,Q969S6,P34972,0.028319701552391052,1178,0.49821722,0.15245753526687622,0.019315557554364204,0.11666666666666667,False
RFT1,CNR2,Q96AA3,P34972,0.009099146351218224,1178,0.38602537,-0.6622254252433777,0.019315557554364204,0.17929759704251386,False
BMI1,PHC1,P35226,P78364,-0.029207320883870125,1178,0.48843175,0.10868632048368454,-0.12174217402935028,0.08366533864541832,True
PHC1,PCGF2,P78364,P35227,0.010341215878725052,1178,0.46946414,-0.12174217402935028,-0.10197452455759048,0.10159362549800798,False
PCGF2,PHC3,P35227,Q8NDX5,0.04146674647927284,1178,0.48594422,-0.10197452455759048,0.026699209585785866,0.10783316378433368,False
CBX8,PCGF2,Q9HC52,P35227,-0.08802708983421326,1178,0.55182646,0.0784871056675911,-0.10197452455759048,0.15424164524421594,False
NF2,PPFIA1,P35240,Q13136,-0.11206954717636108,1178,0.39483266,0.34064432978630066,-0.04041345417499542,0.12229617304492513,False
RFC1,RFC4,P35251,P35249,-0.0031301858834922314,1178,0.32939526,-0.5253193378448486,-1.1992303133010864,0.09668989547038327,True
RFC2,RFC3,P35250,P40938,0.2719888985157013,1178,0.62992837,-1.4766898155212402,-1.4154082536697388,0.24157303370786518,True
RFC1,RFC5,P35251,P40937,-0.1568445861339569,1178,0.40316258,-0.5253193378448486,-1.4592576026916504,0.08449477351916376,True
RPL11,RPL22,P62913,P35268,0.13465116918087006,1178,0.29220601,-2.3445355892181396,-0.7108766436576843,0.1853932584269663,False
RPL22,BEND7,P35268,Q8N7W2,-0.036686211824417114,1178,0.30032271,-0.7108766436576843,0.17664888501167297,0.10411622276029056,False
OPRM1,CLDN10,P35372,P78369,0.10857992619276047,1178,0.56091007,0.049531105905771255,0.032080717384815216,0.1375,False
PMP22,OPRM1,Q01453,P35372,0.044614121317863464,1178,0.28920958,0.05782945081591606,0.049531105905771255,0.1275,False
OPRM1,IFITM3,P35372,Q01628,0.026570219546556473,1059,0.39006239,0.049531105905771255,-1.0735313892364502,0.0925,False
OPRM1,MALL,P35372,Q13021,-0.02192092314362526,1178,0.35460288,0.049531105905771255,-0.2591892182826996,0.115,False
OPRM1,LRRC25,P35372,Q8N386,0.08817149698734283,1178,0.3544115,0.049531105905771255,0.02789611741900444,0.145,False
OPRM1,SEC22A,P35372,Q96IW7,0.018071694299578667,1178,0.25927464,0.049531105905771255,-0.08306688815355301,0.1875,False
MAP1LC3A,OPRM1,Q9H492,P35372,-0.07696164399385452,1178,0.25340554,-0.11725074052810669,0.049531105905771255,0.1075,False
OPRM1,LPAR3,P35372,Q9UBY5,-0.0957086980342865,1178,0.34199776,0.049531105905771255,-0.035856880247592926,0.18,False
UBE2I,CBS,P63279,P35520,-0.07531196624040604,1178,0.37803652,-2.037322521209717,0.06571739166975021,0.0852994555353902,False
PIN1,CBS,Q13526,P35520,-0.012636454775929451,1178,0.24964291,0.019764717668294907,0.06571739166975021,0.0852994555353902,False
ARCN1,COPB2,P48444,P35606,0.33507484197616577,1178,0.36808551,-1.4538465738296509,-2.2082250118255615,0.1346578366445916,False
COPB1,COPB2,P53618,P35606,0.3013990521430969,1178,0.3101531,-2.200925350189209,-2.2082250118255615,0.19622245540398742,False
COPA,COPB2,P53621,P35606,0.3750581741333008,1178,0.70914012,-2.046663284301758,-2.2082250118255615,0.21650326797385622,False
ACTN2,NKAPD1,P35609,Q6ZUT1,-0.026731502264738083,1178,0.30458839,0.05550381913781166,-0.28907713294029236,0.09172259507829977,False
TRAF2,SOX5,Q12933,P35711,-0.07650132477283478,1178,0.25455322,-0.3087533712387085,-0.06925876438617706,0.1349934469200524,False
USHBP1,KRT20,Q8N6Y0,P35900,-0.024710098281502724,1178,0.31074947,-0.06399358808994293,-0.020241545513272285,0.14082503556187767,False
TFIP11,KRT20,Q9UBB9,P35900,0.030396346002817154,1178,0.52883917,-1.091179370880127,-0.020241545513272285,0.13381123058542413,False
VRK2,GJA5,Q86Y07,P36382,-0.01310624461621046,1178,0.25449521,0.08167524635791779,-0.132407084107399,0.15748031496062992,False
TBL1XR1,ARL2,Q9BZK7,P36404,-0.042631033807992935,1178,0.23871511,-0.38927245140075684,-1.617118239402771,0.10505836575875487,False
TRIM23,TRIM29,P36406,Q14134,0.03802081197500229,1178,0.38933013,-0.08009553700685501,0.04571327567100525,0.17346938775510204,False
TRIM23,SIAH1,P36406,Q8IUQ4,0.06577695161104202,1178,0.30276657,-0.08009553700685501,0.03499428927898407,0.14111498257839722,False
TRIM23,TRIM42,P36406,Q8IWZ5,-0.09425198286771774,1178,0.652769,-0.08009553700685501,0.061949532479047775,0.15629322268326418,False
PPP1CC,PPP1R2,P36873,P41236,0.1455841362476349,1178,0.63252695,-0.19104059040546417,-0.57265305519104,0.14860681114551083,False
PPP1CC,PPP1R18,P36873,Q6NYC8,0.025662455707788467,1178,0.28455432,-0.19104059040546417,-0.00449755135923624,0.1402936378466558,False
PPP1CC,KIF18A,P36873,Q8NI77,0.1766425222158432,1178,0.24041333,-0.19104059040546417,-1.3035242557525635,0.12026726057906459,False
PPP1CC,PDRG1,P36873,Q9NUG6,-0.025886157527565956,1178,0.47563332,-0.19104059040546417,-1.50255286693573,0.11764705882352941,False
EIF2AK4,PPP1CC,Q9P2K8,P36873,-0.10330470651388168,1178,0.31881012,-0.0940902829170227,-0.19104059040546417,0.07337780473013948,False
PPP1CC,PPP1R9A,P36873,Q9ULJ8,0.009139720350503922,1178,0.4021507,-0.19104059040546417,0.04210669919848442,0.0883424408014572,False
PPP1CC,SHOC2,P36873,Q9UQ13,0.026629284024238586,1178,0.64865857,-0.19104059040546417,-0.2754703760147095,0.13573883161512026,False
SERPINF1,IMPACT,P36955,Q9P2X3,0.044626634567976,1178,0.23846222,0.06693621724843979,0.0772094577550888,0.1507177033492823,False
NUP88,NUP62,Q99567,P37198,0.17331652343273163,1178,0.70612776,-1.524067759513855,-0.6096435785293579,0.16194331983805668,False
HPCAL1,KRTAP10-8,P37235,P60410,0.12188108265399933,1178,0.27828603,-0.025230243802070618,0.010718057863414288,0.09266409266409266,False
DTX2,HPCAL1,Q86UW9,P37235,0.037620991468429565,1178,0.32958121,-0.10150662064552307,-0.025230243802070618,0.08842443729903537,False
CTBP1,ZEB1,Q13363,P37275,0.21149615943431854,1178,0.2599481,0.002487633842974901,-0.09945891052484512,0.11565836298932385,True
HNRNPU,HSPA9,Q00839,P38646,-0.013234506361186504,1178,0.30044751,-1.0909197330474854,-2.3085453510284424,0.18545454545454546,False
HSPA9,ACO2,P38646,Q99798,-0.026665566489100456,1178,0.42662595,-2.3085453510284424,-0.7567638158798218,0.19230769230769232,False
HSPA9,GRPEL1,P38646,Q9HAV7,0.29976943135261536,1178,0.63037005,-2.3085453510284424,-1.3549089431762695,0.10456553755522828,True
HNRNPK,EIF4A3,P61978,P38919,0.1759949028491974,1178,0.28317513,-2.351480722427368,-2.2937638759613037,0.16846652267818574,False
EIF4A3,POLR2G,P38919,P62487,0.0961427092552185,1178,0.54525399,-2.2937638759613037,-1.6229546070098877,0.10218978102189781,False
VRTN,EIF4A3,Q9H8Y1,P38919,0.05156568065285683,1178,0.27186913,0.0046365647576749325,-2.2937638759613037,0.1282051282051282,False
CCDC9,EIF4A3,Q9Y3X0,P38919,0.025460416451096535,1178,0.28065494,-0.2782045006752014,-2.2937638759613037,0.14689265536723164,False
RPL3,RPS5,P39023,P46782,0.07420403510332108,1178,0.25667428,-2.5326333045959473,-1.7800742387771606,0.1141439205955335,False
RPL3,RPL24,P39023,P83731,0.1288907825946808,1178,0.41384315,-2.5326333045959473,-2.010774612426758,0.11166253101736973,False
PMP22,CEACAM3,Q01453,P40198,-0.0713958665728569,1178,0.24334693,0.05782945081591606,0.0180734284222126,0.16666666666666666,False
CEACAM6,RHOXF2,P40199,Q9BQY4,-0.03431195020675659,1043,0.2799073,-0.21515122056007385,-0.0970466136932373,0.1686046511627907,False
TXLNA,RASSF8,P40222,Q8NHQ8,-0.10297898203134537,1178,0.24298798,-0.08945633471012115,-0.04682611674070358,0.184981684981685,False
TXLNA,KRT35,P40222,Q92764,-0.07281790673732758,1178,0.44926664,-0.08945633471012115,-0.04544695466756821,0.17765567765567766,False
CCT4,CCT6A,P50991,P40227,0.21088947355747223,1178,0.5759478,-2.160385847091675,-1.6572927236557007,0.2949907235621521,True
CCT2,CCT6A,P78371,P40227,0.07036437094211578,1178,0.64205308,-1.4407544136047363,-1.6572927236557007,0.2822429906542056,True
FAM90A1,PBX2,Q86YD7,P40425,0.07205229997634888,349,0.29652819,0.0731341615319252,-0.2074374407529831,0.1853448275862069,False
RPL13A,RPL14,P40429,P50914,0.17514774203300476,349,0.45766852,-1.8950754404067993,-1.9426994323730469,0.18604651162790697,False
EBNA1BP2,RPL13A,Q99848,P40429,0.1479438990354538,349,0.3535033,-0.9629229307174683,-1.8950754404067993,0.19281045751633988,False
MDH2,TIAL1,P40926,Q01085,0.04012063518166542,1178,0.24730155,-0.2290021777153015,-0.09747417271137238,0.16533333333333333,False
RFC3,RFC5,P40938,P40937,0.33820798993110657,1178,0.69306456,-1.4154082536697388,-1.4592576026916504,0.25842696629213485,True
XIAP,RFC5,P98170,P40937,0.07865181565284729,1178,0.30697922,-0.023898975923657417,-1.4592576026916504,0.1529175050301811,False
RFC5,ARID5A,P40937,Q03989,-0.05715517699718475,1178,0.3127231,-1.4592576026916504,-0.25626417994499207,0.13636363636363635,False
RFC5,ZMAT1,P40937,Q5H9K5,-0.008781226351857185,1178,0.25569626,-1.4592576026916504,0.09270346164703369,0.1238244514106583,False
OPRD1,SMAGP,P41143,Q0VAQ4,-0.1738574355840683,1059,0.35225778,0.0672367587685585,-0.23456424474716187,0.08602150537634409,False
OPRD1,TMEM237,P41143,Q96Q45,-0.21348139643669128,1178,0.29874253,0.0672367587685585,0.046736832708120346,0.16911764705882354,False
OPRD1,RPRM,P41143,Q9NS64,0.16035376489162445,1178,0.36491938,0.0672367587685585,0.09651501476764679,0.09946236559139784,False
PMP22,AQP2,Q01453,P41181,0.009593485854566097,1178,0.44709571,0.05782945081591606,-0.07174926996231079,0.15129151291512916,False
AQP2,RTP2,P41181,Q5QGT7,0.056645359843969345,1178,0.31992947,-0.07174926996231079,0.13485287129878998,0.16974169741697417,False
AQP2,TRARG1,P41181,Q8IXB3,-0.044723451137542725,1178,0.27287611,-0.07174926996231079,0.1277216672897339,0.16236162361623616,False
NRM,AQP2,Q8IXM6,P41181,-0.059974875301122665,1178,0.42746432,-0.07073205709457397,-0.07174926996231079,0.1918819188191882,False
AQP2,OR10AG1,P41181,Q8NH19,0.004715818911790848,1059,0.40270248,-0.07174926996231079,-0.05930653214454651,0.16943521594684385,False
GPX8,AQP2,Q8TED1,P41181,0.00037770491326227784,1178,0.32460683,-0.2495092898607254,-0.07174926996231079,0.17712177121771217,False
CXCL16,AQP2,Q9H2A7,P41181,-0.03245527297258377,1178,0.36082664,0.04718900844454765,-0.07174926996231079,0.2140221402214022,False
ATXN1,SOX3,P54253,P41225,0.04370898753404617,1178,0.24116102,-0.013019132427871227,-0.023987773805856705,0.14478527607361963,False
KIFAP3,NAA10,Q92845,P41227,0.01733269914984703,1178,0.30226818,0.005513044539839029,-0.9787938594818115,0.09722222222222222,False
PPP1CA,PPP1R2,P62136,P41236,0.21274727582931519,1178,0.65176972,-0.6405314207077026,-0.57265305519104,0.12424242424242424,False
IARS1,QARS1,P41252,P47897,0.0740424245595932,1178,0.33406395,-1.8848167657852173,-1.6815320253372192,0.16085578446909668,True
IARS1,RARS1,P41252,P54136,0.07949750125408173,1178,0.42348207,-1.8848167657852173,-0.7889400124549866,0.13549920760697307,True
IARS1,MARS1,P41252,P56192,0.15841493010520935,1178,0.42269366,-1.8848167657852173,-1.6941947937011719,0.15689381933438987,True
IARS1,KARS1,P41252,Q15046,0.11465110629796982,1178,0.54163808,-1.8848167657852173,-1.648799180984497,0.13946117274167988,True
ACTR1B,DCTN2,P42025,Q13561,0.03434400260448456,1178,0.30503503,-0.2349509447813034,-0.985519528388977,0.18952618453865336,False
ACTR1B,ACTR10,P42025,Q9NZ32,-0.01203525997698307,1178,0.38850472,-0.2349509447813034,-1.5297715663909912,0.23741007194244604,False
RBM7,MTREX,Q9Y580,P42285,0.1228732317686081,1178,0.430099,-0.06782262027263641,-1.6333088874816895,0.08253358925143954,False
NCAPD3,NCAPH2,P42695,Q6IBW4,0.7074765563011169,1178,0.6839862,-0.8144543766975403,-0.6976332664489746,0.11415220293724966,True
RPL23A,RPL35,P62750,P42766,0.182889923453331,349,0.52192289,-2.076730489730835,-1.5074961185455322,0.1987179487179487,False
PYCR3,CDKN2B,Q53H96,P42772,0.04695357754826546,1162,0.36847519,0.023526465520262718,0.0685386061668396,0.13138686131386862,False
CDKN2B,NIF3L1,P42772,Q9GZT8,-0.002610142109915614,1162,0.30689714,0.0685386061668396,-0.05883666127920151,0.09814323607427056,False
SPG21,CDKN2B,Q9NZD8,P42772,-0.06977538019418716,1162,0.39388216,-0.17563346028327942,0.0685386061668396,0.12012987012987013,False
CDKN2C,NAGK,P42773,Q9UJ70,0.15763668715953827,1178,0.34509571,0.2813692092895508,0.07684994488954544,0.125,False
SLC1A1,TMEM179B,P43005,Q7Z7N9,-0.015173831023275852,1178,0.3054994,0.04454025253653526,-0.11443796753883362,0.12595419847328243,False
CRAT,RGS3,P43155,P49796,-0.10166638344526291,1178,0.24751139,0.023209907114505768,-0.072879858314991,0.1352253756260434,False
LMO4,CRYBB2,P61968,P43320,0.035594820976257324,1178,0.33269213,0.0029102149419486523,0.05102788656949997,0.14634146341463414,False
RAD52,NFYC,P43351,Q13952,0.06642795354127884,1178,0.27626702,-0.15827561914920807,-0.7966613173484802,0.17467248908296942,False
CTF1,MAGEA6,Q16619,P43360,-0.00943700596690178,1043,0.26380101,-0.08064392954111099,-0.07273440808057785,0.14012738853503184,False
PCBD2,MAGEA6,Q9H0N5,P43360,0.044542886316776276,1043,0.30139076,-0.10906282812356949,-0.07273440808057785,0.1305732484076433,False
FAM216A,MAGEA10,Q8WUB2,P43363,0.056278668344020844,1178,0.51652034,0.016558540984988213,0.08682861924171448,0.13821138211382114,False
PNKD,MAGEA11,Q8N490,P43364,0.16737258434295654,1178,0.29111726,0.024280279874801636,0.05697903037071228,0.18414918414918416,False
PCBD2,MAGEA11,Q9H0N5,P43364,-0.0280111376196146,1178,0.33437258,-0.10906282812356949,0.05697903037071228,0.08857808857808858,False
GJA8,KIR2DL3,P48165,P43628,-0.03737548738718033,1178,0.29621994,-0.045923665165901184,0.07815271615982056,0.15011547344110854,False
TMEM97,KIR2DL3,Q5BJF2,P43628,-0.09906361252069473,1178,0.24096046,-0.22210444509983063,0.07815271615982056,0.12903225806451613,False
ANKRD46,KIR2DL3,Q86W74,P43628,-0.021722659468650818,1178,0.26810357,0.11606259644031525,0.07815271615982056,0.14076246334310852,False
CLDN19,KIR2DL3,Q8N6F1,P43628,-0.02119906060397625,1178,0.24444501,-0.22375376522541046,0.07815271615982056,0.1378299120234604,False
GPX8,KIR2DL3,Q8TED1,P43628,0.028201347216963768,1178,0.33752838,-0.2495092898607254,0.07815271615982056,0.1466275659824047,False
AQP10,KIR2DL3,Q96PS8,P43628,-0.05134284868836403,1178,0.51078598,-0.16743157804012299,0.07815271615982056,0.18181818181818182,False
GPR108,KIR2DL3,Q9NPR9,P43628,-0.017147192731499672,1178,0.37772354,-0.01111179031431675,0.07815271615982056,0.13812154696132597,False
AIG1,KIR2DL3,Q9NVV5,P43628,-0.016150934621691704,1178,0.33435758,0.11428071558475494,0.07815271615982056,0.12903225806451613,False
LPAR6,RPRM,P43657,Q9NS64,-0.04410379379987717,1178,0.2722466,0.07349994778633118,0.09651501476764679,0.09302325581395349,False
USP5,CORO1B,P45974,Q9BR76,0.08538513630628586,1178,0.41922829,-1.3568371534347534,0.09084808081388474,0.13752913752913754,False
IER3,TMX2,P46695,Q9Y320,0.0038669132627546787,1178,0.33462459,-0.1552739292383194,-0.24872562289237976,0.13513513513513514,False
RPL5,RPL21,P46777,P46778,0.0449482724070549,349,0.37814978,-2.5500059127807617,-2.721560478210449,0.15151515151515152,False
RPL18A,RPL21,Q02543,P46778,0.10754303634166718,349,0.47938794,-2.4688665866851807,-2.721560478210449,0.21022727272727273,False
RPL28,RPL32,P46779,P62910,0.11398351937532425,1178,0.5610175,-0.8013965487480164,-2.273359537124634,0.19708029197080293,False
CAPZA2,CAPZB,P47755,P47756,0.053698454052209854,1178,0.72849507,-0.0750824362039566,-1.0489094257354736,0.22727272727272727,False
CAPZA2,CRACD,P47755,Q6ZU35,-0.04949866235256195,1178,0.28812803,-0.0750824362039566,-0.1363195925951004,0.0681265206812652,False
CAPZA2,KIAA1671,P47755,Q9BY89,0.04195510968565941,1178,0.25176468,-0.0750824362039566,-0.007336379960179329,0.05204872646733112,False
MARS1,QARS1,P56192,P47897,0.08301032334566116,1178,0.23947309,-1.6941947937011719,-1.6815320253372192,0.19444444444444445,True
TGM7,QARS1,Q96PF1,P47897,-0.0387183278799057,1178,0.35867916,-0.10129033774137497,-1.6815320253372192,0.18193548387096775,False
LARS1,QARS1,Q9P2J5,P47897,-0.016084637492895126,1178,0.38096278,-1.649951457977295,-1.6815320253372192,0.15816326530612246,True
GJA8,CTXN3,P48165,Q4LDR2,0.05344272404909134,1178,0.33689912,-0.045923665165901184,0.006919625215232372,0.06466512702078522,False
GJA8,COX20,P48165,Q5RI15,-0.09835109114646912,1178,0.25467479,-0.045923665165901184,-0.4836638271808624,0.09237875288683603,False
GJA8,TMEM107,P48165,Q6UX40,0.006337808445096016,1178,0.31849237,-0.045923665165901184,0.011205784976482391,0.09930715935334873,False
GJA8,ARL6IP6,P48165,Q8N6S5,-0.09248311072587967,1178,0.23728946,-0.045923665165901184,-0.09260650724172592,0.13163972286374134,False
GJA8,CYBC1,P48165,Q9BQA9,-0.07607471197843552,1178,0.33531694,-0.045923665165901184,0.0799885019659996,0.12933025404157045,False
GJA8,TMEM121,P48165,Q9BTD3,-0.08063913881778717,1178,0.36945873,-0.045923665165901184,-0.025715721771121025,0.18937644341801385,False
GJA8,CXCL16,P48165,Q9H2A7,0.002708614571020007,1178,0.25538475,-0.045923665165901184,0.04718900844454765,0.16166281755196305,False
GJA8,SMCO4,P48165,Q9NRQ5,0.023528899997472763,1178,0.23649856,-0.045923665165901184,-0.006934805307537317,0.03926096997690531,False
RFX2,RFX6,P48378,Q8HWS3,-0.03638928756117821,1178,0.44654193,-0.09301184117794037,-0.03731025382876396,0.23168103448275862,False
PIP4K2A,MEX3B,P48426,Q6ZN04,-0.062120601534843445,1178,0.43322294,0.11477640271186829,-0.106512650847435,0.15992970123022848,False
LSS,CIB1,P48449,Q99828,0.02345346286892891,1178,0.45239845,-0.057275090366601944,-0.0184027012437582,0.08196721311475409,False
GCLC,GCLM,P48506,P48507,0.5424279570579529,1178,0.55821772,-0.06722057610750198,-0.04119046404957771,0.11616954474097331,False
GCLM,OSGIN1,P48507,Q9UJX0,0.06656742841005325,1178,0.34894578,-0.04119046404957771,0.052101172506809235,0.129979035639413,False
CD151,TMEM139,P48509,Q8IV31,0.016244685277342796,1178,0.28600077,-0.15538795292377472,0.061919089406728745,0.1857707509881423,False
CSNK1D,GAPVD1,P48730,Q14C86,-0.054785773158073425,1178,0.38082557,0.03290076553821564,-0.05329550430178642,0.08998646820027063,False
CSNK1D,ZNF618,P48730,Q5T7W0,0.004677888005971909,1178,0.59938122,0.03290076553821564,0.03341122344136238,0.11425576519916142,False
CSNK1D,ZBTB8A,P48730,Q96BR9,-0.04671778157353401,1178,0.2629177,0.03290076553821564,-0.03165227174758911,0.17006802721088435,False
LNX1,TDO2,Q8TBB1,P48775,-0.12473355978727341,1178,0.24160357,-0.03482906520366669,0.03371042013168335,0.1346153846153846,False
TXN2,RPIA,Q99757,P49247,0.2004050612449646,1178,0.46070666,-0.11095912754535675,-0.3310123682022095,0.14469453376205788,False
RPIA,C14orf119,P49247,Q9NWQ9,0.05985870957374573,1178,0.35317973,-0.3310123682022095,-0.11386135965585709,0.13183279742765272,False
NASP,ASF1B,P49321,Q9NVP2,0.18425509333610535,1178,0.57549661,-0.5193023681640625,-0.19334132969379425,0.08629441624365482,True
NASP,ASF1A,P49321,Q9Y294,0.10163821280002594,1178,0.5153781,-0.5193023681640625,-0.11096007376909256,0.08121827411167512,True
CCDC24,FNTB,Q8N4L8,P49356,0.004369489848613739,1178,0.2781125,-0.040189579129219055,-0.6770198941230774,0.17620137299771166,False
CCT3,GEMIN4,P49368,P57678,-0.045800331979990005,1178,0.29641363,-2.1431899070739746,-0.6803281307220459,0.13137996219281664,False
CCT3,CCT6B,P49368,Q92526,0.041052062064409256,1178,0.65418874,-2.1431899070739746,-0.09621933102607727,0.28807339449541286,False
MRPL13,MRPL19,Q9BYD1,P49406,0.5856114625930786,1178,0.25541285,-0.194338858127594,-0.34109026193618774,0.1506849315068493,False
CDC34,SIAH1,P49427,Q8IUQ4,-0.012243746779859066,1178,0.2966012,0.0396389402449131,0.03499428927898407,0.1524822695035461,False
CYB561,EFNA5,P49447,P52803,0.006285110488533974,1178,0.28780285,-0.23183859884738922,-0.01949356123805046,0.21115537848605578,False
CYB561,BNIP1,P49447,Q12981,0.0030363728292286396,1178,0.33105643,-0.23183859884738922,-0.669120192527771,0.18725099601593626,False
CYB561,STX3,P49447,Q13277,-0.028397364541888237,1178,0.23887891,-0.23183859884738922,0.03789303079247475,0.14186851211072665,False
CYB561,FKBP8,P49447,Q14318,0.09349160641431808,1178,0.30288361,-0.23183859884738922,-0.13637715578079224,0.1553398058252427,False
CYB561,EBP,P49447,Q15125,0.02157473936676979,1178,0.49793763,-0.23183859884738922,0.047918833792209625,0.20717131474103587,False
CYB561,TMEM179B,P49447,Q7Z7N9,0.09933098405599594,1178,0.4354146,-0.23183859884738922,-0.11443796753883362,0.19123505976095617,False
CYB561,SERP2,P49447,Q8N6R1,0.009059371426701546,1178,0.24400366,-0.23183859884738922,0.055590759962797165,0.07171314741035857,False
CYB561,CMTM2,P49447,Q8TAZ6,0.10398317128419876,1178,0.23055039,-0.23183859884738922,0.060115523636341095,0.20717131474103587,False
CYB561,EDA,P49447,Q92838,0.07695823162794113,1178,0.34333459,-0.23183859884738922,-0.06938301771879196,0.1329923273657289,False
CYB561,TM4SF18,P49447,Q96CE8,-0.07881730049848557,1178,0.53640976,-0.23183859884738922,-0.0803748145699501,0.1752988047808765,False
CYB561,SEC22A,P49447,Q96IW7,-0.01728687435388565,1178,0.47286035,-0.23183859884738922,-0.08306688815355301,0.20846905537459284,False
CYB561,RNF5,P49447,Q99942,0.015544790774583817,1177,0.35173652,-0.23183859884738922,-0.03679965063929558,0.1553784860557769,False
CYB561,ZDHHC7,P49447,Q9NXF8,-0.11255921423435211,1178,0.41999836,-0.23183859884738922,-0.09331699460744858,0.12987012987012986,False
CYB561,SLC39A1,P49447,Q9NY26,0.03382571414113045,1178,0.27159788,-0.23183859884738922,-0.01769443042576313,0.2037037037037037,False
CYB561,ERG28,P49447,Q9UKR5,-0.0006720585515722632,1178,0.4331926,-0.23183859884738922,-0.009785575792193413,0.17928286852589642,False
CYB561,UBE2J1,P49447,Q9Y385,0.009600238874554634,1178,0.36107536,-0.23183859884738922,-0.04373384639620781,0.13522012578616352,False
PSMB3,PSMA6,P49720,P60900,0.28630971908569336,1178,0.4066907,-2.682792901992798,-2.800093650817871,0.17073170731707318,True
PSMB2,PSMB7,P49721,Q99436,0.1515371948480606,1178,0.30443497,-1.965756893157959,-1.3106693029403687,0.16606498194945848,True
VPS41,TGFBRAP1,P49754,Q8WUH2,0.09607896953821182,1178,0.5832716,-0.5021218061447144,-0.28079837560653687,0.19651162790697674,False
VPS41,VPS16,P49754,Q9H269,0.3805869221687317,1178,0.51612202,-0.5021218061447144,-0.41593122482299805,0.1955503512880562,True
VPS41,VPS18,P49754,Q9P253,0.5144008994102478,1178,0.58254363,-0.5021218061447144,-0.8895872235298157,0.18602261048304214,True
TMED10,TMED1,P49755,Q13445,0.0219398383051157,1178,0.66543759,-0.6425300240516663,-0.031133117154240608,0.2290748898678414,False
TMED2,TMED10,Q15363,P49755,0.6913589239120483,1178,0.63798367,-0.576653003692627,-0.6425300240516663,0.2191780821917808,False
TMED10,TMED5,P49755,Q9Y3A6,0.05837889760732651,1178,0.68157218,-0.6425300240516663,-0.11422838270664215,0.24017467248908297,False
TMED10,TMED3,P49755,Q9Y3Q3,0.027894221246242523,1178,0.67288242,-0.6425300240516663,0.03607156500220299,0.2328767123287671,False
SRPK2,CLK2,P78362,P49760,0.0570862852036953,1178,0.27547063,-0.03751474991440773,-0.40129372477531433,0.19476744186046513,False
U2AF1,CLK2,Q01081,P49760,0.12321332842111588,1178,0.24645189,-1.7390899658203125,-0.40129372477531433,0.12424849699398798,False
ZNF558,CLK2,Q96NG5,P49760,0.02911723405122757,1178,0.28244875,0.0768136978149414,-0.40129372477531433,0.156312625250501,False
CLK3,ZNF777,P49761,Q9ULD5,0.02874605730175972,1178,0.2565899,-0.01834220439195633,-0.0422440804541111,0.1371841155234657,False
TAF6,TAF3,P49848,Q5VWG9,0.36678701639175415,1178,0.4574941,-1.4066530466079712,-0.2480834275484085,0.16792249730893433,True
TAF9B,TAF6,Q9HBM6,P49848,-0.036200232803821564,1178,0.64555059,0.044965293258428574,-1.4066530466079712,0.11816838995568685,True
SCAND1,ZNF165,P57086,P49910,-0.02390207350254059,1178,0.59115426,-0.2130463719367981,0.03909750282764435,0.11752577319587629,False
MRE11,RAD50,P49959,Q92878,0.5358570218086243,1178,0.58471416,-0.3579009175300598,-0.017021965235471725,0.13490853658536586,True
EMD,ZNF232,P50402,Q9UNY5,-0.010254936292767525,1178,0.27530525,0.16836243867874146,0.019151106476783752,0.15090090090090091,False
LHX2,MORN3,P50458,Q6PF18,-0.025906125083565712,1178,0.24205589,0.10475849360227585,0.2002219408750534,0.16009852216748768,False
VASP,ABI1,P50552,Q8IZP0,0.14629200100898743,1178,0.46640962,-0.11174175888299942,-0.08932019770145416,0.15748031496062992,False
DNM2,SEC23A,P50570,Q15436,-0.028546372428536415,1178,0.24315882,-1.1639693975448608,-0.16737113893032074,0.18045977011494252,False
RPL18A,RPL14,Q02543,P50914,0.17894969880580902,1178,0.50345914,-2.4688665866851807,-1.9426994323730469,0.17674418604651163,False
RPL6,RPL14,Q02878,P50914,0.1470329314470291,349,0.37238656,-2.330833673477173,-1.9426994323730469,0.1701388888888889,False
CCT4,CCT8,P50991,P50990,0.15054644644260406,1178,0.68863136,-2.160385847091675,-1.6886985301971436,0.2846715328467153,True
CCT2,CCT8,P78371,P50990,0.1847807615995407,1178,0.64499976,-1.4407544136047363,-1.6886985301971436,0.27007299270072993,True
CCT6B,CCT8,Q92526,P50990,0.049181438982486725,1178,0.67210633,-0.09621933102607727,-1.6886985301971436,0.2427007299270073,False
FXR2,CALCOCO2,P51116,Q13137,0.0565454475581646,1178,0.52578526,-0.06464704871177673,-0.0011222225148230791,0.1589895988112927,False
RAB28,PLEKHF2,P51157,Q9H8W4,0.042352840304374695,1178,0.29332125,-0.0486886240541935,-0.10347121953964233,0.18875502008032127,False
RPH3A,RAB27A,Q9Y2J0,P51159,-0.08636386692523956,1178,0.49563909,0.08740133047103882,0.04198683053255081,0.0994236311239193,False
MRPS9,DAP3,P82933,P51398,0.5308613181114197,1178,0.35759157,-0.30211055278778076,-0.6680818796157837,0.20854271356783918,False
DAP3,MRPS7,P51398,Q9Y2R9,0.5376742482185364,1178,0.52502275,-0.6680818796157837,-0.44160547852516174,0.1407035175879397,False
BLK,ZMAT1,P51451,Q5H9K5,-0.06647396087646484,1178,0.26818147,0.13006269931793213,0.09270346164703369,0.15047021943573669,False
UBE2D1,MKRN3,P51668,Q13064,-0.060436222702264786,1178,0.55371319,0.019335202872753143,0.0910174697637558,0.09664694280078895,False
UBE2D1,DTX2,P51668,Q86UW9,-0.019692547619342804,1178,0.53104213,0.019335202872753143,-0.10150662064552307,0.08842443729903537,False
UBE2D1,TRIM50,P51668,Q86XT4,-0.12278711795806885,1178,0.61318499,0.019335202872753143,-0.07993384450674057,0.09856262833675565,False
UBE2D1,DTX3,P51668,Q8N9I9,0.02081969380378723,1178,0.51159468,0.019335202872753143,-0.159387469291687,0.11527377521613832,False
UBE2D1,ARRDC3,P51668,Q96B67,0.103593610227108,1178,0.30484312,0.019335202872753143,0.18828076124191284,0.10869565217391304,False
UBE2D1,RNF125,P51668,Q96EQ8,-0.20224523544311523,1178,0.50355985,0.019335202872753143,0.051512278616428375,0.12931034482758622,False
UBE2D1,RNF185,P51668,Q96GF1,-0.02061789482831955,1178,0.45879464,0.019335202872753143,-0.05660170689225197,0.15625,False
UBE2D1,RNF5,P51668,Q99942,-0.059545859694480896,1177,0.49531665,0.019335202872753143,-0.03679965063929558,0.14444444444444443,False
CCR4,TRARG1,P51679,Q8IXB3,-0.0024787168949842453,1178,0.25061389,0.020221998915076256,0.1277216672897339,0.1527777777777778,False
ZXDC,SUOX,Q2QGD7,P51687,0.03853575512766838,1178,0.31884295,-0.06916772574186325,-0.24886463582515717,0.15734265734265734,False
SUOX,CYB5R2,P51687,Q6BCY4,0.07361015677452087,1178,0.34047568,-0.24886463582515717,0.04906744882464409,0.13027522935779817,False
AFF1,ELL3,P51825,Q9HB65,-0.07002197206020355,1178,0.41338102,-0.01663043349981308,-0.07154614478349686,0.10082644628099173,True
HDGF,YWHAE,P51858,P62258,-0.030012885108590126,1162,0.27282075,-0.05911786109209061,-0.38533174991607666,0.19215686274509805,False
HNRNPM,RTCB,P52272,Q9Y3I0,0.1357795149087906,1178,0.33242809,-0.9146052598953247,-0.6009313464164734,0.17397260273972603,False
RRAS2,RAP1GDS1,P62070,P52306,0.06003852188587189,1178,0.60774681,-0.07361087203025818,0.040560804307460785,0.10049423393739704,False
RAP1GDS1,RAB6B,P52306,Q9NRW1,-0.034193217754364014,1178,0.30303881,0.040560804307460785,-0.0676325336098671,0.11532125205930807,False
RAP1GDS1,MBIP,P52306,Q9NS73,-0.008349438197910786,1178,0.28216055,0.040560804307460785,-0.12117660045623779,0.14662273476112025,False
PLEKHB1,RAP1GDS1,Q9UF11,P52306,-0.08578654378652573,1178,0.36456801,-0.05849306657910347,0.040560804307460785,0.10873146622734761,False
RAP1GDS1,PUF60,P52306,Q9UHX1,-0.08646144717931747,1178,0.30680185,0.040560804307460785,-2.6553456783294678,0.19934102141680396,False
RAP2C,RAP1GDS1,Q9Y3L5,P52306,0.030742410570383072,1178,0.48177127,0.12347866594791412,0.040560804307460785,0.08401976935749589,False
ZNF143,ZNF512B,P52747,Q96KM6,-0.030268199741840363,1178,0.416218,-0.5517442226409912,0.04203435033559799,0.14798206278026907,False
GPR151,EFNA5,Q8TDV0,P52803,0.025666682049632072,1178,0.26437026,-0.062395233660936356,-0.01949356123805046,0.11933174224343675,False
LBX1,TBCEL,P52954,Q5QJ74,-0.05561474338173866,1178,0.35949719,-0.026399103924632072,0.0071348585188388824,0.1650943396226415,False
SMG9,ARFIP2,Q9H0W8,P53365,-0.09579150378704071,1178,0.23749341,-0.09135487675666809,0.1658092588186264,0.1519230769230769,False
SH3GLB1,ARFIP2,Q9Y371,P53365,0.06452412903308868,1178,0.66688733,-0.05537145957350731,0.1658092588186264,0.17534246575342466,False
CEBPG,ATF5,P53567,Q9Y2D1,0.06832995265722275,1178,0.67829679,-0.021415704861283302,-0.1093577966094017,0.11702127659574468,False
ACTG1,CLTCL1,P63261,P53675,0.01735822483897209,1178,0.38298659,-0.7161232233047485,-0.19710640609264374,0.08475609756097562,False
CLNS1A,LSM2,P54105,Q9Y333,0.05122668296098709,1178,0.5689577,-1.4095414876937866,-2.2870986461639404,0.10126582278481013,False
LARS1,RARS1,Q9P2J5,P54136,0.08068220317363739,1178,0.36654335,-1.649951457977295,-0.7889400124549866,0.1360544217687075,True
HAP1,ZNF648,P54257,Q5T619,0.036045338958501816,1178,0.49464296,-0.32508423924446106,-0.16403481364250183,0.16840536512667661,False
ATN1,P4HA3,P54259,Q7Z4N8,0.020994815975427628,1178,0.23343603,-0.1010000929236412,-0.057534780353307724,0.11680672268907563,False
AZIN2,OAZ1,Q96A70,P54368,-0.024919895455241203,1178,0.35697188,0.03986174240708351,-0.10832352936267853,0.12173913043478261,False
CPSF7,PRKAA2,Q8N684,P54646,-0.05312412232160568,1178,0.23760233,-0.18504957854747772,-0.15038689970970154,0.17391304347826086,False
UBL7,RAD23A,Q96S82,P54725,0.06806649267673492,1178,0.24035367,-0.04796607792377472,-0.19529052078723907,0.20526315789473684,False
STX12,NAPA,Q86Y82,P54920,-0.10683082789182663,1178,0.36609794,-0.050052057951688766,-1.347333312034607,0.18305084745762712,False
DRG2,NAB2,P55039,Q15742,0.02604282647371292,1178,0.25530176,-0.11710307002067566,-0.014108515344560146,0.16952380952380952,False
VCP,YOD1,P55072,Q5VVQ6,-0.006045068148523569,1178,0.26991387,-2.5106303691864014,-0.04503648728132248,0.13399503722084366,False
MFAP1,MCRS1,P55081,Q96EZ8,0.07554986327886581,1178,0.26748072,-1.7876204252243042,-0.6710070371627808,0.1774891774891775,False
ABI1,NCKAP1L,Q8IZP0,P55160,0.009024868719279766,1178,0.60121086,-0.08932019770145416,-0.1577960103750229,0.12067435669920142,False
ELL,EAF1,P55199,Q96JC9,0.16711577773094177,1178,0.7178735,-1.2782223224639893,-0.43194735050201416,0.13526570048309178,True
BRPF1,ING5,P55201,Q8WYH8,0.34311315417289734,1178,0.68189107,-0.23450712859630585,0.022083712741732597,0.07907742998352553,True
LNX1,CASP6,Q8TBB1,P55212,-0.042233049869537354,1178,0.26725998,-0.03482906520366669,0.012762797065079212,0.10027472527472528,False
CDKN2D,ZNF396,P55273,Q96N95,-0.020336568355560303,1178,0.31279748,-0.05516837164759636,-0.016155952587723732,0.12835820895522387,False
PRMT2,RBM12,P55345,Q9NTZ6,-0.059382420033216476,1178,0.30311139,-0.12625840306282043,-0.26375341415405273,0.11266094420600858,False
PKNOX1,FAM110B,P55347,Q8TC76,0.024059945717453957,1178,0.3033225,0.004301803186535835,-0.019006475806236267,0.1811926605504587,False
SEC13,WDR59,P55735,Q6PJI9,0.025434130802750587,1178,0.69746327,-1.4939098358154297,-0.3217611312866211,0.11293634496919917,True
MARS1,AIMP2,P56192,Q13155,0.004611562006175518,1178,0.44925496,-1.6941947937011719,-0.16126829385757446,0.10777777777777778,True
MARS1,LARS1,P56192,Q9P2J5,0.0016408894443884492,1178,0.71211478,-1.6941947937011719,-1.649951457977295,0.17006802721088435,True
TCL1A,TRMT61A,P56279,Q96FX7,0.022543780505657196,1178,0.35019134,0.027084955945611,-0.18354345858097076,0.12802768166089964,False
POLE2,ZNF620,P56282,Q6ZNG0,0.07202111929655075,1178,0.32021953,-1.6085165739059448,0.1419260948896408,0.16698292220113853,False
HDAC4,KRT31,P56524,Q15323,0.02820844203233719,1178,0.23053689,-0.07841730117797852,-0.2508959472179413,0.10977859778597786,False
EIF6,BCCIP,P56537,Q9P287,0.11123575270175934,1178,0.31714579,-1.4460750818252563,-0.5736868977546692,0.14968152866242038,False
KLF3,CTBP2,P57682,P56545,0.021921459585428238,1178,0.5431323,0.0368611104786396,-0.218623548746109,0.15056179775280898,False
EGLN3,CTBP2,Q9H6Z9,P56545,0.012589098885655403,1178,0.25913513,-0.02029956877231598,-0.218623548746109,0.15280898876404495,False
TMEM50B,SLC16A13,P56557,Q7RTY0,0.05381498858332634,1178,0.45758798,-0.1924169808626175,0.04383929446339607,0.11267605633802817,False
TMEM50B,GPR152,P56557,Q8TDT2,-0.10114025324583054,1178,0.46737811,-0.1924169808626175,-0.07044405490159988,0.09361702127659574,False
PEX3,PEX16,P56589,Q9Y5Y5,0.22318609058856964,1178,0.53358508,0.009894021786749363,-0.08807103335857391,0.18230563002680966,False
NME5,DYDC1,P56597,Q8WWB3,0.07721823453903198,1178,0.62845786,-0.12206131964921951,-0.20145422220230103,0.16981132075471697,False
PMP22,CLDN6,Q01453,P56747,0.009386226534843445,1178,0.4380642,0.05782945081591606,-0.20946165919303894,0.18181818181818182,False
MS4A3,CLDN6,Q96HJ5,P56747,-0.10379257798194885,1178,0.23935578,0.005369850434362888,-0.20946165919303894,0.16818181818181818,False
GPR152,EDDM3B,Q8TDT2,P56851,-0.07353579998016357,1178,0.25504022,-0.07044405490159988,-0.05689993500709534,0.09148936170212765,False
CLDN18,PMP22,P56856,Q01453,0.009827311150729656,1178,0.38049593,0.08856320381164551,0.05782945081591606,0.19157088122605365,False
CLDN20,ANKRD46,P56880,Q86W74,0.024160301312804222,1178,0.23130734,0.056402403861284256,0.11606259644031525,0.17105263157894737,False
CLDN20,TMEM239,P56880,Q8WW34,0.019855091348290443,1178,0.33382914,0.056402403861284256,-0.04025276005268097,0.2054794520547945,False
WDR4,METTL1,P57081,Q9UBP6,0.6697290539741516,1178,0.70463097,-0.21900160610675812,-0.45780009031295776,0.16990291262135923,False
ZNF174,SCAND1,Q15697,P57086,-0.0845281332731247,1178,0.61176711,-0.14353905618190765,-0.2130463719367981,0.14496314496314497,False
ZNF394,SCAND1,Q53GI3,P57086,0.02550382912158966,1178,0.61685832,-0.16386879980564117,-0.2130463719367981,0.11229946524064172,False
ZSCAN18,SCAND1,Q8TBC5,P57086,-0.026910346001386642,1178,0.62962248,-0.05563967674970627,-0.2130463719367981,0.11372549019607843,False
SCAND1,ZNF396,P57086,Q96N95,0.12116388976573944,1178,0.61439669,-0.2130463719367981,-0.016155952587723732,0.1701492537313433,False
SCAND1,ZKSCAN3,P57086,Q9BRR0,-0.09155476838350296,1178,0.66526891,-0.2130463719367981,-0.048752561211586,0.10780669144981413,False
ZNF446,SCAND1,Q9NWS9,P57086,0.022416995838284492,1178,0.66484257,-0.01591249741613865,-0.2130463719367981,0.12,False
ZSCAN32,SCAND1,Q9NX65,P57086,-0.05978259816765785,1178,0.6574715,0.013772576116025448,-0.2130463719367981,0.08321377331420372,False
SCAND1,ZKSCAN7,P57086,Q9P0L1,0.0031904096249490976,1178,0.63754956,-0.2130463719367981,0.039892058819532394,0.08620689655172414,False
TMEM33,SLC29A2,P57088,Q14542,-0.04035134240984917,1178,0.3378377,0.04269135370850563,-0.25381049513816833,0.16228070175438597,False
DDX20,GEMIN4,Q9UHI6,P57678,0.3438536524772644,1178,0.62242015,-1.2978664636611938,-0.6803281307220459,0.18525519848771266,True
KLF3,FHL3,P57682,Q13643,-0.05665598809719086,1178,0.2938135,0.0368611104786396,0.016451235860586166,0.1565217391304348,False
MMGT1,TAS2R19,Q8N4V1,P59542,-0.01059200894087553,1178,0.2648468,-0.2750959098339081,0.09755035489797592,0.11371237458193979,False
TAS2R19,TMEM167B,P59542,Q9NRX6,0.09039975702762604,1178,0.2309176,0.09755035489797592,-0.04511719569563866,0.07023411371237458,False
APPBP2,SELENOV,Q92624,P59797,-0.010442887432873249,1178,0.3063596,-0.10429910570383072,0.030569378286600113,,False
ARPC4,ARPC1A,P59998,Q92747,0.0551762729883194,1178,0.65373956,-0.6700349450111389,-0.08079193532466888,0.11351351351351352,False
AQP6,CD81,Q13520,P60033,0.024832457304000854,1178,0.23172903,-0.07723511010408401,0.06125609949231148,0.17375886524822695,False
CD81,GPR152,P60033,Q8TDT2,0.03983661159873009,1178,0.2798705,0.06125609949231148,-0.07044405490159988,0.12340425531914893,False
CD81,SLC26A6,P60033,Q9BXS9,-0.0030707961414009333,1178,0.23812632,0.06125609949231148,-0.053526438772678375,0.09881422924901186,False
IMP3,NANOS3,Q9NV31,P60323,-0.003754268167540431,1178,0.2662683,-1.2711772918701172,-0.17856980860233307,0.17391304347826086,False
ATP23,KRTAP10-1,Q9Y6H3,P60331,-0.03764180839061737,1059,0.28018845,-0.42587748169898987,-0.30071553587913513,0.14893617021276595,False
TNPO3,KRTAP10-8,Q9Y5L0,P60410,0.009267004206776619,1178,0.23321215,-1.3967753648757935,0.010718057863414288,0.08775731310942579,False
PPP4C,PPP4R3A,P60510,Q6IN85,0.17252826690673828,1178,0.52982425,-1.1483701467514038,-0.25141993165016174,0.10324129651860744,False
PPP4C,PPP4R2,P60510,Q9NY27,0.10696841776371002,1178,0.42539728,-1.1483701467514038,-0.6352517008781433,0.16546762589928057,True
ACTB,PPIA,P60709,P62937,0.0667090192437172,1059,0.36715018,-0.6299494504928589,-0.8390113711357117,0.104,False
ACTB,YWHAZ,P60709,P63104,-0.1338648647069931,349,0.33997754,-0.6299494504928589,-0.6822043657302856,0.152,False
ACTB,UBE2I,P60709,P63279,-0.07404674589633942,1178,0.26988671,-0.6299494504928589,-2.037322521209717,0.112,False
ACTB,CAP1,P60709,Q01518,0.3262166678905487,1178,0.65345331,-0.6299494504928589,-0.3487294316291809,0.1726315789473684,False
ACTB,LIMA1,P60709,Q9UHB6,0.018355373293161392,1178,0.41341249,-0.6299494504928589,-0.005103523377329111,0.11198945981554677,False
PSMA6,POLR2L,P60900,P62875,-0.0632198303937912,1178,0.25066955,-2.800093650817871,-2.3568618297576904,0.08943089430894309,False
PSMA6,TEPSIN,P60900,Q96N21,-0.020694319158792496,1178,0.30093658,-2.800093650817871,-0.18230193853378296,0.10476190476190476,False
RAB2A,BLZF1,P61019,Q9H2G9,0.023183772340416908,1178,0.30440491,0.004719455726444721,-0.06912608444690704,0.15,False
UBE2D3,DTX3,P61077,Q8N9I9,0.06120968610048294,1178,0.54196442,-0.7190125584602356,-0.159387469291687,0.12968299711815562,False
UBE2D3,RNF5,P61077,Q99942,0.17665980756282806,1177,0.46019905,-0.7190125584602356,-0.03679965063929558,0.16111111111111112,False
PPA1,UBE2M,Q15181,P61081,0.04703293368220329,1178,0.28582145,-0.8931183218955994,-1.2070538997650146,0.1453287197231834,False
UBE2K,TRIM50,P61086,Q86XT4,-0.13136522471904755,1178,0.44431338,-0.17089329659938812,-0.07993384450674057,0.1375770020533881,False
UBE2K,SIAH1,P61086,Q8IUQ4,0.13326284289360046,1178,0.5029899,-0.17089329659938812,0.03499428927898407,0.14893617021276595,False
UBE2K,DTX3,P61086,Q8N9I9,0.02118793874979019,1178,0.42608315,-0.17089329659938812,-0.159387469291687,0.15273775216138327,False
UBE2K,RNF125,P61086,Q96EQ8,-0.04277525469660759,1178,0.46770538,-0.17089329659938812,0.051512278616428375,0.1336206896551724,False
UBE2K,RNF185,P61086,Q96GF1,-0.040785327553749084,1178,0.42794889,-0.17089329659938812,-0.05660170689225197,0.205,False
UBE2K,RNF5,P61086,Q99942,-0.02036418952047825,1177,0.58766981,-0.17089329659938812,-0.03679965063929558,0.19,False
ACTR3,HNRNPLL,P61158,Q8WVV9,-0.0030083719175308943,1178,0.48427512,-0.5630986094474792,-0.06076677888631821,0.18450184501845018,False
ACTR2,HNRNPLL,P61160,Q8WVV9,0.004247613716870546,1178,0.27152455,-1.2629363536834717,-0.06076677888631821,0.16420664206642066,False
ACTR1A,ACTR10,P61163,Q9NZ32,0.14508256316184998,1178,0.52619573,-0.7528063654899597,-1.5297715663909912,0.2446043165467626,False
ACTR1A,DCTN4,P61163,Q9UJW0,0.12941373884677887,1178,0.29682267,-0.7528063654899597,-0.8821777701377869,0.1565217391304348,False
YPEL3,MKRN3,P61236,Q13064,-0.04985769838094711,1178,0.36181432,-0.23058579862117767,0.0910174697637558,0.07889546351084813,False
YPEL3,SMUG1,P61236,Q53HV7,0.11334622651338577,1178,0.31761912,-0.23058579862117767,-0.16892819106578827,0.09259259259259259,False
YPEL3,TENT5B,P61236,Q96A09,-0.031404703855514526,1178,0.29616282,-0.23058579862117767,0.04829917103052139,0.06352941176470588,False
YPEL3,ARMC7,P61236,Q9H6L4,-0.043022505939006805,1178,0.2581148,-0.23058579862117767,-1.3370347023010254,0.1414141414141414,False
STX1B,SNAP47,P61266,Q5SQN1,-0.10670895874500275,1178,0.45300221,-0.048426248133182526,-0.04035605117678642,0.14439655172413793,False
MAGOH,PYM1,P61326,Q9BRP8,-0.05138203501701355,1178,0.45422138,-0.9739605784416199,-0.31106245517730713,0.17647058823529413,True
RPL27,RPL30,P61353,P62888,0.13548637926578522,1178,0.33844151,-2.053889274597168,-1.729560136795044,0.15441176470588236,False
ISL1,LDB1,P61371,Q86U70,0.3696250021457672,1178,0.62954326,-0.07560332119464874,-0.27440598607063293,0.18004866180048662,False
RPL37A,RPL8,P61513,P62917,0.21340322494506836,1178,0.6510012,-2.108748197555542,-2.407139539718628,0.13618677042801555,False
RND3,C14orf119,P61587,Q9NWQ9,0.06767577677965164,1178,0.27664098,0.06499982625246048,-0.11386135965585709,0.14754098360655737,False
DTX2,NCALD,Q86UW9,P61601,0.07908759266138077,1178,0.2690475,-0.10150662064552307,-0.03623707965016365,0.0819935691318328,False
HSF2,WDR5,Q03933,P61964,0.026257269084453583,1178,0.2577148,-0.10353037714958191,-0.9886586666107178,0.15298507462686567,False
ZXDC,WDR5,Q2QGD7,P61964,0.08702009916305542,1178,0.44680414,-0.06916772574186325,-0.9886586666107178,0.11771561771561771,False
WDR5,FAM199X,P61964,Q6PEV8,0.03626348450779915,1178,0.40637983,-0.9886586666107178,0.07671099901199341,0.18041237113402062,False
NFYC,LMO4,Q13952,P61968,0.0041048708371818066,1178,0.25317197,-0.7966613173484802,0.0029102149419486523,0.10043668122270742,False
GRHL2,LMO4,Q6ISB3,P61968,0.08233854919672012,1178,0.25825203,-0.11544987559318542,0.0029102149419486523,0.088,False
LMO4,CRNN,P61968,Q9UBG3,0.03104855678975582,1178,0.37014079,0.0029102149419486523,0.016949273645877838,0.08686868686868687,False
NUTF2,CAMK2G,P61970,Q13555,-0.050903819501399994,1178,0.32861365,-1.8219833374023438,-0.1281750351190567,0.06810035842293907,False
HNRNPK,GRB2,P61978,P62993,0.11929281800985336,1178,0.28765019,-2.351480722427368,-0.8988953232765198,0.12095032397408208,False
FAM53C,YWHAG,Q9NYF3,P61981,-0.107476145029068,1178,0.28170626,-0.05461617931723595,-0.23366442322731018,0.1377551020408163,False
TIMM10,ZNF655,P62072,Q8N720,0.0407729335129261,1178,0.29939429,-1.1393420696258545,-0.08213110268115997,0.06924643584521385,False
SCRIB,PPP1CA,Q14160,P62136,0.010484330356121063,1178,0.26644027,-0.11271799355745316,-0.6405314207077026,0.06404833836858007,False
TPRN,PPP1CA,Q4KMQ1,P62136,-0.001873175729997456,1178,0.42536597,-0.029428083449602127,-0.6405314207077026,0.11814345991561181,False
PPP1CA,PPP1R18,P62136,Q6NYC8,-0.006329882424324751,1178,0.39601631,-0.6405314207077026,-0.00449755135923624,0.12887438825448613,False
PPP1CA,KIF18A,P62136,Q8NI77,0.23064158856868744,1178,0.36648235,-0.6405314207077026,-1.3035242557525635,0.12026726057906459,False
PPP1CA,SHOC2,P62136,Q9UQ13,0.07345717400312424,1178,0.58050759,-0.6405314207077026,-0.2754703760147095,0.13402061855670103,False
SPATC1L,PPP1CB,Q9H0A9,P62140,-0.011389930732548237,1178,0.35985209,-0.013446216471493244,-1.209707260131836,0.18235294117647058,False
DTX2,NCS1,Q86UW9,P62166,-0.052273139357566833,1178,0.26290031,-0.10150662064552307,0.08603174239397049,0.08681672025723473,False
PSMC5,SKA1,P62195,Q96BD8,0.1704982966184616,1178,0.25229536,-1.3369284868240356,-0.5892748236656189,0.17733990147783252,False
RAB11FIP2,YWHAE,Q7L804,P62258,0.03057141602039337,1162,0.33868299,0.06534683704376221,-0.38533174991607666,0.125,False
YWHAE,FAM53C,P62258,Q9NYF3,0.00010432748968014494,1162,0.24782803,-0.38533174991607666,-0.05461617931723595,0.1326530612244898,False
SNRPD1,SNRPE,P62314,P62304,0.07109572738409042,1043,0.62334163,-2.5965354442596436,-1.9233803749084473,0.19327731092436976,True
SNRPD2,SNRPE,P62316,P62304,0.050688114017248154,1043,0.62734684,-2.115201711654663,-1.9233803749084473,0.1864406779661017,True
SNRPF,SNRPN,P62306,P63162,-0.0070422980934381485,1178,0.48920615,-2.854300022125244,-0.04531680420041084,0.09583333333333334,True
SNRPD1,SNRPG,P62314,P62308,0.13902679085731506,1059,0.603845,-2.5965354442596436,-2.0647547245025635,0.17647058823529413,True
KEAP1,LSM3,Q14145,P62310,-0.020410051569342613,1178,0.46724277,-0.26101887226104736,-1.8582645654678345,0.060897435897435896,False
LSM4,LSM3,Q9Y4Z0,P62310,0.0388791449368,1178,0.57854053,-1.7946196794509888,-1.8582645654678345,0.1510791366906475,True
LSM6,LSM2,P62312,Q9Y333,0.19822140038013458,1178,0.50227048,-0.8991559147834778,-2.2870986461639404,0.28421052631578947,True
LSM6,LSM4,P62312,Q9Y4Z0,0.279573917388916,1178,0.45651988,-0.8991559147834778,-1.7946196794509888,0.15827338129496402,True
SNRPD2,SNRPD3,P62316,P62318,0.2987520694732666,349,0.61404725,-2.115201711654663,-4.249576091766357,0.1984126984126984,True
POLR2G,HOXC5,P62487,Q00444,-0.02490430511534214,1178,0.25407219,-1.6229546070098877,-0.12971623241901398,0.15765765765765766,False
OSGIN1,POLR2G,Q9UJX0,P62487,-0.002360367216169834,1178,0.23987327,0.052101172506809235,-1.6229546070098877,0.11740041928721175,False
RINT1,ESRRG,Q6NUQ1,P62508,0.03301001340150833,1178,0.29303661,-1.065390944480896,-0.02305818907916546,0.1388888888888889,False
BPHL,ESRRG,Q86WA6,P62508,0.0665678009390831,1178,0.43383421,0.12002827972173691,-0.02305818907916546,0.15283842794759825,False
VSNL1,SPRED1,P62760,Q7Z699,-0.012929867953062057,1178,0.26191113,0.05071695148944855,0.1388772875070572,0.10585585585585586,False
DTX2,VSNL1,Q86UW9,P62760,0.02873806841671467,1178,0.31774072,-0.10150662064552307,0.05071695148944855,0.08038585209003216,False
HDAC2,RAN,Q92769,P62826,-0.0027404457796365023,1178,0.25481824,-0.05978936329483986,-3.9330873489379883,0.12295081967213115,False
RPL24,RPL23,P83731,P62829,0.16943608224391937,1178,0.39614144,-2.010774612426758,-2.645392656326294,0.17834394904458598,False
DTX2,UBE2D2,Q86UW9,P62837,0.033801913261413574,1178,0.51073597,-0.10150662064552307,-0.022569013759493828,0.08681672025723473,False
UBE2D2,TRIM50,P62837,Q86XT4,-0.009311176836490631,1178,0.59943497,-0.022569013759493828,-0.07993384450674057,0.08624229979466119,False
ARRDC3,UBE2D2,Q96B67,P62837,0.02299635298550129,1178,0.24075201,0.18828076124191284,-0.022569013759493828,0.1111111111111111,False
CHFR,UBE2D2,Q96EP1,P62837,0.027065876871347427,1178,0.55515436,-0.16810818016529083,-0.022569013759493828,0.06626506024096386,False
UBE2D2,RNF185,P62837,Q96GF1,0.038645677268505096,1178,0.46374108,-0.022569013759493828,-0.05660170689225197,0.15625,False
UBE2D2,RNF5,P62837,Q99942,-0.013869985938072205,1177,0.49740611,-0.022569013759493828,-0.03679965063929558,0.16111111111111112,False
PHF7,UBE2D2,Q9BWX1,P62837,-0.011322504840791225,1178,0.69308775,-0.056070778518915176,-0.022569013759493828,0.12073490813648294,False
UBE2D2,CUEDC1,P62837,Q9NWM3,-0.03707907721400261,1178,0.38977447,-0.022569013759493828,-0.09774729609489441,0.11139896373056994,False
MID2,UBE2D2,Q9UJV3,P62837,0.06221621856093407,1178,0.24928906,-0.08533943444490433,-0.022569013759493828,0.06938775510204082,False
FKBP1B,PPIA,P68106,P62937,0.04133449122309685,1059,0.23216002,0.18973006308078766,-0.8390113711357117,0.13333333333333333,False
BLCAP,MFSD5,P62952,Q6N075,-0.019654881209135056,1178,0.2685047,0.07995179295539856,0.04757249727845192,0.07111111111111111,False
PLEKHB2,UBA52,Q96CS7,P62987,0.11941409111022949,1178,0.38885012,0.00011809046554844826,-1.5416193008422852,0.13063063063063063,False
GLS2,GRB2,Q9UI32,P62993,0.0034175929613411427,1178,0.40548492,-0.14839795231819153,-0.8988953232765198,0.09800664451827243,False
ERRFI1,GRB2,Q9UJM3,P62993,-0.2475145012140274,1178,0.37092572,0.14776264131069183,-0.8988953232765198,0.10822510822510822,False
ACTG1,YWHAZ,P63261,P63104,0.09063422679901123,349,0.25053789,-0.7161232233047485,-0.6822043657302856,0.14666666666666667,False
LSM2,YWHAZ,Q9Y333,P63104,-0.010742206126451492,349,0.30501299,-2.2870986461639404,-0.6822043657302856,0.12653061224489795,False
SUMO1,EDARADD,P63165,Q8WWZ3,0.02430654689669609,1178,0.37797478,-0.17551855742931366,0.019208399578928947,0.13488372093023257,False
SUMO1,ZFP42,P63165,Q96MM3,-0.007036270573735237,1178,0.3049338,-0.17551855742931366,0.046342335641384125,0.11290322580645161,False
DYNLL1,BMF,P63167,Q96LC9,0.01434650644659996,1178,0.2617497,-0.5641142725944519,-0.3204626441001892,0.125,False
DYNLT1,DYNLT2B,P63172,Q8WW35,0.10328821837902069,1178,0.70079972,-0.07606662064790726,-0.03116820752620697,0.24647887323943662,True
SKP1,TTC9C,P63208,Q8N5M4,-0.06510469317436218,1178,0.62461684,-1.4505438804626465,-0.2460474818944931,0.16374269005847952,False
SKP1,FBXL8,P63208,Q96CD0,0.06098196282982826,1178,0.57590875,-1.4505438804626465,-0.0737389624118805,0.10695187165775401,False
SKP1,FBXO17,P63208,Q96EF6,-0.09060446172952652,1178,0.64634698,-1.4505438804626465,-0.05095597356557846,0.1474820143884892,True
SKP1,FBXO28,P63208,Q9NVF7,-0.00014854197797831148,1178,0.67888092,-1.4505438804626465,-0.15934233367443085,0.10326086956521739,False
SKP1,FBXL12,P63208,Q9NXK8,0.04049396887421608,1178,0.66380404,-1.4505438804626465,0.04364195838570595,0.147239263803681,False
PFDN2,SKP1,Q9UHV9,P63208,-0.050222862511873245,1178,0.28311716,-1.658110499382019,-1.4505438804626465,0.19631901840490798,True
FBXO3,SKP1,Q9UK99,P63208,-0.03853745758533478,1178,0.67713362,-0.09701548516750336,-1.4505438804626465,0.10191082802547771,False
RPS21,PLEKHF2,P63220,Q9H8W4,0.04796544834971428,1178,0.26126522,-1.6283419132232666,-0.10347121953964233,0.0642570281124498,False
CRMP1,RACK1,Q14194,P63244,-0.008295021019876003,1178,0.28389929,-0.03874257206916809,-1.8624565601348877,0.13986013986013987,False
GGN,RACK1,Q86UU5,P63244,-0.014337214641273022,1178,0.23930994,-0.18982326984405518,-1.8624565601348877,0.12116564417177914,False
GPBP1,RACK1,Q86WP2,P63244,0.05948726460337639,1178,0.27711656,-0.09605923295021057,-1.8624565601348877,0.1543340380549683,False
LARP4B,RACK1,Q92615,P63244,0.07241784781217575,1178,0.31050853,0.015139204449951649,-1.8624565601348877,0.12059620596205962,False
MKRN2,RACK1,Q9H000,P63244,0.11763958632946014,1178,0.30254757,-0.01782299391925335,-1.8624565601348877,0.15625,False
CORO1C,ACTG1,Q9ULV4,P63261,0.14021897315979004,1178,0.23489282,-0.14780054986476898,-0.7161232233047485,0.16244725738396623,False
CAP1,ACTG2,Q01518,P63267,0.0025320902932435274,1178,0.63281007,-0.3487294316291809,-0.025125162675976753,0.16210526315789472,False
UBE2I,CYP4F2,P63279,P78329,0.027130533009767532,1178,0.31340176,-2.037322521209717,-0.12610170245170593,0.11153846153846154,False
UBE2I,TRAF3,P63279,Q13114,0.013424173928797245,1178,0.30832426,-2.037322521209717,-0.07307162135839462,0.08274647887323944,False
UBE2I,SMAD4,P63279,Q13485,0.03783949837088585,1178,0.30651436,-2.037322521209717,-0.09810254722833633,0.09239130434782608,False
UBE2I,DDX39B,P63279,Q13838,0.03113485313951969,1178,0.25302539,-2.037322521209717,-0.746597170829773,0.08411214953271028,False
UBE2I,EIF2B1,P63279,Q14232,0.08647061884403229,1178,0.38033326,-2.037322521209717,-0.9620545506477356,0.12459016393442623,False
UBE2I,TIGD3,P63279,Q6B0B8,-0.09095776081085205,1178,0.26913884,-2.037322521209717,-0.29948997497558594,0.10828025477707007,False
UBE2I,RNF111,P63279,Q6ZNA4,-0.03363765403628349,1178,0.59130335,-2.037322521209717,0.10792754590511322,0.05331991951710262,False
NUDCD3,UBE2I,Q8IVD9,P63279,0.029536185786128044,1178,0.51062634,-0.6048206090927124,-2.037322521209717,0.11357340720221606,False
UBE2I,GIPC2,P63279,Q8TF65,0.026054441928863525,1178,0.2590399,-2.037322521209717,-0.04153118655085564,0.12063492063492064,False
UBE2I,EDARADD,P63279,Q8WWZ3,0.02580150030553341,1178,0.49340192,-2.037322521209717,0.019208399578928947,0.15813953488372093,False
UBE2I,TFG,P63279,Q92734,0.0010385628556832671,1178,0.29442578,-2.037322521209717,-0.11212345957756042,0.1025,False
UBE2I,ZBTB8A,P63279,Q96BR9,0.03653813526034355,1178,0.51295056,-2.037322521209717,-0.03165227174758911,0.10430839002267574,False
UBE2I,ZNF837,P63279,Q96EG3,0.009212632663547993,1178,0.29024641,-2.037322521209717,0.05141957849264145,0.096045197740113,False
SEC11A,SPCS2,P67812,Q15005,0.16792048513889313,1178,0.60947612,-0.018953537568449974,-0.7130950689315796,0.1415929203539823,False
INO80B,CSNK2B,Q9C086,P67870,-0.029810475185513496,1178,0.26230859,-0.44823160767555237,-0.8481774926185608,0.1404494382022472,False
ACTC1,LIMA1,P68032,Q9UHB6,0.07581499218940735,1178,0.55277315,-0.006649556569755077,-0.005103523377329111,0.12121212121212122,False
CAP1,ACTA1,Q01518,P68133,-0.045647598803043365,1178,0.65732336,-0.3487294316291809,-0.04630151763558388,0.16631578947368422,False
PPP1R1A,ACTA1,Q13522,P68133,0.09495038539171219,1178,0.55411097,-0.25510483980178833,-0.04630151763558388,0.11140583554376658,False
CSNK2A1,NKAPD1,P68400,Q6ZUT1,0.13195301592350006,1178,0.25066772,-0.12552425265312195,-0.28907713294029236,0.12531969309462915,False
CSNK2A1,THAP1,P68400,Q9NVV9,0.026203298941254616,1178,0.32325243,-0.12552425265312195,-1.1222763061523438,0.1329923273657289,False
H3C1,MACROH2A2,P68431,Q9P0M6,-0.07476978749036789,1178,0.51469388,-0.2667277157306671,-0.17999471724033356,0.12634408602150538,False
CXADR,ANKRD46,P78310,Q86W74,0.0952681303024292,349,0.26656447,-0.2587365210056305,0.11606259644031525,0.12876712328767123,False
BYSL,NOP14,Q13895,P78316,0.16823819279670715,1178,0.60244172,-1.3705101013183594,-1.0585272312164307,0.147024504084014,False
RNF4,TRAF3,P78317,Q13114,-0.005923937074840069,1178,0.29931369,-0.5371871590614319,-0.07307162135839462,0.10387323943661972,False
RNF4,MYD88,P78317,Q99836,-0.0635601058602333,1178,0.23672972,-0.5371871590614319,0.018348898738622665,0.15878378378378377,False
TRIM2,SIRPA,Q9C040,P78324,0.1436270773410797,349,0.24598225,0.03029308095574379,0.07876163721084595,0.15591397849462366,False
FAM210B,CYP4F2,Q96KR6,P78329,-0.06042568385601044,1178,0.2738461,0.0517241396009922,-0.12610170245170593,0.1326923076923077,False
ZDHHC15,CYP4F2,Q96MV8,P78329,0.1532164216041565,1178,0.34874325,0.02028116211295128,-0.12610170245170593,0.15576923076923077,False
SPAG4,CYP4F2,Q9NPE6,P78329,0.00110400200355798,1178,0.51219298,-0.20573285222053528,-0.12610170245170593,0.18653846153846154,False
PITX1,ABHD11,P78337,Q8NFV4,-0.017368674278259277,1178,0.38230126,-0.030621157959103584,-0.24575266242027283,0.1910828025477707,False
PITX1,RBPMS,P78337,Q93062,0.013948105275630951,1178,0.2494527,-0.030621157959103584,0.02716308832168579,0.18789808917197454,False
TRIM54,GTF2I,Q9BYV2,P78347,0.022571275010704994,1178,0.28883164,-0.18377134203910828,-0.05496705323457718,0.10521042084168336,False
TLE5,SRPK2,Q08117,P78362,-0.0031428695656359196,1178,0.25657244,-0.04278573393821716,-0.03751474991440773,0.09302325581395349,False
SRPK2,SNIP1,P78362,Q8TAD8,-0.014423307962715626,1178,0.35849838,-0.03751474991440773,-0.5923730134963989,0.13953488372093023,False
CCT2,CCT6B,P78371,Q92526,0.05778694897890091,1178,0.57178757,-1.4407544136047363,-0.09621933102607727,0.28598130841121494,False
SLC35A1,TMEM139,P78382,Q8IV31,-0.021147599443793297,1178,0.32927881,-0.10879158973693848,0.061919089406728745,0.1513353115727003,False
SLC35A1,FNDC9,P78382,Q8TBE3,-0.013967352919280529,1178,0.2377173,-0.10879158973693848,-0.01507076621055603,0.1572700296735905,False
BCL2L13,SLC35A1,Q9BXK5,P78382,0.013974004425108433,1178,0.30659262,-0.14002695679664612,-0.10879158973693848,0.15463917525773196,False
F11R,SLC35A1,Q9Y624,P78382,-0.04078110307455063,1178,0.25276147,-0.16795559227466583,-0.10879158973693848,0.1661721068249258,False
SLC35B1,FZD5,P78383,Q13467,-0.07034945487976074,1178,0.3759288,-1.2490029335021973,-0.050114333629608154,0.14017094017094017,False
SLC35B1,GPR152,P78383,Q8TDT2,-0.030003033578395844,1178,0.26936559,-1.2490029335021973,-0.07044405490159988,0.15319148936170213,False
SLC35B1,CCDC107,P78383,Q8WV48,0.02299245446920395,1178,0.25398593,-1.2490029335021973,-0.3570789694786072,0.17080745341614906,False
KCNJ10,SIAH1,P78508,Q8IUQ4,0.05549868941307068,1178,0.26683943,-0.07478615641593933,0.03499428927898407,0.16094986807387862,False
BLOC1S1,BORCS6,P78537,Q96GS4,0.14182236790657043,1178,0.58453154,-0.03652659431099892,-0.024517137557268143,0.11204481792717087,True
BLOC1S6,BLOC1S1,Q9UL45,P78537,0.06047545745968819,1178,0.71366393,-0.022103847935795784,-0.03652659431099892,0.18604651162790697,True
PIN1,LCN2,Q13526,P80188,0.01324950996786356,1178,0.23211168,0.019764717668294907,-0.12070373445749283,0.15656565656565657,False
LCN2,PTRH1,P80188,Q86Y79,0.02484305389225483,1178,0.43809187,-0.12070373445749283,-0.1294996291399002,0.21962616822429906,False
MYDGF,LCN2,Q969H8,P80188,0.04497363045811653,1178,0.37871722,0.0009871053043752909,-0.12070373445749283,0.18686868686868688,False
LCN2,PELI1,P80188,Q96FA3,-0.08843667805194855,1178,0.26327921,-0.12070373445749283,0.05340130627155304,0.12440191387559808,False
TXN2,LCN2,Q99757,P80188,0.010071178898215294,1178,0.23514975,-0.11095912754535675,-0.12070373445749283,0.16161616161616163,False
LCN2,ALKBH4,P80188,Q9NXW9,0.11041484028100967,1178,0.3128554,-0.12070373445749283,-0.10298170894384384,0.15894039735099338,False
IFI35,NMI,P80217,Q13287,-0.026206932961940765,1178,0.69289018,-0.0942344218492508,0.0172196626663208,0.2703583061889251,False
MRPS22,MRPS5,P82650,P82675,0.5803868174552917,1178,0.52238065,-0.5470989346504211,-0.7514651417732239,0.1744186046511628,False
MRPS16,MRPS22,Q9Y3D3,P82650,0.6341702938079834,1178,0.65021072,-0.4954853057861328,-0.5470989346504211,0.1111111111111111,False
MRPS25,MRPS16,P82663,Q9Y3D3,0.7400804758071899,1178,0.49412269,-0.43508490920066833,-0.4954853057861328,0.1676300578034682,False
MRPS10,MRPS35,P82664,P82673,0.48584502935409546,1178,0.69612201,-0.5550568103790283,-0.480411559343338,0.1826625386996904,False
MRPS7,MRPS10,Q9Y2R9,P82664,0.45531412959098816,1178,0.33280398,-0.44160547852516174,-0.5550568103790283,0.18181818181818182,False
MRPS35,MRPS9,P82673,P82933,0.5033718347549438,1178,0.63516857,-0.480411559343338,-0.30211055278778076,0.16161616161616163,False
MRPS31,MRPS35,Q92665,P82673,0.4568405747413635,1178,0.45872711,-0.40504103899002075,-0.480411559343338,0.18734177215189873,False
MRPS35,MRPS24,P82673,Q96EL2,0.5955190658569336,1178,0.59773752,-0.480411559343338,-0.36588162183761597,0.1238390092879257,False
MRPS33,MRPS35,Q9Y291,P82673,0.5465075969696045,1178,0.45778453,-0.14613878726959229,-0.480411559343338,0.07739938080495357,False
MRPS33,MRPS5,Q9Y291,P82675,0.5030312538146973,1178,0.37503969,-0.14613878726959229,-0.7514651417732239,0.08139534883720931,False
MRPS23,MRPS5,Q9Y3D9,P82675,0.5880382657051086,1178,0.26202898,-0.5978431701660156,-0.7514651417732239,0.10697674418604651,False
MRPS21,MRPS11,P82921,P82912,0.511111855506897,1178,0.54145909,-0.928625762462616,-0.6595128178596497,0.09278350515463918,False
MRPS26,MRPS15,Q9BYN8,P82914,0.4448423385620117,1178,0.26736688,-0.40735915303230286,-0.35320940613746643,0.16342412451361868,False
MRPS27,MRPS34,Q92552,P82930,0.4928377866744995,1178,0.48315393,-0.5162871479988098,-0.5280704498291016,0.14251207729468598,False
MRPS18B,MRPS34,Q9Y676,P82930,0.5456615090370178,1178,0.27734597,-0.4515449106693268,-0.5280704498291016,0.19767441860465115,False
MRPS18C,MRPS6,Q9Y3D5,P82932,0.5621646642684937,1178,0.53503282,-0.2724001109600067,-0.37882715463638306,0.18309859154929578,False
MRPS18B,MRPS6,Q9Y676,P82932,0.7033356428146362,1178,0.33513185,-0.4515449106693268,-0.37882715463638306,0.1124031007751938,False
MRPS7,MRPS9,Q9Y2R9,P82933,0.524986743927002,1178,0.58899045,-0.44160547852516174,-0.30211055278778076,0.16666666666666666,False
MRPS2,MRPS9,Q9Y399,P82933,0.5872928500175476,1178,0.60669836,-0.3782063126564026,-0.30211055278778076,0.17929292929292928,False
COG5,COG7,Q9UP83,P83436,0.6475680470466614,1178,0.71544182,-0.0777428075671196,-0.2610258162021637,0.18372093023255814,True
COG6,COG7,Q9Y2V7,P83436,0.48922690749168396,1178,0.38624878,-0.397051602602005,-0.2610258162021637,0.1974025974025974,True
RPL3L,RPL24,Q92901,P83731,-0.054176121950149536,1178,0.41930555,-0.0209940318018198,-2.010774612426758,0.10073710073710074,False
SMAD3,FAM90A1,P84022,Q86YD7,-0.007514711003750563,349,0.39149752,-0.05162723362445831,0.0731341615319252,0.20043103448275862,False
CCDC198,SMAD3,Q9NVL8,P84022,-0.04656100273132324,1178,0.27357495,0.007267259061336517,-0.05162723362445831,0.14352941176470588,False
H3-3A,H2AC21,P84243,Q8IUE6,0.08434513211250305,1059,0.51018726,-1.2865922451019287,-0.32116928696632385,0.21323529411764705,False
XIAP,TTC23,P98170,Q5W5X9,-0.09360840171575546,1178,0.26974573,-0.023898975923657417,0.06822758167982101,0.1710261569416499,False
XIAP,DYNLL2,P98170,Q96FJ2,0.11359497904777527,1178,0.24822484,-0.023898975923657417,0.06282959878444672,0.052313883299798795,False
FAM3A,ANP32B,P98173,Q92688,-0.10463980585336685,1178,0.26017284,0.1042134240269661,-0.03623073175549507,0.17131474103585656,False
ZNF317,RBM10,Q96PQ6,P98175,0.016746634617447853,1178,0.26635302,-0.12380283325910568,-0.4265322983264923,0.14946236559139786,False
ZNF408,RBM10,Q9H9D4,P98175,-0.018817298114299774,1178,0.36072828,-0.0822560265660286,-0.4265322983264923,0.17096774193548386,False
GORASP2,HOXC5,Q9H8Y8,Q00444,-0.0710143968462944,1178,0.28517101,4.6981615014374256e-05,-0.12971623241901398,0.13495575221238937,False
CCNI,CDK5,Q14094,Q00535,0.18467271327972412,1178,0.60065899,-0.06611911952495575,-0.0554763600230217,0.1883289124668435,False
CDC42EP1,FHL3,Q00587,Q13643,0.06182468682527542,1178,0.26188562,0.06401963531970978,0.016451235860586166,0.14578005115089515,False
NFKB2,RELB,Q00653,Q01201,0.22416627407073975,1178,0.50528896,-0.0889369398355484,0.01734309084713459,0.22111111111111112,True
NFKB2,REL,Q00653,Q04864,0.019801439717411995,1178,0.50952879,-0.0889369398355484,-0.03971794620156288,0.24222222222222223,True
FKBP3,PA2G4,Q00688,Q9UQ80,-0.0015172853600233793,1178,0.29400691,0.05661993846297264,-0.5191223621368408,0.1598984771573604,False
SMARCD1,BEX3,Q96GM5,Q00994,-0.028949560597538948,1178,0.46843218,-0.25394558906555176,0.0756884515285492,0.07184466019417475,False
RUNX1,TEAD4,Q01196,Q15561,-0.1648322492837906,1178,0.23887941,-0.03593878820538521,-0.13746291399002075,0.20309050772626933,False
MS4A2,TMEM86A,Q01362,Q8N2M4,0.01869676262140274,1178,0.64134709,0.009545381180942059,0.11852151900529861,0.21721311475409835,False
PMP22,CD69,Q01453,Q07108,-0.06364994496107101,1178,0.36862045,0.05782945081591606,0.07958972454071045,0.11055276381909548,False
PMP22,PDZK1IP1,Q01453,Q13113,0.07987799495458603,1178,0.38399939,0.05782945081591606,-0.2983594834804535,0.16875,False
PMP22,EBP,Q01453,Q15125,0.08135907351970673,1178,0.47846342,0.05782945081591606,0.047918833792209625,0.14782608695652175,False
PMP22,TMEM30B,Q01453,Q3MIR4,-0.016807183623313904,1178,0.49249807,0.05782945081591606,0.006960244849324226,0.11965811965811966,False
PMP22,C16orf54,Q01453,Q6UWD8,0.09637988358736038,1178,0.38596737,0.05782945081591606,-0.02349802292883396,0.16517857142857142,False
PMP22,CLEC14A,Q01453,Q86T13,-0.02190905064344406,1178,0.23740372,0.05782945081591606,-0.06722529232501984,0.11224489795918367,False
PMP22,SYT2,Q01453,Q8N9I0,-0.0001678029220784083,1178,0.27673802,0.05782945081591606,-0.17453978955745697,0.09069212410501193,False
PMP22,TM4SF18,Q01453,Q96CE8,0.00692588509991765,1178,0.49434081,0.05782945081591606,-0.0803748145699501,0.19900497512437812,False
PMP22,TMEM80,Q01453,Q96HE8,-0.017183445394039154,1162,0.35665364,0.05782945081591606,-0.08396829664707184,0.20625,False
PMP22,GPR61,Q01453,Q9BZJ8,0.06377717852592468,1178,0.23023249,0.05782945081591606,-0.4337151050567627,0.10864745011086474,False
PMP22,MS4A7,Q01453,Q9GZW8,-0.03451729938387871,1178,0.46827873,0.05782945081591606,-0.010027892887592316,0.16666666666666666,False
PMP22,SLC38A1,Q01453,Q9H2H9,-0.059745848178863525,1178,0.29183138,0.05782945081591606,-0.08606979995965958,0.08418891170431211,False
PMP22,SPACA1,Q01453,Q9HBV2,0.04059610515832901,1178,0.36590118,0.05782945081591606,-0.003650135360658169,0.11564625850340136,False
PMP22,SCN3B,Q01453,Q9NY72,0.007778144907206297,1178,0.39216901,0.05782945081591606,0.0030425740405917168,0.15813953488372093,False
FLI1,SIAH1,Q01543,Q8IUQ4,0.006122613791376352,1178,0.50665204,-0.024486882612109184,0.03499428927898407,0.1261061946902655,False
IPO11,KRT76,Q9UI26,Q01546,0.07012908905744553,1178,0.29715812,-1.1984366178512573,-0.07462546974420547,0.13333333333333333,False
IFITM3,LYPD5,Q01628,Q6UWN5,-0.053273070603609085,1059,0.25577967,-1.0735313892364502,-0.07600061595439911,0.1394422310756972,False
TFAP4,GOLGA2,Q01664,Q08379,0.07683956623077393,1178,0.23006808,-0.33032017946243286,-0.15413284301757812,0.11277445109780439,False
C1D,EXOSC10,Q13901,Q01780,0.30791735649108887,1178,0.68932976,-0.39911848306655884,-0.583209216594696,0.05649717514124294,False
OTUD4,ZNF655,Q01804,Q8N720,0.029274241998791695,1178,0.2494299,-0.041929978877305984,-0.08213110268115997,0.11579892280071813,False
SELENOI,EWSR1,Q9C0D9,Q01844,-0.07426454871892929,1178,0.27739252,-0.07420442253351212,-0.8636667132377625,,False
ROR2,ZNF34,Q01974,Q8IZ26,-0.09942495822906494,1178,0.3102076,-0.028811398893594742,-0.08804891258478165,0.1325556733828208,False
RACGAP1,KIF23,Q9H0H5,Q02241,0.33659663796424866,1178,0.34230279,-1.481621265411377,-2.0789072513580322,0.14791666666666667,False
ABI1,HHEX,Q8IZP0,Q03014,-0.013341303914785385,1178,0.2924349,-0.08932019770145416,-0.02701040357351303,0.1377952755905512,False
AFF4,MLLT1,Q9UHB7,Q03111,0.15986841917037964,1178,0.49499777,-0.09512560814619064,-0.00020270254753995687,0.1470335339638865,True
THAP1,LMNB2,Q9NVV9,Q03252,0.054386597126722336,1178,0.54552373,-1.1222763061523438,0.024937326088547707,0.09516129032258064,False
ROM1,ORMDL3,Q03395,Q8N138,-0.04187574237585068,1178,0.25177834,0.044494420289993286,-0.13670378923416138,0.1282051282051282,False
TAP1,GPR152,Q03518,Q8TDT2,-0.03682077303528786,1178,0.3272033,-0.029463378712534904,-0.07044405490159988,0.16844919786096257,False
CEBPZ,NOC2L,Q03701,Q9Y3T9,0.25493288040161133,1178,0.69052558,-1.0673145055770874,-0.7479667663574219,0.16413662239089183,False
HSF2,CEP76,Q03933,Q8TAP6,0.15759876370429993,1178,0.25290666,-0.10353037714958191,0.08644552528858185,0.18816388467374812,False
LASP1,ARID5A,Q14847,Q03989,0.0035353098064661026,1178,0.24338515,-0.09351672977209091,-0.25626417994499207,0.132996632996633,False
SMYD1,ARID5A,Q8NB12,Q03989,0.037384286522865295,1178,0.26069494,0.0368114598095417,-0.25626417994499207,0.15656565656565657,False
TENT5D,ARID5A,Q8NEK8,Q03989,-0.09672092646360397,1178,0.32938316,0.13538233935832977,-0.25626417994499207,0.14309764309764308,False
MAB21L2,ARID5A,Q9Y586,Q03989,-0.05886458605527878,1178,0.29895221,0.1297854781150818,-0.25626417994499207,0.16498316498316498,False
TLE5,TLE4,Q08117,Q04727,-0.01707342639565468,1178,0.71083249,-0.04278573393821716,0.007755023892968893,0.18240620957309184,False
NFKBIB,REL,Q15653,Q04864,-0.014712575823068619,1178,0.29142655,-0.13186009228229523,-0.03971794620156288,0.13731825525040386,True
KLHL40,REL,Q2TBA0,Q04864,-0.0185789093375206,1178,0.32278138,-0.14045380055904388,-0.03971794620156288,0.17552334943639292,False
REL,TBC1D21,Q04864,Q8IYX1,-0.03591784089803696,1178,0.25521097,-0.03971794620156288,0.03374422714114189,0.11954765751211632,False
FLAD1,REL,Q8NFF5,Q04864,0.0019098942866548896,1178,0.26310941,-0.013775231316685677,-0.03971794620156288,0.17932148626817448,False
NUDT10,REL,Q8NFP7,Q04864,0.019864767789840698,1043,0.26807126,-0.12284403294324875,-0.03971794620156288,0.0791599353796446,False
EGLN3,REL,Q9H6Z9,Q04864,-0.05619639530777931,1178,0.36631292,-0.02029956877231598,-0.03971794620156288,0.09854604200323101,False
SPG21,REL,Q9NZD8,Q04864,-0.015225651673972607,1178,0.35213029,-0.17563346028327942,-0.03971794620156288,0.13247172859450726,False
ZBTB16,CEP72,Q05516,Q9P209,-0.020909497514367104,1178,0.25298025,0.13643740117549896,-0.03544855862855911,0.18424962852897475,False
SRSF11,PUF60,Q05519,Q9UHX1,0.1291106939315796,1178,0.47497501,-1.0249853134155273,-2.6553456783294678,0.1592128801431127,False
DEUP1,GOLGA2,Q05D60,Q08379,-0.029633067548274994,1178,0.32333126,0.12186944484710693,-0.15413284301757812,0.15768463073852296,False
PPP1R13B,DEUP1,Q96KQ4,Q05D60,-0.006158622447401285,1178,0.27635289,0.09178917109966278,0.12186944484710693,0.14770642201834863,False
EXOSC2,EXOSC9,Q13868,Q06265,0.11242670565843582,1178,0.47041854,-0.9728570580482483,-1.099562168121338,0.15945330296127563,True
EXOSC7,EXOSC9,Q15024,Q06265,0.1663013994693756,1178,0.54996111,-0.9385330677032471,-1.099562168121338,0.20045558086560364,True
CACNG1,GPX8,Q06432,Q8TED1,0.038913656026124954,1178,0.29092356,-0.09458316117525101,-0.2495092898607254,0.17567567567567569,False
RSPH14,GABPB1,Q9UHP6,Q06547,0.0358610562980175,1178,0.46466152,-0.12008596956729889,-0.6465395092964172,0.19240506329113924,False
CD69,EBP,Q07108,Q15125,-0.059199947863817215,1178,0.56695679,0.07958972454071045,0.047918833792209625,0.1826086956521739,False
PIGF,TMEM86B,Q07326,Q8N661,-0.09827928245067596,1178,0.25322166,0.04324623942375183,0.053364310413599014,0.23893805309734514,False
PIGF,GPR152,Q07326,Q8TDT2,-0.18620185554027557,1178,0.35132022,0.04324623942375183,-0.07044405490159988,0.13617021276595745,False
BMF,BCL2L1,Q96LC9,Q07817,0.047492530196905136,1178,0.59938424,-0.3204626441001892,-1.0604352951049805,0.17167381974248927,False
ELOVL4,BCL2L1,Q9GZR5,Q07817,0.046041909605264664,1178,0.27930439,-0.08147358149290085,-1.0604352951049805,0.15605095541401273,False
KLC1,BNIP2,Q07866,Q12982,-0.009318815544247627,349,0.32659312,0.010217699222266674,-0.21801945567131042,0.1343804537521815,False
KLC1,ATCAY,Q07866,Q86WG3,-0.022650785744190216,1178,0.30545755,0.010217699222266674,0.013266881927847862,0.15881326352530542,False
SYNE4,KLC1,Q8N205,Q07866,-0.05650065466761589,1178,0.30479684,-0.10316048562526703,0.010217699222266674,0.1518324607329843,False
FAM90A1,PPARA,Q86YD7,Q07869,0.010947838425636292,349,0.39505814,0.0731341615319252,-0.039973802864551544,0.1752136752136752,False
EXOSC4,PPARA,Q9NPD3,Q07869,-0.07940802723169327,1178,0.2757559,-1.2505991458892822,-0.039973802864551544,0.1346153846153846,False
TRA2A,SRSF1,Q13595,Q07955,-0.011556850746273994,1178,0.24262936,-0.08782939612865448,-1.7023574113845825,0.2624113475177305,False
TLE5,FAM90A1,Q08117,Q86YD7,0.09512460231781006,349,0.27739767,-0.04278573393821716,0.0731341615319252,0.1271551724137931,False
TLE5,RBPMS,Q08117,Q93062,0.07639823108911514,1178,0.34378094,-0.04278573393821716,0.02716308832168579,0.20304568527918782,False
TLE5,THAP7,Q08117,Q9BT49,0.016359539702534676,1178,0.55845355,-0.04278573393821716,-0.16138873994350433,0.16181229773462782,False
TLE5,TSGA10,Q08117,Q9BZW7,0.1116480678319931,1178,0.33423791,-0.04278573393821716,-0.2503644526004791,0.08882521489971347,False
GPATCH2L,TLE5,Q9NWQ4,Q08117,0.06372564285993576,1178,0.2689049,0.028271498158574104,-0.04278573393821716,0.12033195020746888,False
SPG21,TLE5,Q9NZD8,Q08117,0.07265961915254593,1178,0.27070216,-0.17563346028327942,-0.04278573393821716,0.1525974025974026,False
ZRANB1,TLE5,Q9UGI0,Q08117,0.09058649837970734,1178,0.29544707,-0.17313158512115479,-0.04278573393821716,0.0847457627118644,False
SNW1,GOLGA2,Q13573,Q08379,-0.019332757219672203,1178,0.26009312,-1.5197408199310303,-0.15413284301757812,0.12974051896207583,False
CWF19L2,GOLGA2,Q2TBE0,Q08379,-0.055027298629283905,1178,0.23498957,-0.5204235911369324,-0.15413284301757812,0.17065868263473055,False
GOLGA2,TSGA10IP,Q08379,Q3SY00,-0.06201118603348732,348,0.31975913,-0.15413284301757812,-0.19926685094833374,0.15568862275449102,False
MCM10,GOLGA2,Q7L590,Q08379,-0.05537136644124985,1178,0.28703595,-0.730398416519165,-0.15413284301757812,0.19461077844311378,False
CCDC146,GOLGA2,Q8IYE0,Q08379,-0.08352581411600113,1178,0.31978661,-0.008222667500376701,-0.15413284301757812,0.18762475049900199,False
EXOC8,GOLGA2,Q8IYI6,Q08379,0.03168591856956482,1178,0.483331,-0.41522783041000366,-0.15413284301757812,0.17365269461077845,False
RIBC1,GOLGA2,Q8N443,Q08379,0.02474219910800457,1178,0.31203375,0.045033641159534454,-0.15413284301757812,0.1157684630738523,False
ATP6V1C2,GOLGA2,Q8NEY4,Q08379,0.05064890533685684,1178,0.23815662,-0.01804746314883232,-0.15413284301757812,0.10778443113772455,False
GATAD2B,GOLGA2,Q8WXI9,Q08379,-0.0163818821310997,1178,0.32100637,-0.17758893966674805,-0.15413284301757812,0.15269461077844312,False
GOLGA2,KAT5,Q08379,Q92993,0.01434959378093481,1178,0.35289055,-0.15413284301757812,-0.6378319263458252,0.12375249500998003,False
HAUS1,GOLGA2,Q96CS2,Q08379,0.06715268641710281,1178,0.32535903,-1.603763461112976,-0.15413284301757812,0.10379241516966067,False
GOLGA2,HYLS1,Q08379,Q96M11,-0.08941547572612762,1178,0.24751878,-0.15413284301757812,0.00958972331136465,0.09481037924151696,False
FAM161B,GOLGA2,Q96MY7,Q08379,0.1403178870677948,1178,0.24456936,0.02283908985555172,-0.15413284301757812,0.1656686626746507,False
GOLGA2,ZNF587,Q08379,Q96SQ5,0.046336159110069275,1043,0.23836584,-0.15413284301757812,-0.23222728073596954,0.1317365269461078,False
TSGA10,GOLGA2,Q9BZW7,Q08379,0.10245586186647415,1178,0.25097372,-0.2503644526004791,-0.15413284301757812,0.16666666666666666,False
CHCHD3,GOLGA2,Q9NX63,Q08379,-0.010084238834679127,1178,0.27737571,-0.31541532278060913,-0.15413284301757812,0.08283433133732535,False
UNC93A,CD300C,Q86WB7,Q08708,0.04292761906981468,1178,0.28871265,0.06612608581781387,-0.11960908770561218,0.12472647702407003,False
TUBGCP2,MZT1,Q9BSJ2,Q08AG7,0.12371858954429626,1178,0.32669454,-1.2505818605422974,-1.3801252841949463,0.04434589800443459,False
SLC38A11,TRARG1,Q08AI6,Q8IXB3,0.00493033928796649,1178,0.35640103,-0.052641596645116806,0.1277216672897339,0.12561576354679804,False
VAC14,ZBTB49,Q08AM6,Q6ZSB9,-0.005445500370115042,1178,0.31514873,-0.12927581369876862,-0.06310022622346878,0.16112531969309463,False
VAC14,HNRNPLL,Q08AM6,Q8WVV9,0.0018321278039366007,1178,0.26739599,-0.12927581369876862,-0.06076677888631821,0.14578005115089515,False
VAC14,WDR83,Q08AM6,Q9BRX9,0.050041329115629196,1178,0.23586664,-0.12927581369876862,-0.4242371916770935,0.13427109974424553,False
VAC14,FAM50B,Q08AM6,Q9Y247,-0.032836053520441055,1178,0.59511166,-0.12927581369876862,0.1132783517241478,0.12148337595907928,False
GATAD2B,RBBP4,Q8WXI9,Q09028,0.01802985742688179,1178,0.31555216,-0.17758893966674805,-1.1858043670654297,0.15682967959527824,True
MTA3,RBBP4,Q9BTC8,Q09028,-0.024901356548070908,1178,0.64941064,-0.03139546886086464,-1.1858043670654297,0.1414141414141414,True
NCBP1,RNF20,Q09161,Q5VTR2,0.13012513518333435,1178,0.27549041,-1.4239816665649414,-0.8091654777526855,0.16512820512820514,False
CMTM2,NIPAL4,Q8TAZ6,Q0D2K0,0.009885060600936413,1178,0.28796843,0.060115523636341095,0.06044778972864151,0.14108910891089108,False
TM4SF18,NIPAL4,Q96CE8,Q0D2K0,-0.027656106278300285,1178,0.4046261,-0.0803748145699501,0.06044778972864151,0.1485148514851485,False
FCHO2,AP2M1,Q0JRZ9,Q96CW1,0.39921802282333374,1178,0.29458957,-0.19555477797985077,-0.6677334308624268,0.15308641975308643,False
ELP5,ELP6,Q8TE02,Q0PNE2,0.5692413449287415,1178,0.638301,-0.9073376655578613,-0.8052730560302734,0.2,True
ELP4,ELP6,Q96EB1,Q0PNE2,0.4256235361099243,1178,0.68520871,-0.606278657913208,-0.8052730560302734,0.16273584905660377,True
AQP6,SMAGP,Q13520,Q0VAQ4,0.04267839342355728,1059,0.23567923,-0.07723511010408401,-0.23456424474716187,0.10638297872340426,False
EBP,SMAGP,Q15125,Q0VAQ4,0.13169549405574799,1059,0.28405021,0.047918833792209625,-0.23456424474716187,0.14782608695652175,False
APH1A,SMAGP,Q96BI3,Q0VAQ4,-0.11350741982460022,1059,0.3925406,-0.2767641246318817,-0.23456424474716187,0.12075471698113208,False
TLCD4,SMAGP,Q96MV1,Q0VAQ4,-0.05446494370698929,1059,0.28675156,-0.08049624413251877,-0.23456424474716187,0.11026615969581749,False
SMAGP,TMX2,Q0VAQ4,Q9Y320,-0.028438150882720947,1059,0.25684245,-0.23456424474716187,-0.24872562289237976,0.09797297297297297,False
DNAJC2,HSPA14,Q99543,Q0VDF9,0.504256546497345,1178,0.57486791,-0.10837216675281525,-0.28539904952049255,0.18518518518518517,False
AARSD1,FAAP100,Q9BTE6,Q0VG06,-0.015285064466297626,1178,0.36560986,-0.1800042986869812,-0.3519599437713623,0.13847900113507378,False
AP1B1,NECAP2,Q10567,Q9NVZ3,-0.058499835431575775,1178,0.37607211,-0.14864765107631683,0.0013707546750083566,0.09694415173867228,False
AP1M2,AP1B1,Q9Y6Q5,Q10567,0.2259327620267868,1178,0.71998263,-0.03890621289610863,-0.14864765107631683,0.12434141201264488,True
NUP160,NUP85,Q12769,Q9BW27,0.31622493267059326,1178,0.5234293,-1.3503895998001099,-1.4674739837646484,0.13161559888579388,True
TBL3,WDR3,Q12788,Q9UNX4,0.23414668440818787,1178,0.58739716,-1.252832293510437,-1.3524489402770996,0.19088016967126192,False
OCIAD1,ASPH,Q9NX40,Q12797,0.11110983788967133,1178,0.23942764,0.05488946661353111,0.03793072700500488,0.10686015831134564,False
ASPH,TMX2,Q12797,Q9Y320,0.010159551165997982,1178,0.24982416,0.03793072700500488,-0.24872562289237976,0.11477572559366754,False
FKBP7,ASPH,Q9Y680,Q12797,0.07831909507513046,1178,0.28350936,-0.020741967484354973,0.03793072700500488,0.09234828496042216,False
STX4,SNAP47,Q12846,Q5SQN1,-0.10017596930265427,1178,0.40784278,-0.4164348542690277,-0.04035605117678642,0.15086206896551724,False
STX4,FAXDC2,Q12846,Q96IV6,-0.00023608446645084769,1178,0.29051094,-0.4164348542690277,0.041398148983716965,0.16216216216216217,False
HYAL2,KRT31,Q12891,Q15323,-0.055470921099185944,1178,0.29699612,-0.1090259924530983,-0.2508959472179413,0.17970401691331925,False
TMEM115,TLCD4,Q12893,Q96MV1,-0.17953810095787048,1178,0.23396502,-0.04287383705377579,-0.08049624413251877,0.1737891737891738,False
MANBAL,TMEM115,Q9NQG1,Q12893,-0.048295758664608,1178,0.33881601,-0.1368340402841568,-0.04287383705377579,0.08262108262108261,False
AIMP2,AIMP1,Q13155,Q12904,0.0711866170167923,1178,0.34096658,-0.16126829385757446,-0.03705368563532829,0.190625,True
LARS1,AIMP1,Q9P2J5,Q12904,0.004829975310713053,1178,0.27615317,-1.649951457977295,-0.03705368563532829,0.09013605442176871,True
ILF2,ILF3,Q12905,Q12906,0.38546115159988403,1178,0.66724743,-1.045439600944519,-0.949572741985321,0.13646532438478748,True
ILF2,ZFR,Q12905,Q96KR1,0.1683395802974701,1178,0.71049042,-1.045439600944519,-0.30357152223587036,0.10614525139664804,False
ILF2,STRBP,Q12905,Q96SI9,-0.0026626817416399717,1178,0.68363005,-1.045439600944519,-0.09298897534608841,0.14434523809523808,False
TRAF2,GSE1,Q12933,Q14687,0.003252424532547593,1178,0.24766793,-0.3087533712387085,-0.0530199259519577,0.12325390304026294,False
GRIPAP1,TRAF2,Q4V328,Q12933,0.008131072856485844,1178,0.57830906,0.09571518748998642,-0.3087533712387085,0.14625445897740785,False
TRAF2,ZMAT1,Q12933,Q5H9K5,-0.018164830282330513,1178,0.32060485,-0.3087533712387085,0.09270346164703369,0.15673981191222572,False
TRAF2,HBM,Q12933,Q6B0K9,-0.01454729214310646,1178,0.34078134,-0.3087533712387085,-0.0009683927055448294,0.07784431137724551,False
TRAF2,CYB5R2,Q12933,Q6BCY4,0.023771043866872787,1178,0.32144012,-0.3087533712387085,0.04906744882464409,0.1437125748502994,False
TRAF2,BANP,Q12933,Q8N9N5,-0.014030920341610909,1178,0.2442893,-0.3087533712387085,-0.9525805711746216,0.17148362235067438,False
TRAF2,ZKSCAN3,Q12933,Q9BRR0,-0.039668940007686615,1178,0.27665862,-0.3087533712387085,-0.048752561211586,0.18029739776951673,False
TRAF2,THAP7,Q12933,Q9BT49,0.016144579276442528,1178,0.57529257,-0.3087533712387085,-0.16138873994350433,0.14570858283433133,False
TRAF2,FBXO28,Q12933,Q9NVF7,-0.009094149805605412,1178,0.49073625,-0.3087533712387085,-0.15934233367443085,0.15568862275449102,False
TRAF2,SOX13,Q12933,Q9UN79,-0.10259085893630981,1178,0.34496512,-0.3087533712387085,0.08724568039178848,0.17041800643086816,False
BFSP1,KRT27,Q12934,Q7Z3Y8,0.024170389398932457,1178,0.72791671,0.005469103809446096,-0.003711748169735074,0.16842105263157894,False
BFSP1,EMILIN1,Q12934,Q9Y6C2,-0.05038014054298401,1178,0.24142291,0.005469103809446096,-0.03633176535367966,0.1545275590551181,False
DLG1,MPP2,Q12959,Q14168,-0.04484586790204048,1178,0.34553905,0.11793731898069382,-0.2388918399810791,0.19690265486725664,False
PPP1R8,RTN4IP1,Q12972,Q8WWV3,0.05522792413830757,1178,0.23166344,-1.1109905242919922,-0.30552881956100464,0.17676767676767677,False
STX18,BNIP1,Q9P2W9,Q12981,0.2783149182796478,1178,0.67034492,-1.1601591110229492,-0.669120192527771,0.14328358208955225,False
BNIP2,BNIP3,Q12982,Q12983,0.012624887749552727,349,0.31468035,-0.21801945567131042,-0.2076050341129303,0.14968152866242038,False
EBP,BNIP3,Q15125,Q12983,-0.18363900482654572,1178,0.45724645,0.047918833792209625,-0.2076050341129303,0.1826086956521739,False
JAGN1,BNIP3,Q8N5M9,Q12983,-0.01974620670080185,1178,0.28560875,0.14854472875595093,-0.2076050341129303,0.18556701030927836,False
TMEM101,BNIP3,Q96IK0,Q12983,0.08860769122838974,1178,0.25347718,-0.12825196981430054,-0.2076050341129303,0.1517509727626459,False
ZDHHC15,BNIP3,Q96MV8,Q12983,0.25051021575927734,1178,0.27515223,0.02028116211295128,-0.2076050341129303,0.12462908011869436,False
CSTF3,CSTF2T,Q12996,Q9H0L4,0.12108082324266434,1178,0.66131731,-1.1674578189849854,0.013994511216878891,0.1701534170153417,False
MALL,CLEC14A,Q13021,Q86T13,-0.05573626607656479,1178,0.24072277,-0.2591892182826996,-0.06722529232501984,0.09387755102040816,False
MALL,MCEMP1,Q13021,Q8IX19,-0.02016516402363777,1178,0.27113129,-0.2591892182826996,0.043704643845558167,0.1711229946524064,False
MALL,FNDC9,Q13021,Q8TBE3,0.061717040836811066,1178,0.23515523,-0.2591892182826996,-0.01507076621055603,0.15178571428571427,False
MALL,BSCL2,Q13021,Q96G97,0.06580007821321487,1178,0.53958435,-0.2591892182826996,-0.16664136946201324,0.11055276381909548,False
MALL,TMEM80,Q13021,Q96HE8,-0.024167409166693687,1162,0.43527037,-0.2591892182826996,-0.08396829664707184,0.2222222222222222,False
CERCAM,MKRN3,Q5T4B2,Q13064,0.024342646822333336,1178,0.23621337,-0.16175252199172974,0.0910174697637558,0.1815126050420168,False
MORN3,MKRN3,Q6PF18,Q13064,0.04968104511499405,1178,0.24275816,0.2002219408750534,0.0910174697637558,0.13609467455621302,False
MRPL28,TSHZ3,Q13084,Q63HK5,-0.02987980656325817,1178,0.23322584,-0.3826288878917694,0.07287637889385223,0.08140610545790934,False
GPS1,COPS4,Q13098,Q9BT78,0.32810771465301514,1178,0.39265368,-0.9957727193832397,-1.1246813535690308,0.17515274949083504,True
AQP6,PDZK1IP1,Q13520,Q13113,0.06513611227273941,1178,0.30604134,-0.07723511010408401,-0.2983594834804535,0.11702127659574468,False
PDZK1IP1,TMEM107,Q13113,Q6UX40,0.025178901851177216,1178,0.54945171,-0.2983594834804535,0.011205784976482391,0.2,False
TMEM86A,PDZK1IP1,Q8N2M4,Q13113,0.08211436867713928,1178,0.53259761,0.11852151900529861,-0.2983594834804535,0.15416666666666667,False
PDZK1IP1,CLDN19,Q13113,Q8N6F1,0.1515124887228012,1178,0.31029087,-0.2983594834804535,-0.22375376522541046,0.16964285714285715,False
AIG1,PDZK1IP1,Q9NVV5,Q13113,-0.06342363357543945,1178,0.3968219,0.11428071558475494,-0.2983594834804535,0.10504201680672269,False
PGAP2,PDZK1IP1,Q9UHJ9,Q13113,0.0014014069456607103,1178,0.33515844,-0.026594530791044235,-0.2983594834804535,0.12598425196850394,False
ERG28,PDZK1IP1,Q9UKR5,Q13113,-0.030870534479618073,1178,0.30095537,-0.009785575792193413,-0.2983594834804535,0.16428571428571428,False
TRAF3,ZBTB49,Q13114,Q6ZSB9,-0.007024336140602827,1178,0.26034335,-0.07307162135839462,-0.06310022622346878,0.1542483660130719,False
LNX1,TRAF3,Q8TBB1,Q13114,-0.03012426383793354,1178,0.40607476,-0.03482906520366669,-0.07307162135839462,0.18543956043956045,False
TBRG4,CALCOCO2,Q969Z0,Q13137,-0.009795489721000195,1178,0.33146945,-0.15720140933990479,-0.0011222225148230791,0.15213946117274169,False
TRADD,FADD,Q15628,Q13158,0.07273747026920319,1178,0.24586472,0.07549303770065308,-0.24424274265766144,0.16346153846153846,False
MAP2K5,SQSTM1,Q13163,Q13501,-0.1605786383152008,1178,0.34942451,-0.09039892256259918,-0.04486191272735596,0.19866071428571427,False
STX5,SCFD1,Q13190,Q8WVM8,0.3586273193359375,1178,0.63636534,-1.4793835878372192,-1.385232925415039,0.14797507788161993,False
GPS2,TBL1Y,Q13227,Q9BQ87,-0.019588831812143326,349,0.25423472,-0.0926506519317627,0.4106884300708771,0.1360153256704981,False
GPS2,TBL1XR1,Q13227,Q9BZK7,0.20238952338695526,1178,0.25654641,-0.0926506519317627,-0.38927245140075684,0.14007782101167315,True
TRIM28,ZNF573,Q13263,Q86YE8,-0.07266569882631302,1178,0.2632948,-0.3114674687385559,-0.002640221267938614,0.15808383233532936,False
GPX8,STX3,Q8TED1,Q13277,0.24724160134792328,1178,0.32901327,-0.2495092898607254,0.03789303079247475,0.15916955017301038,False
NMI,HDDC3,Q13287,Q8N4P3,-0.24003341794013977,1178,0.33503966,0.0172196626663208,-0.03414594382047653,0.13680781758957655,False
NMI,SINHCAF,Q13287,Q9NP50,0.02105609141290188,1178,0.37398833,0.0172196626663208,-0.4788901209831238,0.16286644951140064,False
RBBP7,MTA1,Q16576,Q13330,-0.05586745962500572,1178,0.65785817,-0.10855186730623245,-0.019022829830646515,0.13846153846153847,True
ITGB3BP,CENPO,Q13352,Q9BU64,0.09288454800844193,1178,0.2667273,0.09382627159357071,-0.1576010137796402,0.13333333333333333,True
TSHZ3,CTBP1,Q63HK5,Q13363,-0.0302699226886034,1178,0.26030815,0.07287637889385223,0.002487633842974901,0.10823311748381129,False
AP3M1,AP3B2,Q9Y2T2,Q13367,0.024146003648638725,1178,0.730373,-0.20585140585899353,-0.02465713396668434,0.11922365988909427,True
LIN7B,MPP3,Q9HAP6,Q13368,0.06377825140953064,1178,0.66955585,-0.019683556631207466,-0.22824040055274963,0.12136752136752137,False
LIN7C,MPP3,Q9NUP9,Q13368,0.07251273095607758,1178,0.68498323,-0.2440614551305771,-0.22824040055274963,0.1076923076923077,False
LRWD1,ORC2,Q9UFC0,Q13416,0.061251264065504074,1178,0.31884821,-0.07709135115146637,-0.409770131111145,0.17001545595054096,False
FRMD6,IKZF1,Q96NE9,Q13422,0.08242952823638916,1178,0.26981564,0.00855634082108736,-0.04607044905424118,0.17363344051446947,False
AP1M1,IKZF1,Q9BXS5,Q13422,0.14875449240207672,1178,0.27014418,-0.09985730051994324,-0.04607044905424118,0.16570327552986513,False
ISCU,IKZF1,Q9H1K1,Q13422,0.03387666121125221,1178,0.28625693,-1.9741157293319702,-0.04607044905424118,0.1001926782273603,False
UNC119,RBPMS2,Q13432,Q6ZRY4,0.10736438632011414,1178,0.30965413,-0.3478584885597229,0.032953761518001556,0.18333333333333332,False
UNC119,ARL15,Q13432,Q9NXU5,0.036374207586050034,1178,0.48468886,-0.3478584885597229,-0.016737841069698334,0.15416666666666667,False
OS9,SEL1L,Q13438,Q9UBV2,0.0022454140707850456,1178,0.69898153,-0.279105544090271,-0.1760879009962082,0.17002518891687657,True
TMED2,TMED1,Q15363,Q13445,-0.017019785940647125,1178,0.40991954,-0.576653003692627,-0.031133117154240608,0.2511013215859031,False
KEAP1,SQSTM1,Q14145,Q13501,-0.07060603052377701,1178,0.37294166,-0.26101887226104736,-0.04486191272735596,0.15865384615384615,False
MED10,MED21,Q9BTT4,Q13503,0.1887962520122528,1178,0.5107893,-0.5545581579208374,-1.0077470541000366,0.1736111111111111,True
MED21,MED4,Q13503,Q9NPJ6,0.2076938897371292,1178,0.58417479,-1.0077470541000366,-1.278164267539978,0.12962962962962962,True
TUBB3,DLGAP5,Q13509,Q15398,0.01087768655270338,1178,0.57704486,-0.057896263897418976,-0.23413805663585663,0.12056737588652482,False
AQP6,LY6D,Q13520,Q14210,-0.014507757499814034,1178,0.29839466,-0.07723511010408401,0.07980863004922867,0.12056737588652482,False
AQP6,FXYD3,Q13520,Q14802,0.0025342756416648626,1178,0.34580097,-0.07723511010408401,-0.054568447172641754,0.08865248226950355,False
AQP6,VMA21,Q13520,Q3ZAQ7,-0.019776321947574615,1178,0.26422714,-0.07723511010408401,-0.36487439274787903,0.12056737588652482,False
AQP6,TMEM119,Q13520,Q4V9L6,0.00774468295276165,1178,0.34154026,-0.07723511010408401,-0.11091967672109604,0.18374558303886926,False
AQP6,MS4A13,Q13520,Q5J8X5,-0.09543856978416443,1178,0.37597575,-0.07723511010408401,-0.03193621337413788,0.15602836879432624,False
AQP6,CXorf66,Q13520,Q5JRM2,-0.039485860615968704,1178,0.3713076,-0.07723511010408401,0.19121988117694855,0.13850415512465375,False
AQP6,RTP2,Q13520,Q5QGT7,0.009920562617480755,1178,0.33269681,-0.07723511010408401,0.13485287129878998,0.18439716312056736,False
AQP6,MFSD5,Q13520,Q6N075,0.051221802830696106,1178,0.46042241,-0.07723511010408401,0.04757249727845192,0.1711111111111111,False
AQP6,TMUB2,Q13520,Q71RG4,0.06905080378055573,1178,0.37131371,-0.07723511010408401,-0.07323023676872253,0.1588785046728972,False
AQP6,SLC16A13,Q13520,Q7RTY0,-0.0029034228064119816,1178,0.25168846,-0.07723511010408401,0.04383929446339607,0.17370892018779344,False
AQP6,PRRT2,Q13520,Q7Z6L0,0.00039496776298619807,1178,0.47888707,-0.07723511010408401,-0.028860196471214294,0.1588235294117647,False
AQP6,ANKRD46,Q13520,Q86W74,-0.07912138104438782,1178,0.35366686,-0.07723511010408401,0.11606259644031525,0.19148936170212766,False
AQP6,NRM,Q13520,Q8IXM6,-0.10218273103237152,1178,0.31673015,-0.07723511010408401,-0.07073205709457397,0.20567375886524822,False
AQP6,UBE2J2,Q13520,Q8N2K1,0.053632404655218124,1178,0.29710903,-0.07723511010408401,-0.2679404020309448,0.1773049645390071,False
AQP6,CLDND2,Q13520,Q8NHS1,-0.013207072392106056,1178,0.40840867,-0.07723511010408401,0.0023534088395535946,0.15602836879432624,False
AQP6,NINJ1,Q13520,Q92982,0.06584791094064713,1178,0.36277052,-0.07723511010408401,0.008758662268519402,0.14184397163120568,False
AQP6,SCAMP4,Q13520,Q969E2,0.04899444058537483,1178,0.41790415,-0.07723511010408401,-0.05292455479502678,0.1702127659574468,False
AQP6,CMTM5,Q13520,Q96DZ9,0.1729620099067688,1178,0.33292527,-0.07723511010408401,-0.14888995885849,0.17375886524822695,False
AQP6,MFSD3,Q13520,Q96ES6,-0.032989125698804855,1178,0.3659705,-0.07723511010408401,-0.08385734260082245,0.17475728155339806,False
AQP6,SEC22A,Q13520,Q96IW7,-0.04607391729950905,1178,0.46459332,-0.07723511010408401,-0.08306688815355301,0.20195439739413681,False
AQP6,DNAJC30,Q13520,Q96LL9,0.060755860060453415,1178,0.25111947,-0.07723511010408401,-0.18560028076171875,0.19858156028368795,False
AQP6,CMTM3,Q13520,Q96MX0,-0.031213102862238884,1178,0.34848476,-0.07723511010408401,-0.04795951023697853,0.1702127659574468,False
AQP6,CXCL16,Q13520,Q9H2A7,0.022131195291876793,1178,0.43573267,-0.07723511010408401,0.04718900844454765,0.1950354609929078,False
AQP6,RPRM,Q13520,Q9NS64,-0.021917199715971947,1178,0.25029186,-0.07723511010408401,0.09651501476764679,0.12411347517730496,False
AQP6,TMEM140,Q13520,Q9NV12,-0.09753444045782089,1178,0.4833289,-0.07723511010408401,0.03094441629946232,0.15602836879432624,False
AQP6,VTI1B,Q13520,Q9UEU0,0.18564721941947937,1178,0.24798063,-0.07723511010408401,-0.4088895320892334,0.14184397163120568,False
AQP6,PLLP,Q13520,Q9Y342,0.05544275790452957,1178,0.64354579,-0.07723511010408401,0.05137147009372711,0.1595744680851064,False
GSE1,HDAC1,Q14687,Q13547,0.0800773873925209,1178,0.27946303,-0.0530199259519577,-0.1551736742258072,0.11585866885784717,True
HDAC1,GATAD2A,Q13547,Q86YP4,-0.040384989231824875,1178,0.24954406,-0.1551736742258072,-0.3150082528591156,0.1263823064770932,True
HDAC1,PHF21A,Q13547,Q96BD5,0.03168441355228424,1178,0.31120226,-0.1551736742258072,0.042374368757009506,0.13529411764705881,True
HDAC1,TRERF1,Q13547,Q96PN7,0.08478754013776779,1178,0.39967503,-0.1551736742258072,-0.1461559385061264,0.11583333333333333,False
HDAC1,SIN3A,Q13547,Q96ST3,0.0030463198199868202,1178,0.72839979,-0.1551736742258072,-1.1008479595184326,0.10919088766692851,True
HMG20B,HDAC1,Q9P0W2,Q13547,0.13514965772628784,1178,0.23157083,0.006589623633772135,-0.1551736742258072,0.15145228215767634,True
CAMK2B,POP5,Q13554,Q969H6,0.037950098514556885,1178,0.33504801,-0.0026137155946344137,-1.621015191078186,0.08558558558558559,False
CAMK2G,NXF1,Q13555,Q9UBU9,-0.0012268420541658998,1178,0.43666817,-0.1281750351190567,-1.2181719541549683,0.1825525040387722,False
TNPO3,CAMK2G,Q9Y5L0,Q13555,-0.020669832825660706,1178,0.5915599,-1.3967753648757935,-0.1281750351190567,0.1256771397616468,False
DCTN1,DCTN2,Q14203,Q13561,0.24188588559627533,1178,0.45720843,-0.35562071204185486,-0.985519528388977,0.09937402190923318,False
RABEP1,SNW1,Q15276,Q13573,0.022615395486354828,1178,0.23600749,0.04183739051222801,-1.5197408199310303,0.13225058004640372,False
ESS2,SNW1,Q96DF8,Q13573,0.20925608277320862,1178,0.59366234,-1.0025705099105835,-1.5197408199310303,0.19962686567164178,False
SNX1,SNX32,Q13596,Q86XE0,0.11587361246347427,1178,0.72552731,-0.09832200407981873,-0.1901087611913681,0.19348659003831417,False
VPS35,SNX1,Q96QK1,Q13596,0.006749563384801149,1178,0.23648318,-0.5928045511245728,-0.09832200407981873,0.16457286432160803,True
SNX1,LIME1,Q13596,Q9H400,0.10802742838859558,1178,0.26405707,-0.09832200407981873,0.12521904706954956,0.13409961685823754,False
SNX1,SH3GLB1,Q13596,Q9Y371,0.07274007052183151,1178,0.60205508,-0.09832200407981873,-0.05537145957350731,0.15134099616858238,False
SNX5,SNX1,Q9Y5X3,Q13596,-0.004827531520277262,1178,0.72696219,0.04610301926732063,-0.09832200407981873,0.20881226053639848,False
PWP1,PUM3,Q13610,Q15397,0.22443492710590363,1178,0.38076886,-0.7257137298583984,-0.05732482299208641,0.1728395061728395,False
CUL3,GMCL1,Q13618,Q96IK5,-0.05302044749259949,1178,0.23079939,-0.7183489799499512,-0.05387333780527115,0.15494791666666666,False
CUL3,BTBD3,Q13618,Q9Y2F9,-0.08772564679384232,1178,0.48311988,-0.7183489799499512,0.07524441182613373,0.16145833333333334,False
FAM90A1,FHL3,Q86YD7,Q13643,0.19323764741420746,349,0.24771818,0.0731341615319252,0.016451235860586166,0.1724137931034483,False
ZCCHC14,FHL3,Q8WYQ9,Q13643,0.06802934408187866,1178,0.28631202,0.08041106164455414,0.016451235860586166,0.09062170706006323,False
SAP30BP,FHL3,Q9UHR5,Q13643,0.12477133423089981,1178,0.2868718,-1.5520224571228027,0.016451235860586166,0.14285714285714285,False
IL10RA,CD302,Q13651,Q8IX05,0.04552941769361496,1178,0.27130116,0.02695116400718689,0.0004289196222089231,0.12110726643598616,False
AAMP,NKAPD1,Q13685,Q6ZUT1,0.0264806617051363,1178,0.3306557,-1.1776201725006104,-0.28907713294029236,0.15668202764976957,False
BTF3L4,NACA,Q96K17,Q13765,0.14552459120750427,1178,0.67097283,-0.43461376428604126,-1.2791368961334229,0.14883720930232558,False
PKP1,NFKBID,Q13835,Q8NI38,0.016728729009628296,1178,0.71906379,-0.0486411452293396,-0.043836966156959534,0.11646586345381527,False
HNRNPLL,DDX39B,Q8WVV9,Q13838,-0.013888431712985039,1178,0.26046292,-0.06076677888631821,-0.746597170829773,0.16605166051660517,False
CHTOP,DDX39B,Q9Y3Y2,Q13838,0.058639075607061386,1178,0.4036901,-0.25996556878089905,-0.746597170829773,0.15186915887850466,False
EXOSC2,EXOSC6,Q13868,Q5RKV6,0.2691934108734131,1178,0.49851074,-0.9728570580482483,-1.3158849477767944,0.20136518771331058,True
EXOSC2,EXOSC5,Q13868,Q9NQT4,0.3285730481147766,1178,0.51974612,-0.9728570580482483,-0.7447444200515747,0.18771331058020477,True
TRIP6,BYSL,Q15654,Q13895,0.05424407497048378,1178,0.26879015,-0.1628584861755371,-1.3705101013183594,0.18907563025210083,False
BYSL,FAM9B,Q13895,Q8IZU0,0.020649738609790802,1178,0.25554923,-1.3705101013183594,0.21312586963176727,0.12128146453089245,False
BYSL,ZNF71,Q13895,Q9NQZ8,0.011886845342814922,1178,0.28234224,-1.3705101013183594,0.20153088867664337,0.1738241308793456,False
PIH1D1,BYSL,Q9NWS0,Q13895,-0.0015611625276505947,1178,0.27573602,-0.09314848482608795,-1.3705101013183594,0.15331807780320367,False
IDI1,ZNF655,Q13907,Q8N720,0.031963128596544266,1178,0.24947633,-0.2494755983352661,-0.08213110268115997,0.10590631364562118,False
LNX1,CIRBP,Q8TBB1,Q14011,-0.028580429032444954,1178,0.3107338,-0.03482906520366669,-0.00933911930769682,0.08241758241758242,False
PSMF1,RAB33A,Q92530,Q14088,-0.05114108696579933,1178,0.33332844,-0.16834363341331482,0.09583964198827744,0.14022140221402213,False
MEIS3,VEZF1,Q99687,Q14119,-0.030234040692448616,1178,0.35778076,-0.10230590403079987,-0.3162173330783844,0.14395393474088292,False
UBXN4,UBE4A,Q92575,Q14139,0.01767667569220066,1178,0.43845627,0.032225508242845535,0.05378817766904831,0.1275797373358349,False
KAT5,SERTAD2,Q92993,Q14140,0.003166145645081997,1178,0.32723585,-0.6378319263458252,-0.02710522525012493,0.1793372319688109,False
KEAP1,C2orf68,Q14145,Q2NKX9,0.008526381105184555,1178,0.27198339,-0.26101887226104736,-0.24565137922763824,0.08653846153846154,False
KEAP1,FAM117B,Q14145,Q6P1L5,-0.039517663419246674,1178,0.29043518,-0.26101887226104736,-0.06702882051467896,0.19230769230769232,False
ARHGEF7,GIT2,Q14155,Q14161,0.16648226976394653,1178,0.53210628,-0.25490832328796387,-0.07518164068460464,0.1855541718555417,False
ARHGEF7,GIT1,Q14155,Q9Y2X7,0.1032417044043541,1178,0.52357455,-0.25490832328796387,-0.18152959644794464,0.19551681195516812,True
SCARF1,GPX8,Q14162,Q8TED1,-0.0670156180858612,1178,0.23984601,-0.18534085154533386,-0.2495092898607254,0.06867469879518072,False
MPP2,LIN7B,Q14168,Q9HAP6,0.024987027049064636,1178,0.52644842,-0.2388918399810791,-0.019683556631207466,0.10243055555555555,False
MPP2,LIN7C,Q14168,Q9NUP9,-0.009960993193089962,1178,0.31879797,-0.2388918399810791,-0.2440614551305771,0.109375,False
E2F2,TFDP2,Q14209,Q14188,0.0944085568189621,1178,0.71968782,-0.04199589416384697,-0.036540791392326355,0.2219730941704036,False
NRF1,FHL2,Q16656,Q14192,0.03081841766834259,1178,0.23291183,-1.239133596420288,-0.028020692989230156,0.11928429423459244,False
FHL2,PRR5L,Q14192,Q6MZQ0,0.08907873183488846,1178,0.27087938,-0.028020692989230156,0.16532985866069794,0.16576086956521738,False
FHL2,ZNF655,Q14192,Q8N720,0.061244696378707886,1178,0.38922812,-0.028020692989230156,-0.08213110268115997,0.14867617107942974,False
FHL2,SLAIN1,Q14192,Q8ND83,-0.017115995287895203,1178,0.25109013,-0.028020692989230156,0.0667034238576889,0.11619718309859155,False
CCDC198,FHL2,Q9NVL8,Q14192,0.06517837941646576,1178,0.5153793,0.007267259061336517,-0.028020692989230156,0.1554054054054054,False
RASL12,FHL2,Q9NYN1,Q14192,0.10967285931110382,1178,0.53781345,-0.009067241102457047,-0.028020692989230156,0.16129032258064516,False
CRMP1,AP3M1,Q14194,Q9Y2T2,0.01397691760212183,1178,0.30468253,-0.03874257206916809,-0.20585140585899353,0.17832167832167833,False
EIF4A2,ZNF620,Q14240,Q6ZNG0,-0.06888674199581146,1178,0.30144294,-0.08178837597370148,0.1419260948896408,0.16587677725118483,False
IPO11,EIF4A2,Q9UI26,Q14240,0.06769450753927231,1178,0.64732713,-1.1984366178512573,-0.08178837597370148,0.10974358974358975,False
ELOA,MID2,Q14241,Q9UJV3,-0.0063719418831169605,1178,0.42075827,-0.17261306941509247,-0.08533943444490433,0.17616580310880828,False
FKBP8,ARL13B,Q14318,Q3SXY8,0.04385741055011749,1178,0.29396268,-0.13637715578079224,-0.011793901212513447,0.16822429906542055,False
CYBRD1,FKBP8,Q53TN4,Q14318,0.0014337000902742147,1178,0.30439855,-0.03616389259696007,-0.13637715578079224,0.14805825242718446,False
FKBP8,TMEM45B,Q14318,Q96B21,-0.12208420038223267,1178,0.24391357,-0.13637715578079224,0.027050022035837173,0.12378640776699029,False
FKBP8,ELOVL4,Q14318,Q9GZR5,-0.014303155243396759,1178,0.23670498,-0.13637715578079224,-0.08147358149290085,0.1529126213592233,False
BECN1,ATG14,Q14457,Q6ZNE5,0.09625188261270523,1178,0.72970444,-0.18936508893966675,-0.09339821338653564,0.15853658536585366,False
MAFF,NFE2L1,Q9ULX9,Q14494,0.04807483032345772,1178,0.66443216,-0.1913699358701706,-0.09477345645427704,0.06217616580310881,False
RBM39,KHDC4,Q14498,Q7Z7F0,0.025367125868797302,1178,0.49511744,-2.2011654376983643,-0.1836506724357605,0.15472312703583063,False
MCM6,MCMBP,Q14566,Q9BTE3,0.2042173445224762,1178,0.32070116,-1.2173418998718262,-0.45540106296539307,0.1814859926918392,False
RALBP1,GSE1,Q15311,Q14687,-0.10421521961688995,1178,0.25107304,-0.09019198268651962,-0.0530199259519577,0.13557929334428923,False
GSE1,CFAP206,Q14687,Q8IYR0,-0.027292735874652863,1178,0.28852297,-0.0530199259519577,-0.03542287275195122,0.1314708299096138,False
HMG20A,GSE1,Q9NP66,Q14687,-0.01654469594359398,1178,0.70259479,-0.034392546862363815,-0.0530199259519577,0.10106820049301561,False
HMG20B,GSE1,Q9P0W2,Q14687,0.14563828706741333,1178,0.69400321,0.006589623633772135,-0.0530199259519577,0.09367296631059983,True
COG2,COG3,Q14746,Q96JB2,0.4157275855541229,1178,0.70165138,-0.492186576128006,-0.9373779296875,0.1823671497584541,True
COG2,COG4,Q14746,Q9H9E3,0.38757750391960144,1178,0.6610713,-0.492186576128006,-0.4453616142272949,0.19490445859872613,True
FXYD3,TMEM86A,Q14802,Q8N2M4,0.05685732141137123,1178,0.31818983,-0.054568447172641754,0.11852151900529861,0.10833333333333334,False
LASP1,CERCAM,Q14847,Q5T4B2,0.03222290799021721,1178,0.24744204,-0.09351672977209091,-0.16175252199172974,0.1226890756302521,False
LASP1,INTS11,Q14847,Q5TA45,0.017854416742920876,1178,0.40831717,-0.09351672977209091,-1.9272081851959229,0.12,False
LASP1,RBPMS2,Q14847,Q6ZRY4,0.06908611208200455,1178,0.28158211,-0.09351672977209091,0.032953761518001556,0.16475095785440613,False
LASP1,RHOXF2,Q14847,Q9BQY4,0.00537120271474123,1043,0.32667287,-0.09351672977209091,-0.0970466136932373,0.1701388888888889,False
LASP1,RBFOX1,Q14847,Q9NWB1,-0.05390411615371704,1178,0.26438681,-0.09351672977209091,-0.0698518455028534,0.15365239294710328,False
HNRNPUL2,KPNB1,Q1KMD3,Q14974,0.0651613101363182,1178,0.42567248,-0.2195691615343094,-2.0271530151367188,0.17123287671232876,False
KPNB1,NUSAP1,Q14974,Q9BXS6,-0.01999875344336033,1178,0.50172742,-2.0271530151367188,-0.2082512229681015,0.12899543378995434,False
NUP50,KPNB1,Q9UKX7,Q14974,0.08843186497688293,1178,0.25582551,-0.5918383002281189,-2.0271530151367188,0.1404109589041096,False
GAPVD1,SNX24,Q14C86,Q9Y343,0.13946205377578735,1178,0.29904672,-0.05329550430178642,0.11364398896694183,0.05006765899864682,False
CLCA4,ELOVL4,Q14CN2,Q9GZR5,0.08483950048685074,1178,0.24671812,0.026105744764208794,-0.08147358149290085,0.09031556039173014,False
USP22,ATXN7L3,Q9UPT9,Q14CW9,0.295386403799057,1178,0.69916321,0.09262791275978088,-0.14270807802677155,0.1657142857142857,True
NCAPH,NCAPD2,Q15003,Q15021,0.261675626039505,1178,0.72808128,-1.0583081245422363,-1.4696567058563232,0.14132762312633834,True
SMC4,NCAPH,Q9NTJ3,Q15003,0.14329499006271362,1178,0.42010798,-1.57706880569458,-1.0583081245422363,0.14751552795031056,True
MORF4L2,BEX5,Q15014,Q5H9J7,0.019451074302196503,1178,0.40828666,-0.07326837629079819,0.08466940373182297,0.13541666666666666,False
SART3,ZNF620,Q15020,Q6ZNG0,0.024124180898070335,1178,0.25950824,-1.8124340772628784,0.1419260948896408,0.11734164070612668,False
SART3,ZNF71,Q15020,Q9NQZ8,-0.005677003879100084,1178,0.40566736,-1.8124340772628784,0.20153088867664337,0.13811007268951195,False
EXOSC8,EXOSC7,Q96B26,Q15024,0.28577476739883423,1178,0.53458959,-1.1000125408172607,-0.9385330677032471,0.2611683848797251,True
EXOSC7,EXOSC5,Q15024,Q9NQT4,0.3369804918766022,1178,0.60839284,-0.9385330677032471,-0.7447444200515747,0.22336769759450173,True
PIBF1,TNIP1,Q8WXW3,Q15025,-0.0777347981929779,1178,0.30436984,0.05760817229747772,-0.015368819236755371,0.18626155878467635,False
PNKP,TNIP1,Q96T60,Q15025,-0.003870452754199505,1178,0.3038494,-0.3994257152080536,-0.015368819236755371,0.1792452830188679,False
EBNA1BP2,RRS1,Q99848,Q15050,0.17430223524570465,1178,0.23083069,-0.9629229307174683,-1.2183678150177002,0.2356164383561644,False
WDR43,NOL11,Q15061,Q9H8H0,0.0932982787489891,1178,0.4330844,-2.118093252182007,-0.6852957010269165,0.17524339360222532,False
LNX1,PAFAH1B3,Q8TBB1,Q15102,0.06361028552055359,1178,0.44264298,-0.03482906520366669,0.04255890101194382,0.10714285714285714,False
EBP,TMEM42,Q15125,Q69YG0,-0.10314425826072693,1178,0.24363223,0.047918833792209625,-0.00506677757948637,0.1956521739130435,False
EBP,SLC48A1,Q15125,Q6P1K1,-0.10865090787410736,1178,0.25363748,0.047918833792209625,-0.0869726613163948,0.1608695652173913,False
EBP,ZDHHC24,Q15125,Q6UX98,0.14592406153678894,1178,0.23717378,0.047918833792209625,-0.08432123064994812,0.21830985915492956,False
EBP,CLDND2,Q15125,Q8NHS1,0.007017094176262617,1178,0.36135595,0.047918833792209625,0.0023534088395535946,0.17391304347826086,False
EBP,TMEM239,Q15125,Q8WW34,0.11050939559936523,1178,0.27696924,0.047918833792209625,-0.04025276005268097,0.20869565217391303,False
LRRC59,EBP,Q96AG4,Q15125,0.05420403555035591,1178,0.26439958,-0.06807223707437515,0.047918833792209625,0.1465798045602606,False
EBP,DNAJC30,Q15125,Q96LL9,-0.09422034025192261,1178,0.3227935,0.047918833792209625,-0.18560028076171875,0.1565217391304348,False
EBP,TSNARE1,Q15125,Q96NA8,0.043493594974279404,1178,0.25786009,0.047918833792209625,0.04640040919184685,0.1286549707602339,False
EBP,TMEM208,Q15125,Q9BTX3,0.12020998448133469,1178,0.25932619,0.047918833792209625,-0.08115994930267334,0.13043478260869565,False
EBP,SMCO4,Q15125,Q9NRQ5,0.03590257838368416,1178,0.35274564,0.047918833792209625,-0.006934805307537317,0.06521739130434782,False
TMEM14B,EBP,Q9NUH8,Q15125,0.0017393628368154168,1178,0.24814553,-0.12826669216156006,0.047918833792209625,0.14782608695652175,False
TMEM140,EBP,Q9NV12,Q15125,0.12403486669063568,1178,0.42216764,0.03094441629946232,0.047918833792209625,0.23043478260869565,False
VAPA,EBP,Q9P0L0,Q15125,0.07212411612272263,1178,0.30378319,-0.1130419671535492,0.047918833792209625,0.17670682730923695,False
NAT8,EBP,Q9UHE5,Q15125,0.06265154480934143,1178,0.33007314,-0.04748675227165222,0.047918833792209625,0.23478260869565218,False
PLLP,EBP,Q9Y342,Q15125,0.15274550020694733,1178,0.40490851,0.05137147009372711,0.047918833792209625,0.1608695652173913,False
EBP,UBE2J1,Q15125,Q9Y385,-0.09088853746652603,1178,0.23848479,0.047918833792209625,-0.04373384639620781,0.16352201257861634,False
UBIAD1,EBP,Q9Y5Z9,Q15125,-0.015947721898555756,1178,0.25035072,-0.5015153288841248,0.047918833792209625,0.1863905325443787,False
PTPA,AARS2,Q15257,Q5JTZ9,0.14000071585178375,1178,0.2521855,-0.5622073411941528,-0.4594156742095947,0.11472081218274112,False
PWP2,WDR36,Q15269,Q8NI36,0.455274373292923,349,0.69868734,-1.2341221570968628,-1.5648725032806396,0.1969532100108814,False
WDR3,PWP2,Q9UNX4,Q15269,0.168639674782753,1178,0.26982877,-1.3524489402770996,-1.2341221570968628,0.19088016967126192,False
RABEP1,CEP57,Q15276,Q86XR8,-0.052062492817640305,1178,0.24985056,0.04183739051222801,-0.13959743082523346,0.16821345707656613,False
RALBP1,TBRG1,Q15311,Q3YBR2,-0.12470590323209763,1178,0.56550297,-0.09019198268651962,0.02460252121090889,0.1465648854961832,False
RALBP1,CEP57,Q15311,Q86XR8,-0.10651606321334839,1178,0.59354463,-0.09019198268651962,-0.13959743082523346,0.166412213740458,False
RALBP1,REPS1,Q15311,Q96D71,0.051179438829422,1178,0.57383232,-0.09019198268651962,-0.037012260407209396,0.16457286432160803,False
RALBP1,PPP1R13B,Q15311,Q96KQ4,-0.02114003337919712,1178,0.52011812,-0.09019198268651962,0.09178917109966278,0.15321100917431194,False
KRT31,ZNF569,Q15323,Q5MCW4,-0.06377559155225754,1178,0.48269602,-0.2508959472179413,0.03811728209257126,0.12099125364431487,False
KRT31,EXOC8,Q15323,Q8IYI6,0.02467883750796318,1178,0.25152987,-0.2508959472179413,-0.41522783041000366,0.15172413793103448,False
KRT31,USHBP1,Q15323,Q8N6Y0,0.03284881263971329,1178,0.40195092,-0.2508959472179413,-0.06399358808994293,0.15220483641536273,False
KRT31,HAUS1,Q15323,Q96CS2,-0.005976580083370209,1178,0.27058848,-0.2508959472179413,-1.603763461112976,0.15384615384615385,False
KRT31,UACA,Q15323,Q9BZF9,-0.06340991705656052,1178,0.27816643,-0.2508959472179413,-0.07131993770599365,0.09957627118644068,False
KRT31,RCOR3,Q15323,Q9P2K3,-0.018374081701040268,1178,0.30304793,-0.2508959472179413,0.049823686480522156,0.18181818181818182,False
KRT31,ZNF835,Q15323,Q9Y2P0,0.035663675516843796,1178,0.47332164,-0.2508959472179413,0.10046718269586563,0.14152700186219738,False
TMED2,TMED4,Q15363,Q7Z7H5,-0.03901899978518486,1178,0.64717174,-0.576653003692627,-0.003881486365571618,0.2599118942731278,False
TMED2,TMED9,Q15363,Q9BVK6,0.17585939168930054,1178,0.63118317,-0.576653003692627,-0.06642892956733704,0.28085106382978725,False
TMED2,TMED5,Q15363,Q9Y3A6,0.10069196671247482,1178,0.42171598,-0.576653003692627,-0.11422838270664215,0.2838427947598253,False
TMED2,TMED3,Q15363,Q9Y3Q3,0.016236163675785065,1178,0.49888622,-0.576653003692627,0.03607156500220299,0.2903225806451613,False
SF3B4,SF3B3,Q15427,Q15393,0.16299226880073547,1178,0.2441832,-1.844266653060913,-2.490142583847046,0.11010682004930156,True
DDX27,PUM3,Q96GQ7,Q15397,0.18105925619602203,1178,0.34802252,-1.0625786781311035,-0.05732482299208641,0.1843137254901961,False
PARVA,RSU1,Q9NVD7,Q15404,0.2685581147670746,349,0.42096901,-0.01303514838218689,-0.05929801985621452,0.1827956989247312,False
SF3B4,METTL17,Q15427,Q9H7H0,0.0114001939073205,1178,0.31733229,-1.844266653060913,-0.5087083578109741,0.18421052631578946,False
SEC23A,SF1,Q15436,Q15637,0.029678700491786003,1178,0.23222516,-0.16737113893032074,-2.3738415241241455,0.15816993464052287,False
SEC23A,HOMEZ,Q15436,Q8IX15,0.078122578561306,1178,0.2359987,-0.16737113893032074,-0.11131160706281662,0.17254901960784313,False
WBP11,SEC23A,Q9Y2W2,Q15436,0.10640544444322586,1178,0.23221594,-1.077606439590454,-0.16737113893032074,0.17124183006535948,False
SEC23B,CPSF7,Q15437,Q8N684,0.0749354213476181,1178,0.32652645,0.10688722133636475,-0.18504957854747772,0.1408083441981747,False
IPCEF1,CYTH1,Q8WWN9,Q15438,0.2039441615343094,1178,0.54931353,-0.02749878540635109,-0.03455447778105736,0.17391304347826086,False
CNKSR1,CYTH1,Q969H4,Q15438,0.03963885456323624,1178,0.39947953,-0.024971937760710716,-0.03455447778105736,0.15555555555555556,False
SIX1,CCDC85B,Q15475,Q15834,-0.06582208722829819,1178,0.23579746,-0.19600334763526917,-0.12670280039310455,0.20422535211267606,False
SPA17,ROPN1L,Q15506,Q96C74,-0.03465630114078522,1178,0.58775834,0.10481566935777664,-0.10507157444953918,0.1782608695652174,False
MED8,MED22,Q96G25,Q15528,0.2808128893375397,1178,0.62069019,-0.9515039920806885,-1.2867050170898438,0.17537313432835822,True
MED15,MED22,Q96RN5,Q15528,0.08473505079746246,1178,0.36355361,-0.24059726297855377,-1.2867050170898438,0.07233502538071065,False
MED18,MED22,Q9BUE0,Q15528,0.23444686830043793,1178,0.23328084,-0.9988735914230347,-1.2867050170898438,0.15384615384615385,True
MED22,MED17,Q15528,Q9NVC6,0.29010137915611267,1178,0.68652779,-1.2867050170898438,-1.0786819458007812,0.10138248847926268,True
TAF9B,TAF5,Q9HBM6,Q15542,-0.03128399699926376,1178,0.61110902,0.044965293258428574,-0.7188271284103394,0.095,True
MMD,TMEM42,Q15546,Q69YG0,0.10129109025001526,1178,0.31631723,-0.0030409989412873983,-0.00506677757948637,0.14285714285714285,False
MMD,GPR152,Q15546,Q8TDT2,-0.11355426907539368,1178,0.35166555,-0.0030409989412873983,-0.07044405490159988,0.1127659574468085,False
MMD,GPX8,Q15546,Q8TED1,0.06976089626550674,1178,0.36969272,-0.0030409989412873983,-0.2495092898607254,0.18067226890756302,False
MMD,SFXN1,Q15546,Q9H9B4,0.10388430953025818,1178,0.23922156,-0.0030409989412873983,0.02296670712530613,0.16459627329192547,False
ADAMTSL4,TCEA2,Q6UY14,Q15560,-0.035623881965875626,1178,0.31417681,-0.2467358559370041,-0.05813737213611603,0.09404096834264432,False
TAF1A,NKAPD1,Q15573,Q6ZUT1,0.11095146089792252,1178,0.33132484,-0.742358386516571,-0.28907713294029236,0.15333333333333332,False
NDEL1,DIXDC1,Q9GZM8,Q155Q3,-0.058438725769519806,1178,0.34343283,-0.0398474745452404,-0.05958855524659157,0.13030746705710103,False
TRIP13,SSC4D,Q15645,Q8WTU2,-0.02369551733136177,1178,0.36734408,-0.3946355879306793,-0.032823435962200165,0.16869565217391305,False
TRIP13,HDHD3,Q15645,Q9BSH5,-0.003684896742925048,1178,0.24097052,-0.3946355879306793,-0.02325608767569065,0.1574074074074074,False
TRIP13,NIF3L1,Q15645,Q9GZT8,0.02874107100069523,1178,0.25957432,-0.3946355879306793,-0.05883666127920151,0.1736111111111111,False
MED1,MED4,Q15648,Q9NPJ6,0.23708342015743256,1178,0.28139729,-0.6696135997772217,-1.278164267539978,0.06325110689437065,True
TRIP6,TTC23,Q15654,Q5W5X9,0.05523629114031792,1178,0.27370153,-0.1628584861755371,0.06822758167982101,0.15756302521008403,False
TRIP6,METTL17,Q15654,Q9H7H0,0.11544767022132874,1178,0.28469596,-0.1628584861755371,-0.5087083578109741,0.21008403361344538,False
RHOH,FAM90A1,Q15669,Q86YD7,0.040559206157922745,349,0.33307118,-0.13963808119297028,0.0731341615319252,0.10344827586206896,False
SCNM1,RHOH,Q9BWG6,Q15669,-0.04317319020628929,1178,0.23449794,-0.4058271646499634,-0.13963808119297028,0.1565217391304348,False
TCF19,RHOH,Q9Y242,Q15669,0.03653948754072189,1178,0.23528898,-0.004285917617380619,-0.13963808119297028,0.12173913043478261,False
TTC19,NAB2,Q6DKK2,Q15742,0.04219096153974533,1178,0.27604748,-0.2529568672180176,-0.014108515344560146,0.16,False
PHOSPHO2,NAB2,Q8TCD6,Q15742,-0.09326908737421036,1178,0.23434924,0.2034745067358017,-0.014108515344560146,0.10857142857142857,False
MSMO1,TMEM86B,Q15800,Q8N661,-0.029286909848451614,1178,0.28706036,0.08891571313142776,0.053364310413599014,0.15358361774744028,False
MSMO1,DNAJC30,Q15800,Q96LL9,-0.029412200674414635,1178,0.35386934,0.08891571313142776,-0.18560028076171875,0.18430034129692832,False
MSMO1,TMEM140,Q15800,Q9NV12,-0.06157014146447182,1178,0.67748161,0.08891571313142776,0.03094441629946232,0.16723549488054607,False
MSMO1,TMEM242,Q15800,Q9NWH2,0.017122115939855576,1178,0.32005162,0.08891571313142776,-0.396979421377182,0.12627986348122866,False
SLC14A2,TRARG1,Q15849,Q8IXB3,0.07535840570926666,1178,0.39310342,-0.03730309382081032,0.1277216672897339,0.06956521739130435,False
ZIC1,ATP23,Q15915,Q9Y6H3,0.0010079329367727041,1178,0.28254808,0.11029991507530212,-0.42587748169898987,0.14093959731543623,False
CASS4,ZYX,Q9NQ75,Q15942,0.006602285895496607,1178,0.25410882,-0.07032588124275208,-0.04064688831567764,0.178117048346056,False
ZYX,IMP3,Q15942,Q9NV31,0.010728592053055763,1178,0.39770024,-0.04064688831567764,-1.2711772918701172,0.08916083916083917,False
DISC1,ZNF124,Q9NRI5,Q15973,0.04854639247059822,1178,0.33020718,0.06518344581127167,-0.09047557413578033,0.11592505854800937,False
SNCB,MORN4,Q16143,Q8NDC4,-0.002083981642499566,1178,0.27545744,0.015018741600215435,-0.07426328212022781,0.18493150684931506,False
CNGA3,ACBD5,Q16281,Q5T8D3,-0.025584116578102112,1178,0.24999238,-0.18281172215938568,0.05992508679628372,0.15273775216138327,False
PSMD5,CASTOR1,Q16401,Q8WTX7,0.03154963254928589,1178,0.57594012,-0.042088452726602554,-0.1869167536497116,0.15674603174603174,False
PKN1,ADAMTSL4,Q16512,Q6UY14,-0.08244605362415314,1178,0.31990286,-0.03974103182554245,-0.2467358559370041,0.19180633147113593,False
PKN1,CEP57,Q16512,Q86XR8,-0.09065118432044983,1178,0.38340438,-0.03974103182554245,-0.13959743082523346,0.15074309978768577,False
PKN1,ZNF34,Q16512,Q8IZ26,0.036890909075737,1178,0.47938207,-0.03974103182554245,-0.08804891258478165,0.14437367303609341,False
PKN1,ZFP90,Q16512,Q8TF47,0.07639293372631073,1178,0.41968444,-0.03974103182554245,0.05372926592826843,0.15180467091295116,False
PKN1,DISC1,Q16512,Q9NRI5,-0.12037736922502518,1178,0.23877865,-0.03974103182554245,0.06518344581127167,0.1910828025477707,False
SNAPC1,SNAPC3,Q16533,Q92966,0.406985342502594,1178,0.72394058,-1.6179766654968262,-1.2716479301452637,0.17274939172749393,True
MAPK14,MKNK2,Q16539,Q9HBH9,0.056923218071460724,1178,0.45686661,-0.19917462766170502,0.12714044749736786,0.20430107526881722,False
HOMER3,CDC37,Q9NSC5,Q16543,-0.00014723598724231124,1178,0.23768119,-0.14238880574703217,-1.1545711755752563,0.18518518518518517,False
CDC37,IKZF3,Q16543,Q9UKT9,0.1879054605960846,1178,0.23313154,-1.1545711755752563,-0.10829205811023712,0.16110019646365423,False
GATAD2A,RBBP7,Q86YP4,Q16576,0.015848275274038315,1178,0.31227771,-0.3150082528591156,-0.10855186730623245,0.13902053712480253,True
GATAD2B,RBBP7,Q8WXI9,Q16576,-0.06949804723262787,1178,0.24312956,-0.17758893966674805,-0.10855186730623245,0.14502529510961215,True
ZNF521,RBBP7,Q96K83,Q16576,-0.009842807427048683,1178,0.34928799,-0.018785007297992706,-0.10855186730623245,0.10373760488176964,False
MTA3,RBBP7,Q9BTC8,Q16576,-0.04172610118985176,1178,0.61862659,-0.03139546886086464,-0.10855186730623245,0.13804713804713806,True
SINHCAF,RBBP7,Q9NP50,Q16576,-0.052019018679857254,1178,0.26694323,-0.4788901209831238,-0.10855186730623245,0.1388235294117647,False
POU2AF1,TENT5B,Q16633,Q96A09,0.05523557960987091,1178,0.24109634,-0.08341994136571884,0.04829917103052139,0.14823529411764705,False
CLPP,C14orf119,Q16740,Q9NWQ9,0.03669118508696556,1178,0.43603269,-0.145610511302948,-0.11386135965585709,0.1299638989169675,False
H2BC21,H2AC20,Q16778,Q16777,0.3443196713924408,1043,0.72219524,-0.6313583850860596,-0.8733068704605103,0.24806201550387597,True
H2AC20,H2BC18,Q16777,Q5QNW6,0.33024632930755615,1043,0.72231849,-0.8733068704605103,-0.27304062247276306,0.24806201550387597,False
IPO9,H2BC21,Q96P70,Q16778,-0.06607691943645477,1059,0.47331412,-0.6036216616630554,-0.6313583850860596,0.043227665706051875,False
PTPN21,ZNF497,Q16825,Q6ZNH5,0.03293474391102791,1178,0.44978365,-0.07808168232440948,0.009269815869629383,0.11925042589437819,False
UGP2,PLEKHF2,Q16851,Q9H8W4,0.010082744993269444,1178,0.23447388,-0.3284205198287964,-0.10347121953964233,0.13582677165354332,False
CHCHD3,IMMT,Q9NX63,Q16891,0.22297149896621704,1178,0.60058841,-0.31541532278060913,-0.4380079209804535,0.09498680738786279,True
PEG10,RTL8B,Q86TG7,Q17RB0,0.000650667236186564,1162,0.49012433,0.09344029426574707,-0.13891731202602386,0.05790960451977401,False
SPG21,RTL8B,Q9NZD8,Q17RB0,-0.01739116944372654,1162,0.24775503,-0.17563346028327942,-0.13891731202602386,0.09090909090909091,False
ZSWIM7,SWSAP1,Q19AV6,Q6NVH7,0.23466040194034576,1178,0.62275651,-0.052482519298791885,-0.16446048021316528,0.128,False
GCC1,KIAA0753,Q96CN9,Q2KHM9,-0.030529025942087173,1178,0.34964749,-0.012362783774733543,0.03805132955312729,0.16856256463288521,False
CCDC77,KIAA0753,Q9BR77,Q2KHM9,0.11804384738206863,1178,0.24969765,-0.06243998929858208,0.03805132955312729,0.13236814891416754,False
ODF4,MS4A13,Q2M2E3,Q5J8X5,0.041364703327417374,1178,0.33348789,-0.10828281939029694,-0.03193621337413788,0.15953307392996108,False
WASHC4,WASHC3,Q2M389,Q9Y3C0,0.5755431056022644,1178,0.37146811,-0.13587331771850586,-0.213297039270401,0.06308610400682012,True
FAM210B,SLC35G1,Q96KR6,Q2M3R5,0.0412665456533432,1178,0.51010211,0.0517241396009922,-0.07762866467237473,0.1726027397260274,False
TMEM14B,SLC35G1,Q9NUH8,Q2M3R5,0.021414179354906082,1178,0.26263449,-0.12826669216156006,-0.07762866467237473,0.11506849315068493,False
SMG6,C2orf68,Q86US8,Q2NKX9,0.029224738478660583,1178,0.30323632,-0.9475480914115906,-0.24565137922763824,0.05426356589147287,False
MCRS1,INSYN1,Q96EZ8,Q2T9L4,0.00899423286318779,1178,0.32069756,-0.6710070371627808,-0.009619263000786304,0.12987012987012986,False
WASHC3,INSYN1,Q9Y3C0,Q2T9L4,-0.028494028374552727,1178,0.56159557,-0.213297039270401,-0.009619263000786304,0.15358361774744028,False
ZMAT1,QRICH1,Q5H9K5,Q2TAL8,-0.0002813377941492945,1178,0.376102,0.09270346164703369,-0.30187559127807617,0.14432989690721648,False
ZDHHC5,GOLGA7B,Q9C0B5,Q2TAP0,-0.040558040142059326,1178,0.64951719,-0.00908143911510706,-0.02044389210641384,0.07832167832167833,False
SMU1,MRFAP1,Q2TAY7,Q9Y605,-0.06736591458320618,1178,0.25640098,-2.7456042766571045,-0.12481191754341125,0.07992202729044834,False
CWF19L1,CWF19L2,Q69YN2,Q2TBE0,0.21336998045444489,1178,0.24551149,-0.2134799212217331,-0.5204235911369324,0.16666666666666666,False
AP5M1,AP5B1,Q9H0R1,Q2VPB7,-0.05674213543534279,1178,0.72539516,0.004196720663458109,-0.09610054641962051,0.1469248291571754,True
MORN3,KLHL38,Q6PF18,Q2WGJ6,0.0653926208615303,1178,0.36582064,0.2002219408750534,-0.13041694462299347,0.12564543889845095,False
TEPSIN,KLHL38,Q96N21,Q2WGJ6,0.025397982448339462,1178,0.28098636,-0.18230193853378296,-0.13041694462299347,0.17900172117039587,False
DMAC2L,KLHL38,Q99766,Q2WGJ6,-0.14464351534843445,1178,0.38771841,-0.03446894884109497,-0.13041694462299347,0.10154905335628227,False
TAX1BP1,FAM161A,Q86VP1,Q3B820,-0.003091152524575591,1178,0.2721246,-0.05180560052394867,-0.08839048445224762,0.17237008871989862,False
FAM161A,VPS52,Q3B820,Q8N1B4,0.07149183750152588,1178,0.26081443,-0.08839048445224762,-0.5851348638534546,0.18672199170124482,False
POC5,FAM161A,Q8NA72,Q3B820,0.07265494018793106,1178,0.47125735,-0.05569716915488243,-0.08839048445224762,0.18484848484848485,False
KCTD12,ZNF792,Q96CX2,Q3KQV3,-0.13459351658821106,1178,0.41015568,0.020159171894192696,-0.07612121850252151,0.13449367088607594,False
ZRANB1,ZNF792,Q9UGI0,Q3KQV3,-0.015402879565954208,1178,0.28275952,-0.17313158512115479,-0.07612121850252151,0.1850282485875706,False
PUS10,ABITRAM,Q3MIT2,Q9NX38,0.07081491500139236,1178,0.65348179,-0.06896793842315674,-0.020478777587413788,0.10586011342155009,False
ACSF2,ARL13B,Q96CM8,Q3SXY8,0.011034728959202766,1178,0.23317486,-0.15081794559955597,-0.011793901212513447,0.13983739837398373,False
ARL13B,TM6SF2,Q3SXY8,Q9BZW4,0.09717769175767899,1178,0.48072658,-0.011793901212513447,-0.16270485520362854,0.19158878504672897,False
MSS51,TSGA10IP,Q4VC12,Q3SY00,0.0999516025185585,348,0.35314199,-0.04600570723414421,-0.19926685094833374,0.17805755395683454,False
UHMK1,TSGA10IP,Q8TAS1,Q3SY00,-0.11101118475198746,348,0.35141645,0.17614173889160156,-0.19926685094833374,0.1618705035971223,False
TBRG1,INO80E,Q3YBR2,Q8NBZ0,0.21389278769493103,1178,0.35469869,0.02460252121090889,-0.1445547491312027,0.15571776155717762,False
CCDC14,CEP63,Q49A88,Q96MT8,0.077628493309021,1178,0.28791771,0.026741603389382362,-0.0905737429857254,0.1783840503672613,False
MTERF2,SACM1L,Q49AM1,Q9NTJ5,0.022155262529850006,1178,0.33029422,-0.03677544370293617,-1.3829727172851562,0.13458262350936967,False
ZMYND19,KCTD21,Q96E35,Q4G0X4,-0.0715349093079567,1178,0.29535089,0.032174352556467056,-0.03610195964574814,0.2076923076923077,False
TPRN,CLIC5,Q4KMQ1,Q9NZA1,-0.02679780311882496,1178,0.54194709,-0.029428083449602127,0.10629788041114807,0.1420534458509142,False
PLPP5,CTXN3,Q8NEB5,Q4LDR2,-0.12035606056451797,1178,0.49488073,0.086440809071064,0.006919625215232372,0.09848484848484848,False
GPR61,CTXN3,Q9BZJ8,Q4LDR2,-0.1260819286108017,1178,0.25772053,-0.4337151050567627,0.006919625215232372,0.07317073170731707,False
GRIPAP1,PIBF1,Q4V328,Q8WXW3,-0.006726520135998726,1178,0.24097795,0.09571518748998642,0.05760817229747772,0.21759809750297265,False
GRIPAP1,DISC1,Q4V328,Q9NRI5,-0.06909489631652832,1178,0.23152777,0.09571518748998642,0.06518344581127167,0.19437939110070257,False
CERS4,TMEM119,Q9HA82,Q4V9L6,0.06487026065587997,1178,0.51712479,-0.007864388637244701,-0.11091967672109604,0.1548223350253807,False
BCL7A,DPF3,Q4VC05,Q92784,0.007812001742422581,1178,0.3259399,-0.13167335093021393,0.05622546374797821,0.12962962962962962,False
DPF2,BCL7A,Q92785,Q4VC05,0.06658121943473816,1178,0.34999806,-0.36207446455955505,-0.13167335093021393,0.14578005115089515,False
BCL7A,SMARCD1,Q4VC05,Q96GM5,0.10464099049568176,1178,0.27367151,-0.13167335093021393,-0.25394558906555176,0.12233009708737864,False
MSS51,FAM90A1,Q4VC12,Q86YD7,-0.024892743676900864,349,0.40142185,-0.04600570723414421,0.0731341615319252,0.20905172413793102,False
SCNM1,MSS51,Q9BWG6,Q4VC12,0.026909856125712395,1178,0.2320715,-0.4058271646499634,-0.04600570723414421,0.13695652173913042,False
BEX2,MSS51,Q9BXY8,Q4VC12,-0.023403489962220192,1178,0.4140962,0.012712721712887287,-0.04600570723414421,0.09347826086956522,False
MIDN,CMTM4,Q504T8,Q8IZR5,0.018782909959554672,1178,0.24931545,-0.1454951912164688,-0.07586181908845901,0.14743589743589744,False
FAM98B,RTRAF,Q52LJ0,Q9Y224,0.43321841955184937,1178,0.71047162,-0.3052824139595032,-0.3765031695365906,0.14318706697459585,True
KAT5,EPC2,Q92993,Q52LR7,0.1273827701807022,1178,0.71991864,-0.6378319263458252,-0.21530736982822418,0.137546468401487,True
EPC2,MEAF6,Q52LR7,Q9HAF1,0.04839889332652092,1178,0.6478677,-0.21530736982822418,-0.39975759387016296,0.0768277571251549,True
EPC2,ING3,Q52LR7,Q9NXR8,0.36898499727249146,1178,0.70500899,-0.21530736982822418,-0.43741586804389954,0.1449814126394052,True
SUFU,CRTC2,Q9UMX1,Q53ET0,0.027379054576158524,1178,0.27199243,0.056817978620529175,-0.18989147245883942,0.17027417027417027,False
ZC2HC1C,ZNF655,Q53FD0,Q8N720,-0.05925912410020828,1178,0.27205632,-0.033205367624759674,-0.08213110268115997,0.16089613034623218,False
KIF9,ZC2HC1C,Q9HAQ2,Q53FD0,0.21482156217098236,1178,0.33377283,-0.03846222162246704,-0.033205367624759674,0.14303797468354432,False
KLHL12,FAM90A1,Q53G59,Q86YD7,-0.1442902684211731,349,0.24297062,-0.15302865207195282,0.0731341615319252,0.1742957746478873,False
KLHL12,TBC1D10C,Q53G59,Q8IV04,0.016391508281230927,1178,0.30711598,-0.15302865207195282,-0.2914816737174988,0.16725352112676056,False
PNKP,KLHL12,Q96T60,Q53G59,-0.054591577500104904,1178,0.32196563,-0.3994257152080536,-0.15302865207195282,0.2112676056338028,False
KLHL12,PRR13,Q53G59,Q9NZ81,0.04645552486181259,1178,0.31745874,-0.15302865207195282,-0.5135172009468079,0.07394366197183098,False
KLHL12,ZBTB4,Q53G59,Q9P1Z0,0.04281226545572281,1178,0.56873094,-0.15302865207195282,0.042095839977264404,0.1441263573543929,False
KLHL22,SCARF2,Q53GT1,Q96GP6,0.11334259063005447,1178,0.27596309,-0.16586606204509735,-0.03575325757265091,0.14810562571756603,False
LACTB2,SIAH1,Q53H82,Q8IUQ4,0.013451309874653816,1178,0.28284919,-0.004265915602445602,0.03499428927898407,0.1840277777777778,False
POGZ,KLHL26,Q7Z3K3,Q53HC5,0.052859704941511154,1178,0.25216843,-0.33361178636550903,0.020203473046422005,0.12624113475177304,False
NUDT22,KLHL26,Q9BRQ3,Q53HC5,-0.00030238262843340635,1178,0.33939298,-0.043677132576704025,0.020203473046422005,0.15934959349593497,False
EIPR1,VPS51,Q53HC9,Q9UID3,0.39921027421951294,1178,0.63702896,-0.09670175611972809,-0.5102735757827759,0.13554987212276215,False
SMUG1,NOXA1,Q53HV7,Q86UR1,0.10899277776479721,1178,0.26704392,-0.16892819106578827,0.023804916068911552,0.15546218487394958,False
SMUG1,PEF1,Q53HV7,Q9UBV8,0.19287651777267456,1178,0.32318658,-0.16892819106578827,-0.3296058475971222,0.2007042253521127,False
CYBRD1,SERP2,Q53TN4,Q8N6R1,0.07375393807888031,1178,0.3084384,-0.03616389259696007,0.055590759962797165,0.07692307692307693,False
CYBRD1,VAPA,Q53TN4,Q9P0L0,0.029234282672405243,1178,0.24757876,-0.03616389259696007,-0.1130419671535492,0.12237762237762238,False
CYBRD1,LPAR3,Q53TN4,Q9UBY5,-0.043270595371723175,1178,0.30103892,-0.03616389259696007,-0.035856880247592926,0.17563739376770537,False
CYBRD1,SERP1,Q53TN4,Q9Y6X1,-0.03897371143102646,1178,0.25679599,-0.03616389259696007,-0.04281020537018776,0.06993006993006994,False
COMMD2,CCDC93,Q86X83,Q567U6,0.36156073212623596,1178,0.43709792,-0.08845547586679459,-0.13622018694877625,0.0919175911251981,True
DENND10,CCDC93,Q8TCE6,Q567U6,0.011987201869487762,1178,0.31903373,-0.1779053509235382,-0.13622018694877625,0.14263074484944532,False
AAR2,EAPP,Q9Y312,Q56P03,0.1603444218635559,1178,0.48491845,-0.03445710986852646,-0.6808109879493713,0.14322916666666666,False
TMEM97,MFF,Q5BJF2,Q9GZY8,0.037307918071746826,1178,0.23825411,-0.22210444509983063,0.023023413494229317,0.11403508771929824,False
ALG10,SERP2,Q5BKT4,Q8N6R1,0.128688246011734,1178,0.23892649,-0.13335658609867096,0.055590759962797165,0.042283298097251586,False
HERPUD2,ALG10,Q9BSE4,Q5BKT4,0.10158474743366241,1178,0.40409674,-0.06602051854133606,-0.13335658609867096,0.13530655391120508,False
EXOC8,ZNF628,Q8IYI6,Q5EBL2,0.019323188811540604,1178,0.26504104,-0.41522783041000366,-0.049680739641189575,0.15958451369216242,False
ING3,BEX5,Q9NXR8,Q5H9J7,0.0012386260787025094,1178,0.53625166,-0.43741586804389954,0.08466940373182297,0.06220095693779904,False
EXOSC5,ZMAT1,Q9NQT4,Q5H9K5,0.06326049566268921,1178,0.33528878,-0.7447444200515747,0.09270346164703369,0.09404388714733543,False
CDC23,ZMAT1,Q9UJX2,Q5H9K5,0.05879350006580353,1178,0.2306959,-2.192012071609497,0.09270346164703369,0.18025078369905956,False
TXN2,TTC32,Q99757,Q5I0X7,0.04731243848800659,1178,0.2347855,-0.11095912754535675,0.03070938214659691,0.18072289156626506,False
TTC32,TRIM39,Q5I0X7,Q9HCM9,0.026995444670319557,1178,0.24119,0.03070938214659691,0.05317116901278496,0.09073359073359073,False
LRRC25,DEFB121,Q8N386,Q5J5C9,-0.0036880746483802795,1178,0.31628675,0.02789611741900444,-0.01661992445588112,0.08524590163934426,False
CBARP,MS4A13,Q8N350,Q5J8X5,-0.09222143888473511,1178,0.36007878,-0.007788978051394224,-0.03193621337413788,0.06950354609929078,False
GPR152,MS4A13,Q8TDT2,Q5J8X5,-0.09765873849391937,1178,0.27558295,-0.07044405490159988,-0.03193621337413788,0.09361702127659574,False
MS4A3,MS4A13,Q96HJ5,Q5J8X5,0.2528558373451233,1178,0.30245995,0.005369850434362888,-0.03193621337413788,0.16822429906542055,False
TLCD4,MS4A13,Q96MV1,Q5J8X5,0.19138513505458832,1178,0.3996091,-0.08049624413251877,-0.03193621337413788,0.11787072243346007,False
NPDC1,MS4A13,Q9NQX5,Q5J8X5,-0.18955467641353607,1178,0.43610613,0.017657145857810974,-0.03193621337413788,0.12,False
YIPF6,CXorf66,Q96EC8,Q5JRM2,-0.03859144449234009,1178,0.28526142,-0.04971190541982651,0.19121988117694855,0.1440443213296399,False
TSHZ3,LRRC73,Q63HK5,Q5JTD7,-0.05131099373102188,1178,0.33002485,0.07287637889385223,-0.2146347165107727,0.09158186864014801,False
ZNF574,LRRC73,Q6ZN55,Q5JTD7,-0.027811257168650627,1178,0.35997305,-0.5999337434768677,-0.2146347165107727,0.10379464285714286,False
HEMK1,SOHLH1,Q9Y5R4,Q5JUK2,-0.0565817728638649,1178,0.27041111,0.025137556716799736,0.0009208498522639275,0.20118343195266272,False
PCID2,LENG8,Q5JVF3,Q96PV6,0.10629089921712875,1178,0.64328483,-1.3191380500793457,-0.3733796775341034,0.11125,False
PCID2,IKZF3,Q5JVF3,Q9UKT9,0.03765752539038658,1178,0.24746745,-1.3191380500793457,-0.10829205811023712,0.16306483300589392,False
MIIP,MOB2,Q5JXC2,Q70IA6,-0.0735076442360878,1178,0.24901265,-0.2024572789669037,0.02673451602458954,0.13659793814432988,False
JAGN1,RTP2,Q8N5M9,Q5QGT7,0.10275115817785263,1178,0.24897679,0.14854472875595093,0.13485287129878998,0.14666666666666667,False
GPR101,RTP2,Q96P66,Q5QGT7,0.014106955379247665,1178,0.30040718,-0.048596207052469254,0.13485287129878998,0.11614173228346457,False
TBCEL,PLEKHF2,Q5QJ74,Q9H8W4,0.09985142201185226,1178,0.24817481,0.0071348585188388824,-0.10347121953964233,0.1320754716981132,False
JAGN1,COX20,Q8N5M9,Q5RI15,-0.0785459652543068,1178,0.23461267,0.14854472875595093,-0.4836638271808624,0.14754098360655737,False
EXOSC4,EXOSC6,Q9NPD3,Q5RKV6,0.28455135226249695,1178,0.49701657,-1.2505991458892822,-1.3158849477767944,0.29044117647058826,True
EXOSC3,EXOSC6,Q9NQT5,Q5RKV6,0.2624123692512512,1178,0.4416522,-1.1834310293197632,-1.3158849477767944,0.1890909090909091,True
RBM48,TSR2,Q5RL73,Q969E8,0.00480013620108366,1178,0.24161581,-0.6648675799369812,-1.5966148376464844,0.17438692098092642,False
GPR152,TMEM201,Q8TDT2,Q5SNT2,-0.05007369443774223,1178,0.31888354,-0.07044405490159988,-0.15124958753585815,0.16216216216216217,False
SNAP47,KASH5,Q5SQN1,Q8N6L0,-0.021970700472593307,1178,0.23666969,-0.04035605117678642,-0.022756360471248627,0.16903914590747332,False
SNAP47,F11R,Q5SQN1,Q9Y624,-0.023963620886206627,1178,0.39643777,-0.04035605117678642,-0.16795559227466583,0.15948275862068967,False
MFSD14B,LRP10,Q5SR56,Q7Z4F1,0.018615607172250748,1178,0.26171295,-0.10548390448093414,-0.005605964455753565,0.15287517531556802,False
MFSD14B,TMEM239,Q5SR56,Q8WW34,-0.046089209616184235,1178,0.36938684,-0.10548390448093414,-0.04025276005268097,0.1225296442687747,False
EMC6,MFSD14B,Q9BV81,Q5SR56,-0.049905817955732346,1178,0.27062269,-0.17305946350097656,-0.10548390448093414,0.07707509881422925,False
NOL9,LAS1L,Q5SY16,Q9Y4W2,0.45689886808395386,1178,0.71456331,-1.083703637123108,-1.0494599342346191,0.18528610354223432,True
FANCL,CERCAM,Q9NW38,Q5T4B2,-0.051538027822971344,1178,0.28700233,-0.24380117654800415,-0.16175252199172974,0.16974789915966387,False
SLC38A7,ACBD5,Q9NVC3,Q5T8D3,-0.028676718473434448,1178,0.28424688,-0.1279948353767395,0.05992508679628372,0.16853932584269662,False
SPG21,ARMC12,Q9NZD8,Q5T9G4,0.1301799714565277,1178,0.32266626,-0.17563346028327942,0.02499515190720558,0.18235294117647058,False
C9orf153,CFAP206,Q5TBE3,Q8IYR0,-0.006419374141842127,1178,0.53268279,0.07618697732686996,-0.03542287275195122,0.06109324758842444,False
LIN37,LIN9,Q96GY3,Q5TKA1,0.025348396971821785,1178,0.68016905,-0.16523262858390808,-0.5287349224090576,0.11992619926199262,True
VPS53,VPS50,Q5VIR6,Q96JG6,0.1282987892627716,1178,0.56354897,-0.3822673559188843,-0.19867606461048126,0.16597510373443983,True
RPRD2,RPRD1B,Q5VT52,Q9NQG5,0.2242567390203476,1178,0.69362032,-0.35106343030929565,-0.4179444909095764,0.0917180013689254,False
AMOTL2,RNF20,Q9Y2J4,Q5VTR2,0.008241541683673859,1178,0.26993624,0.10274762660264969,-0.8091654777526855,0.18256410256410258,False
SPART,YOD1,Q8N0X7,Q5VVQ6,0.12063271552324295,1178,0.32471462,0.018163414672017097,-0.04503648728132248,0.13813813813813813,False
LYPLAL1,CT55,Q5VWZ2,Q8WUE5,-0.018461886793375015,1178,0.2419624,-0.03192746639251709,0.11022122949361801,0.17803030303030304,False
SLC38A7,SYPL2,Q9NVC3,Q5VXT5,0.05341209098696709,1178,0.32097867,-0.1279948353767395,-0.17261791229248047,0.14502164502164502,False
PLLP,SYPL2,Q9Y342,Q5VXT5,0.08869992196559906,1178,0.30943668,0.05137147009372711,-0.17261791229248047,0.17647058823529413,False
TTC23,IQCE,Q5W5X9,Q6IPM2,0.15662367641925812,1178,0.47584691,0.06822758167982101,-0.024339837953448296,0.16546762589928057,False
TTC23,NUTM1,Q5W5X9,Q86Y26,-0.10266738384962082,1178,0.27604096,0.06822758167982101,-0.01637762412428856,0.11219081272084806,False
TTC23,CCDC24,Q5W5X9,Q8N4L8,0.05646323785185814,1178,0.43020092,0.06822758167982101,-0.040189579129219055,0.17002237136465326,False
TTC23,ZNF417,Q5W5X9,Q8TAU3,0.028302038088440895,1043,0.2990428,0.06822758167982101,-0.23774990439414978,0.14956521739130435,False
TTC23,ZIM2,Q5W5X9,Q9NZV7,-0.03471400588750839,1059,0.36292218,0.06822758167982101,-0.049958717077970505,0.16129032258064516,False
USHBP1,KRT79,Q8N6Y0,Q5XKE5,0.12832535803318024,1178,0.36034321,-0.06399358808994293,-0.1216261014342308,0.18349928876244664,False
UBAC1,RNF123,Q9BSL1,Q5XPI4,0.01473113615065813,1178,0.69978786,0.05131363496184349,-0.27008238434791565,0.1080669710806697,False
PIBF1,TSHZ3,Q8WXW3,Q63HK5,0.06457161903381348,1178,0.25236893,0.05760817229747772,0.07287637889385223,0.15448658649398705,False
TSHZ3,COG6,Q63HK5,Q9Y2V7,0.03941412270069122,1178,0.28523248,0.07287637889385223,-0.397051602602005,0.15541165587419056,False
WASHC3,WASHC2A,Q9Y3C0,Q641Q2,0.04128936305642128,1043,0.65710538,-0.213297039270401,-0.041619833558797836,0.058165548098434,False
STEAP3,TMEFF1,Q658P3,Q8IYR6,-0.0714307576417923,1178,0.42984342,-0.15197907388210297,0.05909860506653786,0.16188524590163936,False
C17orf75,FAM91A1,Q9HAS0,Q658Y4,0.06200419366359711,1178,0.43753119,-0.24406825006008148,-0.24776312708854675,0.12649164677804295,False
TPGS2,NICN1,Q68CL5,Q9BSH3,0.012897806242108345,1178,0.53219016,0.010214961133897305,0.04931202530860901,0.17,False
HAUS3,HAUS1,Q68CZ6,Q96CS2,0.3162749111652374,1178,0.35277952,-1.1734838485717773,-1.603763461112976,0.11442786069651742,True
HAUS7,HAUS3,Q99871,Q68CZ6,0.2579638957977295,1178,0.33918167,-1.2022758722305298,-1.1734838485717773,0.1691542288557214,True
HAUS4,HAUS3,Q9H6D7,Q68CZ6,0.3507790267467499,1178,0.6442198,-1.2577688694000244,-1.1734838485717773,0.17081260364842454,False
LHX8,LDB1,Q68G74,Q86U70,0.04448101297020912,1178,0.57667454,0.16631773114204407,-0.27440598607063293,0.17761557177615572,False
LHX8,BANP,Q68G74,Q8N9N5,-0.03466697782278061,1178,0.29859096,0.16631773114204407,-0.9525805711746216,0.15414258188824662,False
TMEM42,FAM174A,Q69YG0,Q8TBP5,-0.09381288290023804,1178,0.33342047,-0.00506677757948637,0.07273086160421371,0.17894736842105263,False
GPX8,TMEM42,Q8TED1,Q69YG0,0.04650796577334404,1178,0.37149747,-0.2495092898607254,-0.00506677757948637,0.1722488038277512,False
MFF,TMEM42,Q9GZY8,Q69YG0,-0.014601885341107845,1178,0.23015565,0.023023413494229317,-0.00506677757948637,0.13157894736842105,False
MED20,CYB5R2,Q9H944,Q6BCY4,-0.04916635900735855,1178,0.23021888,-1.3604453802108765,0.04906744882464409,0.14855072463768115,False
OLFM4,PVRIG,Q6UX06,Q6DKI7,0.05403035506606102,1178,0.46268167,0.01759237051010132,-0.060393884778022766,0.14313725490196078,False
TTC19,IHO1,Q6DKK2,Q8IYA8,0.005575237330049276,1178,0.37229635,-0.2529568672180176,-0.2562044858932495,0.14814814814814814,False
TTC19,RUSC1,Q6DKK2,Q9BVN2,-0.08787909150123596,1178,0.30744758,-0.2529568672180176,-0.11892098933458328,0.1164079822616408,False
TTC19,EIF4ENIF1,Q6DKK2,Q9NRA8,0.007171876262873411,1178,0.25203028,-0.2529568672180176,-0.24592691659927368,0.11776649746192894,False
LNX1,VASN,Q8TBB1,Q6EMK4,0.01889682747423649,1178,0.52160428,-0.03482906520366669,0.07607027143239975,0.16483516483516483,False
SSC4D,VASN,Q8WTU2,Q6EMK4,-0.018535735085606575,1178,0.55815366,-0.032823435962200165,0.07607027143239975,0.22288261515601784,False
GUCD1,VASN,Q96NT3,Q6EMK4,-0.04107513651251793,1178,0.37503161,-0.11140454560518265,0.07607027143239975,0.10549777117384844,False
CIAPIN1,NDOR1,Q6FI81,Q9UHB4,0.11559265851974487,1178,0.65826389,-0.8510916829109192,-0.6677637100219727,0.1306532663316583,False
THOC2,THOC7,Q8NI27,Q6I9Y2,-0.008810990490019321,1178,0.30062513,-2.0186715126037598,-1.080938696861267,0.047080979284369114,True
ELP3,ELP2,Q9H9T3,Q6IA86,0.5362723469734192,1178,0.69373718,-0.8392627239227295,-0.6300538778305054,0.162227602905569,True
NCAPH2,NCAPG2,Q6IBW4,Q86XI2,0.7070381045341492,1178,0.69761262,-0.6976332664489746,-0.9605153203010559,0.13560804899387577,True
SMC4,NCAPH2,Q9NTJ3,Q6IBW4,0.16170644760131836,1178,0.28167884,-1.57706880569458,-0.6976332664489746,0.12267080745341614,True
DESI1,UBQLN1,Q6ICB0,Q9UMX0,0.07913180440664291,1178,0.23253217,-0.07838504761457443,-0.021027786657214165,0.09847198641765705,False
PHETA2,PLEKHJ1,Q6ICB4,Q9NW61,0.13628679513931274,1178,0.71336586,0.07264534384012222,-0.05953520908951759,0.1969111969111969,False
MEAF6,JADE1,Q9HAF1,Q6IE81,0.113286592066288,1178,0.6172677,-0.39975759387016296,0.019932428374886513,0.0831353919239905,True
JADE1,ZNF148,Q6IE81,Q9UQR1,-0.07375654578208923,1178,0.38872771,0.019932428374886513,-0.05745045468211174,0.19121140142517815,False
SELENOK,MRM1,Q9Y6D0,Q6IN84,-0.01071788277477026,1178,0.34585732,-0.1670292317867279,-0.2236020565032959,,False
CENPP,CENPU,Q6IPU0,Q71F23,0.5996087789535522,1178,0.6309693,-0.37596091628074646,-0.1434721052646637,0.16507177033492823,True
CENPP,CENPO,Q6IPU0,Q9BU64,0.6235803365707397,1178,0.71516063,-0.37596091628074646,-0.1576010137796402,0.17666666666666667,True
CEP44,CENPP,Q9C0F1,Q6IPU0,0.15993748605251312,1178,0.35762317,-0.05445513501763344,-0.37596091628074646,0.1564102564102564,False
LIN37,LIN54,Q96GY3,Q6MZP7,0.1466650813817978,1178,0.52562194,-0.16523262858390808,-0.21050453186035156,0.08411214953271028,True
MAD2L2,PRR5L,Q9UI95,Q6MZQ0,0.04632006585597992,1178,0.2311974,-0.8712741732597351,0.16532985866069794,0.16576086956521738,False
MFSD5,TMEM179B,Q6N075,Q7Z7N9,-0.05883101746439934,1178,0.55763362,0.04757249727845192,-0.11443796753883362,0.15333333333333332,False
CBARP,MFSD5,Q8N350,Q6N075,-0.07493149489164352,1178,0.34189711,-0.007788978051394224,0.04757249727845192,0.1475177304964539,False
MMGT1,MFSD5,Q8N4V1,Q6N075,-0.006254975683987141,1178,0.24322499,-0.2750959098339081,0.04757249727845192,0.08888888888888889,False
TMEM14B,MFSD5,Q9NUH8,Q6N075,-0.13850893080234528,1178,0.31664282,-0.12826669216156006,0.04757249727845192,0.09555555555555556,False
SLC39A9,MFSD5,Q9NUM3,Q6N075,0.08075506240129471,1178,0.2502947,-0.08135750889778137,0.04757249727845192,0.18222222222222223,False
SCN3B,MFSD5,Q9NY72,Q6N075,-0.02316618338227272,1178,0.28986662,0.0030425740405917168,0.04757249727845192,0.12222222222222222,False
RHBDD2,IFI27L1,Q6NTF9,Q96BM0,-0.01329968124628067,1178,0.28209226,-0.020351510494947433,0.034807540476322174,0.1043956043956044,False
RHBDD2,SCGB3A1,Q6NTF9,Q96QR1,-0.01018602680414915,1178,0.32669227,-0.020351510494947433,0.09581615775823593,0.09615384615384616,False
RINT1,FAM90A1,Q6NUQ1,Q86YD7,-0.06582454591989517,349,0.31495973,-1.065390944480896,0.0731341615319252,0.14015151515151514,False
MISP,RINT1,Q8IVT2,Q6NUQ1,-0.06942542642354965,1178,0.2411407,0.013076609000563622,-1.065390944480896,0.1691919191919192,False
C19orf25,RINT1,Q9UFG5,Q6NUQ1,0.40123826265335083,1178,0.66244081,-0.22405627369880676,-1.065390944480896,0.05303030303030303,False
SPG21,SWSAP1,Q9NZD8,Q6NVH7,0.01024535670876503,1178,0.28846862,-0.17563346028327942,-0.16446048021316528,0.20454545454545456,False
RUSC1,UFSP1,Q9BVN2,Q6NVU6,0.06629142165184021,1178,0.26394343,-0.11892098933458328,-0.016214512288570404,0.08980044345898004,False
SPG21,UFSP1,Q9NZD8,Q6NVU6,0.006553965155035257,1178,0.29971134,-0.17563346028327942,-0.016214512288570404,0.17532467532467533,False
TUBGCP2,MZT2B,Q9BSJ2,Q6NZ67,-0.008695418015122414,1043,0.58331661,-1.2505818605422974,-0.22904305160045624,0.06319290465631928,False
MRPL11,MRPL54,Q9Y3B7,Q6P161,0.4479799270629883,1178,0.43534532,-0.2710963487625122,-0.33826446533203125,0.15104166666666666,False
UNC93A,SLC48A1,Q86WB7,Q6P1K1,0.0374886728823185,1178,0.4387865,0.06612608581781387,-0.0869726613163948,0.12035010940919037,False
ZNF343,NXF1,Q6P1L6,Q9UBU9,0.04222315922379494,1178,0.35670172,0.05050574988126755,-1.2181719541549683,0.18578352180936994,False
MED15,MED27,Q96RN5,Q6P2C8,0.12279271334409714,1178,0.29052136,-0.24059726297855377,-1.045065999031067,0.11548223350253807,False
MED27,MED20,Q6P2C8,Q9H944,0.1796596348285675,1178,0.59108995,-1.045065999031067,-1.3604453802108765,0.15755627009646303,True
MED17,MED27,Q9NVC6,Q6P2C8,0.29397088289260864,1178,0.52929357,-1.0786819458007812,-1.045065999031067,0.13978494623655913,True
MED29,MED27,Q9NX70,Q6P2C8,0.26470622420310974,1178,0.682314,-0.869602382183075,-1.045065999031067,0.1639871382636656,False
TBC1D1,ZFP1,Q86TI0,Q6P2D0,-0.047960761934518814,1178,0.39512686,-0.12220656871795654,0.009910845197737217,0.10787671232876712,False
MORN3,ADAMTSL4,Q6PF18,Q6UY14,0.007893855683505535,1178,0.39211222,0.2002219408750534,-0.2467358559370041,0.074487895716946,False
MISP,MORN3,Q8IVT2,Q6PF18,-0.06071522459387779,1178,0.2982653,0.013076609000563622,0.2002219408750534,0.10309278350515463,False
ABHD11,MORN3,Q8NFV4,Q6PF18,0.06023941934108734,1178,0.28614629,-0.24575266242027283,0.2002219408750534,0.1437908496732026,False
MORN3,HINFP,Q6PF18,Q9BQA5,-0.003603914752602577,1178,0.41679571,0.2002219408750534,-1.6045206785202026,0.12379110251450677,False
FANCL,MORN3,Q9NW38,Q6PF18,-0.0059133474715054035,1178,0.28951028,-0.24380117654800415,0.2002219408750534,0.14933333333333335,False
GMCL1,FOXR1,Q96IK5,Q6PIV2,0.018812179565429688,1178,0.38623123,-0.05387333780527115,0.011001156643033028,0.1203883495145631,False
BRAT1,USHBP1,Q6PJG6,Q8N6Y0,-0.042942289263010025,1178,0.36084745,-0.40527719259262085,-0.06399358808994293,0.1997563946406821,False
TMED8,CIAO2A,Q6PL24,Q9H5X1,0.005306340288370848,1178,0.24184247,-0.040708959102630615,-0.28823670744895935,0.16307692307692306,False
TMED8,MRPS18B,Q6PL24,Q9Y676,-0.0027452982030808926,1178,0.40027015,-0.040708959102630615,-0.4515449106693268,0.1476923076923077,False
BRICD5,TMX2,Q6PL45,Q9Y320,-0.04284963011741638,1178,0.23571084,0.03688358515501022,-0.24872562289237976,0.1554054054054054,False
APOA5,ACSF2,Q6Q788,Q96CM8,0.06519179791212082,1178,0.33118133,0.055059708654880524,-0.15081794559955597,0.15447154471544716,False
BLOC1S3,BCAS4,Q6QNY0,Q8TDM0,0.0004422573547344655,1178,0.66686049,-0.09931530058383942,0.01020330935716629,0.2037914691943128,False
BLOC1S2,DTNBP1,Q6QNY1,Q96EV8,0.0020447117276489735,1178,0.61128976,0.10101082921028137,-0.06569483876228333,0.1111111111111111,True
GPX8,CLEC2A,Q8TED1,Q6UVW9,0.02259046956896782,1178,0.43107859,-0.2495092898607254,0.07495029270648956,0.17703349282296652,False
YIPF2,SHISAL2A,Q9BWQ6,Q6UWV7,-0.030686983838677406,1178,0.26686455,-0.18802188336849213,-0.07810068875551224,0.12974683544303797,False
LHFPL2,SNORC,Q6ZUX7,Q6UX34,-0.009984161704778671,1178,0.24534194,0.06999711692333221,-0.10789484530687332,0.15350877192982457,False
TMEM86B,SNORC,Q8N661,Q6UX34,0.10464996099472046,1178,0.27743304,0.053364310413599014,-0.10789484530687332,0.17699115044247787,False
TMEM45B,SNORC,Q96B21,Q6UX34,-0.037148308008909225,1178,0.3101844,0.027050022035837173,-0.10789484530687332,0.10545454545454545,False
ZDHHC15,SNORC,Q96MV8,Q6UX34,-0.10072167217731476,1178,0.26428636,0.02028116211295128,-0.10789484530687332,0.09495548961424333,False
SNORC,SLC26A6,Q6UX34,Q9BXS9,0.0206074807792902,1178,0.23660417,-0.10789484530687332,-0.053526438772678375,0.07114624505928854,False
ELOVL4,SNORC,Q9GZR5,Q6UX34,-0.06167592108249664,1178,0.25216003,-0.08147358149290085,-0.10789484530687332,0.11464968152866242,False
SLC7A8,SNORC,Q9UHI5,Q6UX34,-0.035387273877859116,1178,0.30878442,-0.07215006649494171,-0.10789484530687332,0.08411214953271028,False
TMEM139,TMEM107,Q8IV31,Q6UX40,-0.10471062362194061,1178,0.27343473,0.061919089406728745,0.011205784976482391,0.14351851851851852,False
TMEM107,TMEM86B,Q6UX40,Q8N661,0.11662166565656662,1178,0.43062459,0.011205784976482391,0.053364310413599014,0.14601769911504425,False
TMEM80,TMEM107,Q96HE8,Q6UX40,-0.06466753780841827,1162,0.54670858,-0.08396829664707184,0.011205784976482391,0.23076923076923078,False
MS4A3,TMEM107,Q96HJ5,Q6UX40,-0.17777647078037262,1178,0.49697251,0.005369850434362888,0.011205784976482391,0.16822429906542055,False
TMEM237,TMEM107,Q96Q45,Q6UX40,-0.04902064800262451,1178,0.37710576,0.046736832708120346,0.011205784976482391,0.10049019607843138,False
ZDHHC24,HSD17B11,Q6UX98,Q8NBQ5,-0.02977149933576584,1178,0.2466307,-0.08432123064994812,0.019493738189339638,0.17,False
SPAG4,ZDHHC24,Q9NPE6,Q6UX98,-0.045078765600919724,1178,0.32412386,-0.20573285222053528,-0.08432123064994812,0.15789473684210525,False
TMEM86A,PI16,Q8N2M4,Q6UXB8,-0.023842329159379005,1178,0.270438,0.11852151900529861,-0.1277693659067154,0.12095032397408208,False
ADAMTSL4,NEK8,Q6UY14,Q86SG6,0.08115522563457489,1178,0.34675863,-0.2467358559370041,-0.12938588857650757,0.17318435754189945,False
ADAMTSL4,ZNF417,Q6UY14,Q8TAU3,-0.17972594499588013,1043,0.41727954,-0.2467358559370041,-0.23774990439414978,0.1378026070763501,False
ADAMTSL4,ZNF587,Q6UY14,Q96SQ5,-0.11011448502540588,1043,0.27010787,-0.2467358559370041,-0.23222728073596954,0.1387337057728119,False
MAEA,RANBP10,Q7L5Y9,Q6VN20,0.1360061764717102,1178,0.51053416,-0.30074191093444824,-0.11733672022819519,0.1532258064516129,False
ARMC8,RANBP10,Q8IUR7,Q6VN20,-0.07470523566007614,1178,0.32161556,-0.010050714947283268,-0.11733672022819519,0.1812778603268945,False
RANBP10,GID4,Q6VN20,Q8IVV7,-0.021550703793764114,1178,0.34551498,-0.11733672022819519,-0.18759503960609436,0.12580645161290321,False
RANBP10,WDR26,Q6VN20,Q9H7D7,0.20294924080371857,1178,0.60921749,-0.11733672022819519,-0.4967212975025177,0.19364599092284418,False
RANBP10,RMND5A,Q6VN20,Q9H871,0.1068098247051239,1178,0.50115718,-0.11733672022819519,-0.32551318407058716,0.1532258064516129,False
RANBP10,GID8,Q6VN20,Q9NWU2,0.10926931351423264,1178,0.72092432,-0.11733672022819519,-0.14905554056167603,0.11290322580645161,False
TECR,HACD2,Q9NZ01,Q6Y1H2,0.23433144390583038,1178,0.292879,-0.18995562195777893,-0.07724620401859283,0.1590909090909091,False
P4HA3,SCARA5,Q7Z4N8,Q6ZMJ2,-0.029003608971834183,1178,0.49844533,-0.057534780353307724,0.060011379420757294,0.1636029411764706,False
ZNF574,LHX3,Q6ZN55,Q9UBR4,0.04989870637655258,1178,0.2617847,-0.5999337434768677,-0.08788729459047318,0.13058035714285715,False
RNF111,AP2M1,Q6ZNA4,Q96CW1,0.0014103956054896116,1178,0.32501319,0.10792754590511322,-0.6677334308624268,0.11066398390342053,False
TSR2,ZNF620,Q969E8,Q6ZNG0,-0.015834130346775055,1178,0.39030217,-1.5966148376464844,0.1419260948896408,0.11611374407582939,False
SAAL1,ZNF620,Q96ER3,Q6ZNG0,0.07740779966115952,1178,0.45454928,-0.0033482227008789778,0.1419260948896408,0.18143459915611815,False
EEF2KMT,ZNF620,Q96G04,Q6ZNG0,-0.019521353766322136,1178,0.30073461,-0.701794445514679,0.1419260948896408,0.15639810426540285,False
ZNF620,NDOR1,Q6ZNG0,Q9UHB4,0.008502268232405186,1178,0.30052171,0.1419260948896408,-0.6677637100219727,0.1624790619765494,False
SLC66A1,GPR152,Q6ZP29,Q8TDT2,0.11423227190971375,1178,0.23658777,0.10021965205669403,-0.07044405490159988,0.17446808510638298,False
RHOXF2,RBPMS2,Q9BQY4,Q6ZRY4,0.006248536054044962,1043,0.2306608,-0.0970466136932373,0.032953761518001556,0.14583333333333334,False
ZBTB49,CIB1,Q6ZSB9,Q99828,0.053520068526268005,1178,0.30799835,-0.06310022622346878,-0.0184027012437582,0.09281045751633987,False
ING5,C3orf62,Q8WYH8,Q6ZUJ4,0.0009359920513816178,1178,0.28292407,0.022083712741732597,-0.1341007649898529,0.14606741573033707,False
BBS12,MKKS,Q6ZW61,Q9NPJ1,0.04944959282875061,1178,0.56822129,0.16117547452449799,0.054569728672504425,0.17887323943661973,True
SH3GL1,RHEX,Q99961,Q6ZWK4,-0.009858226403594017,1178,0.32985881,-0.16766956448554993,-0.08315698057413101,0.11413043478260869,False
SH3GLB1,RHEX,Q9Y371,Q6ZWK4,0.11512443423271179,1178,0.31506542,-0.05537145957350731,-0.08315698057413101,0.12054794520547946,False
KCTD1,KCTD3,Q719H9,Q9Y597,0.0017845361726358533,1162,0.59136171,-0.026473989710211754,0.1303950548171997,0.11288343558282209,False
CENPQ,CENPU,Q7L2Z9,Q71F23,0.2944459021091461,1178,0.67040205,-0.11532776802778244,-0.1434721052646637,0.16507177033492823,True
MED25,PLEKHB2,Q71SY5,Q96CS7,0.029210248962044716,1178,0.30827561,-0.3015807867050171,0.00011809046554844826,0.08835341365461848,False
MED25,PEF1,Q71SY5,Q9UBV8,-0.03692846745252609,1178,0.26665936,-0.3015807867050171,-0.3296058475971222,0.13788487282463185,False
RNF44,OXER1,Q7L0R7,Q8TDS5,0.10389205813407898,1178,0.24198451,-0.04144538938999176,0.05149058997631073,0.1875,False
KCTD9,RBPMS,Q7L273,Q93062,0.030110111460089684,1178,0.23823776,-0.0966731607913971,0.02716308832168579,0.14395886889460155,False
ABI1,CYFIP1,Q8IZP0,Q7L576,0.14592194557189941,1178,0.23316239,-0.08932019770145416,-0.3202841579914093,0.1149241819632881,True
FA2H,RIC3,Q7L5A8,Q7Z5B4,-0.014121000654995441,1178,0.51274943,-0.08858222514390945,0.043242428451776505,0.17473118279569894,False
FA2H,SYT2,Q7L5A8,Q8N9I0,-0.015166129916906357,1178,0.26461372,-0.08858222514390945,-0.17453978955745697,0.15513126491646778,False
FA2H,GPX8,Q7L5A8,Q8TED1,-0.0162601750344038,1178,0.35269396,-0.08858222514390945,-0.2495092898607254,0.1424731182795699,False
FA2H,TLCD4,Q7L5A8,Q96MV1,-0.0646904930472374,1178,0.23188783,-0.08858222514390945,-0.08049624413251877,0.15591397849462366,False
FA2H,TMX2,Q7L5A8,Q9Y320,-0.035609304904937744,1178,0.36555869,-0.08858222514390945,-0.24872562289237976,0.1639784946236559,False
FLYWCH2,GET4,Q96CP2,Q7L5D6,0.059901054948568344,1178,0.30649789,-0.00681125046685338,-0.1893346756696701,0.13149847094801223,False
RANBP9,MAEA,Q96S59,Q7L5Y9,0.4039745330810547,1178,0.5132022,-0.09482987970113754,-0.30074191093444824,0.12482853223593965,True
RMND5A,MAEA,Q9H871,Q7L5Y9,0.36540669202804565,1178,0.73595252,-0.32551318407058716,-0.30074191093444824,0.21464646464646464,True
MAEA,GID8,Q7L5Y9,Q9NWU2,0.5141996741294861,1178,0.6231864,-0.30074191093444824,-0.14905554056167603,0.16666666666666666,False
TMEM14B,SLC16A13,Q9NUH8,Q7RTY0,0.015183031558990479,1178,0.27024783,-0.12826669216156006,0.04383929446339607,0.10328638497652583,False
TMEM160,SLC16A13,Q9NX00,Q7RTY0,0.07232142239809036,1178,0.2339622,0.010373344644904137,0.04383929446339607,0.13145539906103287,False
SLC36A1,TRARG1,Q7Z2H8,Q8IXB3,0.016823936253786087,1178,0.25238612,-0.03935043141245842,0.1277216672897339,0.1134453781512605,False
ERMP1,FNDC9,Q7Z2K6,Q8TBE3,0.03183991461992264,1178,0.34357269,0.014213478192687035,-0.01507076621055603,0.07743362831858407,False
ERMP1,MR1,Q7Z2K6,Q95460,0.03117254748940468,1178,0.36508398,0.014213478192687035,-0.030237413942813873,0.11061946902654868,False
ERMP1,BCL2L13,Q7Z2K6,Q9BXK5,-0.013418102636933327,1178,0.35132726,0.014213478192687035,-0.14002695679664612,0.13938053097345132,False
SPAG4,ERMP1,Q9NPE6,Q7Z2K6,0.05910434573888779,1178,0.34632146,-0.20573285222053528,0.014213478192687035,0.13827433628318583,False
ERMP1,SLC13A4,Q7Z2K6,Q9UKG4,0.07952287048101425,1178,0.44958562,0.014213478192687035,0.03201964870095253,0.1581858407079646,False
ERMP1,HHLA2,Q7Z2K6,Q9UM44,0.08202250301837921,1178,0.28705191,0.014213478192687035,0.03353525698184967,0.1172566371681416,False
TRAPPC12,TRAPPC11,Q8WVT3,Q7Z392,0.11243285238742828,1178,0.31297547,-0.014447139576077461,-1.0363335609436035,0.14033539276257723,True
KANSL1,PHF20,Q7Z3B3,Q9BVI0,0.1986331194639206,1178,0.67282455,-1.0507854223251343,-0.12068584561347961,0.19276018099547512,True
HPCAL4,ANKRD33,Q9UM19,Q7Z3H0,0.16616195440292358,1178,0.25104288,-0.12986400723457336,-0.010646811686456203,0.1172566371681416,False
VPS29,VPS35L,Q9UBQ0,Q7Z3J2,0.258931428194046,1178,0.71760893,-0.46908366680145264,-0.18632608652114868,0.07061266874350987,False
HOOK3,KRT27,Q86VS8,Q7Z3Y8,-0.017649557441473007,1178,0.43626789,0.03466537967324257,-0.003711748169735074,0.17688022284122562,False
KRT27,LMNTD2,Q7Z3Y8,Q8IXW0,-0.020025135949254036,1178,0.6463642,-0.003711748169735074,0.08129195123910904,0.16246056782334384,False
USHBP1,KRT27,Q8N6Y0,Q7Z3Y8,-0.00926176831126213,1178,0.2807088,-0.06399358808994293,-0.003711748169735074,0.15647226173541964,False
GOLGA1,KRT27,Q92805,Q7Z3Y8,-0.007465842645615339,1178,0.43967986,-0.09677015990018845,-0.003711748169735074,0.15254237288135594,False
TBRG4,KRT27,Q969Z0,Q7Z3Y8,0.021337592974305153,1178,0.36098376,-0.15720140933990479,-0.003711748169735074,0.1600633914421553,False
TRAF3IP3,KRT27,Q9Y228,Q7Z3Y8,0.01712701842188835,1178,0.34823776,0.03093121014535427,-0.003711748169735074,0.1724137931034483,False
NUFIP2,G3BP2,Q7Z417,Q9UN86,0.32208994030952454,1178,0.43781262,-0.19198986887931824,-0.11601002514362335,0.1697841726618705,False
GPX8,GRINA,Q8TED1,Q7Z429,-0.11647889763116837,1178,0.49247653,-0.2495092898607254,-0.11938080191612244,0.1293800539083558,False
COMMD1,COMMD6,Q8N668,Q7Z4G1,0.015514533966779709,1178,0.67799351,-0.05808837711811066,-0.21210239827632904,0.12631578947368421,True
COMMD6,COMMD5,Q7Z4G1,Q9GZQ3,0.12299281358718872,1178,0.44100157,-0.21210239827632904,-0.16996225714683533,0.11607142857142858,True
COMMD6,COMMD4,Q7Z4G1,Q9H0A8,0.09666003286838531,1178,0.31022472,-0.21210239827632904,-0.1080680713057518,0.10552763819095477,True
HAUS6,HAUS7,Q7Z4H7,Q99871,0.3335931599140167,1178,0.45943789,-1.2554566860198975,-1.2022758722305298,0.1099476439790576,True
HAUS6,HAUS2,Q7Z4H7,Q9NVX0,0.32937055826187134,1178,0.6177475,-1.2554566860198975,-0.7660250663757324,0.08795811518324607,True
P4HA3,RUSC1,Q7Z4N8,Q9BVN2,-0.030965307727456093,1178,0.23078915,-0.057534780353307724,-0.11892098933458328,0.14855875831485588,False
P4HA3,STMN3,Q7Z4N8,Q9NZ72,-0.023558828979730606,1178,0.28202251,-0.057534780353307724,0.03820042684674263,0.10477941176470588,False
TMEM86A,RIC3,Q8N2M4,Q7Z5B4,-0.07946936041116714,1178,0.430179,0.11852151900529861,0.043242428451776505,0.12737127371273713,False
CLN6,RIC3,Q9NWW5,Q7Z5B4,-0.03794420138001442,1178,0.24988079,-0.20427772402763367,0.043242428451776505,0.16260162601626016,False
HPCAL4,SPRED1,Q9UM19,Q7Z699,-0.04684329405426979,1178,0.36371449,-0.12986400723457336,0.1388772875070572,0.0990990990990991,False
NECAB2,ISCU,Q7Z6G3,Q9H1K1,0.02353496290743351,1178,0.2769662,0.12214774638414383,-1.9741157293319702,0.12953367875647667,False
DNAAF2,UBE3D,Q9NVR5,Q7Z6J8,-0.021066755056381226,1178,0.68856014,-0.01612834259867668,-0.2402830272912979,0.13381123058542413,False
TSEN2,TSEN54,Q8NCE0,Q7Z6J9,0.17549490928649902,1178,0.71199166,-0.6027112007141113,-0.8319370746612549,0.188212927756654,True
CLP1,TSEN54,Q92989,Q7Z6J9,0.03488780930638313,1178,0.69691785,-1.7628403902053833,-0.8319370746612549,0.17110266159695817,True
TLCD4,PRRT2,Q96MV1,Q7Z6L0,0.04967932030558586,1178,0.23979592,-0.08049624413251877,-0.028860196471214294,0.1676470588235294,False
ADAT3,ADAT2,Q96EY9,Q7Z6V5,0.4831992983818054,1178,0.67931128,-0.2676510512828827,-0.18705275654792786,0.1553133514986376,False
TMEM14B,SLC35E3,Q9NUH8,Q7Z769,-0.022051507607102394,1178,0.25768137,-0.12826669216156006,-0.057750508189201355,0.13099041533546327,False
GPR151,TMEM179B,Q8TDV0,Q7Z7N9,0.07714272290468216,1178,0.39445739,-0.062395233660936356,-0.11443796753883362,0.1431980906921241,False
TMEM237,TMEM179B,Q96Q45,Q7Z7N9,0.060401882976293564,1178,0.26933442,0.046736832708120346,-0.11443796753883362,0.14705882352941177,False
TRAPPC6B,TRAPPC2L,Q86SZ2,Q9UL33,0.024586621671915054,1178,0.58794701,-0.0446886271238327,-0.18360117077827454,0.14556962025316456,True
TRAPPC6B,TRAPPC1,Q86SZ2,Q9Y5R8,-0.05126460641622543,1178,0.42617197,-0.0446886271238327,-1.1727570295333862,0.2088607594936709,True
CLDN19,CLEC14A,Q8N6F1,Q86T13,0.1963159441947937,1178,0.36552041,-0.22375376522541046,-0.06722529232501984,0.13673469387755102,False
IFT74,KIAA1328,Q96LB3,Q86T90,-0.09415754675865173,1178,0.49889638,-0.0029062111862003803,-0.10900723189115524,0.185,False
PEG10,RTL8A,Q86TG7,Q9BWD3,0.08336703479290009,1043,0.46781473,0.09344029426574707,0.0778815820813179,0.05790960451977401,False
TADA2B,TADA1,Q86TJ2,Q96BN2,0.791797399520874,1178,0.52112755,-0.14392220973968506,-0.11604446172714233,0.15476190476190477,True
DMRT3,ASPG,Q9NQL9,Q86U10,-0.022600991651415825,1178,0.245522,0.18900969624519348,0.03066263720393181,0.17102966841186737,False
LHX4,LDB1,Q969G2,Q86U70,0.041119564324617386,1178,0.60744877,-0.16797874867916107,-0.27440598607063293,0.18004866180048662,False
ISL2,LDB1,Q96A47,Q86U70,0.10505653917789459,1178,0.58241184,0.0009005636675283313,-0.27440598607063293,0.1873479318734793,False
LHX3,LDB1,Q9UBR4,Q86U70,0.11493630707263947,1178,0.59231199,-0.08788729459047318,-0.27440598607063293,0.17761557177615572,False
TRNAU1AP,PRPF39,Q9NX07,Q86UA1,0.6599647402763367,1178,0.54940309,-0.27757248282432556,-0.5034839510917664,0.11808669656203288,False
TLK2,DMAP1,Q86UE8,Q9NPF5,-0.11966167390346527,1178,0.4050516,-0.6587545275688171,-1.1388840675354004,0.15025906735751296,False
TLK2,ASF1A,Q86UE8,Q9Y294,0.19774089753627777,1178,0.33897478,-0.6587545275688171,-0.11096007376909256,0.08031088082901554,False
CHP1,GPAT4,Q99653,Q86UL3,0.4756848216056824,1178,0.69204831,-0.17653439939022064,0.07598482817411423,0.1206140350877193,False
DCLRE1B,NOXA1,Q9H816,Q86UR1,0.15377196669578552,1178,0.33386297,-0.7166025638580322,0.023804916068911552,0.20300751879699247,False
TXNL4B,CENATAC,Q9NX01,Q86UT8,0.35712283849716187,1178,0.43029175,-0.8920462131500244,-1.1888127326965332,0.10843373493975904,False
CENATAC,NDOR1,Q86UT8,Q9UHB4,0.0029047352727502584,1178,0.26923555,-1.1888127326965332,-0.6677637100219727,0.1507537688442211,False
DTX2,ZNF34,Q86UW9,Q8IZ26,0.06350208818912506,1178,0.25715428,-0.10150662064552307,-0.08804891258478165,0.18488745980707397,False
DTX2,SEC22A,Q86UW9,Q96IW7,-0.0161618459969759,1178,0.26380475,-0.10150662064552307,-0.08306688815355301,0.14308681672025725,False
DTX2,HPCAL4,Q86UW9,Q9UM19,0.03310958296060562,1178,0.27724482,-0.10150662064552307,-0.12986400723457336,0.08038585209003216,False
ALYREF,RCC2,Q86V81,Q9P258,-0.03839419409632683,1178,0.46983542,-1.3440370559692383,-0.17385143041610718,0.1743295019157088,False
SDCBP2,PIM3,Q9H190,Q86V86,0.15531690418720245,1178,0.4180723,0.04308588430285454,-0.11615588515996933,0.18098159509202455,False
MID2,IGFN1,Q9UJV3,Q86VF2,-0.008271227590739727,1178,0.37479137,-0.08533943444490433,-0.14894334971904755,0.1510791366906475,False
PIBF1,TAX1BP1,Q8WXW3,Q86VP1,0.07850924879312515,1178,0.6603746,0.05760817229747772,-0.05180560052394867,0.19391634980988592,False
TECR,RETREG3,Q9NZ01,Q86VR2,-0.005697721615433693,1178,0.23757819,-0.18995562195777893,-0.1461222618818283,0.13948497854077252,False
AKTIP,HOOK3,Q9H8T0,Q86VS8,0.027579983696341515,1178,0.49838392,-0.20606034994125366,0.03466537967324257,0.10584958217270195,True
COMMD7,COMMD2,Q86VX2,Q86X83,0.34494325518608093,1178,0.50510519,-0.12897665798664093,-0.08845547586679459,0.17,True
COMMD7,COMMD10,Q86VX2,Q9Y6G5,0.2588149905204773,1178,0.41817773,-0.12897665798664093,-0.028883669525384903,0.18316831683168316,True
ZNRF2,WDR5B,Q8NHG8,Q86VZ2,-0.015986895188689232,1178,0.3961249,0.023338710889220238,-0.051014479249715805,0.15757575757575756,False
MID2,SPATA24,Q9UJV3,Q86W54,0.026406044140458107,1178,0.24103894,-0.08533943444490433,-0.11636988818645477,0.10068027210884353,False
ANKRD46,HSD17B11,Q86W74,Q8NBQ5,0.09099633991718292,1178,0.41863218,0.11606259644031525,0.019493738189339638,0.15,False
TMEM45B,ANKRD46,Q96B21,Q86W74,0.0330422967672348,1178,0.45621789,0.027050022035837173,0.11606259644031525,0.18181818181818182,False
BSCL2,ANKRD46,Q96G97,Q86W74,-0.05466960370540619,1178,0.24195968,-0.16664136946201324,0.11606259644031525,0.1407035175879397,False
SLC39A9,ANKRD46,Q9NUM3,Q86W74,0.020489588379859924,1178,0.28526205,-0.08135750889778137,0.11606259644031525,0.17263843648208468,False
UNC93A,TMX2,Q86WB7,Q9Y320,-0.05076196789741516,1178,0.30621643,0.06612608581781387,-0.24872562289237976,0.1575492341356674,False
CBX8,RASSF3,Q9HC52,Q86WH2,0.09763426333665848,1178,0.40695964,0.0784871056675911,0.02561093494296074,0.15424164524421594,False
RASSF3,DAXX,Q86WH2,Q9UER7,-0.008669321425259113,1178,0.29040946,0.02561093494296074,-0.3513828217983246,0.0972972972972973,False
COMMD2,COMMD4,Q86X83,Q9H0A8,0.4033001661300659,1178,0.44765996,-0.08845547586679459,-0.1080680713057518,0.16080402010050251,True
COMMD3,COMMD2,Q9UBI1,Q86X83,0.6367471814155579,1178,0.65600598,-0.18448041379451752,-0.08845547586679459,0.20603015075376885,True
CEP57,GCC1,Q86XR8,Q96CN9,0.11034208536148071,1178,0.32663082,-0.13959743082523346,-0.012362783774733543,0.15741935483870967,False
CEP57,CEP63,Q86XR8,Q96MT8,0.22743786871433258,1178,0.41197693,-0.13959743082523346,-0.0905737429857254,0.1806543385490754,False
L3MBTL2,TRIM50,Q969R5,Q86XT4,0.08897986263036728,1178,0.25053845,-0.034408628940582275,-0.07993384450674057,0.16879432624113475,False
TBC1D21,NUTM1,Q8IYX1,Q86Y26,0.02279273048043251,1178,0.26141547,0.03374422714114189,-0.01637762412428856,0.09010600706713781,False
MORN4,NUTM1,Q8NDC4,Q86Y26,0.017771316692233086,1178,0.38216453,-0.07426328212022781,-0.01637762412428856,0.046819787985865724,False
METTL17,NUTM1,Q9H7H0,Q86Y26,0.015009340830147266,1178,0.32050586,-0.5087083578109741,-0.01637762412428856,0.11925795053003534,False
PLEKHF2,NUTM1,Q9H8W4,Q86Y26,-0.02897900529205799,1178,0.37025087,-0.10347121953964233,-0.01637762412428856,0.07332155477031801,False
CDC20B,PLEKHF2,Q86Y33,Q9H8W4,0.02129976451396942,1178,0.43849772,-0.07073653489351273,-0.10347121953964233,0.12716763005780346,False
CACUL1,KBTBD4,Q86Y37,Q9NVX7,-0.003740455489605665,1178,0.59468654,0.01216608565300703,-0.07002672553062439,0.16666666666666666,False
STX12,VAMP8,Q86Y82,Q9BV40,0.05202048644423485,1178,0.29909918,-0.050052057951688766,-0.04210071638226509,0.09782608695652174,False
STX12,NAPB,Q86Y82,Q9H115,0.028975557535886765,1178,0.30438971,-0.050052057951688766,0.1112164705991745,0.17114093959731544,True
ANKRD29,FAM90A1,Q8N6D5,Q86YD7,-0.06336969882249832,349,0.32825988,0.10704994946718216,0.0731341615319252,0.15301724137931033,False
CEP76,FAM90A1,Q8TAP6,Q86YD7,0.10461322218179703,349,0.35511142,0.08644552528858185,0.0731341615319252,0.1669195751138088,False
EXOSC8,FAM90A1,Q96B26,Q86YD7,-0.1636158525943756,349,0.26608588,-1.1000125408172607,0.0731341615319252,0.14870689655172414,False
AP2M1,FAM90A1,Q96CW1,Q86YD7,-0.13043999671936035,349,0.34887221,-0.6677334308624268,0.0731341615319252,0.16594827586206898,False
FAM90A1,CCNL2,Q86YD7,Q96S94,-0.0980452448129654,349,0.31572811,0.0731341615319252,-0.1317625492811203,0.17307692307692307,False
PFDN5,FAM90A1,Q99471,Q86YD7,-0.022628236562013626,349,0.32945799,-0.7839041948318481,0.0731341615319252,0.08620689655172414,False
HOMER3,FAM90A1,Q9NSC5,Q86YD7,-0.0543622225522995,349,0.38885961,-0.14238880574703217,0.0731341615319252,0.17456896551724138,False
PIH1D1,FAM90A1,Q9NWS0,Q86YD7,-0.08653521537780762,349,0.29508846,-0.09314848482608795,0.0731341615319252,0.15517241379310345,False
HDAC2,GATAD2A,Q92769,Q86YP4,0.10837074369192123,1178,0.33683721,-0.05978936329483986,-0.3150082528591156,0.14533965244865718,True
DMRT3,GPSM1,Q9NQL9,Q86YR5,0.12558631598949432,1178,0.29207252,0.18900969624519348,0.030118241906166077,0.17777777777777778,False
RBM45,MEMO1,Q8IUH3,Q9Y316,0.01816227287054062,1178,0.31562777,-0.09851894527673721,-0.2661958932876587,0.1638655462184874,False
PTPMT1,SIAH1,Q8WUK0,Q8IUQ4,-0.05676249787211418,1178,0.32168316,-0.5454665422439575,0.03499428927898407,0.18085106382978725,False
ZFYVE21,SIAH1,Q9BQ24,Q8IUQ4,-0.053906939923763275,1178,0.45177967,0.05772401764988899,0.03499428927898407,0.1773049645390071,False
TRIM7,SIAH1,Q9C029,Q8IUQ4,-0.03095773234963417,1178,0.39885618,0.012791095301508904,0.03499428927898407,0.15264187866927592,False
ZMAT3,SIAH1,Q9HA38,Q8IUQ4,0.05524129793047905,1178,0.26386154,0.17960678040981293,0.03499428927898407,0.21453287197231835,False
AASDHPPT,SIAH1,Q9NRN7,Q8IUQ4,-0.008611785247921944,1178,0.39446814,-0.29258301854133606,0.03499428927898407,0.15210355987055016,False
LANCL2,SIAH1,Q9NS86,Q8IUQ4,0.01807459071278572,1178,0.53093597,0.08175035566091537,0.03499428927898407,0.1688888888888889,False
CCDC198,SIAH1,Q9NVL8,Q8IUQ4,0.05759881064295769,1178,0.4419767,0.007267259061336517,0.03499428927898407,0.17229729729729729,False
UXT,SIAH1,Q9UBK9,Q8IUQ4,-0.03936103358864784,1178,0.44558004,-0.998257040977478,0.03499428927898407,0.13120567375886524,False
ZNF148,SIAH1,Q9UQR1,Q8IUQ4,0.007864231243729591,1178,0.26842824,-0.05745045468211174,0.03499428927898407,0.10453400503778337,False
TRAPPC4,TRAPPC5,Q9Y296,Q8IUR0,0.33551180362701416,1178,0.45091292,-0.883840024471283,-0.7208098769187927,0.1872146118721461,True
ARMC8,GID4,Q8IUR7,Q8IVV7,0.2236284464597702,1178,0.68427111,-0.010050714947283268,-0.18759503960609436,0.11144130757800892,False
ARMC8,TCF12,Q8IUR7,Q99081,0.03712175786495209,1178,0.34802194,-0.010050714947283268,-0.028791137039661407,0.18621700879765396,False
TMEM14B,EPHX4,Q9NUH8,Q8IUS5,0.0714368000626564,1178,0.24128044,-0.12826669216156006,-0.10216577351093292,0.09392265193370165,False
FAXDC2,TMEM139,Q96IV6,Q8IV31,-0.01995067670941353,1178,0.2866948,0.041398148983716965,0.061919089406728745,0.16216216216216217,False
CXCL16,TMEM139,Q9H2A7,Q8IV31,-0.019480623304843903,1178,0.26522946,0.04718900844454765,0.061919089406728745,0.19291338582677164,False
CLN6,TMEM139,Q9NWW5,Q8IV31,0.02160489745438099,1178,0.30069611,-0.20427772402763367,0.061919089406728745,0.17684887459807075,False
UBIAD1,TMEM139,Q9Y5Z9,Q8IV31,0.09436358511447906,1178,0.51440177,-0.5015153288841248,0.061919089406728745,0.15976331360946747,False
MISP,RIBC1,Q8IVT2,Q8N443,-0.01803656667470932,1178,0.35376437,0.013076609000563622,0.045033641159534454,0.14580265095729014,False
MISP,CEP76,Q8IVT2,Q8TAP6,-0.1290275901556015,1178,0.24650268,0.013076609000563622,0.08644552528858185,0.18998527245949925,False
MISP,PIH1D2,Q8IVT2,Q8WWB5,0.10739946365356445,1178,0.26133614,0.013076609000563622,0.04600653052330017,0.11782032400589101,False
CDKL3,ZBTB8A,Q8IVW4,Q96BR9,0.15381991863250732,1178,0.33869094,-0.09315095841884613,-0.03165227174758911,0.15371621621621623,False
FKBP7,VSTM4,Q9Y680,Q8IW00,0.09352415800094604,1178,0.26082402,-0.020741967484354973,-0.05827316641807556,0.1625,False
TXNDC16,FOXRED2,Q9P2K2,Q8IWF2,0.0070481752045452595,1178,0.26573744,-0.04085804894566536,-0.11722792685031891,0.19272727272727272,False
CDAN1,ASF1B,Q8IWY9,Q9NVP2,-0.17773638665676117,1178,0.4745632,-0.8373391032218933,-0.19334132969379425,0.06764466177669112,False
CDAN1,ASF1A,Q8IWY9,Q9Y294,-0.1595076322555542,1178,0.35497144,-0.8373391032218933,-0.11096007376909256,0.06030969845150774,True
LNX1,TRIM42,Q8TBB1,Q8IWZ5,0.08151063323020935,1178,0.31503399,-0.03482906520366669,0.061949532479047775,0.1717032967032967,False
MID2,TRIM42,Q9UJV3,Q8IWZ5,-0.035327401012182236,1178,0.65364021,-0.08533943444490433,0.061949532479047775,0.21224489795918366,False
GPX8,CD302,Q8TED1,Q8IX05,0.1315905898809433,1178,0.24168312,-0.2495092898607254,0.0004289196222089231,0.16379310344827586,False
ZFPM1,ERP44,Q8IX07,Q9BS26,-0.07043474167585373,1178,0.34030352,-0.12896288931369781,-0.036787934601306915,0.110337972166998,False
SMYD1,HOMEZ,Q8NB12,Q8IX15,0.1273612380027771,1178,0.25262271,0.0368114598095417,-0.11131160706281662,0.18,False
RASL10A,HOMEZ,Q92737,Q8IX15,0.09790346771478653,1178,0.34606729,-0.09823408722877502,-0.11131160706281662,0.09090909090909091,False
OSGIN1,HOMEZ,Q9UJX0,Q8IX15,0.022719796746969223,1178,0.40945068,0.052101172506809235,-0.11131160706281662,0.18727272727272729,False
ZDHHC15,MCEMP1,Q96MV8,Q8IX19,-0.036685045808553696,1178,0.25292743,0.02028116211295128,0.043704643845558167,0.13649851632047477,False
OR7D4,TRARG1,Q8NG98,Q8IXB3,0.03851283714175224,1059,0.47313771,-0.1760907620191574,0.1277216672897339,0.11217948717948718,False
ELOVL4,TRARG1,Q9GZR5,Q8IXB3,-0.04103236645460129,1178,0.347172,-0.08147358149290085,0.1277216672897339,0.12101910828025478,False
SLC39A1,TRARG1,Q9NY26,Q8IXB3,0.027967391535639763,1178,0.41297104,-0.01769443042576313,0.1277216672897339,0.13580246913580246,False
SIRT2,RAB3GAP2,Q8IXJ6,Q9H2M9,-0.05428715795278549,1178,0.24190954,-0.06910153478384018,-0.14844658970832825,0.10193826274228285,False
NRM,CYBC1,Q8IXM6,Q9BQA9,-0.07651189714670181,1178,0.26318349,-0.07073205709457397,0.0799885019659996,0.183206106870229,False
SUN2,NRM,Q9UH99,Q8IXM6,0.01917850598692894,1178,0.2980063,-0.009321101009845734,-0.07073205709457397,0.1101813110181311,False
NRM,TMX2,Q8IXM6,Q9Y320,0.029794808477163315,1178,0.23654758,-0.07073205709457397,-0.24872562289237976,0.21283783783783783,False
SMC5,NSMCE1,Q8IY18,Q8WV22,0.6005456447601318,1178,0.23009508,-0.7482140064239502,-0.4362125098705292,0.07992733878292461,False
ZNF597,SMC5,Q96LX8,Q8IY18,0.0640183687210083,1178,0.25248195,0.009685869328677654,-0.7482140064239502,0.11171662125340599,False
SMC5,NSMCE2,Q8IY18,Q96MF7,0.5350822806358337,1178,0.65718072,-0.7482140064239502,-0.44253167510032654,0.07811080835603997,False
IFT57,IFT20,Q9NWB7,Q8IY31,0.11057879775762558,1178,0.65617746,-0.03810206800699234,0.016873031854629517,0.10023310023310024,True
IFT20,EMILIN1,Q8IY31,Q9Y6C2,-0.06272795051336288,1178,0.39710884,0.016873031854629517,-0.03633176535367966,0.04921259842519685,False
PDCD10,C4orf19,Q9BUL8,Q8IY42,0.006501666270196438,1178,0.6420472,0.24956507980823517,0.05815272033214569,0.14012738853503184,False
YAF2,ANP32B,Q8IY57,Q92688,0.13564833998680115,1178,0.29875272,-0.05739471688866615,-0.03623073175549507,0.15139442231075698,False
YAF2,PCGF1,Q8IY57,Q9BSM1,0.015234990045428276,1178,0.30171414,-0.05739471688866615,-0.08838925510644913,0.14671814671814673,False
CCDC146,TRIM54,Q8IYE0,Q9BYV2,-0.12387458235025406,1178,0.30673667,-0.008222667500376701,-0.18377134203910828,0.10471204188481675,False
ZZZ3,MBIP,Q8IYH5,Q9NS73,0.18125751614570618,1178,0.32635136,-0.26142024993896484,-0.12117660045623779,0.11738648947951273,True
EXOC6,EXOC8,Q8TAG9,Q8IYI6,0.04727338254451752,1178,0.55249489,-0.048627328127622604,-0.41522783041000366,0.1791044776119403,True
ZC2HC1A,EXOC8,Q96GY0,Q8IYI6,0.03376765549182892,1178,0.36598762,0.0981091633439064,-0.41522783041000366,0.12413793103448276,False
EXOC8,KIFC3,Q8IYI6,Q9BVG8,-0.022429049015045166,1178,0.48675732,-0.41522783041000366,0.031241534277796745,0.2064825930372149,False
EXOC8,IKZF3,Q8IYI6,Q9UKT9,-0.038543377071619034,1178,0.34435985,-0.41522783041000366,-0.10829205811023712,0.15310344827586206,False
EXOC7,EXOC8,Q9UPT5,Q8IYI6,0.2843286693096161,1178,0.65687254,-0.22790351510047913,-0.41522783041000366,0.18775510204081633,True
LZTS1,EXOC8,Q9Y250,Q8IYI6,-0.049843739718198776,1178,0.2409203,0.20394505560398102,-0.41522783041000366,0.1986206896551724,False
CPSF7,CFAP206,Q8N684,Q8IYR0,0.04679498448967934,1178,0.26369261,-0.18504957854747772,-0.03542287275195122,0.15434083601286175,False
PRDM16,CFAP206,Q9HAZ2,Q8IYR0,-0.06587274372577667,1178,0.29192176,-0.12661801278591156,-0.03542287275195122,0.12460815047021943,False
EIF4ENIF1,CFAP206,Q9NRA8,Q8IYR0,0.03106619045138359,1178,0.23556032,-0.24592691659927368,-0.03542287275195122,0.150253807106599,False
TAPBPL,PM20D2,Q9BX59,Q8IYS1,-0.02792935259640217,1178,0.45568918,0.07685978710651398,0.009530499577522278,0.1794871794871795,False
HAPLN2,PM20D2,Q9GZV7,Q8IYS1,-0.02928445301949978,1178,0.33124286,-0.4346486032009125,0.009530499577522278,0.16972477064220184,False
NUDT22,SAXO1,Q9BRQ3,Q8IYX7,-0.07348181307315826,1178,0.24867158,-0.043677132576704025,-0.008225497789680958,0.1540084388185654,False
SMYD1,PRR22,Q8NB12,Q8IZ63,-0.010113678872585297,1178,0.24983471,0.0368114598095417,-0.16543719172477722,0.15918367346938775,False
CDC23,PRR22,Q9UJX2,Q8IZ63,-0.01608230173587799,1178,0.23930694,-2.192012071609497,-0.16543719172477722,0.15577889447236182,False
PELP1,WDR18,Q8IZL8,Q9BV38,0.44361642003059387,1178,0.43150004,-1.020005226135254,-1.1188184022903442,0.12743362831858407,True
HOMER3,ABI1,Q9NSC5,Q8IZP0,0.015440092422068119,1178,0.39272178,-0.14238880574703217,-0.08932019770145416,0.13188976377952755,False
RCOR3,ABI1,Q9P2K3,Q8IZP0,-0.006141523364931345,1178,0.31910484,0.049823686480522156,-0.08932019770145416,0.18110236220472442,False
ABI1,NCKAP1,Q8IZP0,Q9Y2A7,0.4251217842102051,1178,0.61168595,-0.08932019770145416,-0.4775703549385071,0.10549645390070922,True
ABI1,WASF2,Q8IZP0,Q9Y6W5,0.37754255533218384,1178,0.70209495,-0.08932019770145416,-0.2234559804201126,0.2578740157480315,True
TBRG4,CMTM4,Q969Z0,Q8IZR5,0.05235806852579117,1178,0.23468673,-0.15720140933990479,-0.07586181908845901,0.10776545166402536,False
RMND1,FAM9B,Q9NWS8,Q8IZU0,0.004296173341572285,1178,0.28175873,-0.24830754101276398,0.21312586963176727,0.1091314031180401,False
FAM9B,ZNF777,Q8IZU0,Q9ULD5,-0.04596952721476555,1178,0.27801533,0.21312586963176727,-0.0422440804541111,0.07942238267148015,False
MS4A3,VKORC1L1,Q96HJ5,Q8N0U8,-0.11372190713882446,1178,0.29475212,0.005369850434362888,-0.18212783336639404,0.14953271028037382,False
TMEM237,ORMDL3,Q96Q45,Q8N138,0.13265454769134521,1178,0.25913149,0.046736832708120346,-0.13670378923416138,0.11519607843137254,False
ORMDL3,RNF5,Q8N138,Q99942,0.0065603614784777164,1177,0.3887725,-0.13670378923416138,-0.03679965063929558,0.1388888888888889,False
VPS50,VPS52,Q96JG6,Q8N1B4,0.19950662553310394,1178,0.28818225,-0.19867606461048126,-0.5851348638534546,0.17531120331950206,True
FAM161B,VPS52,Q96MY7,Q8N1B4,0.08376754075288773,1178,0.33174929,0.02283908985555172,-0.5851348638534546,0.19363762102351315,False
PIMREG,VPS52,Q9BSJ6,Q8N1B4,-0.02135324291884899,1178,0.23133465,-0.11255183070898056,-0.5851348638534546,0.11341632088520055,False
CLDN19,SYNE4,Q8N6F1,Q8N205,-0.01945439726114273,1178,0.30667227,-0.22375376522541046,-0.10316048562526703,0.17326732673267325,False
CISD2,TMEM86A,Q8N5K1,Q8N2M4,0.02409585751593113,1178,0.23423604,0.0908317044377327,0.11852151900529861,0.15416666666666667,False
TMEM86A,FNDC9,Q8N2M4,Q8TBE3,0.09384971112012863,1178,0.27094446,0.11852151900529861,-0.01507076621055603,0.2,False
TMEM86A,SCN3B,Q8N2M4,Q9NY72,0.027737008407711983,1178,0.43954448,0.11852151900529861,0.0030425740405917168,0.1625,False
CBARP,SLC35F6,Q8N350,Q8N357,0.025739489123225212,1178,0.54528082,-0.007788978051394224,-0.03328780084848404,0.12907801418439716,False
CBARP,ATP13A1,Q8N350,Q9HD20,-0.036490753293037415,1178,0.25495238,-0.007788978051394224,-0.23000259697437286,0.1461794019933555,False
SLC39A9,CBARP,Q9NUM3,Q8N350,0.00459643779322505,1178,0.48991083,-0.08135750889778137,-0.007788978051394224,0.12056737588652482,False
GPR152,SLC35F6,Q8TDT2,Q8N357,0.16147832572460175,1178,0.33657406,-0.07044405490159988,-0.03328780084848404,0.16595744680851063,False
KDM8,ISY1,Q8N371,Q9ULR0,-0.19950711727142334,1178,0.55253995,-0.5106306076049805,-1.0396716594696045,0.16826923076923078,False
CLDN19,LRRC25,Q8N6F1,Q8N386,-0.01583726331591606,1178,0.29780819,-0.22375376522541046,0.02789611741900444,0.2,False
AGPAT4,LRRC25,Q9NRZ5,Q8N386,-0.056849412620067596,1178,0.34289164,0.10497935116291046,0.02789611741900444,0.17195767195767195,False
BBS5,BBS1,Q8N3I7,Q8NFJ9,-0.0498032309114933,1178,0.25477904,-0.023378996178507805,-0.11184622347354889,0.12647554806070826,True
PALS1,CRB3,Q8N3R9,Q9BUF7,0.21578994393348694,1178,0.53371573,0.0030626466032117605,0.033598147332668304,0.06814814814814815,False
PALS1,LIN7B,Q8N3R9,Q9HAP6,0.0014204008039087057,1178,0.52660971,0.0030626466032117605,-0.019683556631207466,0.09925925925925926,False
LIN7C,PALS1,Q9NUP9,Q8N3R9,-0.022164635360240936,1178,0.5336404,-0.2440614551305771,0.0030626466032117605,0.08888888888888889,False
LIX1,TSACC,Q8N485,Q96A04,-0.026441598311066628,1178,0.31899392,0.07129289954900742,-0.25544315576553345,0.1276595744680851,False
POC1B,GALNT4,Q8TC44,Q8N4A0,0.11320686340332031,1178,0.29392052,-0.12682607769966125,-0.06683634221553802,0.17301038062283736,False
CARNMT1,DTL,Q8N4J0,Q9NZJ0,0.011051129549741745,1178,0.28551959,-0.05614694207906723,-2.170212507247925,0.13287671232876713,False
ANTKMT,CCDC24,Q9BQD7,Q8N4L8,-0.0340714231133461,1178,0.33623207,-0.014794843271374702,-0.040189579129219055,0.21498371335504887,False
CDC23,CCDC24,Q9UJX2,Q8N4L8,0.023667912930250168,1178,0.24210844,-2.192012071609497,-0.040189579129219055,0.12897822445561138,False
MFSD3,MMGT1,Q96ES6,Q8N4V1,-0.02317904494702816,1178,0.24739111,-0.08385734260082245,-0.2750959098339081,0.10679611650485436,False
JAGN1,TMEM199,Q8N5M9,Q8N511,-0.012762698344886303,1178,0.59277727,0.14854472875595093,-0.5093268752098083,0.20673076923076922,False
SLC10A4,TMEM199,Q96EP9,Q8N511,0.07494261860847473,1178,0.23217394,-0.05597748979926109,-0.5093268752098083,0.14416475972540047,False
HOOK2,ZGPAT,Q96ED9,Q8N5A5,-0.10693646967411041,1178,0.38405602,0.057054243981838226,-0.08527906984090805,0.15438108484005564,False
RUVBL1,NOPCHAP1,Q9Y265,Q8N5I9,-0.021485649049282074,1178,0.25066609,-1.7908108234405518,-0.7429189682006836,0.125,False
IBTK,RPP25L,Q9P2D0,Q8N5L8,-0.07647975534200668,1178,0.35288203,0.015342449769377708,-0.4039863049983978,0.04951958610495196,False
ATPAF2,ZNF655,Q8N5M1,Q8N720,0.050758928060531616,1178,0.49016622,-0.014161631464958191,-0.08213110268115997,0.15071283095723015,False
SPATC1L,ATPAF2,Q9H0A9,Q8N5M1,0.011831091716885567,1178,0.53699934,-0.013446216471493244,-0.014161631464958191,0.19705882352941176,False
JAGN1,FNDC9,Q8N5M9,Q8TBE3,0.08795542269945145,1178,0.27296261,0.14854472875595093,-0.01507076621055603,0.14285714285714285,False
TSNARE1,JAGN1,Q96NA8,Q8N5M9,0.03234482184052467,1178,0.24131091,0.04640040919184685,0.14854472875595093,0.1111111111111111,False
TMEM237,JAGN1,Q96Q45,Q8N5M9,-0.10797823220491409,1178,0.30720967,0.046736832708120346,0.14854472875595093,0.11029411764705882,False
JAGN1,CYBC1,Q8N5M9,Q9BQA9,0.062419477850198746,1178,0.36145021,0.14854472875595093,0.0799885019659996,0.16042780748663102,False
MFF,JAGN1,Q9GZY8,Q8N5M9,-0.013063733465969563,1178,0.37254686,0.023023413494229317,0.14854472875595093,0.13157894736842105,False
JAGN1,SACM1L,Q8N5M9,Q9NTJ5,-0.03157615289092064,1178,0.41349804,0.14854472875595093,-1.3829727172851562,0.10051107325383304,False
ERG28,JAGN1,Q9UKR5,Q8N5M9,-0.0413859486579895,1178,0.48202104,-0.009785575792193413,0.14854472875595093,0.17486338797814208,False
JAGN1,UBE2J1,Q8N5M9,Q9Y385,0.03987418860197067,1178,0.23767751,0.14854472875595093,-0.04373384639620781,0.15723270440251572,False
SERP1,JAGN1,Q9Y6X1,Q8N5M9,-0.013952108100056648,1178,0.23200028,-0.04281020537018776,0.14854472875595093,0.08196721311475409,False
UBE2E3,RNF10,Q969T4,Q8N5U6,-0.0038815883453935385,1178,0.55534068,-0.13916485011577606,0.006854458246380091,0.08384710234278668,False
TRAM1L1,TMX2,Q8N609,Q9Y320,0.04960159212350845,1178,0.23028796,-0.028326885774731636,-0.24872562289237976,0.15718157181571815,False
ZDHHC22,TMEM86B,Q8N966,Q8N661,0.12822192907333374,1178,0.46552307,-0.046358827501535416,0.053364310413599014,0.21673003802281368,False
RHBDD1,TMEM86B,Q8TEB9,Q8N661,-0.018362658098340034,1178,0.31016189,0.04995747655630112,0.053364310413599014,0.19047619047619047,False
TMEM86B,TMEM203,Q8N661,Q969S6,-0.003271855879575014,1178,0.3318102,0.053364310413599014,0.15245753526687622,0.15486725663716813,False
TMEM86B,LIME1,Q8N661,Q9H400,-0.05274807661771774,1178,0.26860548,0.053364310413599014,0.12521904706954956,0.17966101694915254,False
NINJ2,TMEM86B,Q9NZG7,Q8N661,0.11642953008413315,1178,0.33979612,0.04979974031448364,0.053364310413599014,0.18584070796460178,False
VAPA,TMEM86B,Q9P0L0,Q8N661,0.07773217558860779,1178,0.32720986,-0.1130419671535492,0.053364310413599014,0.18875502008032127,False
COMMD9,COMMD1,Q9P000,Q8N668,0.11487371474504471,1178,0.6762963,-0.020175999030470848,-0.05808837711811066,0.21717171717171718,True
COMMD3,COMMD1,Q9UBI1,Q8N668,0.03151018172502518,1178,0.45133696,-0.18448041379451752,-0.05808837711811066,0.14358974358974358,True
LNX1,ZBTB2,Q8TBB1,Q8N680,-0.07777059823274612,1178,0.23955871,-0.03482906520366669,-0.011319523677229881,0.17032967032967034,False
DRAM1,MS4A7,Q8N682,Q9GZW8,0.047451481223106384,1178,0.34498612,-0.0262145958840847,-0.010027892887592316,0.1875,False
SPG21,CPSF7,Q9NZD8,Q8N684,-0.012870135717093945,1178,0.28037266,-0.17563346028327942,-0.18504957854747772,0.14861995753715498,False
ANKRD29,MRPL53,Q8N6D5,Q96EL3,0.0888335108757019,1178,0.40372567,0.10704994946718216,-0.566664457321167,0.10631229235880399,False
ANKRD29,CABP2,Q8N6D5,Q9NPB3,0.03544754534959793,1178,0.36949162,0.10704994946718216,-0.08215361833572388,0.19933554817275748,False
GPR161,CLDN19,Q8N6U8,Q8N6F1,0.002333124401047826,1178,0.3138946,0.0372539758682251,-0.22375376522541046,0.1266540642722117,False
CLDN19,FNDC9,Q8N6F1,Q8TBE3,0.024225613102316856,1178,0.35630357,-0.22375376522541046,-0.01507076621055603,0.19642857142857142,False
TM4SF18,CLDN19,Q96CE8,Q8N6F1,0.15767067670822144,1178,0.41348482,-0.0803748145699501,-0.22375376522541046,0.20089285714285715,False
CLDN19,TMEM80,Q8N6F1,Q96HE8,-0.03370898962020874,1162,0.33902353,-0.22375376522541046,-0.08396829664707184,0.18303571428571427,False
MS4A4A,CLDN19,Q96JQ5,Q8N6F1,0.03535608947277069,1178,0.26866541,0.0070827254094183445,-0.22375376522541046,0.200836820083682,False
BCL2L13,CLDN19,Q9BXK5,Q8N6F1,-0.015217718668282032,1178,0.3043628,-0.14002695679664612,-0.22375376522541046,0.12989690721649486,False
SPACA1,CLDN19,Q9HBV2,Q8N6F1,0.08834654092788696,1178,0.29427713,-0.003650135360658169,-0.22375376522541046,0.14625850340136054,False
FKBP7,CLDN19,Q9Y680,Q8N6F1,0.09799593687057495,1178,0.2700867,-0.020741967484354973,-0.22375376522541046,0.19196428571428573,False
KASH5,TMEM41A,Q8N6L0,Q96HV5,0.08492617309093475,1178,0.29122677,-0.022756360471248627,-0.05980221927165985,0.12277580071174377,False
TMEM147,TMEM252,Q9BVK8,Q8N6L7,0.13191527128219604,1178,0.51191225,-0.020778672769665718,0.01696735993027687,0.16517857142857142,False
SERP2,GPR152,Q8N6R1,Q8TDT2,0.08012079447507858,1178,0.2328627,0.055590759962797165,-0.07044405490159988,0.04042553191489362,False
ELOVL4,SERP2,Q9GZR5,Q8N6R1,0.06141789257526398,1178,0.24192948,-0.08147358149290085,0.055590759962797165,0.07006369426751592,False
CCDC112,TEX9,Q8NEF3,Q8N6V9,0.1211218312382698,1178,0.70691856,-0.012640465050935745,0.01507661584764719,0.18161434977578475,False
USHBP1,HAUS1,Q8N6Y0,Q96CS2,-0.03093479759991169,1178,0.3126253,-0.06399358808994293,-1.603763461112976,0.13229018492176386,False
USHBP1,CEP63,Q8N6Y0,Q96MT8,-0.03358134254813194,1178,0.40065042,-0.06399358808994293,-0.0905737429857254,0.1891891891891892,False
USHBP1,IMP3,Q8N6Y0,Q9NV31,0.04260658845305443,1178,0.31705955,-0.06399358808994293,-1.2711772918701172,0.09103840682788052,False
CYTH4,USHBP1,Q9UIA0,Q8N6Y0,-0.026080209761857986,1178,0.27908725,0.007151373662054539,-0.06399358808994293,0.12375533428165007,False
LNX1,ZNF655,Q8TBB1,Q8N720,0.08079507201910019,1178,0.36560827,-0.03482906520366669,-0.08213110268115997,0.1346153846153846,False
TEKT4,ZNF655,Q8WW24,Q8N720,-0.007670126389712095,1178,0.37237199,-0.2975096106529236,-0.08213110268115997,0.19144602851323828,False
METTL21A,ZNF655,Q8WXB1,Q8N720,0.023459218442440033,1178,0.23408195,0.014307067729532719,-0.08213110268115997,0.11608961303462322,False
AP1M1,ZNF655,Q9BXS5,Q8N720,0.009560995735228062,1178,0.30653215,-0.09985730051994324,-0.08213110268115997,0.15682281059063136,False
HSD3B7,ZNF655,Q9H2F3,Q8N720,0.07935048639774323,1178,0.45395513,-0.15011394023895264,-0.08213110268115997,0.15478615071283094,False
EGLN3,ZNF655,Q9H6Z9,Q8N720,-0.030707839876413345,1178,0.3856612,-0.02029956877231598,-0.08213110268115997,0.11608961303462322,False
IMP3,ZNF655,Q9NV31,Q8N720,0.05962151661515236,1178,0.42812357,-1.2711772918701172,-0.08213110268115997,0.10386965376782077,False
ASB6,ZNF655,Q9NWX5,Q8N720,0.01958591304719448,1178,0.26988959,-0.23323136568069458,-0.08213110268115997,0.15885947046843177,False
EVL,ZNF655,Q9UI08,Q8N720,0.08109836280345917,1178,0.24265105,0.03331051394343376,-0.08213110268115997,0.15885947046843177,False
MEMO1,ZNF655,Q9Y316,Q8N720,0.09531550109386444,1178,0.36092085,-0.2661958932876587,-0.08213110268115997,0.15682281059063136,False
MAGOHB,BEND7,Q96A72,Q8N7W2,-0.07553030550479889,1178,0.47991448,-0.029480313882231712,0.17664888501167297,0.1089588377723971,False
OSGIN1,BEND7,Q9UJX0,Q8N7W2,0.06995468586683273,1178,0.24448134,0.052101172506809235,0.17664888501167297,0.18029350104821804,False
LURAP1,TCEANC,Q96LR2,Q8N8B7,0.0034795256797224283,1178,0.26943969,-0.0897378996014595,0.04941663146018982,0.13675213675213677,False
C1QTNF2,TCEANC,Q9BXJ5,Q8N8B7,0.03583011403679848,1178,0.30727608,0.08709181100130081,0.04941663146018982,0.14814814814814814,False
PLEKHF2,TCEANC,Q9H8W4,Q8N8B7,0.03531556576490402,1178,0.33890085,-0.10347121953964233,0.04941663146018982,0.14245014245014245,False
TMEM80,LSMEM1,Q96HE8,Q8N8F7,0.044097863137722015,1162,0.3041977,-0.08396829664707184,0.07185781002044678,0.18181818181818182,False
ZDHHC15,LSMEM1,Q96MV8,Q8N8F7,0.06424961984157562,1178,0.32910276,0.02028116211295128,0.07185781002044678,0.10979228486646884,False
ARL14EP,SETDB2,Q8N8R7,Q96T68,0.19572435319423676,1178,0.62951684,0.08624117076396942,-0.003926462959498167,0.11126564673157163,False
ATP6V0D2,IKZF3,Q8N8Y2,Q9UKT9,-0.018937816843390465,1178,0.27550219,-0.06158575415611267,-0.10829205811023712,0.16306483300589392,False
FNDC9,ZDHHC22,Q8TBE3,Q8N966,0.1043064072728157,1178,0.51940896,-0.01507076621055603,-0.046358827501535416,0.155893536121673,False
GPX8,ZDHHC22,Q8TED1,Q8N966,-0.0653962790966034,1178,0.23560685,-0.2495092898607254,-0.046358827501535416,0.19391634980988592,False
CLEC4D,ZDHHC22,Q8WXI8,Q8N966,0.1483248770236969,1178,0.28851738,-0.0202711820602417,-0.046358827501535416,0.1596958174904943,False
RBMX2,FAM133A,Q9Y388,Q8N9E0,0.14868469536304474,1178,0.36470228,-0.6378746032714844,0.0506899356842041,0.19254658385093168,False
SYT2,TMEM229B,Q8N9I0,Q8NBD8,0.05942549929022789,1178,0.28222875,-0.17453978955745697,-0.08777397871017456,0.10501193317422435,False
SNX5,BANP,Q9Y5X3,Q8N9N5,-0.01583225280046463,1178,0.49837619,0.04610301926732063,-0.9525805711746216,0.15414258188824662,False
SMYD1,ZBTB44,Q8NB12,Q8NCP5,-0.024770179763436317,1178,0.26214463,0.0368114598095417,0.016468225046992302,0.1543859649122807,False
SMYD1,DISC1,Q8NB12,Q9NRI5,-0.07327684760093689,1178,0.29161563,0.0368114598095417,0.06518344581127167,0.13114754098360656,False
SNX11,SMYD1,Q9Y5W9,Q8NB12,-2.8195741833769716e-05,1178,0.23973334,0.07078689336776733,0.0368114598095417,0.12857142857142856,False
TMCO6,ZNF511,Q96DC7,Q8NB15,0.6468898057937622,1178,0.7053893,-0.22125041484832764,-0.25094273686408997,0.12170385395537525,False
GPX8,TMEM229B,Q8TED1,Q8NBD8,-0.03602154180407524,1178,0.23484187,-0.2495092898607254,-0.08777397871017456,0.17703349282296652,False
CYB561A3,GPX8,Q8NBI2,Q8TED1,-0.07061690092086792,1178,0.26806187,-0.012787813320755959,-0.2495092898607254,0.19008264462809918,False
CYB561A3,TM4SF18,Q8NBI2,Q96CE8,-0.11729384958744049,1178,0.58102177,-0.012787813320755959,-0.0803748145699501,0.19834710743801653,False
RNF185,CYB561A3,Q96GF1,Q8NBI2,-0.00906598661094904,1178,0.37581324,-0.05660170689225197,-0.012787813320755959,0.1487603305785124,False
DSN1,SPC24,Q9H410,Q8NBT2,0.030102385208010674,1178,0.36118003,-0.9231308102607727,-2.094475269317627,0.15168539325842698,False
CLEC1A,FNDC9,Q8NC01,Q8TBE3,0.019828394055366516,1178,0.33862404,0.002213530708104372,-0.01507076621055603,0.18571428571428572,False
CLEC1A,GPR152,Q8NC01,Q8TDT2,-0.0051903994753956795,1178,0.24385795,0.002213530708104372,-0.07044405490159988,0.15319148936170213,False
CLEC1A,MRPS18B,Q8NC01,Q9Y676,0.021199572831392288,1178,0.41998283,0.002213530708104372,-0.4515449106693268,0.18928571428571428,False
CLDND2,RELL2,Q8NHS1,Q8NC24,-0.0756358951330185,1178,0.34170882,0.0023534088395535946,0.0042615290731191635,0.12871287128712872,False
RTRAF,FAM98A,Q9Y224,Q8NCA5,0.11519528925418854,1178,0.72320403,-0.3765031695365906,-8.720048208488151e-05,0.11969111969111969,False
TRIM44,MORN4,Q96DX7,Q8NDC4,0.01343483105301857,1178,0.62907085,0.08672955632209778,-0.07426328212022781,0.10755813953488372,False
TCF12,MORN4,Q99081,Q8NDC4,-0.06271738559007645,1178,0.39036634,-0.028791137039661407,-0.07426328212022781,0.06744868035190615,False
RANBP3,MORN4,Q9H6Z4,Q8NDC4,0.009040193632245064,1178,0.42547573,-0.34909310936927795,-0.07426328212022781,0.09347442680776014,False
WBP11,MORN4,Q9Y2W2,Q8NDC4,-0.04980052262544632,1178,0.46072448,-1.077606439590454,-0.07426328212022781,0.0811232449297972,False
GLIS3,CIB1,Q8NEA6,Q99828,0.07492436468601227,1178,0.23249552,0.11620327085256577,-0.0184027012437582,0.08516129032258064,False
GLIS3,SUFU,Q8NEA6,Q9UMX1,-0.057780686765909195,1178,0.25421708,0.11620327085256577,0.056817978620529175,0.15225806451612903,False
NGDN,AATF,Q8NEJ9,Q9NY61,0.1616595983505249,1178,0.73302069,-0.7207480072975159,-0.866678774356842,0.13214285714285715,False
VPS37A,UBAP1,Q8NEZ2,Q9NZ09,0.34490618109703064,1178,0.59492443,-0.5840928554534912,-0.844916582107544,0.19322709163346613,False
PROKR2,FNDC9,Q8NFJ6,Q8TBE3,-0.056900572031736374,1178,0.32244354,-0.06756765395402908,-0.01507076621055603,0.15885416666666666,False
B3GNT7,GPR152,Q8NFL0,Q8TDT2,0.055142201483249664,1178,0.30180105,0.006281975191086531,-0.07044405490159988,0.17446808510638298,False
ABHD11,YTHDF1,Q8NFV4,Q9BYJ9,0.018744220957159996,1178,0.2864406,-0.24575266242027283,0.15015091001987457,0.12164579606440072,False
RASSF8,PARD3,Q8NHQ8,Q8TEW0,0.2980138957500458,1178,0.50038882,-0.04682611674070358,-0.12554174661636353,0.10103244837758112,False
CLDND2,GPR152,Q8NHS1,Q8TDT2,0.09627171605825424,1178,0.51546482,0.0023534088395535946,-0.07044405490159988,0.125531914893617,False
CLDND2,TMEM80,Q8NHS1,Q96HE8,-0.04475868120789528,1162,0.34789179,0.0023534088395535946,-0.08396829664707184,0.2215568862275449,False
FAM210B,CLDND2,Q96KR6,Q8NHS1,0.06982456892728806,1178,0.38421653,0.0517241396009922,0.0023534088395535946,0.18229166666666666,False
MTIF3,CLDND2,Q9H2K0,Q8NHS1,-0.09042049199342728,1178,0.27268997,-0.12073727697134018,0.0023534088395535946,0.1223021582733813,False
B4GALNT2,BSCL2,Q8NHY0,Q96G97,-0.05816727504134178,1178,0.24144266,-0.10426457226276398,-0.16664136946201324,0.17314487632508835,False
PPTC7,RTN4IP1,Q8NI37,Q8WWV3,0.0631692036986351,1178,0.27958753,-0.038213059306144714,-0.30552881956100464,0.1919191919191919,False
SSC4D,NFKBID,Q8WTU2,Q8NI38,-0.01886623539030552,1178,0.37548694,-0.032823435962200165,-0.043836966156959534,0.16,False
CTRC,NFKBID,Q99895,Q8NI38,0.011985871940851212,1178,0.32056038,0.002991237211972475,-0.043836966156959534,0.19488817891373802,False
PATZ1,NFKBID,Q9HBE1,Q8NI38,0.020727425813674927,1178,0.27045152,-0.13401639461517334,-0.043836966156959534,0.12372634643377002,False
EXOC7,EXOC6,Q9UPT5,Q8TAG9,0.06899523735046387,1178,0.42987509,-0.22790351510047913,-0.048627328127622604,0.21019900497512436,True
RTN4IP1,ERMN,Q8WWV3,Q8TAM6,-0.030091160908341408,1178,0.24551461,-0.30552881956100464,-0.08878640830516815,0.14393939393939395,False
CEP76,POM121,Q8TAP6,Q96HA1,0.053646937012672424,1162,0.36483529,0.08644552528858185,-0.2702345848083496,0.1289031224979984,False
CEP76,EAF1,Q8TAP6,Q96JC9,-0.031529225409030914,1178,0.33018568,0.08644552528858185,-0.43194735050201416,0.1274658573596358,False
SMARCC2,SMARCD2,Q8TAQ2,Q92925,0.14107993245124817,1178,0.69786435,-0.2493668496608734,-0.20229722559452057,0.1128500823723229,True
UFD1,NPLOC4,Q92890,Q8TAT6,0.26344195008277893,1178,0.62650025,-1.4124677181243896,-1.39426851272583,0.12664473684210525,True
SSC4D,ZNF417,Q8WTU2,Q8TAU3,-0.007847939617931843,1043,0.25352601,-0.032823435962200165,-0.23774990439414978,0.18782608695652173,False
KAT5,ZNF417,Q92993,Q8TAU3,0.05760050192475319,1043,0.37856973,-0.6378319263458252,-0.23774990439414978,0.19304347826086957,False
HOOK2,ZNF417,Q96ED9,Q8TAU3,0.03621341288089752,1043,0.32769644,0.057054243981838226,-0.23774990439414978,0.1627260083449235,False
RPGRIP1,ZNF417,Q96KN7,Q8TAU3,-0.053615741431713104,1043,0.32056485,0.008268726989626884,-0.23774990439414978,0.12519440124416797,False
ZNF417,BEGAIN,Q8TAU3,Q9BUH8,-0.08277730643749237,1043,0.25951963,-0.23774990439414978,-0.06074335426092148,0.1905564924114671,False
SSX2IP,ZNF417,Q9Y2D8,Q8TAU3,0.07619329541921616,1043,0.46572367,0.013073551468551159,-0.23774990439414978,0.1758957654723127,False
ZBTB1,ZNF417,Q9Y2K1,Q8TAU3,0.07395261526107788,1043,0.43838877,-0.03409459441900253,-0.23774990439414978,0.17812061711079943,False
SPATA20,ZNF566,Q8TB22,Q969W8,0.09220457822084427,1178,0.28568335,-0.0877176895737648,0.05392111837863922,0.13358778625954199,False
GDAP1,STARD4,Q8TB36,Q96DR4,0.06804992258548737,1178,0.28587157,-0.08271749317646027,-0.01870138570666313,0.1452513966480447,False
RNF170,SLC35B2,Q96K19,Q8TB61,0.0169681366533041,1178,0.24750463,-0.0036614318378269672,-0.34331056475639343,0.125,False
LNX1,ROBO3,Q8TBB1,Q96MS0,0.0007339191506616771,1178,0.41587487,-0.03482906520366669,0.06054684892296791,0.13852813852813853,False
LNX1,MTMR9,Q8TBB1,Q96QG7,-0.0032436486799269915,1178,0.25719709,-0.03482906520366669,-0.09648005664348602,0.16483516483516483,False
LNX1,ZNF552,Q8TBB1,Q9H707,-0.0414387583732605,1178,0.23149789,-0.03482906520366669,0.13198037445545197,0.1346153846153846,False
LNX1,ZNF581,Q8TBB1,Q9P0T4,0.09829292446374893,1178,0.33695922,-0.03482906520366669,0.01838141307234764,0.08241758241758242,False
LNX1,MID2,Q8TBB1,Q9UJV3,-0.0020849176216870546,1178,0.4220095,-0.03482906520366669,-0.08533943444490433,0.1891156462585034,False
LNX1,TRAF6,Q8TBB1,Q9Y4K3,-0.01200168114155531,1178,0.34390031,-0.03482906520366669,-0.10561288893222809,0.17445054945054944,False
EXTL1,FNDC9,Q92935,Q8TBE3,-0.022551333531737328,1178,0.31644447,-0.08797275274991989,-0.01507076621055603,0.11390532544378698,False
AIG1,FNDC9,Q9NVV5,Q8TBE3,-0.022416576743125916,1178,0.23165591,0.11428071558475494,-0.01507076621055603,0.1722689075630252,False
CLN6,FNDC9,Q9NWW5,Q8TBE3,0.049802254885435104,1178,0.31324854,-0.20427772402763367,-0.01507076621055603,0.14790996784565916,False
LPAR3,FNDC9,Q9UBY5,Q8TBE3,-0.09594441950321198,1178,0.38476552,-0.035856880247592926,-0.01507076621055603,0.1388101983002833,False
PGAP2,FNDC9,Q9UHJ9,Q8TBE3,0.023006625473499298,1178,0.26517633,-0.026594530791044235,-0.01507076621055603,0.18110236220472442,False
PLLP,FNDC9,Q9Y342,Q8TBE3,0.03015974536538124,1178,0.36040067,0.05137147009372711,-0.01507076621055603,0.15625,False
UBIAD1,FNDC9,Q9Y5Z9,Q8TBE3,-0.03824065253138542,1178,0.36480561,-0.5015153288841248,-0.01507076621055603,0.17159763313609466,False
TBC1D7,MIPOL1,Q9P0N9,Q8TD10,0.06814023852348328,1178,0.32200137,0.12328103929758072,-0.08408556133508682,0.1425339366515837,False
NCDN,ZNF398,Q9UBB6,Q8TD17,0.12394102662801743,1178,0.23656093,-0.1755683720111847,0.057232052087783813,0.1755829903978052,False
BLOC1S5,DTNBP1,Q8TDH9,Q96EV8,0.1110401600599289,1178,0.73004617,0.14792463183403015,-0.06569483876228333,0.1396011396011396,True
BLOC1S6,BCAS4,Q9UL45,Q8TDM0,-0.11762665957212448,1178,0.69380173,-0.022103847935795784,0.01020330935716629,0.23222748815165878,False
EBNA1BP2,BRIX1,Q99848,Q8TDN6,0.12695752084255219,1178,0.71560498,-0.9629229307174683,-1.1083027124404907,0.20679886685552407,False
GPR151,GPR152,Q8TDV0,Q8TDT2,-0.0026277960278093815,1178,0.24931426,-0.062395233660936356,-0.07044405490159988,0.21063829787234042,False
TSNARE1,GPR152,Q96NA8,Q8TDT2,0.10251136869192123,1178,0.26104302,0.04640040919184685,-0.07044405490159988,0.19103313840155944,False
GPR152,CYBC1,Q8TDT2,Q9BQA9,0.03591177240014076,1178,0.36434774,-0.07044405490159988,0.0799885019659996,0.1276595744680851,False
SMCO4,GPR152,Q9NRQ5,Q8TDT2,0.053142499178647995,1178,0.25734387,-0.006934805307537317,-0.07044405490159988,0.04680851063829787,False
GPR152,SACM1L,Q8TDT2,Q9NTJ5,-0.01522893738001585,1178,0.38975726,-0.07044405490159988,-1.3829727172851562,0.16183986371379896,False
TMEM140,GPR152,Q9NV12,Q8TDT2,0.04268135875463486,1178,0.4832069,0.03094441629946232,-0.07044405490159988,0.12340425531914893,False
NDUFB11,GPR152,Q9NX14,Q8TDT2,0.0597246028482914,1178,0.27855851,-0.36276164650917053,-0.07044405490159988,0.10851063829787234,False
ORMDL1,GPR152,Q9P0S3,Q8TDT2,0.07311514765024185,1178,0.28309918,0.06610530614852905,-0.07044405490159988,0.1,False
PGAP2,GPR152,Q9UHJ9,Q8TDT2,0.05491296574473381,1178,0.42927615,-0.026594530791044235,-0.07044405490159988,0.13829787234042554,False
UBIAD1,GPR152,Q9Y5Z9,Q8TDT2,-0.07467751204967499,1178,0.37789881,-0.5015153288841248,-0.07044405490159988,0.15106382978723404,False
SCN3B,GPR151,Q9NY72,Q8TDV0,-0.03914080932736397,1178,0.67334793,0.0030425740405917168,-0.062395233660936356,0.11217183770883055,False
GPX8,AQP3,Q8TED1,Q92482,-0.0527949221432209,1178,0.27894815,-0.2495092898607254,0.03050755150616169,0.1815068493150685,False
GPX8,RND1,Q8TED1,Q92730,0.04382297396659851,1178,0.35252955,-0.2495092898607254,-0.21990959346294403,0.20689655172413793,False
SERINC1,GPX8,Q9NRX5,Q8TED1,0.0022592777386307716,1178,0.23066115,0.21234405040740967,-0.2495092898607254,0.1280353200883002,False
C1GALT1,GPX8,Q9NS00,Q8TED1,0.09924786537885666,1178,0.23910594,0.030481750145554543,-0.2495092898607254,0.13774104683195593,False
AIG1,GPX8,Q9NVV5,Q8TED1,0.10487057268619537,1178,0.24592874,0.11428071558475494,-0.2495092898607254,0.20168067226890757,False
VTI1B,GPX8,Q9UEU0,Q8TED1,-0.019215568900108337,1178,0.48621227,-0.4088895320892334,-0.2495092898607254,0.1939655172413793,False
PGAP2,GPX8,Q9UHJ9,Q8TED1,-0.027953170239925385,1178,0.36686981,-0.026594530791044235,-0.2495092898607254,0.16929133858267717,False
PLLP,GPX8,Q9Y342,Q8TED1,-0.13041414320468903,1178,0.23185431,0.05137147009372711,-0.2495092898607254,0.16267942583732056,False
UBASH3B,KAT5,Q8TF42,Q92993,-0.12774036824703217,1178,0.28722087,0.091852568089962,-0.6378319263458252,0.18335901386748846,False
DMRT3,UBASH3B,Q9NQL9,Q8TF42,-0.031998153775930405,1178,0.27611293,0.18900969624519348,0.091852568089962,0.18181818181818182,False
ZNF526,KAT5,Q8TF50,Q92993,-0.011871281079947948,1178,0.35669212,0.03879597783088684,-0.6378319263458252,0.1746268656716418,False
NOC3L,NOC2L,Q8WTT2,Q9Y3T9,0.06087183952331543,1178,0.70103727,-0.6942392587661743,-0.7479667663574219,0.20875,False
HSD3B7,SSC4D,Q9H2F3,Q8WTU2,0.07025235146284103,1178,0.36284147,-0.15011394023895264,-0.032823435962200165,0.17391304347826086,False
PATZ1,SSC4D,Q9HBE1,Q8WTU2,0.05323061719536781,1178,0.24154952,-0.13401639461517334,-0.032823435962200165,0.1848617176128093,False
COG3,COG1,Q96JB2,Q8WTW3,0.4994119703769684,1178,0.58461365,-0.9373779296875,-0.491449236869812,0.18571428571428572,True
PFDN5,FAM222B,Q99471,Q8WU58,-0.055328309535980225,1178,0.323529,-0.7839041948318481,-0.16534869372844696,0.07473309608540925,False
DRG1,ZC3H15,Q9Y295,Q8WU90,0.26929378509521484,1178,0.52050675,-0.23813515901565552,-0.02823459915816784,0.16901408450704225,False
CCDC12,CRNKL1,Q8WUD4,Q9BZJ0,0.11702273786067963,1178,0.38524387,-0.36661937832832336,-1.8015638589859009,0.07783018867924528,False
CCDC12,XAB2,Q8WUD4,Q9HCS7,-0.031015023589134216,1178,0.44998768,-0.36661937832832336,-2.1135377883911133,0.07134502923976609,False
CHPT1,TLCD4,Q8WUD6,Q96MV1,-0.0021133574191480875,1178,0.26225069,0.010228889063000679,-0.08049624413251877,0.15024630541871922,False
SPG21,CT55,Q9NZD8,Q8WUE5,-0.003397278254851699,1178,0.28878958,-0.17563346028327942,0.11022122949361801,0.1590909090909091,False
MEMO1,CT55,Q9Y316,Q8WUE5,-0.03206451237201691,1178,0.36106886,-0.2661958932876587,0.11022122949361801,0.18855218855218855,False
HDAC7,KLF16,Q8WUI4,Q9BXK1,-0.03183617815375328,1178,0.40963747,-0.10684521496295929,-0.34559163451194763,0.09558823529411764,False
SEC22A,TMEM174,Q96IW7,Q8WUU8,-0.045313023030757904,1178,0.23612195,-0.08306688815355301,-0.11662214994430542,0.15309446254071662,False
DPF3,BCL7C,Q92784,Q8WUZ0,0.005727286450564861,1178,0.27730498,0.05622546374797821,-0.009529432281851768,0.15079365079365079,False
DPF2,BCL7C,Q92785,Q8WUZ0,0.10326668620109558,1178,0.36638061,-0.36207446455955505,-0.009529432281851768,0.16112531969309463,False
NSMCE1,NSMCE4A,Q8WV22,Q9NXX6,0.4561993479728699,1178,0.42159036,-0.4362125098705292,-0.47577548027038574,0.17402597402597403,False
MID2,TRIM41,Q9UJV3,Q8WV44,-0.010741958394646645,1178,0.69147197,-0.08533943444490433,-0.004858736880123615,0.21224489795918366,False
WDR54,OSCP1,Q9H977,Q8WVF1,0.04000527411699295,1178,0.71846655,-0.12136930227279663,-0.1439846009016037,0.18251928020565553,False
SCFD1,STX18,Q8WVM8,Q9P2W9,0.36819514632225037,1178,0.67542119,-1.385232925415039,-1.1601591110229492,0.1308411214953271,False
GPR101,TMEM239,Q96P66,Q8WW34,-0.01422673650085926,1178,0.34721278,-0.048596207052469254,-0.04025276005268097,0.07677165354330709,False
DPY30,DYDC1,Q9C005,Q8WWB3,-0.06714072078466415,1178,0.58929636,-0.3893355429172516,-0.20145422220230103,0.14689265536723164,False
ZBTB1,PIH1D2,Q9Y2K1,Q8WWB5,-0.04034983366727829,1178,0.3298599,-0.03409459441900253,0.04600653052330017,0.11220196353436185,False
CYGB,LRATD1,Q8WWM9,Q96KN4,-0.009141468442976475,1178,0.50606897,0.0037322440184652805,0.10672442615032196,0.14726027397260275,False
IPCEF1,CYTH4,Q8WWN9,Q9UIA0,-0.003134556347504258,1178,0.58680215,-0.02749878540635109,0.007151373662054539,0.19221967963386727,False
ZDHHC15,GIMAP1,Q96MV8,Q8WWP7,0.00845761876553297,1178,0.37608804,0.02028116211295128,0.007567207328975201,0.1572700296735905,False
RTN4IP1,PYM1,Q8WWV3,Q9BRP8,0.012150042690336704,1178,0.2692159,-0.30552881956100464,-0.31106245517730713,0.1414141414141414,False
SCAF1,RTN4IP1,Q9H7N4,Q8WWV3,-0.01370169222354889,1178,0.23716749,-0.265356183052063,-0.30552881956100464,0.09146341463414634,False
SMURF2,RTN4IP1,Q9HAU4,Q8WWV3,-0.010955541394650936,1178,0.37153529,-0.2221786379814148,-0.30552881956100464,0.1483957219251337,False
TRAF6,EDARADD,Q9Y4K3,Q8WWZ3,0.059550873935222626,1178,0.36523959,-0.10561288893222809,0.019208399578928947,0.1206896551724138,False
DDX20,GEMIN6,Q9UHI6,Q8WXD5,0.24230583012104034,1178,0.42113162,-1.2978664636611938,-0.8034631609916687,0.06796116504854369,True
CINP,ATRIP,Q9BW66,Q8WXE1,0.005665671080350876,1178,0.23838033,-0.9583333730697632,-0.619640588760376,0.09102402022756005,False
HDAC2,GATAD2B,Q92769,Q8WXI9,0.12257100641727448,1178,0.31341289,-0.05978936329483986,-0.17758893966674805,0.15851602023608768,True
GATAD2B,SMARCE1,Q8WXI9,Q969G3,-0.07451284676790237,1178,0.33246474,-0.17758893966674805,-0.7676326036453247,0.15345699831365936,True
GATAD2B,MBD2,Q8WXI9,Q9UBB5,-0.01808835007250309,1178,0.63759014,-0.17758893966674805,-0.09072520583868027,0.17537942664418213,True
HSD3B7,ASB12,Q9H2F3,Q8WXK4,0.0746372640132904,1178,0.46358382,-0.15011394023895264,-0.014958679676055908,0.17073170731707318,False
PIBF1,TSGA10,Q8WXW3,Q9BZW7,0.015339934267103672,1178,0.51356776,0.05760817229747772,-0.2503644526004791,0.2047556142668428,False
PIBF1,DMAP1,Q8WXW3,Q9NPF5,-0.042457904666662216,1178,0.27733316,0.05760817229747772,-1.1388840675354004,0.14927344782034346,False
PIBF1,USP15,Q8WXW3,Q9Y4E8,0.04471447318792343,1178,0.50066339,0.05760817229747772,-0.1251528412103653,0.17227319062181448,False
MAD1L1,PIBF1,Q9Y6D9,Q8WXW3,-0.10261759907007217,1178,0.32092045,-0.1263515055179596,0.05760817229747772,0.22589167767503301,False
IFT81,IFT74,Q8WYA0,Q96LB3,0.053317051380872726,1178,0.73737218,-0.06025930121541023,-0.0029062111862003803,0.1937869822485207,True
JADE2,ING5,Q9NQC1,Q8WYH8,0.24844028055667877,1178,0.66426197,-0.02149931713938713,0.022083712741732597,0.09746835443037975,True
ACOT12,ZBTB8A,Q8WYK0,Q96BR9,0.19356022775173187,1178,0.28655813,-0.07728911191225052,-0.03165227174758911,0.17117117117117117,False
ARMC7,KCTD13,Q9H6L4,Q8WZ19,0.007259022910147905,1178,0.34393171,-1.3370347023010254,0.09857968240976334,0.15501519756838905,False
TBRG4,BSND,Q969Z0,Q8WZ55,-0.019209375604987144,1178,0.24599355,-0.15720140933990479,-0.09961970150470734,0.14580031695721077,False
RTCB,DDX1,Q9Y3I0,Q92499,0.48015734553337097,1178,0.62745899,-0.6009313464164734,-0.3671915829181671,0.1554054054054054,True
CCT7,CCT6B,Q99832,Q92526,0.0971747636795044,1178,0.64894393,-1.2834358215332031,-0.09621933102607727,0.27808471454880296,False
FBXO7,PSMF1,Q9Y3I1,Q92530,0.24891223013401031,1178,0.59315361,-0.025607887655496597,-0.16834363341331482,0.16283524904214558,False
SLC7A6,DOLK,Q92536,Q9UPQ8,0.027400635182857513,1178,0.31946657,-0.10412509739398956,-0.44926226139068604,0.23234200743494424,False
PIK3R3,L3MBTL3,Q92569,Q96JM7,0.06527598202228546,1178,0.26467518,0.008239366114139557,0.03156663477420807,0.14487179487179488,False
TNKS1BP1,CNOT9,Q9C0C2,Q92600,-0.11527898907661438,1178,0.24729194,-0.09186895191669464,-0.4346984326839447,0.06593406593406594,True
APPBP2,ZC3H10,Q92624,Q96K80,0.08524197340011597,1178,0.27069332,-0.10429910570383072,-0.10216764360666275,0.14358974358974358,False
APPBP2,CCNL1,Q92624,Q9UK58,0.07617161422967911,1178,0.46834702,-0.10429910570383072,-0.567148745059967,0.1606837606837607,False
PIGK,PIGT,Q92643,Q969N2,0.273377925157547,1178,0.70776471,-0.02966516837477684,0.012539699673652649,0.1522491349480969,True
PIGK,PIGS,Q92643,Q96S52,0.1657385528087616,1178,0.6911097,-0.02966516837477684,-0.3098872900009155,0.15675675675675677,True
MRPS31,PTCD3,Q92665,Q96EY7,0.5081594586372375,1178,0.57227485,-0.40504103899002075,-0.7108393311500549,0.14658925979680695,False
MRPS31,MRPS33,Q92665,Q9Y291,0.4542660415172577,1178,0.53879826,-0.40504103899002075,-0.14613878726959229,0.08607594936708861,False
MYNN,ANP32B,Q9NPC7,Q92688,0.006627637427300215,1178,0.23744172,0.025231974199414253,-0.03623073175549507,0.10655737704918032,False
SPG21,TFG,Q9NZD8,Q92734,0.015061878599226475,1178,0.3852556,-0.17563346028327942,-0.11212345957756042,0.1325,False
HDAC2,DPF2,Q92769,Q92785,-0.10799628496170044,1178,0.4072804,-0.05978936329483986,-0.36207446455955505,0.17008196721311475,True
HDAC2,SMARCC1,Q92769,Q92922,0.02880541794002056,1178,0.51096351,-0.05978936329483986,-0.24090653657913208,0.11945701357466064,True
HDAC2,MTA3,Q92769,Q9BTC8,0.009442901238799095,1178,0.72418383,-0.05978936329483986,-0.03139546886086464,0.16666666666666666,True
HDAC2,MBD2,Q92769,Q9UBB5,-0.02345171943306923,1178,0.2760237,-0.05978936329483986,-0.09072520583868027,0.1598360655737705,True
DPF3,BCL7B,Q92784,Q9BQE9,-0.08892281353473663,1178,0.29465334,0.05622546374797821,0.023916447535157204,0.12962962962962962,False
DPF2,BCL7B,Q92785,Q9BQE9,-0.04325232282280922,1178,0.41424064,-0.36207446455955505,0.023916447535157204,0.1585677749360614,False
CPSF3,SYMPK,Q9UKF6,Q92797,0.13026124238967896,1178,0.66261743,-1.6587694883346558,-1.124184489250183,0.14992150706436422,True
BMF,BCL2L2,Q96LC9,Q92843,0.05859949812293053,1178,0.31816318,-0.3204626441001892,-0.12504447996616364,0.19689119170984457,False
MOV10,UPF1,Q9HCE1,Q92900,-0.06664793193340302,1178,0.47539562,-0.17992901802062988,-1.2005298137664795,0.2240921169176262,False
FGF14,H4C7,Q92915,Q99525,-0.059682756662368774,1178,0.23898535,0.11531245708465576,-0.2503179609775543,0.12955465587044535,False
SMARCC1,SMARCD2,Q92922,Q92925,0.279403954744339,1178,0.72011967,-0.24090653657913208,-0.20229722559452057,0.12126696832579185,True
SMARCC1,SMARCE1,Q92922,Q969G3,0.2808362543582916,1178,0.37182952,-0.24090653657913208,-0.7676326036453247,0.1158371040723982,True
SMARCD2,SMARCE1,Q92925,Q969G3,0.11674048751592636,1178,0.24896684,-0.20229722559452057,-0.7676326036453247,0.1751412429378531,True
SMARCD2,BCL7B,Q92925,Q9BQE9,0.11591703444719315,1178,0.24567485,-0.20229722559452057,0.023916447535157204,0.10546139359698682,False
FTO,CLP1,Q9C0B1,Q92989,-0.032998546957969666,1178,0.3692955,-0.05957070738077164,-1.7628403902053833,0.18613861386138614,False
UPRT,KAT5,Q96BW1,Q92993,-0.08450818806886673,1178,0.23872028,0.007156739477068186,-0.6378319263458252,0.17348927875243664,False
EPC1,KAT5,Q9H2F5,Q92993,0.12257152050733566,1178,0.72262855,-0.2890128493309021,-0.6378319263458252,0.1471291866028708,True
PRDM6,KAT5,Q9NQX0,Q92993,0.07286019623279572,1178,0.31902431,0.0464593842625618,-0.6378319263458252,0.1815126050420168,False
ZBTB1,KAT5,Q9Y2K1,Q92993,-0.019115041941404343,1178,0.35953894,-0.03409459441900253,-0.6378319263458252,0.14446002805049088,False
RBPMS,DCTN5,Q93062,Q9BTE1,0.012280180118978024,1178,0.29260052,0.02716308832168579,-1.2223607301712036,0.20408163265306123,False
SPAG4,SCAMP4,Q9NPE6,Q969E2,0.0011201109737157822,1178,0.2984278,-0.20573285222053528,-0.05292455479502678,0.11899313501144165,False
MYDGF,ACOT13,Q969H8,Q9NPJ3,0.0177603792399168,1178,0.41535519,0.0009871053043752909,0.11882967501878738,0.15606936416184972,False
BORCS5,BORCS6,Q969J3,Q96GS4,0.11649198830127716,1178,0.57794621,-0.11590617895126343,-0.024517137557268143,0.12885154061624648,True
TOMM22,TOMM40L,Q9NS69,Q969M1,0.030639439821243286,1178,0.40682881,-0.9781798720359802,-0.0933137983083725,0.1461038961038961,False
PIGT,PIGS,Q969N2,Q96S52,0.2970086336135864,1178,0.61308228,0.012539699673652649,-0.3098872900009155,0.1972318339100346,True
ELOVL4,TMEM203,Q9GZR5,Q969S6,0.003758483799174428,1178,0.31069845,-0.08147358149290085,0.15245753526687622,0.1178343949044586,False
UBE2E3,RNF5,Q969T4,Q99942,0.036346685141325,1177,0.49416497,-0.13916485011577606,-0.03679965063929558,0.15458937198067632,False
MID2,TEKT1,Q9UJV3,Q969V4,0.08876386284828186,1178,0.25887213,-0.08533943444490433,0.04771016910672188,0.13197278911564625,False
CNRIP1,UTP4,Q96F85,Q969X6,0.15933050215244293,1178,0.24987484,0.010469119064509869,-1.6639952659606934,0.08309037900874636,False
NOL11,UTP4,Q9H8H0,Q969X6,0.07365969568490982,1178,0.52375645,-0.6852957010269165,-1.6639952659606934,0.16968011126564672,False
GTPBP3,ZNF69,Q969Y2,Q9UC07,-0.07688367366790771,1178,0.24731106,-0.1929156631231308,-0.06407682597637177,0.1607773851590106,False
TBRG4,LIME1,Q969Z0,Q9H400,0.010067777708172798,1178,0.24330001,-0.15720140933990479,0.12521904706954956,0.1347068145800317,False
ANP32E,H2BC1,Q9BTT0,Q96A08,-0.07168253511190414,1178,0.52590075,-0.2597361207008362,0.044656746089458466,0.11567164179104478,False
EXOC1,EXOC4,Q9NV70,Q96A65,0.18655435740947723,1178,0.26747444,-0.5883811116218567,-0.39606666564941406,0.17864476386036962,True
CLUAP1,IFT57,Q96AJ1,Q9NWB7,0.1808350831270218,1178,0.73166459,-0.06835278123617172,-0.03810206800699234,0.1655011655011655,False
UBE2W,RNF5,Q96B02,Q99942,0.04040956124663353,349,0.46851182,0.019258977845311165,-0.03679965063929558,0.14444444444444443,False
EXOSC8,EXOSC4,Q96B26,Q9NPD3,0.2725420594215393,1178,0.64368004,-1.1000125408172607,-1.2505991458892822,0.21014492753623187,True
CERS4,TOMM6,Q9HA82,Q96B49,0.08627120405435562,1178,0.28077439,-0.007864388637244701,-0.17723670601844788,0.06598984771573604,False
TOLLIP,ARRDC3,Q9H0E2,Q96B67,-0.052151162177324295,1178,0.46030542,0.08071936666965485,0.18828076124191284,0.1570048309178744,False
RAD18,ARRDC3,Q9NS91,Q96B67,-0.016603488475084305,1178,0.25233141,-0.0880269855260849,0.18828076124191284,0.17373737373737375,False
SLC22A18,TMX2,Q96BI1,Q9Y320,0.09063123911619186,1178,0.30011282,-0.015176685526967049,-0.24872562289237976,0.18632075471698112,False
APH1A,TMEM140,Q96BI3,Q9NV12,-0.07168177515268326,1178,0.33449392,-0.2767641246318817,0.03094441629946232,0.18490566037735848,False
COA7,GPSM3,Q96BR5,Q9Y4H4,0.07690365612506866,1178,0.32199335,-0.4248586893081665,-0.16949108242988586,0.15151515151515152,False
SLC39A9,TM4SF18,Q9NUM3,Q96CE8,-0.0005589065258391201,1178,0.29563142,-0.08135750889778137,-0.0803748145699501,0.12052117263843648,False
EAF2,ELL3,Q96CJ1,Q9HB65,-0.10995888710021973,1178,0.69155104,-0.008341560140252113,-0.07154614478349686,0.1561712846347607,False
ACSF2,SIGLEC12,Q96CM8,Q96PQ1,0.0658009722828865,1178,0.33375917,-0.15081794559955597,0.12705565989017487,0.17235772357723578,False
LZTS2,GCC1,Q9BRK4,Q96CN9,0.027511853724718094,1178,0.26075281,-0.01559169590473175,-0.012362783774733543,0.2064516129032258,False
DISC1,GCC1,Q9NRI5,Q96CN9,0.0035233376547694206,1178,0.25752836,0.06518344581127167,-0.012362783774733543,0.19789227166276346,False
TFIP11,GCC1,Q9UBB9,Q96CN9,-0.018203983083367348,1178,0.27750995,-1.091179370880127,-0.012362783774733543,0.16606929510155316,False
MID2,GCC1,Q9UJV3,Q96CN9,0.0009068402578122914,1178,0.32033388,-0.08533943444490433,-0.012362783774733543,0.18064516129032257,False
GRAMD1A,GRAMD2B,Q96CP6,Q96HH9,0.015443593263626099,1178,0.29219297,-0.03411075845360756,-0.06840480864048004,0.17955801104972377,False
HAUS1,CEP63,Q96CS2,Q96MT8,-0.0250969510525465,1178,0.25898711,-1.603763461112976,-0.0905737429857254,0.12802275960170698,False
HAUS4,HAUS1,Q9H6D7,Q96CS2,0.5204997062683105,1178,0.73367191,-1.2577688694000244,-1.603763461112976,0.1790633608815427,False
AP2M1,NECAP2,Q96CW1,Q9NVZ3,0.0007306793122552335,1178,0.25916635,-0.6677334308624268,0.0013707546750083566,0.13793103448275862,False
ZDHHC15,FAM241B,Q96MV8,Q96D05,-0.0435057207942009,1178,0.36104267,0.02028116211295128,0.1162949800491333,0.09792284866468842,False
MED20,ERP27,Q9H944,Q96DN0,0.03594622761011124,1178,0.30461563,-1.3604453802108765,0.09312217682600021,0.1794871794871795,False
VWCE,ZNF391,Q96DN2,Q9UJN7,-0.06541116535663605,1178,0.35150214,-0.16912253201007843,0.10803951323032379,0.1130890052356021,False
ERLEC1,SEL1L,Q96DZ1,Q9UBV2,-0.015266829170286655,1178,0.65657056,-0.03840937837958336,-0.1760879009962082,0.15869017632241814,True
MS4A3,YIPF6,Q96HJ5,Q96EC8,0.03443974629044533,1178,0.34384598,0.005369850434362888,-0.04971190541982651,0.1906779661016949,False
YIPF2,YIPF6,Q9BWQ6,Q96EC8,0.12660661339759827,1178,0.6302788,-0.18802188336849213,-0.04971190541982651,0.189873417721519,False
SLC7A8,YIPF6,Q9UHI5,Q96EC8,0.015725910663604736,1178,0.61601685,-0.07215006649494171,-0.04971190541982651,0.11962616822429907,False
HOOK2,TCHP,Q96ED9,Q9BT92,-0.0340694934129715,1178,0.32956123,0.057054243981838226,-0.1401674747467041,0.20027816411682892,False
AP1M1,HOOK2,Q9BXS5,Q96ED9,0.03406928852200508,1178,0.45692088,-0.09985730051994324,0.057054243981838226,0.14186369958275383,False
HOOK2,AKTIP,Q96ED9,Q9H8T0,-0.02416391670703888,1178,0.51153843,0.057054243981838226,-0.20606034994125366,0.11126564673157163,True
HOOK2,ZNF835,Q96ED9,Q9Y2P0,-0.009311466477811337,1178,0.43146785,0.057054243981838226,0.10046718269586563,0.16689847009735745,False
PLEKHF1,KIFBP,Q96S99,Q96EK5,-0.009655220434069633,1178,0.29971601,-0.03188692405819893,-0.34985506534576416,0.12399355877616747,False
PTCD3,MRPS24,Q96EY7,Q96EL2,0.6593869924545288,1178,0.46134077,-0.7108393311500549,-0.36588162183761597,0.07402031930333818,False
MRPS33,MRPS24,Q9Y291,Q96EL2,0.6067668199539185,1178,0.40655992,-0.14613878726959229,-0.36588162183761597,0.16167664670658682,False
MFSD3,UBE2J1,Q96ES6,Q9Y385,-0.14522138237953186,1178,0.32129265,-0.08385734260082245,-0.04373384639620781,0.16262135922330098,False
CEP44,MCRS1,Q9C0F1,Q96EZ8,0.0038963346742093563,1178,0.28113298,-0.05445513501763344,-0.6710070371627808,0.15151515151515152,False
C11orf24,TMEM80,Q96F05,Q96HE8,0.045613791793584824,1162,0.52428879,0.03535415604710579,-0.08396829664707184,0.09131403118040089,False
NRBF2,PIK3R4,Q96F24,Q99570,-0.042449019849300385,1178,0.59823687,-0.3032747805118561,-0.4614727795124054,0.07584683357879234,False
BORCS6,BORCS8,Q96GS4,Q96FH0,0.1495034545660019,1178,0.7190102,-0.024517137557268143,-0.15854738652706146,0.1092436974789916,True
IFT43,WDR35,Q96FT9,Q9P2L0,0.1878097504377365,1178,0.67445551,0.0987960696220398,-0.06094896048307419,0.07197290431837426,False
SERGEF,DPH3,Q9UGK8,Q96FX2,0.0530080646276474,1178,0.66179822,0.0038549895398318768,-0.9014659523963928,0.07641921397379912,False
TRMT61A,ARHGEF12,Q96FX7,Q9NZN5,-0.06238677352666855,1178,0.40685153,-0.18354345858097076,-0.004818890709429979,0.06930051813471502,False
MED8,MED18,Q96G25,Q9BUE0,0.3404000997543335,1178,0.64019161,-0.9515039920806885,-0.9988735914230347,0.1865671641791045,True
MED8,MED20,Q96G25,Q9H944,0.26320111751556396,1178,0.24379569,-0.9515039920806885,-1.3604453802108765,0.1865671641791045,False
MED8,MED17,Q96G25,Q9NVC6,0.3295711278915405,1178,0.67689351,-0.9515039920806885,-1.0786819458007812,0.11674347158218126,True
BSCL2,PLEKHF2,Q96G97,Q9H8W4,0.009530344046652317,1178,0.34484075,-0.16664136946201324,-0.10347121953964233,0.1457286432160804,False
BSCL2,RPRM,Q96G97,Q9NS64,0.04450458660721779,1178,0.24750657,-0.16664136946201324,0.09651501476764679,0.08542713567839195,False
BICRA,SMARCD1,Q9NZM4,Q96GM5,0.5975425243377686,1178,0.24518534,0.0718684270977974,-0.25394558906555176,0.10448717948717949,False
MS4A4A,RUSF1,Q96JQ5,Q96GQ5,-0.015908196568489075,1178,0.32826009,0.0070827254094183445,0.10408339649438858,0.13675213675213677,False
SPAG4,RUSF1,Q9NPE6,Q96GQ5,0.052176520228385925,1178,0.39131039,-0.20573285222053528,0.10408339649438858,0.20512820512820512,False
KXD1,BORCS6,Q9BQD3,Q96GS4,0.1579987108707428,1178,0.71301358,-0.17582303285598755,-0.024517137557268143,0.10084033613445378,True
LAMTOR2,BORCS6,Q9Y2Q5,Q96GS4,0.08889895677566528,1178,0.49266398,-0.5916206240653992,-0.024517137557268143,0.10644257703081232,False
ZC2HC1A,EGLN3,Q96GY0,Q9H6Z9,-0.02423050068318844,1178,0.2799738,0.0981091633439064,-0.02029956877231598,0.16923076923076924,False
HOMER3,POM121,Q9NSC5,Q96HA1,0.026156922802329063,1162,0.34766328,-0.14238880574703217,-0.2702345848083496,0.08406725380304243,False
TMEM80,RPRM,Q96HE8,Q9NS64,-0.020197195932269096,1162,0.29073479,-0.08396829664707184,0.09651501476764679,0.15384615384615385,False
SEC22A,MS4A3,Q96IW7,Q96HJ5,0.2161061316728592,1178,0.34010394,-0.08306688815355301,0.005369850434362888,0.1758957654723127,False
TMEM140,MS4A3,Q9NV12,Q96HJ5,-0.12675167620182037,1178,0.308572,0.03094441629946232,0.005369850434362888,0.205607476635514,False
SLC5A4,MS4A3,Q9NY91,Q96HJ5,0.03413231670856476,1178,0.49091815,-0.026394393295049667,0.005369850434362888,0.09711684370257967,False
ERG28,MS4A3,Q9UKR5,Q96HJ5,0.08905165642499924,1178,0.40783817,-0.009785575792193413,0.005369850434362888,0.16355140186915887,False
XRN2,CDKN2AIPNL,Q9H0D6,Q96HQ2,-0.013022088445723057,1178,0.63386436,-1.145310878753662,-0.1466880887746811,0.05157894736842105,False
DDRGK1,CDK5RAP3,Q96HY6,Q96JB5,0.2641054689884186,1178,0.46259472,-0.2185889631509781,-0.34921741485595703,0.1541501976284585,False
NEUROG3,HES6,Q9Y4Z2,Q96HZ4,0.020999982953071594,1178,0.57158941,-0.059481196105480194,-0.10876259952783585,0.19196428571428573,False
TMEM101,PKMYT1,Q96IK0,Q99640,-0.029511377215385437,1178,0.33312534,-0.12825196981430054,-1.2399035692214966,0.14428857715430862,False
BOD1,PLEKHF2,Q96IK1,Q9H8W4,-0.02348673902451992,1178,0.32447397,-0.07165005803108215,-0.10347121953964233,0.1566265060240964,False
GMCL1,KIFC3,Q96IK5,Q9BVG8,0.01927761361002922,1178,0.2840824,-0.05387333780527115,0.031241534277796745,0.16326530612244897,False
RANBP3,GMCL1,Q9H6Z4,Q96IK5,0.0014057836961001158,1178,0.27546989,-0.34909310936927795,-0.05387333780527115,0.18871252204585537,False
ZNF414,WWOX,Q96IQ9,Q9NZC7,-0.03954644873738289,1178,0.28620058,-0.1260581612586975,0.05472095310688019,0.15217391304347827,False
RSRC1,PAXBP1,Q96IZ7,Q9Y5B6,0.11989026516675949,1178,0.64334304,0.09378425031900406,-0.9405838847160339,0.12322791712104689,False
COG4,COG3,Q9H9E3,Q96JB2,0.5470784306526184,1178,0.27042663,-0.4453616142272949,-0.9373779296875,0.18961352657004832,True
COG5,COG3,Q9UP83,Q96JB2,0.37568923830986023,1178,0.50112335,-0.0777428075671196,-0.9373779296875,0.16511627906976745,True
COG6,COG3,Q9Y2V7,Q96JB2,0.36187252402305603,1178,0.53650264,-0.397051602602005,-0.9373779296875,0.1751207729468599,True
ELL3,EAF1,Q9HB65,Q96JC9,0.046459686011075974,1178,0.69191145,-0.07154614478349686,-0.43194735050201416,0.16120906801007556,True
ST6GAL2,TMEM237,Q96JF0,Q96Q45,-0.08447180688381195,1178,0.24779649,-0.07508178800344467,0.046736832708120346,0.15500945179584122,False
MS4A4A,LPAR3,Q96JQ5,Q9UBY5,-0.012260694056749344,1178,0.37078505,0.0070827254094183445,-0.035856880247592926,0.13314447592067988,False
NACA2,BTF3L4,Q9H009,Q96K17,0.053116366267204285,1178,0.65490705,-0.3935975134372711,-0.43461376428604126,0.14418604651162792,False
VPS4A,ZFYVE19,Q9UN37,Q96K21,0.005394637584686279,1178,0.33007927,-0.3886653780937195,-0.06606405228376389,0.17197452229299362,False
GGACT,PLAAT5,Q9BVM4,Q96KN8,0.013993598520755768,1178,0.24117514,-0.029542064294219017,-0.18993550539016724,0.14695340501792115,False
EXOC1,EXOC2,Q9NV70,Q96KP1,0.2948830723762512,1178,0.66174245,-0.5883811116218567,-0.43653368949890137,0.1829004329004329,True
TNIP3,LZTS2,Q96KP6,Q9BRK4,-0.004457111936062574,1178,0.23134658,-0.0018638863693922758,-0.01559169590473175,0.11061285500747384,False
PPP1R13B,TEX12,Q96KQ4,Q9BXU0,-0.09433373808860779,1178,0.3349357,0.09178917109966278,0.17932704091072083,0.044036697247706424,False
HMG20B,PPP1R13B,Q9P0W2,Q96KQ4,0.06648091226816177,1178,0.3790469,0.006589623633772135,0.09178917109966278,0.0798165137614679,False
FAM210B,LPAR3,Q96KR6,Q9UBY5,0.010036474093794823,1178,0.45400461,0.0517241396009922,-0.035856880247592926,0.11048158640226628,False
FAM210B,UBE2J1,Q96KR6,Q9Y385,0.012415002100169659,1178,0.26174616,0.0517241396009922,-0.04373384639620781,0.1540880503144654,False
BCL2L13,SLC35G5,Q9BXK5,Q96KT7,-0.01786726713180542,1178,0.50330225,-0.14002695679664612,0.016873152926564217,0.14845360824742268,False
CNOT6L,CNOT8,Q96LI5,Q9UFF9,-0.0049880268052220345,1178,0.63132695,-0.16748850047588348,-0.03969745710492134,0.12252252252252252,True
CNOT6L,CNOT7,Q96LI5,Q9UIV1,0.20119056105613708,1178,0.62568964,-0.16748850047588348,-0.28911975026130676,0.12972972972972974,True
RABL2A,CEP19,Q9UBK7,Q96LK0,0.09163619577884674,1043,0.61495599,-0.36127978563308716,-0.07837174087762833,0.16666666666666666,False
RABL2B,CEP19,Q9UNT1,Q96LK0,0.006267579272389412,1162,0.62158722,-0.18483585119247437,-0.07837174087762833,0.16228070175438597,False
NSMCE4A,NSMCE3,Q9NXX6,Q96MG7,0.5029760599136353,1178,0.70133072,-0.47577548027038574,-0.8063163757324219,0.2077922077922078,False
GORASP2,KCTD7,Q9H8Y8,Q96MP8,0.024222644045948982,1178,0.51260307,4.6981615014374256e-05,0.0009018967975862324,0.15265486725663716,False
TSG101,CEP63,Q99816,Q96MT8,-0.1256127655506134,1178,0.32808023,-1.1593528985977173,-0.0905737429857254,0.13086770981507823,False
TLCD4,CXCL16,Q96MV1,Q9H2A7,0.08882814645767212,1178,0.34224007,-0.08049624413251877,0.04718900844454765,0.1634980988593156,False
ORMDL1,TLCD4,Q9P0S3,Q96MV1,-0.001914785010740161,1178,0.42173853,0.06610530614852905,-0.08049624413251877,0.1520912547528517,False
TLCD4,UBE2J1,Q96MV1,Q9Y385,0.02704346738755703,1178,0.23347614,-0.08049624413251877,-0.04373384639620781,0.16352201257861634,False
ZDHHC15,TSNARE1,Q96MV8,Q96NA8,-0.11668960005044937,1178,0.32862779,0.02028116211295128,0.04640040919184685,0.1286549707602339,False
ZDHHC15,TMEFF2,Q96MV8,Q9UIK5,0.017323393374681473,1178,0.36793424,0.02028116211295128,-0.015239822678267956,0.15775401069518716,False
ZDHHC15,PLLP,Q96MV8,Q9Y342,-0.08363340049982071,1178,0.50626853,0.02028116211295128,0.05137147009372711,0.11572700296735905,False
ZDHHC15,UBE2J1,Q96MV8,Q9Y385,0.0509355328977108,1178,0.29075961,0.02028116211295128,-0.04373384639620781,0.17804154302670624,False
PNKP,CCDC43,Q96T60,Q96MW1,-0.022699901834130287,1178,0.36482364,-0.3994257152080536,-0.30832135677337646,0.11900191938579655,False
COG5,COG8,Q9UP83,Q96MW5,0.2815135419368744,1178,0.49255391,-0.0777428075671196,-0.5641801953315735,0.1697674418604651,True
COG6,COG8,Q9Y2V7,Q96MW5,0.3526897728443146,1178,0.68224757,-0.397051602602005,-0.5641801953315735,0.1780821917808219,True
ELOVL4,CMTM3,Q9GZR5,Q96MX0,0.03210575506091118,1178,0.25945814,-0.08147358149290085,-0.04795951023697853,0.14968152866242038,False
RPAP3,DNAAF10,Q9H6T3,Q96MX6,0.32266077399253845,1178,0.54436542,-0.8103333115577698,-0.7877727746963501,0.12631578947368421,False
HOMER3,FAM161B,Q9NSC5,Q96MY7,0.03652156889438629,1178,0.35407587,-0.14238880574703217,0.02283908985555172,0.16846986089644514,False
ZNF71,ZNF75A,Q9NQZ8,Q96N20,-0.03822559118270874,1178,0.30953261,0.20153088867664337,-0.08186754584312439,0.22699386503067484,False
TBC1D22B,TEPSIN,Q9NU19,Q96N21,0.011739875189960003,1178,0.24205348,-0.19793634116649628,-0.18230193853378296,0.21142857142857144,False
TBC1D13,TEPSIN,Q9NVG8,Q96N21,0.0410630963742733,1178,0.34032677,-0.00073329295264557,-0.18230193853378296,0.17523809523809525,False
TEPSIN,NDOR1,Q96N21,Q9UHB4,-0.05950852856040001,1178,0.39667657,-0.18230193853378296,-0.6677637100219727,0.18592964824120603,False
AP4B1,TEPSIN,Q9Y6B7,Q96N21,-0.03837212175130844,1178,0.39332731,-0.028065873309969902,-0.18230193853378296,0.15426251691474965,False
ZSCAN32,ZNF396,Q9NX65,Q96N95,-0.036825891584157944,1178,0.67040988,0.013772576116025448,-0.016155952587723732,0.2152080344332855,False
TMEM147,GPR101,Q9BVK8,Q96P66,-0.1044665277004242,1178,0.25501792,-0.020778672769665718,-0.048596207052469254,0.10236220472440945,False
NDUFB11,GPR101,Q9NX14,Q96P66,-0.1114555299282074,1178,0.43996894,-0.36276164650917053,-0.048596207052469254,0.08661417322834646,False
FAM193B,CNOT11,Q96PV7,Q9UKZ1,0.0034044638741761446,1178,0.26051989,-0.10296493768692017,-0.16912195086479187,0.14301552106430154,False
TMEM237,TM6SF2,Q96Q45,Q9BZW4,0.004912732634693384,1178,0.24177438,0.046736832708120346,-0.16270485520362854,0.19852941176470587,False
C1GALT1,TMEM237,Q9NS00,Q96Q45,0.06882064789533615,1178,0.43719723,0.030481750145554543,0.046736832708120346,0.14460784313725492,False
SLC38A7,TMEM237,Q9NVC3,Q96Q45,0.012770188972353935,1178,0.42648121,-0.1279948353767395,0.046736832708120346,0.18398268398268397,False
SPG21,MTMR9,Q9NZD8,Q96QG7,0.013887505978345871,1178,0.2437113,-0.17563346028327942,-0.09648005664348602,0.15482695810564662,False
MED15,MED29,Q96RN5,Q9NX70,0.19247937202453613,1178,0.51719756,-0.24059726297855377,-0.869602382183075,0.10025380710659898,False
OSGEP,TP53RK,Q9NPF4,Q96S44,0.3724064826965332,1178,0.6761664,-1.1653330326080322,-0.8296249508857727,0.15223880597014924,True
PIGU,PIGS,Q9H490,Q96S52,0.23796097934246063,1178,0.32254244,-0.20384563505649567,-0.3098872900009155,0.19099099099099098,True
RANBP9,WDR26,Q96S59,Q9H7D7,0.3810896873474121,1178,0.58524134,-0.09482987970113754,-0.4967212975025177,0.17421124828532236,False
RANBP9,GID8,Q96S59,Q9NWU2,0.3119135797023773,1178,0.71932393,-0.09482987970113754,-0.14905554056167603,0.09327846364883402,True
MKLN1,RANBP9,Q9UL63,Q96S59,0.197632297873497,1178,0.50803383,-0.10094539821147919,-0.09482987970113754,0.19183673469387755,True
F11R,MYADM,Q9Y624,Q96S97,-0.06165153533220291,1178,0.31873621,-0.16795559227466583,-0.04431537538766861,0.18944099378881987,False
KCTD3,KCTD15,Q9Y597,Q96SI1,-0.03228716552257538,1178,0.5050939,0.1303950548171997,0.061855122447013855,0.11288343558282209,False
HMGXB4,STRBP,Q9UGU5,Q96SI9,0.007773902732878923,1178,0.24091428,-0.034966543316841125,-0.09298897534608841,0.1875,False
SIN3A,SUDS3,Q96ST3,Q9H7L9,0.40843459963798523,1178,0.41693053,-1.1008479595184326,-0.7269014716148376,0.09112333071484682,True
INTS10,INTS14,Q9NVR2,Q96SY0,0.5622676014900208,1178,0.55296648,-0.4457980990409851,-0.3763457238674164,0.1676056338028169,False
PNKP,COL17A1,Q96T60,Q9UMD9,-0.05592666566371918,1178,0.2309526,-0.3994257152080536,-0.06211293488740921,0.11222444889779559,False
POMP,PSMB7,Q9Y244,Q99436,0.2742389142513275,1178,0.25489971,-0.8194499611854553,-1.3106693029403687,0.1444043321299639,False
SDF2,DNAJB11,Q99470,Q9UBS4,0.08738245815038681,1178,0.6650059,-0.16823239624500275,-0.20031727850437164,0.18156424581005587,False
SPG21,PFDN5,Q9NZD8,Q99471,0.03445214778184891,1178,0.25794157,-0.17563346028327942,-0.7839041948318481,0.1266233766233766,False
PFDN5,IKZF3,Q99471,Q9UKT9,0.009446406736969948,1178,0.31140456,-0.7839041948318481,-0.10829205811023712,0.0825147347740668,False
PFDN5,ZNF148,Q99471,Q9UQR1,-0.06665357202291489,1178,0.23572686,-0.7839041948318481,-0.05745045468211174,0.060453400503778336,False
TFIP11,NUP88,Q9UBB9,Q99567,0.0723559558391571,1178,0.51172907,-1.091179370880127,-1.524067759513855,0.1911589008363202,False
ZBTB1,NDN,Q9Y2K1,Q99608,-0.07657486945390701,1178,0.26883578,-0.03409459441900253,-0.04936119168996811,0.12061711079943899,False
TXN2,STN1,Q99757,Q9H668,0.10386992990970612,1178,0.24775491,-0.11095912754535675,-0.3868074119091034,0.10597826086956522,False
TXN2,ABI3,Q99757,Q9P2A4,-0.005994431674480438,1178,0.25269084,-0.11095912754535675,0.011913086287677288,0.11748633879781421,False
TSG101,PRDM16,Q99816,Q9HAZ2,-0.037695202976465225,1178,0.24186747,-1.1593528985977173,-0.12661801278591156,0.09404388714733543,False
TSG101,PDLIM7,Q99816,Q9NR12,0.0021653370931744576,1178,0.24581915,-1.1593528985977173,-0.03747934103012085,0.16192560175054704,False
UBAP1,TSG101,Q9NZ09,Q99816,0.40541577339172363,1178,0.35674779,-0.844916582107544,-1.1593528985977173,0.17330677290836655,False
HAUS7,HAUS8,Q99871,Q9BT25,0.2648550271987915,1178,0.69656069,-1.2022758722305298,-0.8466137647628784,0.2146341463414634,True
HAUS2,HAUS7,Q9NVX0,Q99871,0.4151040017604828,1178,0.69251704,-0.7660250663757324,-1.2022758722305298,0.164804469273743,True
MACROH2A2,H2BC15,Q9P0M6,Q99877,-0.004163430538028479,1162,0.72320729,-0.17999471724033356,-0.9812471866607666,0.12365591397849462,False
YIPF2,RNF5,Q9BWQ6,Q99942,0.002911610761657357,1177,0.23819574,-0.18802188336849213,-0.03679965063929558,0.13924050632911392,False
ORMDL1,RNF5,Q9P0S3,Q99942,-0.05623290315270424,1177,0.34127096,0.06610530614852905,-0.03679965063929558,0.15,False
SPG21,SH3GL1,Q9NZD8,Q99961,-0.0979267805814743,1178,0.43757115,-0.17563346028327942,-0.16766956448554993,0.15217391304347827,False
NDUFAF1,ECSIT,Q9Y375,Q9BQ95,0.585676908493042,1178,0.59383162,-0.530410647392273,-0.18576058745384216,0.16937354988399073,True
NOX3,CYBC1,Q9HBY0,Q9BQA9,0.01299054455012083,1178,0.29515032,0.10585504025220871,0.0799885019659996,0.09859154929577464,False
AIG1,CYBC1,Q9NVV5,Q9BQA9,-0.027277814224362373,1178,0.30689565,0.11428071558475494,0.0799885019659996,0.18907563025210083,False
CYBC1,TMX2,Q9BQA9,Q9Y320,-0.009579083882272243,1178,0.46788949,0.0799885019659996,-0.24872562289237976,0.14527027027027026,False
SPACA1,TMEM47,Q9HBV2,Q9BQJ4,-0.04819505661725998,1178,0.28786533,-0.003650135360658169,0.011747624725103378,0.1360544217687075,False
CHAC1,RHOXF2,Q9BUX1,Q9BQY4,0.03007437102496624,1043,0.34856562,0.07418929040431976,-0.0970466136932373,0.16666666666666666,False
IPO11,PLCD4,Q9UI26,Q9BRC7,-0.03066892921924591,1178,0.51755856,-1.1984366178512573,-0.0049559311009943485,0.18051282051282053,False
SDCBP2,VPS25,Q9H190,Q9BRG1,-0.02133624255657196,1178,0.27611493,0.04308588430285454,-2.2023019790649414,0.10616438356164383,False
SPG21,VPS25,Q9NZD8,Q9BRG1,0.007156108506023884,1178,0.36026826,-0.17563346028327942,-2.2023019790649414,0.13636363636363635,False
LZTS2,THAP7,Q9BRK4,Q9BT49,-0.02446098066866398,1178,0.4917081,-0.01559169590473175,-0.16138873994350433,0.14050822122571002,False
MID2,LZTS2,Q9UJV3,Q9BRK4,0.007554063573479652,1178,0.24069437,-0.08533943444490433,-0.01559169590473175,0.17006802721088435,False
WDR54,NUDT22,Q9H977,Q9BRQ3,0.08399402350187302,1178,0.25476621,-0.12136930227279663,-0.043677132576704025,0.20658682634730538,False
NUDT22,ZNF581,Q9BRQ3,Q9P0T4,0.028037605807185173,1178,0.32583273,-0.043677132576704025,0.01838141307234764,0.14521452145214522,False
AIFM2,TRIM54,Q9BRQ8,Q9BYV2,0.08667457848787308,1178,0.24862861,0.005555054172873497,-0.18377134203910828,0.1742627345844504,False
GPATCH1,WDR83,Q9BRR8,Q9BRX9,0.35819318890571594,1178,0.67073414,-0.4035814106464386,-0.4242371916770935,0.10311493018259936,False
UQCC1,UQCC2,Q9NVA1,Q9BRT2,0.5683702230453491,1178,0.68399919,-0.2481463998556137,-0.2954067885875702,0.13712374581939799,False
HBS1L,PELO,Q9Y450,Q9BRX2,0.4093022644519806,1178,0.61918357,-0.24850285053253174,-0.8212835788726807,0.14035087719298245,False
CENPK,CENPH,Q9BS16,Q9H3R5,0.2179906964302063,1178,0.73153167,-1.5695995092391968,-0.7597035765647888,0.20446096654275092,True
FANCL,HDHD3,Q9NW38,Q9BSH5,0.030164549127221107,1178,0.37912803,-0.24380117654800415,-0.02325608767569065,0.176,False
TUBGCP2,TUBGCP4,Q9BSJ2,Q9UGJ1,0.2009972780942917,1178,0.51457747,-1.2505818605422974,-1.3868932723999023,0.18181818181818182,True
ARMC7,PIMREG,Q9H6L4,Q9BSJ6,0.0015440958086401224,1178,0.39236639,-1.3370347023010254,-0.11255183070898056,0.17338709677419356,False
FEM1A,WWOX,Q9BSK4,Q9NZC7,-0.11101821810007095,1178,0.23376855,-0.07240356504917145,0.05472095310688019,0.15396113602391628,False
YIPF4,YIPF3,Q9BSR8,Q9GZM5,-0.033537358045578,1178,0.54058834,0.04101676121354103,-0.13106541335582733,0.1742857142857143,False
PHAF1,BCAS3,Q9BSU1,Q9H6U6,0.1504255086183548,1178,0.67482947,-0.01151968352496624,-0.1394832283258438,0.12284482758620689,False
DESI2,THAP7,Q9BSY9,Q9BT49,0.09080872684717178,1178,0.31348544,0.0025520147755742073,-0.16138873994350433,0.1650485436893204,False
HAUS2,HAUS8,Q9NVX0,Q9BT25,0.29458895325660706,1178,0.64124937,-0.7660250663757324,-0.8466137647628784,0.17560975609756097,True
TFIP11,THAP7,Q9UBB9,Q9BT49,-0.04691971465945244,1178,0.45139514,-1.091179370880127,-0.16138873994350433,0.1087216248506571,False
TRIM54,TCHP,Q9BYV2,Q9BT92,0.13035134971141815,1178,0.51703812,-0.18377134203910828,-0.1401674747467041,0.17670682730923695,False
MTA3,MBD2,Q9BTC8,Q9UBB5,0.02559061348438263,1178,0.29465268,-0.03139546886086464,-0.09072520583868027,0.1414141414141414,False
DCTN4,DCTN5,Q9UJW0,Q9BTE1,0.21673275530338287,1178,0.68796646,-0.8821777701377869,-1.2223607301712036,0.1108695652173913,False
SCN3B,TMEM208,Q9NY72,Q9BTX3,0.004714498296380043,1178,0.24638201,0.0030425740405917168,-0.08115994930267334,0.12558139534883722,False
NDUFAF4,NDUFAF3,Q9P032,Q9BU61,0.5880812406539917,1178,0.60283684,-0.3553764820098877,-0.3991566002368927,0.16304347826086957,False
EIF5A2,DOHH,Q9GZV4,Q9BU89,0.06639893352985382,1178,0.47334935,0.11888783425092697,-0.3997943699359894,0.11589403973509933,False
MED18,MED17,Q9BUE0,Q9NVC6,0.18768350780010223,1178,0.4689032,-0.9988735914230347,-1.0786819458007812,0.09216589861751152,True
SLC39A9,CRB3,Q9NUM3,Q9BUF7,0.047621481120586395,1178,0.2336896,-0.08135750889778137,0.033598147332668304,0.11726384364820847,False
TECR,CRB3,Q9NZ01,Q9BUF7,-0.028012558817863464,1178,0.39012563,-0.18995562195777893,0.033598147332668304,0.1266233766233766,False
UBIAD1,CRB3,Q9Y5Z9,Q9BUF7,0.14349256455898285,1178,0.30461791,-0.5015153288841248,0.033598147332668304,0.10355029585798817,False
ZSCAN5A,NFU1,Q9BUG6,Q9UMS0,-0.04694109037518501,1178,0.24199969,0.06561331450939178,-0.33765295147895813,0.14112903225806453,False
DERL1,TMX2,Q9BUN8,Q9Y320,0.04851030185818672,1178,0.26566587,-0.16314014792442322,-0.24872562289237976,0.19256756756756757,False
DERL1,UBE2J1,Q9BUN8,Q9Y385,0.20768307149410248,1178,0.25910668,-0.16314014792442322,-0.04373384639620781,0.1540880503144654,False
CYTH4,KIFC3,Q9UIA0,Q9BVG8,-0.00721808522939682,1178,0.25626713,0.007151373662054539,0.031241534277796745,0.12845138055222088,False
TMEM147,F11R,Q9BVK8,Q9Y624,0.08963260054588318,1178,0.23785829,-0.020778672769665718,-0.16795559227466583,0.17725752508361203,False
NUP62CL,NUP58,Q9H1M0,Q9BVL2,0.004942258354276419,1178,0.47810518,0.14117833971977234,-0.6750986576080322,0.11686143572621036,False
TIPIN,TIMELESS,Q9BVW5,Q9UNS1,0.19991207122802734,1178,0.64748104,-0.9878217577934265,-1.377915620803833,0.08857615894039735,False
TMEM106C,RPRM,Q9BVX2,Q9NS64,0.11674916744232178,1178,0.2510074,-0.0027408406604081392,0.09651501476764679,0.112,False
FANCL,SCNM1,Q9NW38,Q9BWG6,-0.03953192010521889,1178,0.25018185,-0.24380117654800415,-0.4058271646499634,0.14666666666666667,False
YIPF2,TMEM14B,Q9BWQ6,Q9NUH8,0.01255966816097498,1178,0.2318758,-0.18802188336849213,-0.12826669216156006,0.11392405063291139,False
PSMC3IP,MND1,Q9P2W1,Q9BWT6,0.3206634223461151,1178,0.73226711,-0.1818741410970688,0.04347710311412811,0.2350230414746544,False
CARD10,ZNF581,Q9BWT7,Q9P0T4,0.025336947292089462,1178,0.33809526,-0.09864543378353119,0.01838141307234764,0.060077519379844964,False
SPAG4,TMEM120A,Q9NPE6,Q9BXJ8,0.06811638176441193,349,0.27925655,-0.20573285222053528,0.1434427797794342,0.16933638443935928,False
SCN3B,TMEM120A,Q9NY72,Q9BXJ8,0.023867204785346985,349,0.32807409,0.0030425740405917168,0.1434427797794342,0.15451895043731778,False
TMEM120A,TMX2,Q9BXJ8,Q9Y320,0.012067308649420738,349,0.37164655,0.1434427797794342,-0.24872562289237976,0.1749271137026239,False
BCL2L13,TM6SF2,Q9BXK5,Q9BZW4,0.01026945561170578,1178,0.37563658,-0.14002695679664612,-0.16270485520362854,0.17938144329896907,False
BCL2L13,LPAR3,Q9BXK5,Q9UBY5,-0.04729292169213295,1178,0.23911549,-0.14002695679664612,-0.035856880247592926,0.1402061855670103,False
BCL2L13,PLLP,Q9BXK5,Q9Y342,-0.03243054822087288,1178,0.36212668,-0.14002695679664612,0.05137147009372711,0.10309278350515463,False
OSGEP,GON7,Q9NPF4,Q9BXV9,0.01366148516535759,1178,0.3413432,-1.1653330326080322,-0.08242250233888626,0.11641791044776119,False
MRPL9,MRPL1,Q9BYD2,Q9BYD6,0.4407787621021271,1178,0.56898771,-0.46703478693962097,-0.22783102095127106,0.20615384615384616,False
MRPL4,MRPL35,Q9BYD3,Q9NZE8,0.5400720238685608,1178,0.29205049,-0.6181396842002869,-0.5678594708442688,0.16720257234726688,False
BACH2,HMG20A,Q9BYV9,Q9NP66,-0.05673902854323387,1178,0.64205576,0.0210069939494133,-0.034392546862363815,0.12841854934601665,False
BACH2,BATF3,Q9BYV9,Q9NR55,-0.004171009641140699,1178,0.58722223,0.0210069939494133,0.012025823816657066,0.07372175980975029,False
MAFF,BACH2,Q9ULX9,Q9BYV9,-0.13254956901073456,1178,0.64827469,-0.1913699358701706,0.0210069939494133,0.07728894173602854,False
FRMD8,PLEKHF2,Q9BZ67,Q9H8W4,-0.006803948897868395,1178,0.37533664,0.07856133580207825,-0.10347121953964233,0.11206896551724138,False
ZNF446,FRMD8,Q9NWS9,Q9BZ67,0.04821866750717163,1178,0.24771618,-0.01591249741613865,0.07856133580207825,0.2025862068965517,False
CLDND1,GPR61,Q9NY35,Q9BZJ8,0.05210324004292488,1178,0.27555106,0.09967268258333206,-0.4337151050567627,0.13082039911308205,False
GPR61,SCN3B,Q9BZJ8,Q9NY72,-0.16209463775157928,1178,0.43048688,-0.4337151050567627,0.0030425740405917168,0.13082039911308205,False
SLC19A3,TMEM14B,Q9BZV2,Q9NUH8,-0.04738178849220276,1178,0.33051203,-0.1097322627902031,-0.12826669216156006,0.07661290322580645,False
SLC19A3,TMEM242,Q9BZV2,Q9NWH2,-0.07084019482135773,1178,0.34173144,-0.1097322627902031,-0.396979421377182,0.09274193548387097,False
SCN3B,TM6SF2,Q9NY72,Q9BZW4,-0.0012176601449027658,1178,0.3592122,0.0030425740405917168,-0.16270485520362854,0.14323607427055704,False
TM6SF1,MFF,Q9BZW5,Q9GZY8,0.087570421397686,1178,0.52788735,0.033507075160741806,0.023023413494229317,0.1837837837837838,False
POMT2,CD244,Q9UKY4,Q9BZW8,-0.026903489604592323,1178,0.26130966,-0.04536769539117813,0.00047750314115546644,0.12666666666666668,False
RSPH14,TRIM7,Q9UHP6,Q9C029,-0.10065574198961258,1178,0.25839768,-0.12008596956729889,0.012791095301508904,0.1506849315068493,False
MAD2L2,FTO,Q9UI95,Q9C0B1,0.08984842896461487,1178,0.23917713,-0.8712741732597351,-0.05957070738077164,0.10693069306930693,False
ABI3,CEP44,Q9P2A4,Q9C0F1,-0.0510672852396965,1178,0.34911063,0.011913086287677288,-0.05445513501763344,0.18717948717948718,False
CAB39,CEP44,Q9Y376,Q9C0F1,0.09075479954481125,1178,0.4971964,-0.16183720529079437,-0.05445513501763344,0.16923076923076924,False
WDR7,ROGDI,Q9Y4E6,Q9GZN7,0.12582969665527344,1178,0.5504164,-0.7703521847724915,0.03960933908820152,0.07114093959731543,False
COMMD3,COMMD5,Q9UBI1,Q9GZQ3,0.29200831055641174,1178,0.23457639,-0.18448041379451752,-0.16996225714683533,0.20089285714285715,True
PLLP,ELOVL4,Q9Y342,Q9GZR5,0.08653390407562256,1178,0.39777759,0.05137147009372711,-0.08147358149290085,0.13694267515923567,False
CTDSP1,CSTF2T,Q9GZU7,Q9H0L4,-0.0003348836035002023,1178,0.25139283,0.039015740156173706,0.013994511216878891,0.11038961038961038,False
MFF,SACM1L,Q9GZY8,Q9NTJ5,-0.010899212211370468,1178,0.37660539,0.023023413494229317,-1.3829727172851562,0.13458262350936967,False
AIG1,MFF,Q9NVV5,Q9GZY8,-0.04487557336688042,1178,0.35981812,0.11428071558475494,0.023023413494229317,0.13450292397660818,False
MFF,LPAR3,Q9GZY8,Q9UBY5,-0.1290598064661026,1178,0.26227469,0.023023413494229317,-0.035856880247592926,0.1813031161473088,False
AATF,NAT10,Q9NY61,Q9H0A0,0.2547870874404907,1178,0.3072472,-0.866678774356842,-1.178618311882019,0.144390243902439,False
COMMD9,COMMD4,Q9P000,Q9H0A8,0.25559166073799133,1178,0.59147071,-0.020175999030470848,-0.1080680713057518,0.19597989949748743,True
ARMC7,SPATC1L,Q9H6L4,Q9H0A9,0.10377077758312225,1178,0.26065542,-1.3370347023010254,-0.013446216471493244,0.1588235294117647,False
SPATC1L,CABP2,Q9H0A9,Q9NPB3,-0.0678195133805275,1178,0.24845371,-0.013446216471493244,-0.08215361833572388,0.19117647058823528,False
XRN2,CDKN2AIP,Q9H0D6,Q9NXV6,0.07904163002967834,1178,0.66455549,-1.145310878753662,-0.09053152054548264,0.14736842105263157,False
INTS10,INTS2,Q9NVR2,Q9H0H0,0.14430208504199982,1178,0.4135638,-0.4457980990409851,-1.028442621231079,0.13795986622073578,True
CSTF2T,SMYD3,Q9H0L4,Q9H7B4,0.12282658368349075,1178,0.28477567,0.013994511216878891,0.06961775571107864,0.1672077922077922,False
ATP23,CSTF2T,Q9Y6H3,Q9H0L4,-0.08389106392860413,1178,0.26105898,-0.42587748169898987,0.013994511216878891,0.11038961038961038,False
TSPYL2,TSPYL1,Q9H2G4,Q9H0U9,-0.12098461389541626,1178,0.58880085,0.03969297558069229,0.022016625851392746,0.2481962481962482,False
VPS45,RBSN,Q9NRW7,Q9H1K0,0.6449118852615356,1178,0.71691732,-0.3291887938976288,-0.3286268413066864,0.14668367346938777,False
VIPAS39,VPS33B,Q9H9C1,Q9H267,0.16692523658275604,1178,0.72259432,-0.034719645977020264,0.005233143921941519,0.1847649918962723,False
CERS4,CXCL16,Q9HA82,Q9H2A7,-0.08877813816070557,1178,0.5532997,-0.007864388637244701,0.04718900844454765,0.17258883248730963,False
SLC39A1,CXCL16,Q9NY26,Q9H2A7,-0.08349213749170303,1178,0.40604247,-0.01769443042576313,0.04718900844454765,0.17901234567901234,False
CXCL16,TMX2,Q9H2A7,Q9Y320,-0.0023828772827982903,1178,0.31508042,0.04718900844454765,-0.24872562289237976,0.15878378378378377,False
MEAF6,EPC1,Q9HAF1,Q9H2F5,0.05272860452532768,1178,0.65692355,-0.39975759387016296,-0.2890128493309021,0.0729665071770335,True
ING3,EPC1,Q9NXR8,Q9H2F5,0.4036482870578766,1178,0.68841631,-0.43741586804389954,-0.2890128493309021,0.13875598086124402,True
ZNF835,TSPYL2,Q9Y2P0,Q9H2G4,0.0861988514661789,1178,0.24629457,0.10046718269586563,0.03969297558069229,0.1544011544011544,False
SLC38A1,SCN3B,Q9H2H9,Q9NY72,-0.07177518308162689,1178,0.37311466,-0.08606979995965958,0.0030425740405917168,0.1026694045174538,False
AIG1,LIME1,Q9NVV5,Q9H400,0.018788909539580345,1178,0.28269835,0.11428071558475494,0.12521904706954956,0.15593220338983052,False
CLN6,LIME1,Q9NWW5,Q9H400,-0.02135697938501835,1178,0.25001124,-0.20427772402763367,0.12521904706954956,0.19292604501607716,False
RWDD1,DRG1,Q9H446,Q9Y295,0.13896764814853668,1178,0.36450216,0.021825768053531647,-0.23813515901565552,0.15258855585831063,False
ASB6,RNF41,Q9NWX5,Q9H4P4,0.06809844076633453,1178,0.2345904,-0.23323136568069458,-0.24223749339580536,0.14251781472684086,False
RABGEF1,RABEP2,Q9UJ41,Q9H5N1,0.01236287597566843,349,0.47528924,-0.263153076171875,-0.047230400145053864,0.18980667838312829,False
SPG21,ARMC7,Q9NZD8,Q9H6L4,-0.03507331758737564,1178,0.27258161,-0.17563346028327942,-1.3370347023010254,0.17207792207792208,False
DHX33,USP36,Q9H6R0,Q9P275,0.23417916893959045,1178,0.57981154,-1.166685700416565,-0.8986109495162964,0.17542297417631345,False
RRP7A,NOL6,Q9Y3A4,Q9H6R4,0.18716637790203094,1178,0.71692025,-0.728949785232544,-1.1403141021728516,0.08551483420593368,False
WIPI2,BCAS3,Q9Y4P8,Q9H6U6,0.05254155769944191,1178,0.33463514,0.04409227892756462,-0.1394832283258438,0.14331896551724138,False
EGLN3,IKZF3,Q9H6Z9,Q9UKT9,0.03611325845122337,1178,0.2361953,-0.02029956877231598,-0.10829205811023712,0.11984282907662082,False
GID8,RMND5A,Q9NWU2,Q9H871,0.1995275616645813,1178,0.63646624,-0.14905554056167603,-0.32551318407058716,0.1585677749360614,False
MKLN1,RMND5A,Q9UL63,Q9H871,0.17054875195026398,1178,0.31427181,-0.10094539821147919,-0.32551318407058716,0.15918367346938775,True
MBIP,KAT14,Q9NS73,Q9H8E8,0.22704830765724182,1178,0.56594236,-0.12117660045623779,-0.14571218192577362,0.11636828644501279,True
HOOK1,AKTIP,Q9UJC3,Q9H8T0,0.11524543166160583,1178,0.5185555,-0.10199125111103058,-0.20606034994125366,0.10302197802197802,True
GPBP1L1,PLEKHF2,Q9HC44,Q9H8W4,0.02118103578686714,1178,0.23386197,-0.1487772911787033,-0.10347121953964233,0.1371308016877637,False
RTN4,PLEKHF2,Q9NQC3,Q9H8W4,0.11487238854169846,1178,0.25959349,-0.017212556675076485,-0.10347121953964233,0.06543624161073826,False
CHCHD2,PLEKHF2,Q9Y6H1,Q9H8W4,-0.0893600806593895,1178,0.24214358,-0.36537471413612366,-0.10347121953964233,0.12048192771084337,False
MED17,MED20,Q9NVC6,Q9H944,0.20765146613121033,1178,0.2613249,-1.0786819458007812,-1.3604453802108765,0.09370199692780339,True
CNOT2,CNOT10,Q9NZN8,Q9H9A5,-0.18565240502357483,1178,0.23997593,-0.4916611909866333,-0.1388241946697235,0.16532258064516128,True
CNOT10,CNOT11,Q9H9A5,Q9UKZ1,0.6130499839782715,1178,0.7165903,-0.1388241946697235,-0.16912195086479187,0.14919354838709678,True
CIDEB,SFXN1,Q9UHD4,Q9H9B4,0.059242814779281616,1178,0.27057222,-0.12749436497688293,0.02296670712530613,0.14596273291925466,False
SFXN1,TMX2,Q9H9B4,Q9Y320,0.03473721072077751,1178,0.4129606,0.02296670712530613,-0.24872562289237976,0.15527950310559005,False
COG5,COG4,Q9UP83,Q9H9E3,0.3516370952129364,1178,0.37736653,-0.0777428075671196,-0.4453616142272949,0.19767441860465115,True
CERS4,NAT8,Q9HA82,Q9UHE5,0.13559013605117798,1178,0.30747821,-0.007864388637244701,-0.04748675227165222,0.14720812182741116,False
JADE2,MEAF6,Q9NQC1,Q9HAF1,0.19153934717178345,1178,0.57748654,-0.02149931713938713,-0.39975759387016296,0.08860759493670886,True
ING3,MEAF6,Q9NXR8,Q9HAF1,0.11465007066726685,1178,0.59150513,-0.43741586804389954,-0.39975759387016296,0.11961722488038277,True
ROPN1,SPG21,Q9HAT0,Q9NZD8,-0.002830816200003028,1043,0.23192375,-0.1680910289287567,-0.17563346028327942,0.12012987012987013,False
AFF4,ELL3,Q9UHB7,Q9HB65,-0.022172333672642708,1178,0.30432265,-0.09512560814619064,-0.07154614478349686,0.11006018916595013,True
ANKRD10,PATZ1,Q9NXR5,Q9HBE1,0.003582620993256569,1178,0.26011198,0.05941837280988693,-0.13401639461517334,0.1572052401746725,False
AGPAT4,SPACA1,Q9NRZ5,Q9HBV2,0.0032788515090942383,1178,0.41951472,0.10497935116291046,-0.003650135360658169,0.18783068783068782,False
SPACA1,TMEM140,Q9HBV2,Q9NV12,-0.059078820049762726,1178,0.26657875,-0.003650135360658169,0.03094441629946232,0.1564625850340136,False
GPN1,GPN3,Q9HCN4,Q9UHW5,0.15825223922729492,1178,0.7015536,-1.6963651180267334,-1.226815104484558,0.2192513368983957,False
SDF2L1,DNAJB11,Q9HCN8,Q9UBS4,0.015663400292396545,1178,0.65012647,-0.10431841760873795,-0.20031727850437164,0.15363128491620112,False
VTA1,CHMP1A,Q9NP79,Q9HD42,0.19533127546310425,1178,0.41566459,0.03062070533633232,-0.1434796154499054,0.1498371335504886,False
JPH1,NAT8,Q9HDC5,Q9UHE5,-0.05165601894259453,1178,0.37047465,-0.05861842632293701,-0.04748675227165222,0.1043872919818457,False
FTSJ1,WDR6,Q9UET6,Q9NNW5,0.10066705197095871,1178,0.69070718,0.016378460451960564,-0.21736249327659607,0.10704727921498662,False
MLXIPL,MLX,Q9NP71,Q9UH92,-0.024118958041071892,1178,0.72896885,-0.04927641525864601,-0.24599939584732056,0.12441314553990611,False
EXOSC4,EXOSC5,Q9NPD3,Q9NQT4,0.3347077965736389,1178,0.42320601,-1.2505991458892822,-0.7447444200515747,0.2857142857142857,True
EXOSC3,EXOSC4,Q9NQT5,Q9NPD3,0.17590294778347015,1178,0.6013877,-1.1834310293197632,-1.2505991458892822,0.20363636363636364,True
EXOSC1,EXOSC4,Q9Y3B2,Q9NPD3,0.1633894443511963,1178,0.52509797,-0.6237269043922424,-1.2505991458892822,0.19183673469387755,True
NHP2,NOP10,Q9NX24,Q9NPE3,0.39641064405441284,1178,0.39194598,-0.7310420274734497,-0.9319126605987549,0.13071895424836602,True
UBN1,ASF1B,Q9NPG3,Q9NVP2,0.010857582092285156,1178,0.44439359,-0.11024224013090134,-0.19334132969379425,0.06525573192239859,False
ASF1A,UBN1,Q9Y294,Q9NPG3,0.11112568527460098,1178,0.48938738,-0.11096007376909256,-0.11024224013090134,0.06613756613756613,False
MED17,MED4,Q9NVC6,Q9NPJ6,0.2256487011909485,1178,0.25341041,-1.0786819458007812,-1.278164267539978,0.1259600614439324,True
PACSIN2,RIC8A,Q9UNF0,Q9NPQ8,0.03632141277194023,1178,0.3238883,0.09768601506948471,0.021883564069867134,0.15819209039548024,False
JADE2,ING3,Q9NQC1,Q9NXR8,-0.04901180788874626,1178,0.61350799,-0.02149931713938713,-0.43741586804389954,0.12025316455696203,False
PFDN2,PFDN4,Q9UHV9,Q9NQP4,0.15179301798343658,1178,0.44746498,-1.658110499382019,-0.2962217330932617,0.14935064935064934,True
EXOSC1,EXOSC5,Q9Y3B2,Q9NQT4,0.10826844722032547,1178,0.35075409,-0.6237269043922424,-0.7447444200515747,0.17872340425531916,True
BIN3,C14orf119,Q9NQY0,Q9NWQ9,0.06969912350177765,1178,0.28037086,0.16174964606761932,-0.11386135965585709,0.1383399209486166,False
SSX2IP,ZNF71,Q9Y2D8,Q9NQZ8,0.0011339826742187142,1178,0.23024758,0.013073551468551159,0.20153088867664337,0.1498371335504886,False
MOB4,STRN4,Q9Y3A3,Q9NRL3,0.04228472709655762,1178,0.71976993,-0.6202681660652161,-0.12191877514123917,0.09827357237715803,False
USP22,AASDHPPT,Q9UPT9,Q9NRN7,0.030304361134767532,1178,0.29304727,0.09262791275978088,-0.29258301854133606,0.13333333333333333,False
SMCO4,TMX2,Q9NRQ5,Q9Y320,-0.029559601098299026,1178,0.34111203,-0.006934805307537317,-0.24872562289237976,0.0777027027027027,False
AGPAT4,SCN3B,Q9NRZ5,Q9NY72,0.06445479393005371,1178,0.37178151,0.10497935116291046,0.0030425740405917168,0.11375661375661375,False
SCN3B,SACM1L,Q9NY72,Q9NTJ5,0.0061506833881139755,1178,0.33224971,0.0030425740405917168,-1.3829727172851562,0.11243611584327087,False
SACM1L,TMX2,Q9NTJ5,Q9Y320,0.07501821219921112,1178,0.36889229,-1.3829727172851562,-0.24872562289237976,0.12095400340715502,False
PDRG1,UXT,Q9NUG6,Q9UBK9,0.3082084059715271,1178,0.62416076,-1.50255286693573,-0.998257040977478,0.19745222929936307,False
PFDN2,PDRG1,Q9UHV9,Q9NUG6,0.22223635017871857,1178,0.26939981,-1.658110499382019,-1.50255286693573,0.21428571428571427,True
UBIAD1,TMEM14B,Q9Y5Z9,Q9NUH8,0.03545866534113884,1178,0.39639326,-0.5015153288841248,-0.12826669216156006,0.11538461538461539,False
CEPT1,TMEM14B,Q9Y6K0,Q9NUH8,-0.05420166999101639,1178,0.23929321,-0.44409292936325073,-0.12826669216156006,0.08173076923076923,False
ZNF835,SHFL,Q9Y2P0,Q9NUL5,0.09464311599731445,1178,0.23142447,0.10046718269586563,-0.11801833659410477,0.1452513966480447,False
SLC39A9,TMEM140,Q9NUM3,Q9NV12,-0.006814256310462952,1178,0.35554349,-0.08135750889778137,0.03094441629946232,0.16612377850162866,False
PALS2,LIN7C,Q9NZW5,Q9NUP9,0.07533706724643707,1178,0.61023589,0.08529888838529587,-0.2440614551305771,0.11481481481481481,False
TMEM140,SCN3B,Q9NV12,Q9NY72,0.008411040529608727,1178,0.25709146,0.03094441629946232,0.0030425740405917168,0.15813953488372093,False
SIT1,TMEM140,Q9Y3P8,Q9NV12,-0.004259827081114054,1178,0.32579373,-0.05106830969452858,0.03094441629946232,0.22448979591836735,False
SLC38A7,SCN3B,Q9NVC3,Q9NY72,-0.09512432664632797,1178,0.34182778,-0.1279948353767395,0.0030425740405917168,0.13636363636363635,False
MED11,MED17,Q9P086,Q9NVC6,0.2293221652507782,1178,0.59010561,-1.8275861740112305,-1.0786819458007812,0.06758832565284179,True
FGFR1OP2,TRAF3IP3,Q9NVK5,Q9Y228,-0.06176309287548065,1178,0.62015682,-0.22653783857822418,0.03093121014535427,0.12522686025408347,False
AIG1,TMX2,Q9NVV5,Q9Y320,-0.07354774326086044,1178,0.43546613,0.11428071558475494,-0.24872562289237976,0.16216216216216217,False
FANCL,ZNF224,Q9NW38,Q9NZL3,0.010539381764829159,1178,0.38303116,-0.24380117654800415,0.055514778941869736,0.14002828854314003,False
MKLN1,GID8,Q9UL63,Q9NWU2,0.1755264699459076,1178,0.2575072,-0.10094539821147919,-0.14905554056167603,0.10068027210884353,True
COMMD9,COMMD8,Q9P000,Q9NX08,0.2240370512008667,1178,0.6789144,-0.020175999030470848,-0.16633015871047974,0.23232323232323232,True
COMMD3,COMMD8,Q9UBI1,Q9NX08,0.5598592758178711,1178,0.53080189,-0.18448041379451752,-0.16633015871047974,0.15384615384615385,True
COMMD10,COMMD8,Q9Y6G5,Q9NX08,0.3520689606666565,1178,0.66182469,-0.028883669525384903,-0.16633015871047974,0.19801980198019803,True
ZSCAN32,ZNF232,Q9NX65,Q9UNY5,-0.07460364699363708,1178,0.6975543,0.013772576116025448,0.019151106476783752,0.2797704447632712,False
TEX10,LAS1L,Q9NXF1,Q9Y4W2,0.34020933508872986,1178,0.28147549,-0.7891037464141846,-1.0494599342346191,0.16576964477933262,True
MCM8,MCM9,Q9UJA3,Q9NXL9,0.45007824897766113,1178,0.59668625,-0.02648407220840454,-0.1046513170003891,0.23184601924759404,False
ORMDL1,SCN3B,Q9P0S3,Q9NY72,-0.02922150120139122,1178,0.32793534,0.06610530614852905,0.0030425740405917168,0.16744186046511628,False
SCN3B,LPAR3,Q9NY72,Q9UBY5,0.09873245656490326,1178,0.39335277,0.0030425740405917168,-0.035856880247592926,0.141643059490085,False
ERG28,SCN3B,Q9UKR5,Q9NY72,0.06465045362710953,1178,0.47812084,-0.009785575792193413,0.0030425740405917168,0.17674418604651163,False
UBIAD1,SCN3B,Q9Y5Z9,Q9NY72,-0.03767477720975876,1178,0.51418495,-0.5015153288841248,0.0030425740405917168,0.1390532544378698,False
FAM53C,DYRK1B,Q9NYF3,Q9Y463,-0.05901997908949852,1178,0.47261691,-0.05461617931723595,-0.07375949621200562,0.16216216216216217,False
TAB2,EMILIN1,Q9NYJ8,Q9Y6C2,-0.05349695682525635,1178,0.33091515,0.07197444140911102,-0.03633176535367966,0.16043307086614172,False
SPG21,ZNF581,Q9NZD8,Q9P0T4,0.06819877028465271,1178,0.28246183,-0.17563346028327942,0.01838141307234764,0.1590909090909091,False
SPG21,PEF1,Q9NZD8,Q9UBV8,0.09382211416959763,1178,0.35322316,-0.17563346028327942,-0.3296058475971222,0.18831168831168832,False
SPG21,ZNF629,Q9NZD8,Q9UEG4,0.006628091912716627,1178,0.29527085,-0.17563346028327942,-0.09276662766933441,0.09666283084004602,False
COMMD9,COMMD10,Q9P000,Q9Y6G5,0.24686145782470703,1178,0.60132955,-0.020175999030470848,-0.028883669525384903,0.2524752475247525,True
SEPTIN9,SEPTIN10,Q9UHD8,Q9P0V9,0.0439918227493763,1059,0.62765467,-0.2110837996006012,-0.17638669908046722,0.24914675767918087,False
ABI3,MRFAP1,Q9P2A4,Q9Y605,-0.020029999315738678,1178,0.5127549,0.011913086287677288,-0.12481191754341125,0.09836065573770492,False
TFIP11,SSX2IP,Q9UBB9,Q9Y2D8,0.04914698004722595,1178,0.25772436,-1.091179370880127,0.013073551468551159,0.15770609318996415,False
TFIP11,PAXBP1,Q9UBB9,Q9Y5B6,0.19961121678352356,1178,0.7061121,-1.091179370880127,-0.9405838847160339,0.1766630316248637,False
COMMD3,COMMD10,Q9UBI1,Q9Y6G5,0.4219744801521301,1178,0.24294248,-0.18448041379451752,-0.028883669525384903,0.22277227722772278,True
PFDN2,UXT,Q9UHV9,Q9UBK9,0.33166223764419556,1178,0.65705114,-1.658110499382019,-0.998257040977478,0.20382165605095542,False
ZRANB1,ZNF629,Q9UGI0,Q9UEG4,0.030886413529515266,1178,0.27698778,-0.17313158512115479,-0.09276662766933441,0.17261219792865362,False
RSPH14,ZNF629,Q9UHP6,Q9UEG4,0.03220077604055405,1178,0.43775539,-0.12008596956729889,-0.09276662766933441,0.11277330264672036,False
ZRANB1,CCNL1,Q9UGI0,Q9UK58,-0.10109370201826096,1178,0.25213498,-0.17313158512115479,-0.567148745059967,0.1596045197740113,False
SAP30BP,CCNL1,Q9UHR5,Q9UK58,0.058609843254089355,1178,0.72205982,-1.5520224571228027,-0.567148745059967,0.13498098859315588,False
SCOC,FEZ2,Q9UIL1,Q9UHY8,-0.02574160136282444,1178,0.67873203,0.16159282624721527,0.06438824534416199,0.12181303116147309,False
MAD2L2,PLAGL2,Q9UI95,Q9UPG8,0.012194737792015076,1178,0.2807102,-0.8712741732597351,-0.16887323558330536,0.1310483870967742,False
UBIAD1,TMEFF2,Q9Y5Z9,Q9UIK5,0.005551747512072325,1178,0.32570949,-0.5015153288841248,-0.015239822678267956,0.15775401069518716,False
CNOT7,CNOT6,Q9UIV1,Q9ULM6,0.20737430453300476,1178,0.63010097,-0.28911975026130676,-0.051284048706293106,0.13644524236983843,True
TUBD1,TUBE1,Q9UJT1,Q9UJT0,0.647598147392273,1178,0.68520268,-0.39327457547187805,-0.42442670464515686,0.27578947368421053,False
LZTS1,CDC23,Q9Y250,Q9UJX2,0.07291000336408615,1178,0.27706455,0.20394505560398102,-2.192012071609497,0.20435510887772193,False
RALY,EXOC7,Q9UKM9,Q9UPT5,-0.04407712072134018,1178,0.34069326,-0.06415197998285294,-0.22790351510047913,0.12108843537414966,False
FKBP7,NFU1,Q9Y680,Q9UMS0,0.04722902551293373,1178,0.38879538,-0.020741967484354973,-0.33765295147895813,0.16141732283464566,False
ZKSCAN5,ZNF232,Q9Y2L8,Q9UNY5,0.1012684628367424,1178,0.68503843,-0.23609879612922668,0.019151106476783752,0.24910607866507747,False
COG5,COG6,Q9UP83,Q9Y2V7,0.3779711425304413,1178,0.47924654,-0.0777428075671196,-0.397051602602005,0.1697674418604651,True
AP4S1,AP4E1,Q9Y587,Q9UPM8,0.20543138682842255,1178,0.71068447,-0.00469979178160429,-0.008142811246216297,0.051890941072999124,True
RTCB,RTRAF,Q9Y3I0,Q9Y224,0.4864060878753662,1178,0.48053888,-0.6009313464164734,-0.3765031695365906,0.13663366336633664,True
TRAPPC4,TRAPPC1,Q9Y296,Q9Y5R8,0.4592110216617584,1178,0.70579566,-0.883840024471283,-1.1727570295333862,0.1780821917808219,True
WASF2,NCKAP1,Q9Y6W5,Q9Y2A7,0.3230813443660736,1178,0.25012777,-0.2234559804201126,-0.4775703549385071,0.12145390070921985,True
MRPS28,MRPS2,Q9Y2Q9,Q9Y399,0.5344666242599487,1178,0.63130536,-0.48916998505592346,-0.3782063126564026,0.1891891891891892,False
UBE2J1,TMX2,Q9Y385,Q9Y320,0.05930998548865318,1178,0.32093655,-0.04373384639620781,-0.24872562289237976,0.1949685534591195,False
LSM4,LSM2,Q9Y4Z0,Q9Y333,0.16479875147342682,1178,0.45443843,-1.7946196794509888,-2.2870986461639404,0.2446043165467626,True
MRPS2,MRPS23,Q9Y399,Q9Y3D9,0.6096848249435425,1178,0.68788489,-0.3782063126564026,-0.5978431701660156,0.1891891891891892,False
WASHC2C,WASHC3,Q9Y4E1,Q9Y3C0,0.09888378530740738,1162,0.6586739,-0.4924388825893402,-0.213297039270401,0.055182699478001494,True
LSM5,LSM4,Q9Y4Y9,Q9Y4Z0,0.2261771559715271,1178,0.4962007,-1.5161651372909546,-1.7946196794509888,0.12949640287769784,True
TIMM13,TIMM8B,Q9Y5L4,Q9Y5J9,0.28654563426971436,349,0.66019219,-0.8511427044868469,0.004069523420184851,0.24210526315789474,False
GTF3C5,GTF3C3,Q9Y5Q8,Q9Y5Q9,0.34020325541496277,1178,0.71395452,-0.6350551247596741,-0.6882250905036926,0.1523702031602709,True
