g1,g2,id1,id2,r,n_lines,pDockQ,ge1,ge2,identity,corum
VPS37C,TSG101,A5D8V6,Q99816,0.01633073203265667,1178,0.73051152,-0.17589940130710602,-1.1593528985977173,0.16923076923076924,False
KDM8,RCCD1,Q8N371,A6NED2,0.04397807642817497,1178,0.57877419,-0.5106306076049805,0.050671253353357315,0.18509615384615385,False
MSGN1,TCF4,A6NI15,P15884,-0.060422319918870926,1178,0.65443082,0.04199943691492081,0.08569417893886566,0.0944527736131934,False
TCF12,MSGN1,Q99081,A6NI15,0.01417425274848938,1178,0.67592274,-0.028791137039661407,0.04199943691492081,0.09237536656891496,False
CDK5,SPDYE4,Q00535,A6NLX3,0.07904478907585144,1178,0.58373868,-0.0554763600230217,-0.017529113218188286,0.1780821917808219,False
EIF4E1B,EIF4EBP1,A6NMX2,Q13541,-0.0404856838285923,1178,0.60251541,-0.023966917768120766,-0.10838423669338226,0.11983471074380166,False
ACOT7,ACOT12,O00154,Q8WYK0,-0.04990924894809723,1178,0.56416799,0.0589609257876873,-0.07728911191225052,0.16216216216216217,False
SNAP23,VAMP5,O00161,O95183,-0.05506470426917076,1178,0.6711997,-0.7188029289245605,0.0728621557354927,0.16587677725118483,False
EYA2,SIX1,O00167,Q15475,0.16829492151737213,1178,0.28871057,0.04647773504257202,-0.19600334763526917,0.13011152416356878,False
PSMD12,PSMD11,O00232,O00231,0.39611101150512695,1178,0.24774961,-1.8668063879013062,-1.9088526964187622,0.19736842105263158,True
PSMD11,PSMD14,O00231,O00487,0.1815442442893982,1178,0.25270741,-1.9088526964187622,-1.6427043676376343,0.16113744075829384,True
PSMD11,PSMD6,O00231,Q15008,0.3236338198184967,1178,0.4250399,-1.9088526964187622,-2.012815475463867,0.18009478672985782,True
PSMD12,PSMD7,O00232,P51665,0.17178873717784882,1178,0.32912375,-1.8668063879013062,-1.5957725048065186,0.1513157894736842,True
PSMD12,PSMD13,O00232,Q9UNM6,0.26338621973991394,1178,0.28142784,-1.8668063879013062,-1.0059118270874023,0.18421052631578946,True
SUPT4H1,SUPT5H,P63272,O00267,0.31162720918655396,1178,0.67545787,-0.5150692462921143,-1.4344755411148071,0.045998160073597055,False
TAF4,TAF5,O00268,Q15542,0.318145215511322,1178,0.32097067,-0.2973664700984955,-0.7188271284103394,0.17695852534562212,True
TAF8,TAF4,Q7Z7C8,O00268,0.2336721420288086,1178,0.31623921,-0.9052237868309021,-0.2973664700984955,0.09308755760368663,False
DFFA,DFFB,O00273,O76075,0.08353181183338165,1178,0.45494245,0.047223981469869614,-0.034461140632629395,0.21005917159763313,False
EIF3F,EIF3H,O00303,O15372,0.2501654326915741,1178,0.66329714,-1.4594453573226929,-0.9363054037094116,0.21008403361344538,True
EIF3A,EIF3F,Q14152,O00303,0.13258086144924164,1178,0.50228288,-1.7004626989364624,-1.4594453573226929,0.07380607814761216,True
PDHX,DLD,O00330,P09622,0.0500868484377861,1178,0.30116824,0.005871905479580164,-0.2355181872844696,0.1905697445972495,False
TRAF5,TRAF6,O00463,Q9Y4K3,0.11096671968698502,1178,0.701533,0.005806584842503071,-0.10561288893222809,0.27289048473967686,False
ELL2,AFF4,O00472,Q9UHB7,0.10609588772058487,1178,0.52803885,-0.1484803706407547,-0.09512560814619064,0.14875322441960448,True
PSMD7,PSMD14,P51665,O00487,0.2946798503398895,1178,0.70822824,-1.5957725048065186,-1.6427043676376343,0.20987654320987653,True
PSMD1,PSMD14,Q99460,O00487,0.2531416416168213,1178,0.48640266,-1.290125846862793,-1.6427043676376343,0.08919202518363065,True
STK25,PDCD10,O00506,Q9BUL8,0.16776101291179657,1178,0.68512638,0.0160575732588768,0.24956507980823517,0.13380281690140844,False
NUP50,KPNA4,Q9UKX7,O00629,0.12340817600488663,1178,0.6791937,-0.5918383002281189,-0.2636949419975281,0.16698656429942418,False
COPA,COPE,P53621,O14579,0.31323617696762085,1178,0.6959775,-2.046663284301758,-1.1193602085113525,0.0923202614379085,False
CLNS1A,PRMT5,P54105,O14744,0.10004101693630219,1178,0.23233976,-1.4095414876937866,-1.0034657716751099,0.10675039246467818,True
PRMT5,WDR77,O14744,Q9BQA1,0.5462738275527954,1178,0.67038055,-1.0034657716751099,-1.35762357711792,0.14442700156985872,True
MEIS2,PBX1,O14770,P40424,0.23868702352046967,1178,0.70603313,0.02053215727210045,0.0957619696855545,0.24528301886792453,False
PBX4,MEIS2,Q9BYU1,O14770,0.02715270407497883,1178,0.69849034,-0.06620407849550247,0.02053215727210045,0.21593291404612158,False
NDC80,SPC24,O14777,Q8NBT2,0.1220661923289299,1178,0.45870326,-1.5184890031814575,-2.094475269317627,0.09813084112149532,True
NUF2,NDC80,Q9BZD4,O14777,0.17586824297904968,1178,0.73633587,-1.720078468322754,-1.5184890031814575,0.16822429906542055,True
POLR3C,POLR3A,Q9BUI4,O14802,0.1373821496963501,1178,0.35723181,-1.1816551685333252,-2.3141424655914307,0.11870503597122302,False
POLR3K,POLR3A,Q9Y2Y1,O14802,0.22519978880882263,1178,0.43519296,-1.4460715055465698,-2.3141424655914307,0.03381294964028777,False
POLR3A,POLR3H,O14802,Q9Y535,0.12754537165164948,1178,0.30025388,-2.3141424655914307,-1.5888358354568481,0.058992805755395686,False
PSMA7,PSMB8,O14818,P28062,0.07901120185852051,1178,0.35752297,-2.363311529159546,0.027474883943796158,0.18478260869565216,False
PSMA7,PSMB5,O14818,P28074,-0.008933307603001595,1178,0.44865339,-2.363311529159546,-1.7032208442687988,0.18631178707224336,True
PSMA7,PSMB2,O14818,P49721,0.13695622980594635,1178,0.37605607,-2.363311529159546,-1.965756893157959,0.1693548387096774,True
PSMA7,PSMB7,O14818,Q99436,0.11327731609344482,1178,0.26599007,-2.363311529159546,-1.3106693029403687,0.20577617328519857,True
UQCRQ,UQCRC1,O14949,P31930,0.4647708237171173,1178,0.26402086,-0.42366456985473633,-0.4962824583053589,0.06458333333333334,False
STAM2,HGS,O75886,O14964,0.022438891232013702,1178,0.70941695,-0.019036581739783287,-0.7085214853286743,0.1956241956241956,False
STAM,HGS,Q92783,O14964,0.11969783157110214,1178,0.70381567,0.007844273000955582,-0.7085214853286743,0.20463320463320464,False
OAZ2,AZIN1,O95190,O14977,-0.046796832233667374,1178,0.61714202,0.026957975700497627,-0.13331502676010132,0.13392857142857142,False
OAZ1,AZIN1,P54368,O14977,0.18997959792613983,1178,0.61006061,-0.10832352936267853,-0.13331502676010132,0.12053571428571429,False
ZNF263,ZNF446,O14978,Q9NWS9,-0.031439341604709625,1178,0.7030496,0.0005230227834545076,-0.01591249741613865,0.2796486090775988,False
RAN,XPO1,P62826,O14980,0.08538887649774551,1178,0.43886391,-3.9330873489379883,-1.981449842453003,0.0784313725490196,True
ZBTB7B,ZBTB5,O15156,O15062,0.01257359143346548,1178,0.69930327,-0.059072110801935196,-0.08119377493858337,0.2038404726735598,False
LSM1,LSM2,O15116,Q9Y333,-0.0724702998995781,1178,0.55089084,-0.029716776683926582,-2.2870986461639404,0.18045112781954886,True
NUP50,KPNA5,Q9UKX7,O15131,0.010206291452050209,1178,0.63038222,-0.5918383002281189,0.05747862905263901,0.17439703153988867,False
ARPC5,ARPC1B,O15511,O15143,0.008884355425834656,1178,0.49265154,-0.09582588076591492,-0.0261488426476717,0.12365591397849462,True
ARPC1B,ARPC4,O15143,P59998,0.03295019268989563,1178,0.65483969,-0.0261488426476717,-0.6700349450111389,0.0913978494623656,True
ARPC4,ARPC2,P59998,O15144,0.5033556222915649,1178,0.70991962,-0.6700349450111389,-0.5275075435638428,0.14666666666666667,True
ACTR3,ARPC2,P61158,O15144,0.5540497303009033,1178,0.69932257,-0.5630986094474792,-0.5275075435638428,0.145933014354067,True
ARPC3,ACTR3,O15145,P61158,0.5021407008171082,1178,0.60189771,-0.8744624853134155,-0.5630986094474792,0.14354066985645933,True
ARPC3,ACTR3B,O15145,Q9P1U1,-0.030274124816060066,1178,0.55709066,-0.8744624853134155,0.016651678830385208,0.145933014354067,False
POLR1C,POLR2L,O15160,P62875,0.059273529797792435,1178,0.653763,-1.7076953649520874,-2.3568618297576904,0.057803468208092484,False
VBP1,PFDN6,P61758,O15212,0.16027633845806122,1178,0.43375543,-0.5921470522880554,-1.6983038187026978,0.15228426395939088,True
PFDN5,PFDN6,Q99471,O15212,0.18629521131515503,1178,0.57959122,-0.7839041948318481,-1.6983038187026978,0.23376623376623376,True
PFDN6,PFDN4,O15212,Q9NQP4,0.175005704164505,1178,0.42175182,-1.6983038187026978,-0.2962217330932617,0.1865671641791045,True
NDUFA1,NDUFA8,O15239,P51970,0.7429731488227844,1178,0.52471486,-0.22426897287368774,-0.4390503466129303,0.10465116279069768,True
POLR3G,POLR3C,O15318,Q9BUI4,0.07568975538015366,1178,0.71416856,0.011451185680925846,-1.1816551685333252,0.11235955056179775,False
EIF3A,EIF3H,Q14152,O15372,0.10545697808265686,1178,0.37891136,-1.7004626989364624,-0.9363054037094116,0.07018813314037627,True
BIRC5,CDCA8,O15392,Q53HL2,0.19216564297676086,1178,0.66174815,-1.8142255544662476,-1.428906798362732,0.12142857142857143,True
ARPC5,ARPC4,O15511,P59998,0.17865176498889923,1178,0.63041032,-0.09582588076591492,-0.6700349450111389,0.1488095238095238,True
ARPC5,ACTR2,O15511,P61160,0.11655905842781067,1178,0.25422722,-0.09582588076591492,-1.2629363536834717,0.116751269035533,True
POLR2D,POLR2G,O15514,P62487,0.2585708796977997,1178,0.71631618,-1.942651629447937,-1.6229546070098877,0.16279069767441862,True
ZBTB24,ZNF792,O43167,Q3KQV3,-0.017326945438981056,1178,0.32828413,-0.08747359365224838,-0.07612121850252151,0.27259684361549497,False
ZBTB24,ZBTB8A,O43167,Q96BR9,0.12333185225725174,1178,0.67037031,-0.08747359365224838,-0.03165227174758911,0.1678622668579627,False
ZBTB24,ZBTB9,O43167,Q96C00,-0.06326079368591309,1178,0.55938205,-0.08747359365224838,-0.23727227747440338,0.16212338593974174,False
BACH2,ZBTB24,Q9BYV9,O43167,-0.03228546306490898,1178,0.6363787,0.0210069939494133,-0.08747359365224838,0.20214030915576695,False
PRPF4,PRPF3,O43172,O43395,0.13968557119369507,1178,0.65228347,-1.5273551940917969,-0.8587390184402466,0.16691068814055637,False
NDUFS3,NDUFS4,O75489,O43181,0.13274957239627838,1178,0.55709357,-0.2746622562408447,-0.048576340079307556,0.17803030303030304,True
PSMD3,PSMD8,O43242,P48556,0.3439329266548157,1178,0.56034788,-1.710777759552002,-0.9015939235687256,0.16853932584269662,True
PSMD3,PSMD7,O43242,P51665,0.2749806344509125,1178,0.2781428,-1.710777759552002,-1.5957725048065186,0.14794007490636704,True
PSMD6,PSMD3,Q15008,O43242,0.3076869249343872,1178,0.32831081,-2.012815475463867,-1.710777759552002,0.16104868913857678,True
SH2D3C,EFS,Q8N5H7,O43281,0.0943451002240181,1178,0.62368967,0.006982374470680952,-0.0629754289984703,0.16744186046511628,False
PRPF6,SART1,O94906,O43290,0.221937358379364,1178,0.42176117,-1.348250389099121,-1.1055363416671753,0.19553666312433582,False
EPRS1,EEF1E1,P07814,O43324,7.007428212091327e-05,1178,0.43171301,-1.6646498441696167,-0.10645966231822968,0.047619047619047616,True
MARS1,EEF1E1,P56192,O43324,0.10403100401163101,1178,0.68625439,-1.6941947937011719,-0.10645966231822968,0.08222222222222222,True
AIMP2,EEF1E1,Q13155,O43324,-0.06758562475442886,1178,0.60093118,-0.16126829385757446,-0.10645966231822968,0.134375,True
EMC8,EMC2,O43402,Q15006,0.2438105046749115,1178,0.69603801,-0.18553876876831055,-0.2555393874645233,0.15151515151515152,False
EMC8,MMGT1,O43402,Q8N4V1,0.21518732607364655,1178,0.50988948,-0.18553876876831055,-0.2750959098339081,0.16666666666666666,False
EIF4E,EIF4G3,P06730,O43432,0.05447973683476448,1178,0.58106586,-1.520824909210205,-0.06884393841028214,0.05299684542586751,False
EIF4A1,EIF4G3,P60842,O43432,-0.027991650626063347,1178,0.65306428,-1.2459946870803833,-0.06884393841028214,0.07634069400630915,False
MED21,MED7,Q13503,O43513,0.18192419409751892,1178,0.70762093,-1.0077470541000366,-0.932953953742981,0.13304721030042918,True
MED7,MED31,O43513,Q9Y3C7,0.1730186641216278,1178,0.68267061,-0.932953953742981,-1.4653668403625488,0.13304721030042918,True
BCL2L11,BCL2L1,O43521,Q07817,-0.009881481528282166,1178,0.52892674,0.017772383987903595,-1.0604352951049805,0.18454935622317598,False
BCL2L11,MCL1,O43521,Q07820,-0.1349811553955078,1178,0.56190406,0.017772383987903595,-0.7977405190467834,0.15714285714285714,False
BCL2A1,BCL2L11,Q16548,O43521,-0.04671638831496239,1178,0.54591692,-0.024191349744796753,0.017772383987903595,0.15151515151515152,False
BCL2L10,BCL2L11,Q9HD36,O43521,-0.010059411637485027,1178,0.58102711,-0.005458435975015163,0.017772383987903595,0.17647058823529413,False
GNAI3,RGS14,P08754,O43566,-0.04318331182003021,1178,0.41061175,-0.029637865722179413,0.04098834469914436,0.14840989399293286,False
GNAI1,RGS14,P63096,O43566,-0.10901156067848206,1178,0.53674372,0.04605548456311226,0.04098834469914436,0.14840989399293286,False
MCTS1,DENR,Q9ULC4,O43583,0.26976510882377625,1178,0.533318,0.0381188839673996,-0.7803487777709961,0.14646464646464646,False
TRAPPC6A,TRAPPC3,O75865,O43617,-0.01823648251593113,1178,0.65715392,-0.15701371431350708,-1.5798348188400269,0.2111111111111111,True
TRAPPC3,TRAPPC5,O43617,Q8IUR0,0.31798869371414185,1178,0.67986768,-1.5798348188400269,-0.7208098769187927,0.19680851063829788,True
TRAPPC3,TRAPPC1,O43617,Q9Y5R8,0.38567596673965454,1178,0.55793438,-1.5798348188400269,-1.1727570295333862,0.17222222222222222,True
SNW1,PLRG1,Q13573,O43660,0.219655841588974,1178,0.52026454,-1.5197408199310303,-1.1751877069473267,0.1865671641791045,False
PLRG1,EFTUD2,O43660,Q15029,0.06793782860040665,1178,0.42338919,-1.1751877069473267,-1.8759737014770508,0.14300411522633744,False
PLRG1,PRPF19,O43660,Q9UMS4,0.1145765408873558,1178,0.35458529,-1.1751877069473267,-2.3751823902130127,0.23929961089494164,True
NDUFA2,NDUFS1,O43678,P28331,0.7718591690063477,1178,0.68453079,-0.44090479612350464,-0.44728079438209534,0.055020632737276476,True
TCF21,TCF12,O43680,Q99081,-0.054230183362960815,1178,0.64526891,0.055630818009376526,-0.028791137039661407,0.093841642228739,False
CAMLG,GET3,P49069,O43681,0.43613293766975403,1178,0.46709331,-0.48849382996559143,-0.6436672806739807,0.1925287356321839,False
BUD23,TRMT112,O43709,Q9UI30,0.09328379482030869,1178,0.69828117,-1.427729845046997,-1.7810215950012207,0.099644128113879,False
PRELID3A,TRIAP1,Q96N28,O43715,-0.005647327750921249,1178,0.60090188,0.044987164437770844,-1.203423261642456,0.10465116279069768,False
PRELID1,TRIAP1,Q9Y255,O43715,0.11515101045370102,1178,0.69695132,-2.500460624694824,-1.203423261642456,0.1141552511415525,False
PRELID3B,TRIAP1,Q9Y3B1,O43715,0.1509539633989334,1178,0.62401861,-1.668587565422058,-1.203423261642456,0.09278350515463918,False
PRKAB2,PRKAG1,O43741,P54619,0.04259711131453514,1178,0.62184454,-0.07973732799291611,-0.30111047625541687,0.17220543806646527,False
PRKAB2,PRKAA2,O43741,P54646,-0.06893128901720047,1178,0.32775187,-0.07973732799291611,-0.15038689970970154,0.13949275362318841,False
PRKAG3,PRKAB2,Q9UGI9,O43741,-0.02884630858898163,1178,0.62383097,0.02230064943432808,-0.07973732799291611,0.13701431492842536,False
PRKAB2,PRKAG2,O43741,Q9UGJ0,-0.11839810013771057,1178,0.52188175,-0.07973732799291611,0.038439325988292694,0.14235500878734622,False
AP1G1,AP1S2,O43747,P56377,0.049305789172649384,1178,0.73019829,-0.14523202180862427,-0.16255787014961243,0.07542579075425791,True
STX4,STX6,Q12846,O43752,-0.028957294300198555,1178,0.30270894,-0.4164348542690277,-0.01886628195643425,0.17845117845117844,False
KRT34,KRT86,O76011,O43790,-0.05060233548283577,1043,0.73645054,0.08752618730068207,-0.23819215595722198,0.25925925925925924,False
KRT86,KRT38,O43790,O76015,-0.1251276731491089,1043,0.73583601,-0.23819215595722198,0.1339593082666397,0.2716049382716049,False
KRT86,KRT14,O43790,P02533,-0.05054439976811409,1043,0.73624828,-0.23819215595722198,-0.10920017212629318,0.2757201646090535,False
KRT86,KRT19,O43790,P08727,0.09328319877386093,1043,0.7353207,-0.23819215595722198,-0.05701036751270294,0.24691358024691357,False
KRT86,KRT15,O43790,P19012,-0.002981600584462285,1043,0.73631818,-0.23819215595722198,-0.10851994901895523,0.27983539094650206,False
KRT33B,KRT86,Q14525,O43790,0.05816582590341568,1043,0.73670914,-0.04680206999182701,-0.23819215595722198,0.25102880658436216,False
KRT32,KRT86,Q14532,O43790,-0.023851996287703514,1043,0.73396128,-0.07173611223697662,-0.23819215595722198,0.25925925925925924,False
KRT31,KRT86,Q15323,O43790,0.09704836457967758,1043,0.73651766,-0.2508959472179413,-0.23819215595722198,0.257201646090535,False
KRT86,KRT39,O43790,Q6A163,0.006379810161888599,1043,0.73407151,-0.23819215595722198,-0.010349982418119907,0.26476578411405294,False
KRT86,KRT27,O43790,Q7Z3Y8,-0.024350972846150398,1043,0.73608227,-0.23819215595722198,-0.003711748169735074,0.22633744855967078,False
KRT86,KRT35,O43790,Q92764,-0.08040785044431686,1043,0.73613291,-0.23819215595722198,-0.04544695466756821,0.2880658436213992,False
CPSF7,NUDT21,Q8N684,O43809,0.1899685561656952,1178,0.37484587,-0.18504957854747772,-1.7168476581573486,0.11677282377919321,True
MOB4,STRN,Q9Y3A3,O43815,0.10071472078561783,1178,0.71661627,-0.6202681660652161,-0.02412639930844307,0.09743589743589744,False
RAD21,SMC1A,O60216,Q14683,0.12234410643577576,1178,0.28902667,-1.4837149381637573,-1.3593143224716187,0.13949716139497162,True
RAD21,STAG2,O60216,Q8N3U4,0.2563249468803406,1178,0.71346391,-1.4837149381637573,-0.3023226857185364,0.13078797725426483,True
STAG1,RAD21,Q8WVM7,O60216,-0.03752756118774414,1178,0.70960146,-0.14927619695663452,-1.4837149381637573,0.13354531001589826,True
KDM1A,RCOR3,O60341,Q9P2K3,-0.011400789022445679,1178,0.72135971,-0.09592282772064209,0.049823686480522156,0.15258215962441316,True
KDM1A,RCOR1,O60341,Q9UKL0,0.32059672474861145,1178,0.69365105,-0.09592282772064209,-0.2979390323162079,0.1619718309859155,True
CDK9,CCNT1,P50750,O60563,0.06778652220964432,1178,0.56684129,-1.448000192642212,-0.27072781324386597,0.13636363636363635,True
GIGYF1,EIF4E2,O75420,O60573,0.09937575459480286,1178,0.65285654,-0.0968228355050087,-0.26644468307495117,0.07246376811594203,False
EIF4E2,EIF4EBP1,O60573,Q13541,-0.005943750496953726,1178,0.57843033,-0.26644468307495117,-0.10838423669338226,0.12653061224489795,False
GIGYF2,EIF4E2,Q6Y7W6,O60573,0.5959758162498474,1178,0.67941354,-0.23973093926906586,-0.26644468307495117,0.06235565819861432,False
HUS1,RAD1,O60921,O60671,0.5320406556129456,1178,0.56311564,-0.4410340189933777,-0.6468198299407959,0.1773049645390071,True
RAD1,RAD9A,O60671,Q99638,0.4787600040435791,1178,0.5228814,-0.6468198299407959,-0.8445024490356445,0.1636828644501279,True
MSC,TCF4,O60682,P15884,-0.1111207976937294,1178,0.63299984,-0.02764730341732502,0.08569417893886566,0.10644677661169415,False
TCF12,MSC,Q99081,O60682,0.06322905421257019,1178,0.65854613,-0.028791137039661407,-0.02764730341732502,0.10410557184750734,False
KPNA6,NUP50,O60684,Q9UKX7,-0.06157291308045387,1178,0.65934051,-0.18857549130916595,-0.5918383002281189,0.1958955223880597,False
HUS1,RAD9A,O60921,Q99638,0.6770927906036377,1178,0.46706427,-0.4410340189933777,-0.8445024490356445,0.16624040920716113,True
PFDN1,VBP1,O60925,P61758,0.7297082543373108,1178,0.44137803,-0.6194943785667419,-0.5921470522880554,0.15736040609137056,True
PFDN1,PFDN5,O60925,Q99471,0.6356970071792603,1178,0.4855424,-0.6194943785667419,-0.7839041948318481,0.19480519480519481,True
PFDN1,PFDN2,O60925,Q9UHV9,0.16882435977458954,1178,0.36434605,-0.6194943785667419,-1.658110499382019,0.22077922077922077,True
NPRL2,DEPDC5,Q8WTW4,O75140,0.7922537922859192,1178,0.59480242,0.05757428705692291,0.021971257403492928,0.07735495945102933,True
CNOT2,CNOT3,Q9NZN8,O75175,0.5273361206054688,1178,0.6427399,-0.4916611909866333,-1.5163310766220093,0.17397078353253653,True
NDUFS3,NDUFS7,O75489,O75251,0.47107943892478943,1178,0.47679293,-0.2746622562408447,-0.25926029682159424,0.2159090909090909,True
NDUFS2,NDUFS3,O75306,O75489,0.5607678294181824,1178,0.70618277,-0.4607885479927063,-0.2746622562408447,0.1511879049676026,True
ATP6V1E1,ATP6V1G1,P36543,O75348,0.2622697651386261,1178,0.72451439,-1.4192545413970947,-0.9436593651771545,0.13716814159292035,False
VPS4B,CHMP1A,O75351,Q9HD42,0.21295540034770966,1178,0.34418903,-0.17819547653198242,-0.1434796154499054,0.11936936936936937,False
SNAP29,VAMP4,O95721,O75379,0.11396340280771255,1178,0.64784277,-0.25683242082595825,-0.08393599838018417,0.13565891472868216,False
STX4,VAMP4,Q12846,O75379,0.016287783160805702,1178,0.35563546,-0.4164348542690277,-0.08393599838018417,0.10774410774410774,False
VPS35,VPS26A,Q96QK1,O75436,0.37815552949905396,1178,0.61477098,-0.5928045511245728,-0.27020153403282166,0.12185929648241206,True
MED16,MED24,Q9Y2X0,O75448,0.6704837679862976,1178,0.58626144,-0.15647120773792267,-0.3917810618877411,0.1789686552072801,True
KATNB1,KATNA1,Q9BVA0,O75449,0.31896618008613586,1178,0.5972907,-0.37426188588142395,0.013611437752842903,0.1480916030534351,True
E2F6,TFDP1,O75461,Q14186,-0.029388751834630966,349,0.72617641,0.1443701535463333,-0.4529033899307251,0.17073170731707318,True
NDUFA7,NDUFS3,O95182,O75489,0.09155257791280746,1178,0.40309768,-0.18645258247852325,-0.2746622562408447,0.125,True
NDUFA6,NDUFS3,P56556,O75489,0.5429930090904236,1178,0.38469678,-0.47856754064559937,-0.2746622562408447,0.13257575757575757,True
NDUFA5,NDUFS3,Q16718,O75489,0.33938315510749817,1178,0.61589901,-0.29167646169662476,-0.2746622562408447,0.12878787878787878,True
GMNN,CDT1,O75496,Q9H211,0.05798017233610153,1178,0.52457376,-0.5260935425758362,-1.7713710069656372,0.09157509157509157,False
SUZ12,EED,Q15022,O75530,0.6716634035110474,1178,0.24579116,-0.48349258303642273,-0.18881958723068237,0.13802435723951287,True
EZH2,EED,Q15910,O75530,0.7165573239326477,1178,0.71016673,-0.08549511432647705,-0.18881958723068237,0.14075067024128687,True
SF3B1,PHF5A,O75533,Q7RTV0,0.03231940418481827,1178,0.29944567,-1.4963200092315674,-2.438162326812744,0.039110429447852764,True
SF3B1,SF3B5,O75533,Q9BWJ5,0.1921018660068512,1178,0.43150538,-1.4963200092315674,-2.75872802734375,0.02607361963190184,True
SF3B1,SF3B6,O75533,Q9Y3B4,0.180028036236763,1178,0.46077444,-1.4963200092315674,-1.9796878099441528,0.04294478527607362,True
MAPK14,RPS6KA4,Q16539,O75676,0.05159705877304077,1178,0.47455288,-0.19917462766170502,-0.20170634984970093,0.12823834196891193,False
ATP6AP2,ATP6AP1,O75787,Q15904,0.6249009966850281,1178,0.62818802,-0.7155211567878723,-0.9710235595703125,0.17446808510638298,False
GRAP2,GAB2,O75791,Q9UQC2,0.024245895445346832,1178,0.48647511,0.0029503251425921917,-0.20100143551826477,0.14053254437869822,False
RNASEH2A,RNASEH2B,O75792,Q5TBB1,0.6292775273323059,1178,0.41480968,-0.23258182406425476,-0.053152553737163544,0.17307692307692307,False
RNASEH2A,RNASEH2C,O75792,Q8TDP1,0.7816157341003418,1178,0.60900079,-0.23258182406425476,-0.14197267591953278,0.16387959866220736,False
POP7,RPP25,O75817,Q9BUL9,0.06051407381892204,1178,0.6441511,-0.7794331312179565,0.11878202855587006,0.1708542713567839,True
POP4,RPP40,O95707,O75818,0.3355163633823395,1178,0.33527891,-0.9577875137329102,-0.8759960532188416,0.15151515151515152,True
EIF3G,EIF3I,O75821,Q13347,0.11427203565835953,1178,0.65060702,-1.2479687929153442,-1.693983554840088,0.18769230769230769,True
PIAS2,SUMO1,O75928,P63165,-0.006752398796379566,1178,0.58992341,0.031159373000264168,-0.17551855742931366,0.05475040257648953,False
BCAS2,CDC5L,O75934,Q99459,0.10927385836839676,1178,0.72569294,-1.326369285583496,-1.6672489643096924,0.09226932668329177,True
BCAS2,PRPF19,O75934,Q9UMS4,0.16530093550682068,1178,0.59260829,-1.326369285583496,-2.3751823902130127,0.1111111111111111,True
DCTN3,DCTN1,O75935,Q14203,0.15916292369365692,1178,0.35492699,-0.7328990697860718,-0.35562071204185486,0.06103286384976526,False
ATP5PD,ATP5PB,O75947,P24539,0.5199505090713501,1178,0.6458105,-0.4879489243030548,-0.6543193459510803,0.1640625,True
KRT34,KRT75,O76011,O95678,-0.05327887460589409,1178,0.73549824,0.08752618730068207,-0.07634131610393524,0.2177858439201452,False
KRT34,KRT6A,O76011,P02538,0.01266262587159872,1162,0.73628549,0.08752618730068207,-0.20600953698158264,0.20567375886524822,False
KRT34,KRT1,O76011,P04264,-0.0035691221710294485,1178,0.73516055,0.08752618730068207,-0.0467119961977005,0.16925465838509315,False
KRT34,KRT8,O76011,P05787,0.14558668434619904,349,0.73554184,0.08752618730068207,-0.6279649138450623,0.22567287784679088,False
KRT34,KRT6C,O76011,P48668,-0.008193908259272575,1043,0.73622863,0.08752618730068207,0.012313111685216427,0.20567375886524822,False
KRT34,KRT83,O76011,P78385,0.011968275532126427,1178,0.73641263,0.08752618730068207,-0.11967850476503372,0.2515212981744422,False
KRT34,KRT85,O76011,P78386,-0.0015244217356666923,1178,0.73640095,0.08752618730068207,-0.1452023983001709,0.2485207100591716,False
KRT34,KRT81,O76011,Q14533,0.07503727823495865,1043,0.73616293,0.08752618730068207,-0.10220935940742493,0.25346534653465347,False
KRT34,KRT71,O76011,Q3SY84,0.10970146209001541,1178,0.73639206,0.08752618730068207,0.0023965961299836636,0.20650095602294455,False
KRT34,KRT79,O76011,Q5XKE5,0.025029847398400307,1178,0.73661427,0.08752618730068207,-0.1216261014342308,0.2205607476635514,False
KRT34,KRT80,O76011,Q6KB66,0.012492209672927856,1178,0.73583949,0.08752618730068207,-0.0243084579706192,0.23672566371681417,False
KRT34,KRT78,O76011,Q8N1N4,-0.06055226922035217,1178,0.73595566,0.08752618730068207,-0.03676079958677292,0.225,False
KRT75,KRT38,O95678,O76015,-0.0016850457759574056,1178,0.73548543,-0.07634131610393524,0.1339593082666397,0.25226860254083483,False
KRT38,KRT6A,O76015,P02538,-0.08573239296674728,1162,0.73622034,0.1339593082666397,-0.20600953698158264,0.225177304964539,False
KRT38,KRT6B,O76015,P04259,-0.04674716293811798,1178,0.73632686,0.1339593082666397,0.06197144836187363,0.22340425531914893,False
KRT1,KRT38,P04264,O76015,0.15086741745471954,1178,0.73475863,-0.0467119961977005,0.1339593082666397,0.18633540372670807,False
KRT8,KRT38,P05787,O76015,-0.021903712302446365,349,0.73565832,-0.6279649138450623,0.1339593082666397,0.2484472049689441,False
KRT38,KRT5,O76015,P13647,0.02769416943192482,1178,0.73521047,0.1339593082666397,-0.07297705113887787,0.22372881355932203,False
KRT4,KRT38,P19013,O76015,-0.06800466030836105,1178,0.73576617,-0.10901184380054474,0.1339593082666397,0.2423076923076923,False
KRT38,KRT2,O76015,P35908,0.09548965841531754,1178,0.73616326,0.1339593082666397,0.04125037416815758,0.18779342723004694,False
KRT6C,KRT38,P48668,O76015,0.19609953463077545,1043,0.736145,0.012313111685216427,0.1339593082666397,0.22340425531914893,False
KRT83,KRT38,P78385,O76015,-0.028935391455888748,1178,0.73535854,-0.11967850476503372,0.1339593082666397,0.26774847870182555,False
KRT85,KRT38,P78386,O76015,-0.02180836722254753,1178,0.73586251,-0.1452023983001709,0.1339593082666397,0.26429980276134124,False
KRT38,KRT76,O76015,Q01546,-0.05672971531748772,1178,0.73588113,0.1339593082666397,-0.07462546974420547,0.20219435736677116,False
KRT38,KRT81,O76015,Q14533,0.21364231407642365,1043,0.73658062,0.1339593082666397,-0.10220935940742493,0.2633663366336634,False
KRT72,KRT38,Q14CN4,O76015,-0.008032076060771942,1178,0.73522048,-0.11691359430551529,0.1339593082666397,0.23679060665362034,False
KRT71,KRT38,Q3SY84,O76015,-0.14431077241897583,1178,0.73627538,0.0023965961299836636,0.1339593082666397,0.22179732313575526,False
KRT38,KRT79,O76015,Q5XKE5,-0.1704874038696289,1178,0.73636735,0.1339593082666397,-0.1216261014342308,0.23738317757009345,False
KRT80,KRT38,Q6KB66,O76015,0.05894014611840248,1178,0.73619027,-0.0243084579706192,0.1339593082666397,0.25877192982456143,False
RNF8,UBE2D2,O76064,P62837,0.11125367134809494,1178,0.33948364,-0.5703687071800232,-0.022569013759493828,0.09484536082474226,False
MMS19,CIAO1,Q96T76,O76071,0.4427434802055359,1178,0.586293,-0.6898742318153381,-1.2104909420013428,0.10582524271844661,True
CIAO1,CIAO2A,O76071,Q9H5X1,-0.012812959030270576,1178,0.69125257,-1.2104909420013428,-0.28823670744895935,0.16224188790560473,False
GNAI2,RGS20,P04899,O76081,-0.006146552972495556,1178,0.65701627,-0.14982905983924866,-0.040622200816869736,0.13917525773195877,False
SRP68,SRP72,Q9UHB9,O76094,0.20138952136039734,1178,0.73138044,-0.9806451201438904,-1.0621376037597656,0.20268256333830104,False
MTA2,RBBP7,O94776,Q16576,-0.10060475021600723,1178,0.64317155,-0.2172025740146637,-0.10855186730623245,0.14520958083832336,True
ATG3,ATG12,Q9NT62,O94817,0.2617643475532532,1178,0.42775475,-0.12274028360843658,-0.08626667410135269,0.12101910828025478,False
PRPF6,PRPF31,O94906,Q8WWY3,0.2131517231464386,1178,0.37522243,-1.348250389099121,-1.9663714170455933,0.13708820403825717,False
ZNF202,ZNF250,O95125,P15622,0.008621218614280224,1178,0.40180492,0.05726628750562668,0.017085812985897064,0.2854938271604938,False
ZNF835,ZNF202,Q9Y2P0,O95125,-0.021394632756710052,1178,0.23284722,0.10046718269586563,0.05726628750562668,0.26080246913580246,False
NDUFB2,NDUFB7,O95178,P17568,0.7029058337211609,1178,0.25820313,-0.28119680285453796,-0.5035912394523621,0.13138686131386862,True
STX1B,VAMP5,P61266,O95183,0.08967982232570648,1178,0.27826054,-0.048426248133182526,0.0728621557354927,0.1111111111111111,False
STX4,VAMP5,Q12846,O95183,0.04085954651236534,1178,0.3041317,-0.4164348542690277,0.0728621557354927,0.10437710437710437,False
SEC23A,SEC24A,Q15436,O95486,0.0868159756064415,1178,0.48207834,-0.16737113893032074,-0.1640474796295166,0.1637694419030192,False
STAMBP,CHMP3,O95630,Q9Y3E7,0.18043021857738495,1178,0.48787638,-0.4275380074977875,-0.8166541457176208,0.14386792452830188,False
CPSF4,CPSF1,O95639,Q10570,0.18737123906612396,1178,0.67312926,-1.4582017660140991,-1.181792974472046,0.07068607068607069,True
CPSF4,FIP1L1,O95639,Q6UN15,0.1329478621482849,1178,0.40706327,-1.4582017660140991,-1.0500439405441284,0.12457912457912458,True
KRT75,KRT19,O95678,P08727,-0.011614293791353703,1178,0.73580219,-0.07634131610393524,-0.05701036751270294,0.2395644283121597,False
KRT75,KRT13,O95678,P13646,-0.0025134701281785965,1178,0.73404016,-0.07634131610393524,-0.007645763922482729,0.2958257713248639,False
KRT75,KRT15,O95678,P19012,0.07404768466949463,1178,0.73538322,-0.07634131610393524,-0.10851994901895523,0.27586206896551724,False
KRT75,KRT20,O95678,P35900,0.07407970726490021,1178,0.73551672,-0.07634131610393524,-0.020241545513272285,0.22141560798548093,False
KRT33B,KRT75,Q14525,O95678,-0.05209941789507866,1059,0.73634128,-0.04680206999182701,-0.07634131610393524,0.20871143375680581,False
KRT31,KRT75,Q15323,O95678,0.017210397869348526,1178,0.73610012,-0.2508959472179413,-0.07634131610393524,0.21415607985480944,False
KRT24,KRT75,Q2M2I5,O95678,-0.036982350051403046,1178,0.73553419,-0.00982823595404625,-0.07634131610393524,0.2831215970961887,False
KRT75,KRT27,O95678,Q7Z3Y8,-0.049430154263973236,1178,0.73577033,-0.07634131610393524,-0.003711748169735074,0.2413793103448276,False
KRT75,KRT26,O95678,Q7Z3Y9,0.022536957636475563,1178,0.73565501,-0.07634131610393524,0.06893695145845413,0.25045372050816694,False
KRT75,KRT35,O95678,Q92764,0.12154748290777206,1178,0.73509617,-0.07634131610393524,-0.04544695466756821,0.2413793103448276,False
RPP30,POP4,P78346,O95707,0.27294790744781494,1178,0.34366699,-0.9495115876197815,-0.9577875137329102,0.15298507462686567,True
SNAP29,VAMP1,O95721,P23763,-0.009013122878968716,1178,0.67162261,-0.25683242082595825,0.06876132637262344,0.16279069767441862,False
SNAP29,STX12,O95721,Q86Y82,0.10549259185791016,1178,0.7036993,-0.25683242082595825,-0.050052057951688766,0.16304347826086957,False
LSM6,LSM8,P62312,O95777,0.24089334905147552,1178,0.51141212,-0.8991559147834778,-1.8107209205627441,0.21875,True
LSM8,LSM2,O95777,Q9Y333,0.14283375442028046,1178,0.57465307,-1.8107209205627441,-2.2870986461639404,0.22916666666666666,True
LSM4,LSM8,Q9Y4Z0,O95777,-0.003050305647775531,1178,0.64015741,-1.7946196794509888,-1.8107209205627441,0.15827338129496402,True
LATS1,MOB1B,O95835,Q7L9L4,0.04412757232785225,1178,0.32105267,0.14179369807243347,0.05813823267817497,0.06991150442477877,False
SNW1,SYF2,Q13573,O95926,-0.002175039378926158,1178,0.33881244,-1.5197408199310303,-0.9910995364189148,0.13432835820895522,False
SYF2,CRNKL1,O95926,Q9BZJ0,0.12791724503040314,1178,0.61599122,-0.9910995364189148,-1.8015638589859009,0.10377358490566038,False
SYF2,XAB2,O95926,Q9HCS7,0.09158708155155182,1178,0.65159484,-0.9910995364189148,-2.1135377883911133,0.09590643274853801,False
CBX7,RNF2,O95931,Q99496,-0.02251739427447319,1178,0.43476681,-0.0663011372089386,-0.043620992451906204,0.16964285714285715,False
MBD3,GATAD2A,O95983,Q86YP4,0.16523714363574982,1178,0.67655368,-0.05693429708480835,-0.3150082528591156,0.10900473933649289,True
MBD3,GATAD2B,O95983,Q8WXI9,0.26487547159194946,1178,0.67977148,-0.05693429708480835,-0.17758893966674805,0.13659359190556492,True
NDUFB10,NDUFB11,O96000,Q9NX14,0.7452786564826965,1178,0.60008093,-0.636261522769928,-0.36276164650917053,0.1511627906976744,True
HAND1,TCF12,O96004,Q99081,0.06854543834924698,1178,0.65480132,0.05686776340007782,-0.028791137039661407,0.10703812316715543,False
CDK2,CCNE2,P24941,O96020,0.2502850294113159,1178,0.6029481,-0.6776233911514282,-0.09804902970790863,0.14356435643564355,False
FOS,JUN,P01100,P05412,0.053198326379060745,1178,0.67667028,-0.06886360049247742,-0.3001505136489868,0.18947368421052632,True
ATF2,FOS,P15336,P01100,0.01947394572198391,1178,0.638772,0.0581153966486454,-0.06886360049247742,0.17425742574257425,False
FOS,JUNB,P01100,P17275,0.0643388107419014,1178,0.67687575,-0.06886360049247742,-0.26485833525657654,0.19473684210526315,False
FOS,JUND,P01100,P17535,0.006324568763375282,1178,0.65823134,-0.06886360049247742,-0.1674932837486267,0.20789473684210527,False
RGL3,NRAS,Q3MIN7,P01111,-0.02146185003221035,1178,0.40737732,0.046685561537742615,-0.26543956995010376,0.07887323943661972,False
KRT1,KRT14,P04264,P02533,0.023060642182826996,1178,0.73453454,-0.0467119961977005,-0.10920017212629318,0.24378881987577639,False
KRT6C,KRT14,P48668,P02533,0.12732766568660736,1043,0.73599134,0.012313111685216427,-0.10920017212629318,0.28368794326241137,False
KRT14,KRT81,P02533,Q14533,0.10410978645086288,1043,0.73617409,-0.10920017212629318,-0.10220935940742493,0.27920792079207923,False
KRT72,KRT14,Q14CN4,P02533,-0.032182108610868454,1178,0.73556001,-0.11691359430551529,-0.10920017212629318,0.2602739726027397,False
KRT79,KRT14,Q5XKE5,P02533,-0.10175742954015732,1178,0.73562301,-0.1216261014342308,-0.10920017212629318,0.27850467289719627,False
KRT80,KRT14,Q6KB66,P02533,0.05571667477488518,1178,0.73543939,-0.0243084579706192,-0.10920017212629318,0.2944915254237288,False
KRT78,KRT14,Q8N1N4,P02533,-0.05787889286875725,1178,0.73583081,-0.03676079958677292,-0.10920017212629318,0.2692307692307692,False
KRT18,KRT6A,P05783,P02538,-0.02614516019821167,1162,0.73605378,0.04158038645982742,-0.20600953698158264,0.22872340425531915,False
KRT19,KRT6A,P08727,P02538,0.06077352911233902,1162,0.73636351,-0.05701036751270294,-0.20600953698158264,0.23049645390070922,False
KRT16,KRT6A,P08779,P02538,0.2220841646194458,333,0.73571859,0.22643031179904938,-0.20600953698158264,0.2765957446808511,False
KRT13,KRT6A,P13646,P02538,-0.052906740456819534,1162,0.73488881,-0.007645763922482729,-0.20600953698158264,0.2783687943262411,False
KRT15,KRT6A,P19012,P02538,-0.003717875573784113,1162,0.73576671,-0.10851994901895523,-0.20600953698158264,0.274822695035461,False
KRT31,KRT6A,Q15323,P02538,0.1041811928153038,1162,0.73641282,-0.2508959472179413,-0.20600953698158264,0.20921985815602837,False
KRT28,KRT6A,Q7Z3Y7,P02538,-0.07458831369876862,1162,0.73616998,-0.030839042738080025,-0.20600953698158264,0.22163120567375885,False
KRT27,KRT6A,Q7Z3Y8,P02538,0.008435476571321487,1162,0.73647494,-0.003711748169735074,-0.20600953698158264,0.21808510638297873,False
KRT26,KRT6A,Q7Z3Y9,P02538,-0.04109726473689079,1162,0.73574052,0.06893695145845413,-0.20600953698158264,0.2322695035460993,False
KRT25,KRT6A,Q7Z3Z0,P02538,0.05030306428670883,1162,0.73652793,-0.024821044877171516,-0.20600953698158264,0.23049645390070922,False
KRT35,KRT6A,Q92764,P02538,-0.015007908456027508,1162,0.73685016,-0.04544695466756821,-0.20600953698158264,0.2322695035460993,False
KRT19,KRT6B,P08727,P04259,0.06840565800666809,1178,0.73622329,-0.05701036751270294,0.06197144836187363,0.22872340425531915,False
KRT13,KRT6B,P13646,P04259,-0.05697951093316078,1178,0.73526813,-0.007645763922482729,0.06197144836187363,0.2730496453900709,False
KRT15,KRT6B,P19012,P04259,-0.10993239283561707,1178,0.73511715,-0.10851994901895523,0.06197144836187363,0.274822695035461,False
KRT33B,KRT6B,Q14525,P04259,0.12474633753299713,1059,0.73615821,-0.04680206999182701,0.06197144836187363,0.20212765957446807,False
KRT31,KRT6B,Q15323,P04259,0.09261564910411835,1178,0.73586999,-0.2508959472179413,0.06197144836187363,0.21099290780141844,False
KRT6B,KRT39,P04259,Q6A163,-0.0890401154756546,1178,0.73543151,0.06197144836187363,-0.010349982418119907,0.21453900709219859,False
KRT28,KRT6B,Q7Z3Y7,P04259,-0.06463301181793213,1178,0.73597004,-0.030839042738080025,0.06197144836187363,0.21808510638297873,False
KRT27,KRT6B,Q7Z3Y8,P04259,-0.0051345499232411385,1178,0.73558061,-0.003711748169735074,0.06197144836187363,0.21453900709219859,False
KRT6B,KRT35,P04259,Q92764,-0.0531177893280983,1178,0.73670213,0.06197144836187363,-0.04544695466756821,0.22695035460992907,False
KRT1,KRT19,P04264,P08727,-0.019162483513355255,1178,0.73524076,-0.0467119961977005,-0.05701036751270294,0.18633540372670807,False
KRT1,KRT16,P04264,P08779,-0.20052112638950348,349,0.73445448,-0.0467119961977005,0.22643031179904938,0.2422360248447205,False
KRT1,KRT13,P04264,P13646,0.1846718192100525,1178,0.73352197,-0.0467119961977005,-0.007645763922482729,0.2453416149068323,False
KRT1,KRT15,P04264,P19012,0.14799800515174866,1178,0.73390347,-0.0467119961977005,-0.10851994901895523,0.265527950310559,False
KRT33B,KRT1,Q14525,P04264,-0.00013017936726100743,1059,0.73574087,-0.04680206999182701,-0.0467119961977005,0.16614906832298137,False
KRT31,KRT1,Q15323,P04264,0.013994690962135792,1178,0.73525954,-0.2508959472179413,-0.0467119961977005,0.16770186335403728,False
KRT1,KRT24,P04264,Q2M2I5,0.02205622009932995,1178,0.7345693,-0.0467119961977005,-0.00982823595404625,0.2670807453416149,False
KRT1,KRT39,P04264,Q6A163,0.02536061592400074,1178,0.73465671,-0.0467119961977005,-0.010349982418119907,0.17546583850931677,False
KRT1,KRT27,P04264,Q7Z3Y8,0.040161922574043274,1178,0.73553704,-0.0467119961977005,-0.003711748169735074,0.20031055900621117,False
KRT1,KRT26,P04264,Q7Z3Y9,0.05470404401421547,1178,0.73529268,-0.0467119961977005,0.06893695145845413,0.1972049689440994,False
KRT1,KRT35,P04264,Q92764,0.09511632472276688,1178,0.73573153,-0.0467119961977005,-0.04544695466756821,0.1972049689440994,False
DDOST,RPN2,P39656,P04844,0.2748413383960724,1178,0.7293003,-1.0167256593704224,-0.6209716796875,0.17432646592709986,True
H2AC4,H4C1,P04908,P62805,0.21834862232208252,1178,0.65162411,-0.5394631624221802,-0.2337685376405716,0.2076923076923077,False
H2AC4,H3C1,P04908,P68431,0.15980282425880432,1178,0.51831808,-0.5394631624221802,-0.2667277157306671,0.20588235294117646,False
H2AC4,H3-3A,P04908,P84243,0.14100496470928192,1059,0.5232755,-0.5394631624221802,-1.2865922451019287,0.22058823529411764,False
EIF2S1,EIF2S3,P05198,P41091,0.12307702749967575,1178,0.39804413,-1.8094900846481323,-1.6749244928359985,0.13347457627118645,True
ATF2,JUN,P15336,P05412,-0.09194537997245789,1178,0.65524089,0.0581153966486454,-0.3001505136489868,0.201980198019802,False
FOSL2,JUN,P15408,P05412,-0.07894550263881683,1178,0.66533565,-0.13825495541095734,-0.3001505136489868,0.15709969788519637,False
POLR3D,POLR3E,P05423,Q9NVU0,0.3096494972705841,1178,0.72190447,-0.5402477383613586,-0.9499149322509766,0.1440677966101695,False
POLR3B,POLR3D,Q9NW08,P05423,0.11468783766031265,1178,0.47041666,-1.9679367542266846,-0.5402477383613586,0.10414827890556046,False
ITGAV,ITGB1,P06756,P05556,-0.1988954395055771,1178,0.70151756,-0.6373112797737122,-0.20922429859638214,0.16125954198473283,False
ITGB1,ITGA6,P05556,P23229,0.0715179294347763,1178,0.70889238,-0.20922429859638214,-0.12107450515031815,0.18053097345132743,False
KRT18,KRT8,P05783,P05787,0.16465403139591217,349,0.73504371,0.04158038645982742,-0.6279649138450623,0.2753623188405797,False
KRT18,KRT6C,P05783,P48668,0.015410725958645344,1043,0.73568126,0.04158038645982742,0.012313111685216427,0.22872340425531915,False
KRT18,KRT81,P05783,Q14533,-0.015115621499717236,1043,0.73266643,0.04158038645982742,-0.10220935940742493,0.2495049504950495,False
KRT18,KRT71,P05783,Q3SY84,0.017914697527885437,1178,0.73415292,0.04158038645982742,0.0023965961299836636,0.24091778202676864,False
KRT18,KRT79,P05783,Q5XKE5,0.020813023671507835,1178,0.73600937,0.04158038645982742,-0.1216261014342308,0.2411214953271028,False
KRT8,KRT19,P05787,P08727,0.22347182035446167,349,0.73482312,-0.6279649138450623,-0.05701036751270294,0.2670807453416149,False
KRT8,KRT16,P05787,P08779,0.029768582433462143,349,0.73316235,-0.6279649138450623,0.22643031179904938,0.2857142857142857,False
KRT8,KRT15,P05787,P19012,-0.0014714438002556562,349,0.73437445,-0.6279649138450623,-0.10851994901895523,0.2857142857142857,False
KRT31,KRT8,Q15323,P05787,0.25377157330513,349,0.7357533,-0.2508959472179413,-0.6279649138450623,0.2360248447204969,False
KRT24,KRT8,Q2M2I5,P05787,0.026343069970607758,349,0.73527075,-0.00982823595404625,-0.6279649138450623,0.2876190476190476,False
KRT8,KRT27,P05787,Q7Z3Y8,0.027106324210762978,349,0.73563489,-0.6279649138450623,-0.003711748169735074,0.2505175983436853,False
KRT8,KRT35,P05787,Q92764,0.0957195907831192,349,0.73484499,-0.6279649138450623,-0.04544695466756821,0.2608695652173913,False
CDK1,CKS1B,P06493,P61024,-0.0591760091483593,1059,0.41166568,-2.370879888534546,-0.7189068794250488,0.1111111111111111,False
ATP5F1A,ATP5F1B,P25705,P06576,0.6555789113044739,1178,0.70925999,-0.6659853458404541,-0.9331632852554321,0.244122965641953,True
EIF4E,EIF4G1,P06730,Q04637,0.21995426714420319,1178,0.55316956,-1.520824909210205,-0.7195534110069275,0.05378361475922452,True
EIF4E,EIF4EBP1,P06730,Q13541,-0.008942274376749992,1178,0.66385663,-1.520824909210205,-0.10838423669338226,0.1382488479262673,False
EIF4E,EIF4EBP2,P06730,Q13542,0.033912260085344315,1178,0.65564674,-1.520824909210205,-0.1811252236366272,0.11059907834101383,False
POLB,XRCC1,P06746,P18887,-0.003683478804305196,1178,0.56339516,0.09587723016738892,-0.2939015328884125,0.12164296998420221,True
EPRS1,AIMP2,P07814,Q13155,0.03294234722852707,1178,0.61618413,-1.6646498441696167,-0.16126829385757446,0.0701058201058201,True
HSP90AA1,CDC37,P07900,Q16543,-0.006917300634086132,1178,0.49749386,-0.25362154841423035,-1.1545711755752563,0.15846994535519127,True
ERCC1,ERCC4,P07992,Q92889,0.41199037432670593,1178,0.70876397,-0.20363453030586243,-0.27519461512565613,0.0906113537117904,False
SLC7A8,SLC3A2,Q9UHI5,P08195,0.01649252511560917,1178,0.50569997,-0.07215006649494171,-0.49622899293899536,0.18317757009345795,False
SLC7A11,SLC3A2,Q9UPY5,P08195,0.3597560226917267,1178,0.48407593,0.07208722829818726,-0.49622899293899536,0.19281663516068054,False
HSP90AB1,CDC37,P08238,Q16543,0.04161951690912247,1178,0.46692657,-0.280641108751297,-1.1545711755752563,0.15193370165745856,True
PDHA1,PDHB,P08559,P11177,0.749972403049469,1178,0.72912375,0.008225850760936737,-0.1056055948138237,0.19230769230769232,False
SNRPA1,SNRPB2,P09661,P08579,0.2660152018070221,1178,0.69545773,-2.8211867809295654,-0.7417677044868469,0.1803921568627451,False
KRT19,KRT5,P08727,P13647,0.03259825333952904,1178,0.73538029,-0.05701036751270294,-0.07297705113887787,0.2135593220338983,False
KRT4,KRT19,P19013,P08727,0.04268883913755417,1178,0.73587771,-0.10901184380054474,-0.05701036751270294,0.23653846153846153,False
KRT19,KRT2,P08727,P35908,0.13273686170578003,1178,0.73590428,-0.05701036751270294,0.04125037416815758,0.20344287949921752,False
PRPH,KRT19,P41219,P08727,0.004489519167691469,1178,0.7354213000000001,-0.12603215873241425,-0.05701036751270294,0.2702127659574468,False
KRT6C,KRT19,P48668,P08727,-0.0748257264494896,1043,0.73590749,0.012313111685216427,-0.05701036751270294,0.225177304964539,False
KRT83,KRT19,P78385,P08727,0.038101568818092346,1178,0.73600111,-0.11967850476503372,-0.05701036751270294,0.24543610547667344,False
KRT85,KRT19,P78386,P08727,-0.04946849122643471,1178,0.73618818,-0.1452023983001709,-0.05701036751270294,0.2465483234714004,False
KRT19,KRT81,P08727,Q14533,0.0730329155921936,1043,0.7360307,-0.05701036751270294,-0.10220935940742493,0.23366336633663368,False
KRT72,KRT19,Q14CN4,P08727,0.10743019729852676,1178,0.7362199,-0.11691359430551529,-0.05701036751270294,0.2191780821917808,False
KRT71,KRT19,Q3SY84,P08727,0.12082208693027496,1178,0.73610884,0.0023965961299836636,-0.05701036751270294,0.22179732313575526,False
KRT19,KRT79,P08727,Q5XKE5,0.222326397895813,1178,0.73587804,-0.05701036751270294,-0.1216261014342308,0.23738317757009345,False
KRT80,KRT19,Q6KB66,P08727,-0.14796139299869537,1178,0.73525618,-0.0243084579706192,-0.05701036751270294,0.26991150442477874,False
KRT19,KRT77,P08727,Q7Z794,-0.03321623057126999,1178,0.72794007,-0.05701036751270294,-0.06068618595600128,0.20761245674740483,False
KRT78,KRT19,Q8N1N4,P08727,0.029914267361164093,1178,0.73636354,-0.03676079958677292,-0.05701036751270294,0.22692307692307692,False
KRT5,KRT16,P13647,P08779,-0.02799810655415058,349,0.73543547,-0.07297705113887787,0.22643031179904938,0.27627118644067794,False
KRT4,KRT16,P19013,P08779,0.03741946443915367,349,0.73480826,-0.10901184380054474,0.22643031179904938,0.275,False
KRT2,KRT16,P35908,P08779,0.16613160073757172,349,0.73540383,0.04125037416815758,0.22643031179904938,0.26134585289514867,False
KRT83,KRT16,P78385,P08779,-0.1267091929912567,349,0.73584749,-0.11967850476503372,0.22643031179904938,0.26774847870182555,False
KRT85,KRT16,P78386,P08779,0.17290984094142914,349,0.73531631,-0.1452023983001709,0.22643031179904938,0.2938856015779093,False
KRT76,KRT16,Q01546,P08779,0.08328650891780853,349,0.73432923,-0.07462546974420547,0.22643031179904938,0.2617554858934169,False
KRT72,KRT16,Q14CN4,P08779,0.00561473798006773,349,0.73540092,-0.11691359430551529,0.22643031179904938,0.2602739726027397,False
KRT71,KRT16,Q3SY84,P08779,0.27018848061561584,349,0.73593371,0.0023965961299836636,0.22643031179904938,0.2734225621414914,False
KRT79,KRT16,Q5XKE5,P08779,0.198509082198143,349,0.73379705,-0.1216261014342308,0.22643031179904938,0.2485981308411215,False
KRT80,KRT16,Q6KB66,P08779,-0.197549968957901,349,0.73587753,-0.0243084579706192,0.22643031179904938,0.28752642706131076,False
KRT73,KRT16,Q86Y46,P08779,0.13996165990829468,349,0.73537474,-0.022783441469073296,0.22643031179904938,0.26851851851851855,False
KRT78,KRT16,Q8N1N4,P08779,0.057095251977443695,349,0.73505672,-0.03676079958677292,0.22643031179904938,0.2653846153846154,False
MRPL3,MRPL19,P09001,P49406,0.534692108631134,1178,0.62220989,-0.38995423913002014,-0.34109026193618774,0.14942528735632185,False
SNRPA,SNRPA1,P09012,P09661,-0.039192553609609604,1178,0.67291318,-0.37376168370246887,-2.8211867809295654,0.1453900709219858,False
PBX4,HOXD4,Q9BYU1,P09016,0.002940355334430933,1178,0.36597322,-0.06620407849550247,-0.04387868195772171,0.16310160427807488,False
TNNT1,TPM1,P13805,P09493,0.014677897095680237,1178,0.31504336,-0.058336351066827774,0.056801579892635345,0.20774647887323944,False
CLTA,CLTC,P09496,Q00610,0.13683663308620453,1178,0.69508928,-0.033991653472185135,-1.4355792999267578,0.051940298507462686,False
POLA2,POLA1,Q14181,P09884,0.2288660854101181,1178,0.59082841,-1.5988162755966187,-0.8859217762947083,0.12311901504787962,True
H2AC11,H4C1,P0C0S8,P62805,0.15270960330963135,1178,0.6566675,-0.4346199035644531,-0.2337685376405716,0.2,False
ZNF444,ZSCAN22,Q8N0Y2,P10073,0.030177045613527298,1178,0.70466137,0.020123856142163277,0.04462047666311264,0.29124236252545826,False
ZSCAN18,ZSCAN22,Q8TBC5,P10073,0.12261852622032166,1178,0.70296577,-0.05563967674970627,0.04462047666311264,0.28431372549019607,False
ZBTB8A,ZBTB48,Q96BR9,P10074,-0.06471753120422363,1178,0.68348741,-0.03165227174758911,-0.06622198224067688,0.19186046511627908,False
ZBTB48,ZBTB9,P10074,Q96C00,0.07878496497869492,1178,0.6362355,-0.06622198224067688,-0.23727227747440338,0.19912790697674418,False
ZNF408,ZBTB48,Q9H9D4,P10074,-0.07119978964328766,1178,0.24760428,-0.0822560265660286,-0.06622198224067688,0.2722222222222222,False
RARA,RXRB,P10276,P28702,0.09873366355895996,1178,0.62477026,-0.055637456476688385,0.005853827111423016,0.2682926829268293,False
RARA,NRIP1,P10276,P48552,-0.0791119635105133,1178,0.2891469,-0.055637456476688385,0.12753631174564362,0.1226252158894646,False
PRKACA,PRKAR1A,P17612,P10644,-0.08075950294733047,1178,0.66668847,-0.23899652063846588,-0.17786076664924622,0.14960629921259844,False
PRKACB,PRKAR1A,P22694,P10644,-0.0007721909787505865,1178,0.63895505,-0.039315007627010345,-0.17786076664924622,0.1679790026246719,False
RARB,RXRB,P10826,P28702,-0.09941285103559494,1178,0.62371031,-0.04684615880250931,0.005853827111423016,0.28330206378986866,False
HSPA5,DNAJB11,P11021,Q9UBS4,0.13396932184696198,1178,0.62117617,-1.2527687549591064,-0.20031727850437164,0.1529051987767584,False
HSPA4,HSPA8,P34932,P11142,-0.018437838181853294,1178,0.70112339,-0.11330894380807877,-0.8518505692481995,0.2642857142857143,True
HSPH1,HSPA8,Q92598,P11142,0.12244171649217606,1178,0.70900236,-0.019156448543071747,-0.8518505692481995,0.2505827505827506,False
CCND1,CDK4,P24385,P11802,0.46409496665000916,1178,0.69102966,-0.981914758682251,-0.7646340131759644,0.16501650165016502,True
CCND2,CDK4,P30279,P11802,-0.038940396159887314,1178,0.70775806,-0.1383415311574936,-0.7646340131759644,0.1716171617161716,False
CCND3,CDK4,P30281,P11802,-0.048867370933294296,1178,0.66922171,-0.3197183609008789,-0.7646340131759644,0.1848184818481848,True
CDK4,CDKN2B,P11802,P42772,-0.054104432463645935,1162,0.56488433,-0.7646340131759644,0.0685386061668396,0.1485148514851485,False
CDKN2C,CDK4,P42773,P11802,-0.22269326448440552,1178,0.38704112,0.2813692092895508,-0.7646340131759644,0.13861386138613863,False
PABPC1,PAIP1,P11940,Q9H074,0.04953660070896149,1178,0.50452891,-0.9841540455818176,-0.10020064562559128,0.16823899371069181,True
CDKN1A,PCNA,P38936,P12004,0.19978320598602295,1178,0.28684793,0.2894359529018402,-2.7251737117767334,0.16091954022988506,True
FEN1,PCNA,P39748,P12004,0.01438317820429802,1178,0.47849732,-0.822084903717041,-2.7251737117767334,0.18157894736842106,False
PCNA,PCLAF,P12004,Q15004,0.0037160373758524656,1178,0.28922288,-2.7251737117767334,0.015856357291340828,0.1417624521072797,False
XRCC6,XRCC5,P12956,P13010,0.28114089369773865,1178,0.73451415,-1.7615152597427368,-1.225612998008728,0.1721311475409836,True
RARG,RXRB,P13631,P28702,0.016701340675354004,1178,0.62011311,-0.06070246174931526,0.005853827111423016,0.2851782363977486,False
KRT13,KRT2,P13646,P35908,-0.07536672055721283,1178,0.7337386,-0.007645763922482729,0.04125037416815758,0.25039123630672927,False
KRT72,KRT13,Q14CN4,P13646,0.05450817197561264,1178,0.73556674,-0.11691359430551529,-0.007645763922482729,0.2622309197651663,False
KRT13,KRT79,P13646,Q5XKE5,0.04857955500483513,1178,0.7356821,-0.007645763922482729,-0.1216261014342308,0.2766355140186916,False
KRT15,KRT5,P19012,P13647,0.06389147788286209,1178,0.73485213,-0.10851994901895523,-0.07297705113887787,0.2677966101694915,False
KRT31,KRT5,Q15323,P13647,0.07496578991413116,1178,0.73630464,-0.2508959472179413,-0.07297705113887787,0.20508474576271185,False
KRT24,KRT5,Q2M2I5,P13647,-0.036813803017139435,1178,0.73590245,-0.00982823595404625,-0.07297705113887787,0.27796610169491526,False
KRT28,KRT5,Q7Z3Y7,P13647,-0.003590119769796729,1178,0.73569259,-0.030839042738080025,-0.07297705113887787,0.22203389830508474,False
KRT27,KRT5,Q7Z3Y8,P13647,-0.031479477882385254,1178,0.72940744,-0.003711748169735074,-0.07297705113887787,0.22372881355932203,False
KRT5,KRT35,P13647,Q92764,0.008826793171465397,1178,0.73525175,-0.07297705113887787,-0.04544695466756821,0.2288135593220339,False
ETFA,ETFB,P13804,P38117,0.14988654851913452,1178,0.73353584,0.03158422186970711,-0.0790882483124733,0.16516516516516516,False
TNNT1,TNNI1,P13805,P19237,0.04183072969317436,1178,0.66766135,-0.058336351066827774,-0.10405298322439194,0.15827338129496402,False
GTF2E2,GTF2F2,P29084,P13984,-0.026505589485168457,1178,0.24588069,-1.392318844795227,-0.832406222820282,0.16494845360824742,False
GTF2F1,GTF2F2,P35269,P13984,0.18475742638111115,1178,0.70657905,-0.5851046442985535,-0.832406222820282,0.1218568665377176,True
KRT31,GFAP,Q15323,P14136,-0.08513830602169037,1178,0.73604417,-0.2508959472179413,0.06296081095933914,0.2962962962962963,False
GFAP,KRT39,P14136,Q6A163,-0.03307824209332466,1178,0.73386672,0.06296081095933914,-0.010349982418119907,0.2708757637474542,False
GFAP,KRT27,P14136,Q7Z3Y8,-0.01713169552385807,1178,0.734759,0.06296081095933914,-0.003711748169735074,0.2984749455337691,False
TRIM50,TRIM27,Q86XT4,P14373,-0.10095934569835663,1178,0.67223763,-0.07993384450674057,0.02979389950633049,0.2884990253411306,False
MID2,TRIM27,Q9UJV3,P14373,0.11097712814807892,1178,0.69528099,-0.08533943444490433,0.02979389950633049,0.1945578231292517,False
NCF2,NCF1,P19878,P14598,0.052785150706768036,1059,0.48971465,0.0929173082113266,-0.04791891574859619,0.1596958174904943,False
SNRPB,SNRPD3,P14678,P62318,0.25979509949684143,349,0.62125709,-1.767295002937317,-4.249576091766357,0.13333333333333333,True
UQCRB,UQCRC2,P14927,P22695,0.7059765458106995,1178,0.43235818,-0.3879053592681885,-0.4880558252334595,0.08830022075055188,False
RAC2,ARFIP2,P15153,P53365,0.029647117480635643,1178,0.51593347,0.00870949774980545,0.1658092588186264,0.12316715542521994,False
FOSL2,ATF2,P15408,P15336,-0.08502741158008575,1178,0.65485732,-0.13825495541095734,0.0581153966486454,0.17623762376237623,False
FOSL2,JUNB,P15408,P17275,0.07680512964725494,1178,0.67886902,-0.13825495541095734,-0.26485833525657654,0.2017291066282421,False
FOSL2,JUND,P15408,P17535,0.09734516590833664,1178,0.65661261,-0.13825495541095734,-0.1674932837486267,0.19596541786743515,False
ATF7,FOSL2,P17544,P15408,-0.09118038415908813,1178,0.64854147,-0.2062159925699234,-0.13825495541095734,0.16977225672877846,False
ZNF250,ZNF165,P15622,P49910,-0.11047089099884033,1178,0.62319475,0.017085812985897064,0.03909750282764435,0.29642857142857143,False
ZBTB8A,ZNF250,Q96BR9,P15622,-0.0343930646777153,1178,0.25477422,-0.03165227174758911,0.017085812985897064,0.18392857142857144,False
ID1,TCF4,P41134,P15884,0.07016488909721375,1178,0.60524296,-0.02474992722272873,0.08569417893886566,0.07796101949025487,False
ID4,TCF4,P47928,P15884,0.0013587287394329906,1178,0.61089765,0.006470459047704935,0.08569417893886566,0.0734632683658171,False
HAND2,TCF4,P61296,P15884,0.18944132328033447,1178,0.66048279,0.09778479486703873,0.08569417893886566,0.095952023988006,False
ID3,TCF4,Q02535,P15884,-0.03071444109082222,1178,0.60066866,-0.06770389527082443,0.08569417893886566,0.0704647676161919,False
NHLH2,TCF4,Q02577,P15884,0.002979146083816886,1178,0.67300168,0.0025618895888328552,0.08569417893886566,0.09145427286356822,False
NEUROD1,TCF4,Q13562,P15884,0.027770286425948143,1178,0.67880808,0.0710429921746254,0.08569417893886566,0.12443778110944528,False
TAL2,TCF4,Q16559,P15884,0.1205909475684166,1178,0.64395231,0.019580291584134102,0.08569417893886566,0.06296851574212893,False
ASCL4,TCF4,Q6XD76,P15884,-0.05048865079879761,1178,0.65536059,-0.06785152107477188,0.08569417893886566,0.08545727136431784,False
TCF24,TCF4,Q7RTU0,P15884,0.035270560532808304,1178,0.6272583,0.13323593139648438,0.08569417893886566,0.08845577211394302,False
ATOH7,TCF4,Q8N100,P15884,0.07979659736156464,1178,0.65924756,-0.012159720063209534,0.08569417893886566,0.07196401799100449,False
TCF4,TWIST2,P15884,Q8WVJ9,0.06003260239958763,1178,0.65260518,0.08569417893886566,0.0474795438349247,0.08395802098950525,False
NEUROG1,TCF4,Q92886,P15884,-0.06477486342191696,1178,0.66645164,-0.09149742126464844,0.08569417893886566,0.10944527736131934,False
NEUROG3,TCF4,Q9Y4Z2,P15884,0.031744811683893204,1178,0.67040042,-0.059481196105480194,0.08569417893886566,0.10494752623688156,False
TCF3,ID3,P15923,Q02535,-0.0862969309091568,1178,0.57864224,-0.0687851756811142,-0.06770389527082443,0.0672782874617737,False
RPA1,RPA2,P27694,P15927,0.2531658411026001,1178,0.64451127,-2.3312554359436035,-1.82414972782135,0.11525974025974026,True
RPA2,RPA3,P15927,P35244,0.16803477704524994,1178,0.68225926,-1.82414972782135,-2.139719247817993,0.1037037037037037,True
H2AX,H2BC5,P16104,P58876,0.20648840069770813,1178,0.72287712,-0.48651599884033203,-0.658154308795929,0.2097902097902098,False
ZNF24,ZNF620,P17028,Q6ZNG0,-0.11524304747581482,1178,0.34418333,-0.10645731538534164,0.1419260948896408,0.28199052132701424,False
ZNF446,ZNF24,Q9NWS9,P17028,0.04631203040480614,1178,0.68541263,-0.01591249741613865,-0.10645731538534164,0.2777777777777778,False
ZSCAN32,ZNF24,Q9NX65,P17028,-0.10629835724830627,1178,0.71279893,0.013772576116025448,-0.10645731538534164,0.2539454806312769,False
RHOQ,PARD6B,P17081,Q9BYG5,0.0599040612578392,1178,0.43998683,-0.8247290849685669,-0.17041265964508057,0.1424731182795699,False
ZNF114,ZNF8,Q8NC26,P17098,-0.06597771495580673,1178,0.45005606,0.12914228439331055,0.005727862473577261,0.24695652173913044,False
PRKACA,PRKAR1B,P17612,P31321,-0.0927378460764885,1178,0.56875638,-0.23899652063846588,0.08298325538635254,0.15223097112860892,False
PRKACA,PRKAR2B,P17612,P31323,-0.017107298597693443,1178,0.66226916,-0.23899652063846588,0.06685545295476913,0.18899521531100477,False
KRT33B,DES,Q14525,P17661,-0.06813045591115952,1059,0.73584017,-0.04680206999182701,0.05938977003097534,0.26170212765957446,False
RPL13A,RPL35A,P40429,P18077,0.19968491792678833,349,0.24370909,-1.8950754404067993,-1.557037115097046,0.15763546798029557,False
RCC1,RAN,P18754,P62826,-0.06442021578550339,1178,0.60869062,-1.5360468626022339,-3.9330873489379883,0.12589073634204276,False
KRT4,KRT15,P19013,P19012,0.03914277255535126,1178,0.7349752,-0.10901184380054474,-0.10851994901895523,0.29615384615384616,False
KRT15,KRT2,P19012,P35908,-0.09743431955575943,1178,0.73529661,-0.10851994901895523,0.04125037416815758,0.2566510172143975,False
KRT6C,KRT15,P48668,P19012,0.014703246764838696,1043,0.73424971,0.012313111685216427,-0.10851994901895523,0.2712765957446808,False
KRT83,KRT15,P78385,P19012,-0.05171126499772072,1178,0.73582543,-0.11967850476503372,-0.10851994901895523,0.2799188640973631,False
KRT85,KRT15,P78386,P19012,-0.03780972585082054,1178,0.73554575,-0.1452023983001709,-0.10851994901895523,0.28007889546351084,False
KRT15,KRT81,P19012,Q14533,0.046377889811992645,1043,0.73657168,-0.10851994901895523,-0.10220935940742493,0.2693069306930693,False
KRT72,KRT15,Q14CN4,P19012,0.029302164912223816,1178,0.73591959,-0.11691359430551529,-0.10851994901895523,0.2583170254403131,False
KRT71,KRT15,Q3SY84,P19012,0.03740415349602699,1178,0.73520856,0.0023965961299836636,-0.10851994901895523,0.26577437858508607,False
KRT15,KRT79,P19012,Q5XKE5,0.09337000548839569,1178,0.73432787,-0.10851994901895523,-0.1216261014342308,0.2766355140186916,False
KRT80,KRT15,Q6KB66,P19012,0.10377075523138046,1178,0.7346603,-0.0243084579706192,-0.10851994901895523,0.26096491228070173,False
KRT15,KRT77,P19012,Q7Z794,0.07726433873176575,1178,0.73570414,-0.10851994901895523,-0.06068618595600128,0.2664359861591695,False
KRT15,KRT73,P19012,Q86Y46,0.006108828354626894,1178,0.73453443,-0.10851994901895523,-0.022783441469073296,0.26296296296296295,False
KRT78,KRT15,Q8N1N4,P19012,0.10141682624816895,1178,0.73581652,-0.03676079958677292,-0.10851994901895523,0.25,False
KRT33B,KRT4,Q14525,P19013,0.09962879866361618,1059,0.73608112,-0.04680206999182701,-0.10901184380054474,0.2230769230769231,False
KRT31,KRT4,Q15323,P19013,0.07285989820957184,1178,0.73645137,-0.2508959472179413,-0.10901184380054474,0.2230769230769231,False
KRT24,KRT4,Q2M2I5,P19013,0.051250047981739044,1178,0.73586935,-0.00982823595404625,-0.10901184380054474,0.29714285714285715,False
KRT4,KRT27,P19013,Q7Z3Y8,-0.004000542685389519,1178,0.73587474,-0.10901184380054474,-0.003711748169735074,0.23653846153846153,False
KRT4,KRT35,P19013,Q92764,0.011808335781097412,1178,0.73619805,-0.10901184380054474,-0.04544695466756821,0.2519230769230769,False
TNNT2,TNNI1,P45379,P19237,0.24278384447097778,1178,0.70620173,-0.23083169758319855,-0.10405298322439194,0.15771812080536912,False
TNNC1,TNNI1,P63316,P19237,0.15071439743041992,1178,0.43545507,-0.0695779025554657,-0.10405298322439194,0.18716577540106952,False
POLR2B,POLR2C,P30876,P19387,0.16177798807621002,1178,0.69643034,-2.417897939682007,-2.0907199382781982,0.08091993185689948,True
POLR2C,POLR2L,P19387,P62875,0.15556038916110992,1178,0.62915894,-2.0907199382781982,-2.3568618297576904,0.08,True
NDUFS1,NDUFV2,P28331,P19404,0.7577726244926453,1178,0.34622654,-0.44728079438209534,-0.20587074756622314,0.09628610729023383,True
NDUFV2,NDUFV1,P19404,P49821,0.5752671360969543,1178,0.73477616,-0.20587074756622314,-0.3525201082229614,0.14439655172413793,True
ERCC3,GTF2H4,P19447,Q92759,0.1107768714427948,1178,0.61936295,-1.4664374589920044,-0.7089446187019348,0.13938618925831203,True
CSNK2A2,CSNK2B,P19784,P67870,0.20456038415431976,1178,0.50790037,-0.07154864072799683,-0.8481774926185608,0.15142857142857144,True
EIF2S3,EIF2S2,P41091,P20042,0.17058268189430237,1178,0.52999747,-1.6749244928359985,-1.3625595569610596,0.13347457627118645,True
CDK2,CCNA2,P24941,P20248,0.23172973096370697,1178,0.53962635,-0.6776233911514282,-1.3130156993865967,0.1527777777777778,True
CDKN1A,CCNA2,P38936,P20248,0.0432475209236145,1178,0.36474059,0.2894359529018402,-1.3130156993865967,0.09722222222222222,False
CDKN1B,CCNA2,P46527,P20248,0.08912064135074615,1178,0.40321296,0.03289928659796715,-1.3130156993865967,0.12268518518518519,False
NACA,BTF3,Q13765,P20290,0.05126021429896355,1178,0.66627737,-1.2791368961334229,-0.8251664042472839,0.22325581395348837,False
GDI1,RAB4A,P31150,P20338,-0.025647897273302078,1178,0.3068615,0.08927027881145477,-0.04282895475625992,0.11409395973154363,False
RBSN,RAB4A,Q9H1K0,P20338,-0.08979137241840363,1178,0.43718752,-0.3286268413066864,-0.04282895475625992,0.09566326530612244,False
PSMB1,PSMA1,P20618,P25786,0.15762554109096527,1178,0.37200556,-1.7263292074203491,-2.2540767192840576,0.17110266159695817,True
PSMB1,PSMB8,P20618,P28062,0.07824218273162842,1178,0.50677795,-1.7263292074203491,0.027474883943796158,0.19202898550724637,False
PSMA5,PSMB1,P28066,P20618,0.18355649709701538,1178,0.45073026,-1.9408906698226929,-1.7263292074203491,0.24481327800829875,True
PSMB1,PSMB4,P20618,P28070,0.22634592652320862,1178,0.60580627,-1.7263292074203491,-2.2145705223083496,0.24242424242424243,True
PSMB1,PSMB5,P20618,P28074,-0.09032220393419266,1178,0.48133322,-1.7263292074203491,-1.7032208442687988,0.21292775665399238,True
PSMB7,PSMB1,Q99436,P20618,0.08833670616149902,1178,0.62041692,-1.3106693029403687,-1.7263292074203491,0.20216606498194944,True
H2AC7,H4C1,P20671,P62805,0.22279486060142517,1178,0.64458993,-0.40204572677612305,-0.2337685376405716,0.2,False
HOXA5,PBX2,P20719,P40425,-0.026753081008791924,1178,0.25387284,-0.046683359891176224,-0.2074374407529831,0.13488372093023257,False
ATP6V1B2,ATP6V1E1,P21281,P36543,0.2828189432621002,1178,0.6175705,-1.8152796030044556,-1.4192545413970947,0.11350293542074363,False
ATP6V1A,ATP6V1B2,P38606,P21281,0.3483695089817047,1178,0.70835853,-1.9093289375305176,-1.8152796030044556,0.1993517017828201,True
ATP6V1D,ATP6V1B2,Q9Y5K8,P21281,0.21383006870746613,1178,0.42254135,-0.9276524186134338,-1.8152796030044556,0.12720156555772993,False
SDHA,SDHB,P31040,P21912,0.7806723713874817,1178,0.73122576,-0.2240881472826004,-0.4593621790409088,0.13253012048192772,False
RPS4Y1,RPS6,P22090,P62753,-0.005509817041456699,349,0.23761075,0.2148834466934204,-2.1019952297210693,0.17870722433460076,False
RPS3,RPS10,P23396,P46783,0.10274503380060196,349,0.50202795,-2.4690604209899902,-1.3126978874206543,0.15637860082304528,False
RPS3,RPS20,P23396,P60866,0.13647311925888062,1178,0.30069655,-2.4690604209899902,-2.662557601928711,0.15637860082304528,False
CFL1,ACTB,P23528,P60709,0.12024296820163727,1178,0.47270337,-0.5697513818740845,-0.6299494504928589,0.13066666666666665,False
CFL1,ACTG1,P23528,P63261,0.03350191190838814,1178,0.48752416,-0.5697513818740845,-0.7161232233047485,0.13066666666666665,False
CFL1,ACTC1,P23528,P68032,0.007438980042934418,1178,0.48283069,-0.5697513818740845,-0.006649556569755077,0.129973474801061,False
STX1B,VAMP1,P61266,P23763,-0.031201554462313652,1178,0.29315742,-0.048426248133182526,0.06876132637262344,0.10069444444444445,False
ZBTB25,ZBTB1,P24278,Q9Y2K1,0.12465850263834,1178,0.67354497,-0.03923085704445839,-0.03409459441900253,0.20336605890603085,False
CCND1,CDKN1A,P24385,P38936,-0.22921527922153473,1178,0.61963936,-0.981914758682251,0.2894359529018402,0.10847457627118644,True
EEF1B2,EEF1G,P24534,P26641,-0.05577760562300682,1178,0.57236483,-0.8520307540893555,-1.0173078775405884,0.14874141876430205,False
CDK8,CCNC,P49336,P24863,0.4263601005077362,1178,0.64731039,-0.057102616876363754,-0.2620517313480377,0.1206896551724138,True
CDK2,CCNE1,P24941,P24864,0.5580233335494995,1178,0.62401751,-0.6776233911514282,-0.1976400464773178,0.16341463414634147,True
MCM3,MCM5,P25205,P33992,0.2470947951078415,1178,0.59657617,-0.9829457998275757,-1.408808946609497,0.29455445544554454,True
MCM3,MCM6,P25205,Q14566,0.4538615942001343,1178,0.55276297,-0.9829457998275757,-1.2173418998718262,0.2971985383678441,True
NFYC,NFYB,Q13952,P25208,0.3142875134944916,1178,0.72246998,-0.7966613173484802,-0.7817533016204834,0.11790393013100436,True
NFYB,DRAP1,P25208,Q14919,-0.1575421690940857,1178,0.71371415,-0.7817533016204834,-0.35517004132270813,0.15458937198067632,False
POLE4,NFYB,Q9NR33,P25208,-0.08358897268772125,1178,0.70651088,-0.06511586159467697,-0.7817533016204834,0.15942028985507245,False
PSMA1,PSMA2,P25786,P25787,0.30218756198883057,1178,0.69024821,-2.2540767192840576,-2.4203450679779053,0.2965779467680608,True
PSMA3,PSMA1,P25788,P25786,0.23985323309898376,1178,0.70535054,-2.5991077423095703,-2.2540767192840576,0.2661596958174905,True
PSMA1,PSMA4,P25786,P25789,0.39184945821762085,1178,0.69447946,-2.2540767192840576,-1.5632736682891846,0.2889733840304182,True
PSMA5,PSMA1,P28066,P25786,0.248218834400177,1178,0.64598973,-1.9408906698226929,-2.2540767192840576,0.2889733840304182,True
PSMA1,PSMB4,P25786,P28070,0.18771634995937347,1178,0.43503312,-2.2540767192840576,-2.2145705223083496,0.17424242424242425,True
PSMA2,PSMA3,P25787,P25788,0.2503218948841095,1178,0.6945129,-2.4203450679779053,-2.5991077423095703,0.29411764705882354,True
PSMA2,PSMB3,P25787,P49720,0.2668260633945465,1178,0.38665055,-2.4203450679779053,-2.682792901992798,0.18803418803418803,True
PSMA2,PSMB7,P25787,Q99436,0.19304203987121582,1178,0.30688207,-2.4203450679779053,-1.3106693029403687,0.16967509025270758,True
PSMA3,PSMB9,P25788,P28065,-0.018796537071466446,1178,0.45137408,-2.5991077423095703,0.04513983801007271,0.17647058823529413,False
PSMA3,PSMB4,P25788,P28070,0.2330656796693802,1178,0.37340498,-2.5991077423095703,-2.2145705223083496,0.19318181818181818,True
PSMA3,PSMB6,P25788,P28072,0.06562572717666626,1178,0.3484312,-2.5991077423095703,-1.7179232835769653,0.1568627450980392,True
PSMA4,PSMB2,P25789,P49721,0.3268554210662842,1178,0.49375068,-1.5632736682891846,-1.965756893157959,0.1839080459770115,True
LMO2,LDB1,P25791,Q86U70,0.3176766633987427,1178,0.61319992,0.0007442926289513707,-0.27440598607063293,0.1192214111922141,True
LMO1,LDB1,P25800,Q86U70,0.049842528998851776,1178,0.64008689,0.036303941160440445,-0.27440598607063293,0.09732360097323602,False
NFKBIA,RELA,P25963,Q04206,-0.09044723957777023,1178,0.44400351,-0.012227700091898441,-0.40592074394226074,0.1542649727767695,True
DDX6,EDC3,P26196,Q96F86,0.10349837690591812,1178,0.62980677,-0.795698344707489,-0.04012289270758629,0.1830708661417323,True
DDX6,EIF4ENIF1,P26196,Q9NRA8,0.23874694108963013,1178,0.23987552,-0.795698344707489,-0.24592691659927368,0.12893401015228426,False
U2AF2,U2AF1,P26368,Q01081,0.15350475907325745,1178,0.36906646,-1.429535984992981,-1.7390899658203125,0.11368421052631579,True
U2AF2,SF1,P26368,Q15637,0.10948125272989273,1178,0.42063431,-1.429535984992981,-2.3738415241241455,0.16588419405320814,False
HIF1A,ARNT,Q16665,P27540,0.13993647694587708,1178,0.48139038,0.11701247841119766,-0.048665616661310196,0.21307506053268765,False
CALR,PDIA3,P27797,P30101,0.03129096329212189,1178,0.52126248,-0.14137881994247437,-0.06880728155374527,0.18217821782178217,False
PIK3CB,PIK3R1,P42338,P27986,-0.13286054134368896,1178,0.52096912,-0.19497564435005188,-0.02959720976650715,0.1616822429906542,False
PSMA5,PSMB8,P28066,P28062,-0.017330581322312355,1178,0.34400413,-1.9408906698226929,0.027474883943796158,0.21014492753623187,False
PSMB2,PSMB8,P49721,P28062,-0.05463661253452301,1178,0.56369599,-1.965756893157959,0.027474883943796158,0.15942028985507245,False
PSMB9,PSMB10,P28065,P40306,0.069646917283535,1178,0.35031034,0.04513983801007271,-0.040055643767118454,0.2490842490842491,False
PSMA6,PSMB9,P60900,P28065,0.03091864101588726,1178,0.36511286,-2.800093650817871,0.04513983801007271,0.1991869918699187,False
PSMB7,PSMB9,Q99436,P28065,0.049169961363077164,1178,0.26362028,-1.3106693029403687,0.04513983801007271,0.22382671480144403,False
PSMA5,PSMB5,P28066,P28074,0.06378111988306046,1178,0.41337409,-1.9408906698226929,-1.7032208442687988,0.19771863117870722,True
PSMB4,PSMB6,P28070,P28072,0.004046744666993618,1178,0.55127339,-2.2145705223083496,-1.7179232835769653,0.23863636363636365,True
PSMB4,PSMB5,P28070,P28074,0.07908763736486435,1178,0.43760342,-2.2145705223083496,-1.7032208442687988,0.24242424242424243,True
PSMB7,PSMB4,Q99436,P28070,0.1818346381187439,1178,0.51754429,-1.3106693029403687,-2.2145705223083496,0.21299638989169675,True
PSMA6,PSMB6,P60900,P28072,-0.019098389893770218,1178,0.38610005,-2.800093650817871,-1.7179232835769653,0.17886178861788618,True
PSMB6,PSMB7,P28072,Q99436,0.14423690736293793,1178,0.38460108,-1.7179232835769653,-1.3106693029403687,0.26353790613718414,True
PSMB3,PSMB5,P49720,P28074,0.08946887403726578,1178,0.45539302,-2.682792901992798,-1.7032208442687988,0.17110266159695817,True
PSMB5,PSMB2,P28074,P49721,0.018699172884225845,1178,0.58268568,-1.7032208442687988,-1.965756893157959,0.1596958174904943,True
NDUFS1,NDUFV1,P28331,P49821,0.638262927532196,1178,0.68584395,-0.44728079438209534,-0.3525201082229614,0.15268225584594222,True
POLD1,POLD2,P28340,P49005,0.20731164515018463,1178,0.65333039,-2.1680262088775635,-1.1467145681381226,0.12014453477868112,True
TEAD1,VGLL4,P28347,Q14135,0.005710892379283905,1178,0.63056306,-0.23620983958244324,0.18184779584407806,0.15023474178403756,False
NR1H2,RXRB,P55055,P28702,0.06707081943750381,1178,0.68512173,0.11249416321516037,0.005853827111423016,0.25140712945590993,False
NR1H3,RXRB,Q13133,P28702,-0.010212207213044167,1178,0.68538902,-0.0173090398311615,0.005853827111423016,0.22326454033771106,False
NR1H4,RXRB,Q96RI1,P28702,-0.0780298113822937,1178,0.68295075,-0.09212425351142883,0.005853827111423016,0.23827392120075047,False
GJA8,GJB2,P48165,P29033,0.049786604940891266,1178,0.5890456,-0.045923665165901184,-0.033237338066101074,0.2909930715935335,False
GTF2E1,GTF2E2,P29083,P29084,0.07106590270996094,1178,0.60824585,-1.232972502708435,-1.392318844795227,0.1366742596810934,False
ATP5F1D,ATP5F1E,P30049,P56381,0.49202191829681396,1059,0.61481335,-0.6911172866821289,-0.8970901370048523,0.10714285714285714,True
PPP2CA,PPP2R1A,P67775,P30153,0.14234909415245056,1178,0.38124344,-0.9587439894676208,-0.8647000789642334,0.15789473684210525,True
PPP2R1A,PPP2R5E,P30153,Q16537,0.1432955116033554,1178,0.52451814,-0.8647000789642334,-0.10267713665962219,0.16298811544991512,False
PPP2CA,PPP2R1B,P67775,P30154,0.022280434146523476,1178,0.68456552,-0.9587439894676208,0.11619057506322861,0.13976705490848584,True
PPP2R5D,PPP2R1B,Q14738,P30154,-0.06313585489988327,1178,0.5272721,0.01982465758919716,0.11619057506322861,0.2059800664451827,False
CDC16,CDC27,Q13042,P30260,0.07246005535125732,1178,0.48015807,-2.263195037841797,-2.660252809524536,0.18567961165048544,True
CCND2,CDKN1A,P30279,P38936,0.05465353652834892,1178,0.61584661,-0.1383415311574936,0.2894359529018402,0.1522491349480969,False
CCND2,CDK5,P30279,Q00535,0.019139615818858147,1178,0.40822236,-0.1383415311574936,-0.0554763600230217,0.2054794520547945,False
CDKN1A,CCND3,P38936,P30281,-0.06656855344772339,1178,0.62880944,0.2894359529018402,-0.3197183609008789,0.14383561643835616,True
CDKN1B,CCND3,P46527,P30281,-0.21969597041606903,1178,0.65757867,0.03289928659796715,-0.3197183609008789,0.1678082191780822,False
CDK6,CCND3,Q00534,P30281,0.3973757326602936,1178,0.67254551,-0.5881827473640442,-0.3197183609008789,0.18711656441717792,True
CCND3,CDK5,P30281,Q00535,0.0610257126390934,1178,0.393056,-0.3197183609008789,-0.0554763600230217,0.2054794520547945,True
POLR2B,POLR2I,P30876,P36954,0.11061437427997589,1178,0.4651528,-2.417897939682007,-1.6646087169647217,0.04003407155025554,True
POLR2B,POLR2L,P30876,P62875,0.01463986188173294,1178,0.67253299,-2.417897939682007,-2.3568618297576904,0.030664395229982964,True
SDHAF2,SDHA,Q9NX18,P31040,0.32766085863113403,1178,0.68155232,-0.33182668685913086,-0.2240881472826004,0.08132530120481928,False
HOXC8,LHX3,P31273,Q9UBR4,-0.07138998061418533,1178,0.32357318,-0.027592109516263008,-0.08788729459047318,0.13602015113350127,False
GTF2H1,GTF2H3,P32780,Q13889,0.14468148350715637,1178,0.5636072,-0.7589020133018494,-0.8868503570556641,0.1386861313868613,True
MCM7,MCM4,P33993,P33991,0.25951194763183594,1178,0.63382469,-1.9144065380096436,-1.2792649269104004,0.2954808806488992,True
MCM4,MCM6,P33991,Q14566,0.24055804312229156,1178,0.6261856,-1.2792649269104004,-1.2173418998718262,0.2827346465816918,True
MCM2,MCM5,P49736,P33992,0.3437156677246094,1178,0.54455578,-1.58405601978302,-1.408808946609497,0.2688053097345133,True
MCM7,MCM6,P33993,Q14566,0.238911435008049,1178,0.60518325,-1.9144065380096436,-1.2173418998718262,0.2935444579780755,True
CTNNA1,CTNNB1,P35221,P35222,0.017109427601099014,1178,0.5236722,-0.015223190188407898,-0.20475678145885468,0.15673289183222958,False
RNF2,BMI1,Q99496,P35226,0.08263105899095535,1178,0.68858721,-0.043620992451906204,0.10868632048368454,0.20238095238095238,True
RING1,PCGF2,Q06587,P35227,-0.052108217030763626,1178,0.67847647,-0.13724876940250397,-0.10197452455759048,0.2315270935960591,False
RNF2,PCGF2,Q99496,P35227,0.05362577363848686,1178,0.6942479,-0.043620992451906204,-0.10197452455759048,0.23837209302325582,False
RFC3,RFC4,P40938,P35249,0.19205760955810547,1178,0.69956151,-1.4154082536697388,-1.1992303133010864,0.2644628099173554,True
RFC1,RFC3,P35251,P40938,-0.059177204966545105,1178,0.722372,-0.5253193378448486,-1.4154082536697388,0.08275261324041812,True
BSG,SLC16A13,P35613,Q7RTY0,0.01979919709265232,1178,0.54813145,-0.06383475661277771,0.04383929446339607,0.17136150234741784,False
KRT20,KRT76,P35900,Q01546,-0.03358469903469086,1178,0.73485697,-0.020241545513272285,-0.07462546974420547,0.1865203761755486,False
KRT72,KRT20,Q14CN4,P35900,0.07829655706882477,1178,0.73616423,-0.11691359430551529,-0.020241545513272285,0.22504892367906065,False
KRT80,KRT20,Q6KB66,P35900,0.033138640224933624,1178,0.73613456,-0.0243084579706192,-0.020241545513272285,0.2721238938053097,False
KRT33B,KRT2,Q14525,P35908,0.11412277072668076,1059,0.73630266,-0.04680206999182701,0.04125037416815758,0.17683881064162754,False
KRT31,KRT2,Q15323,P35908,0.07093816995620728,1178,0.73627836,-0.2508959472179413,0.04125037416815758,0.1784037558685446,False
KRT27,KRT2,Q7Z3Y8,P35908,0.05970831960439682,1178,0.73618538,-0.003711748169735074,0.04125037416815758,0.20031298904538342,False
KRT2,KRT35,P35908,Q92764,-0.08322105556726456,1178,0.73626647,0.04125037416815758,-0.04544695466756821,0.19874804381846636,False
UNC119,ARL2,Q13432,P36404,-0.06416057795286179,1178,0.54864262,-0.3478584885597229,-1.617118239402771,0.19166666666666668,False
ARL2BP,ARL2,Q9Y2Y0,P36404,-0.016291584819555283,1178,0.5385656,-0.07339408993721008,-1.617118239402771,0.11956521739130435,False
UNC119,ARL3,Q13432,P36405,0.07877714186906815,1178,0.57738317,-0.3478584885597229,0.08199334889650345,0.16666666666666666,False
ARL2BP,ARL3,Q9Y2Y0,P36405,0.04364864155650139,1178,0.53715431,-0.07339408993721008,0.08199334889650345,0.2032967032967033,False
PPP1CC,PPP1R8,P36873,Q12972,-0.03892100602388382,1178,0.55423332,-0.19104059040546417,-1.1109905242919922,0.18518518518518517,False
PPP1CC,TP53BP2,P36873,Q13625,0.1798020750284195,1178,0.39177692,-0.19104059040546417,-0.129046231508255,0.08953900709219859,False
PPP1CC,PPP1R7,P36873,Q15435,0.2503770589828491,1178,0.63032063,-0.19104059040546417,-0.8228361010551453,0.19166666666666668,False
CDCA2,PPP1CC,Q69YH5,P36873,0.06564785540103912,1178,0.34506342,-0.16027207672595978,-0.19104059040546417,0.09775171065493646,False
SRP9,SRP14,P49458,P37108,0.18744291365146637,1178,0.52232423,-1.1118056774139404,-0.8721612691879272,0.16176470588235295,False
NUP54,NUP62,Q7Z3B4,P37198,0.2730260491371155,1178,0.72642824,-0.7365899682044983,-0.6096435785293579,0.2471264367816092,False
NUP58,NUP62,Q9BVL2,P37198,0.3766196370124817,1178,0.69525995,-0.6750986576080322,-0.6096435785293579,0.22036727879799667,False
CCT3,CCT6A,P49368,P40227,0.07096393406391144,1178,0.65095149,-2.1431899070739746,-1.6572927236557007,0.28807339449541286,True
CCT6A,CCT8,P40227,P50990,0.1620831936597824,1178,0.66614836,-1.6572927236557007,-1.6886985301971436,0.2572992700729927,True
CCT7,CCT6A,Q99832,P40227,0.11202877014875412,1178,0.59112699,-1.2834358215332031,-1.6572927236557007,0.281767955801105,True
PBX1,PKNOX1,P40424,P55347,-0.008762194775044918,1178,0.7049924,0.0957619696855545,0.004301803186535835,0.22935779816513763,False
HOXC5,PBX1,Q00444,P40424,0.01119430735707283,1178,0.287869,-0.12971623241901398,0.0957619696855545,0.1186046511627907,False
PBX2,PKNOX1,P40425,P55347,0.055499184876680374,1178,0.7044376,-0.2074374407529831,0.004301803186535835,0.21330275229357798,False
HOXC5,PBX2,Q00444,P40425,0.09980512410402298,1178,0.33370529,-0.12971623241901398,-0.2074374407529831,0.1325581395348837,False
PEX3,PEX19,P56589,P40855,0.4462432861328125,1178,0.4759273,0.009894021786749363,-0.10952191799879074,0.16353887399463807,False
HADHA,HADHB,P40939,P55084,0.23056335747241974,1178,0.60480568,-0.21814396977424622,0.01742246001958847,0.14809960681520315,False
ID1,TCF12,P41134,Q99081,-0.2312866598367691,1178,0.61269552,-0.02474992722272873,-0.028791137039661407,0.07771260997067449,False
BCL6,KLHL12,P41182,Q53G59,-0.0078081958927214146,1178,0.62299844,-0.12694266438484192,-0.15302865207195282,0.19121813031161472,False
KRT31,PRPH,Q15323,P41219,0.037110619246959686,1178,0.73589748,-0.2508959472179413,-0.12603215873241425,0.24680851063829787,False
PRPH,KRT24,P41219,Q2M2I5,-0.142124205827713,1178,0.73546852,-0.12603215873241425,-0.00982823595404625,0.2876190476190476,False
PRPH,KRT27,P41219,Q7Z3Y8,0.010683768428862095,1178,0.73486219,-0.12603215873241425,-0.003711748169735074,0.2957446808510638,False
NAA10,NAA15,P41227,Q9BXJ9,0.0591336190700531,1178,0.72165637,-0.9787938594818115,-1.2085673809051514,0.09353348729792148,False
SQSTM1,PRKCI,Q13501,P41743,0.02267421782016754,1178,0.31100982,-0.04486191272735596,-0.15377852320671082,0.17785234899328858,False
PRKCI,PARD6B,P41743,Q9BYG5,0.6624558568000793,1178,0.51977512,-0.15377852320671082,-0.17041265964508057,0.16946308724832215,False
PIK3CA,PIK3R3,P42336,Q92569,0.009548904374241829,1178,0.5832703,-0.4859408736228943,0.008239366114139557,0.11610486891385768,False
PIK3CB,PIK3R3,P42338,Q92569,0.0903644934296608,1178,0.4870594,-0.19497564435005188,0.008239366114139557,0.11401869158878504,False
CDK6,CDKN2B,Q00534,P42772,-0.15829744935035706,1162,0.66392269,-0.5881827473640442,0.0685386061668396,0.12269938650306748,False
RANBP1,RAN,P43487,P62826,-0.021065114066004753,1178,0.70812752,-0.4180532693862915,-3.9330873489379883,0.16203703703703703,False
PSMC4,PSMD1,P43686,Q99460,0.2700693905353546,1178,0.35468739,-1.476918339729309,-1.290125846862793,0.1322140608604407,True
NOP2,NIP7,P46087,Q9Y221,0.30213671922683716,1178,0.64631682,-1.1711328029632568,-1.973719835281372,0.07512315270935961,False
GET4,BAG6,Q7L5D6,P46379,0.13796518743038177,1178,0.544624,-0.1893346756696701,-0.05223003029823303,0.08657243816254417,False
UBL4B,BAG6,Q8N7F7,P46379,0.10150358080863953,1178,0.53802118,-0.22585390508174896,-0.05223003029823303,0.06007067137809187,False
ABRAXAS2,BRCC3,Q15018,P46736,0.28597602248191833,1178,0.7305748,0.12475059926509857,-0.00907563790678978,0.17590361445783131,False
RPS5,RPS16,P46782,P62249,0.09862520545721054,1178,0.45058144,-1.7800742387771606,-2.0666143894195557,0.1568627450980392,False
RPS5,RPS25,P46782,P62851,-0.024873865768313408,1178,0.32560862,-1.7800742387771606,-1.306203842163086,0.16176470588235295,False
YAP1,TEAD4,P46937,Q15561,0.13232234120368958,1178,0.65138477,-0.33604955673217773,-0.13746291399002075,0.17261904761904762,False
CAPZA1,CAPZB,P52907,P47756,0.08101863414049149,1178,0.72948094,-0.09416788071393967,-1.0489094257354736,0.22727272727272727,True
COPB1,ARCN1,P53618,P48444,0.33811795711517334,1178,0.71826949,-2.200925350189209,-1.4538465738296509,0.14480587618048268,False
CCT7,CCT5,Q99832,P48643,0.22240450978279114,1178,0.69036703,-1.2834358215332031,-1.163062572479248,0.2965009208103131,True
KRT33B,KRT6C,Q14525,P48668,0.03917078673839569,1043,0.73594317,-0.04680206999182701,0.012313111685216427,0.20567375886524822,False
KRT31,KRT6C,Q15323,P48668,-0.06536281108856201,1043,0.73623919,-0.2508959472179413,0.012313111685216427,0.20921985815602837,False
KRT24,KRT6C,Q2M2I5,P48668,0.03290887176990509,1043,0.73607512,-0.00982823595404625,0.012313111685216427,0.2907801418439716,False
KRT6C,KRT27,P48668,Q7Z3Y8,0.03958382457494736,1043,0.73578454,0.012313111685216427,-0.003711748169735074,0.21808510638297873,False
KRT6C,KRT26,P48668,Q7Z3Y9,-0.020196355879306793,1043,0.73578576,0.012313111685216427,0.06893695145845413,0.23404255319148937,False
KRT6C,KRT35,P48668,Q92764,0.01328908372670412,1043,0.73594245,0.012313111685216427,-0.04544695466756821,0.22872340425531915,False
TNNC1,TNNI2,P63316,P48788,0.029561132192611694,1178,0.49157949,-0.0695779025554657,0.14828161895275116,0.17032967032967034,False
POLD2,POLD4,P49005,Q9HCU8,0.02286936342716217,1178,0.40268523,-1.1467145681381226,-0.1641833335161209,0.08102345415778252,True
MAPK14,MAPKAPK2,Q16539,P49137,0.03772040456533432,1178,0.48999788,-0.19917462766170502,0.013403989374637604,0.225,False
FNTA,FNTB,P49354,P49356,0.40408772230148315,1178,0.73272128,-1.053314208984375,-0.6770198941230774,0.17620137299771166,False
CENPA,HJURP,P49450,Q8NCD3,0.5313756465911865,1178,0.36785678,-0.9161974787712097,-0.9591350555419922,0.0748663101604278,True
PSMB2,PSMB3,P49721,P49720,0.18601484596729279,1178,0.62099007,-1.965756893157959,-2.682792901992798,0.18048780487804877,True
PSMB3,PSMB7,P49720,Q99436,0.22596444189548492,1178,0.71065068,-2.682792901992798,-1.3106693029403687,0.17689530685920576,True
MCM2,MCM6,P49736,Q14566,0.21479372680187225,1178,0.64602067,-1.58405601978302,-1.2173418998718262,0.2743362831858407,True
PSEN1,PSENEN,P49768,Q9NZ42,0.30825310945510864,1178,0.45139092,-0.03750456124544144,-0.1867484301328659,0.07066381156316917,True
EIF2B2,EIF2B5,P49770,Q13144,0.16171850264072418,1178,0.48516257,-1.5565990209579468,-1.188346266746521,0.13453536754507628,True
EIF2B1,EIF2B2,Q14232,P49770,0.0581163689494133,1178,0.63785079,-0.9620545506477356,-1.5565990209579468,0.2621082621082621,True
EIF2B4,EIF2B2,Q9UI10,P49770,0.16958877444267273,1178,0.71102066,-1.7274729013442993,-1.5565990209579468,0.21032504780114722,True
TAF5,TAF6,Q15542,P49848,0.2725759744644165,1178,0.69362836,-0.7188271284103394,-1.4066530466079712,0.17,True
TAF8,TAF6,Q7Z7C8,P49848,0.31507986783981323,1178,0.61578871,-0.9052237868309021,-1.4066530466079712,0.12259970457902511,False
ZNF417,ZNF165,Q8TAU3,P49910,0.021500829607248306,1043,0.37903487,-0.23774990439414978,0.03909750282764435,0.28695652173913044,False
ZNF837,ZNF165,Q96EG3,P49910,0.056145064532756805,1178,0.38247594,0.05141957849264145,0.03909750282764435,0.2806026365348399,False
ZNF668,ZNF165,Q96K58,P49910,-0.09280393272638321,1178,0.4733756,-0.04536563903093338,0.03909750282764435,0.2294022617124394,False
ZNF446,ZNF165,Q9NWS9,P49910,-0.05772294104099274,1178,0.69444692,-0.01591249741613865,0.03909750282764435,0.27628865979381445,False
LIG4,XRCC4,P49917,Q13426,0.3090002238750458,1178,0.41454652,-0.0740673765540123,-0.28060364723205566,0.11855104281009879,True
LHX2,LDB1,P50458,Q86U70,0.03780709207057953,1178,0.56851923,0.10475849360227585,-0.27440598607063293,0.1922141119221411,False
MXI1,MAX,P50539,P61244,-0.021768363192677498,1178,0.70093759,0.1167023628950119,-0.8430703282356262,0.18421052631578946,False
CCNH,CDK7,P51946,P50613,0.331685870885849,1178,0.53818951,-1.238848328590393,-1.7689447402954102,0.20520231213872833,True
TOB1,CNOT7,P50616,Q9UIV1,0.13848640024662018,1178,0.5400246,-0.1471826583147049,-0.28911975026130676,0.1855072463768116,False
CCT7,CCT8,Q99832,P50990,0.2097841054201126,1178,0.68692903,-1.2834358215332031,-1.6886985301971436,0.2664233576642336,True
MRPS35,DAP3,P82673,P51398,0.5564103126525879,1178,0.5771724,-0.480411559343338,-0.6680818796157837,0.17839195979899497,False
PSMD4,PSMD7,P55036,P51665,0.12276044487953186,1178,0.37841999,-1.4754254817962646,-1.5957725048065186,0.21485411140583555,True
UBE2D1,XIAP,P51668,P98170,0.021583005785942078,1178,0.47825196,0.019335202872753143,-0.023898975923657417,0.07847082494969819,False
UBE2D1,RNF25,P51668,Q96BH1,-0.06155175343155861,1178,0.23418538,0.019335202872753143,-0.19160978496074677,0.09586056644880174,False
UBE2D1,RNF2,P51668,Q99496,-0.038309428840875626,1178,0.57814576,0.019335202872753143,-0.043620992451906204,0.11011904761904762,False
UBE2D1,TRIM39,P51668,Q9HCM9,-0.035090647637844086,1178,0.49673962,0.019335202872753143,0.05317116901278496,0.08687258687258688,False
UBE2D1,RNF11,P51668,Q9Y3C5,0.00800357200205326,1178,0.28933237,0.019335202872753143,-0.2636364698410034,0.19480519480519481,False
MNAT1,CCNH,P51948,P51946,0.1325189620256424,1178,0.60407878,-0.5499284267425537,-1.238848328590393,0.17337461300309598,True
NUP50,KPNA2,Q9UKX7,P52292,0.23685865104198456,1178,0.65922982,-0.5918383002281189,-0.36932671070098877,0.18147448015122875,False
GTF2A1,GTF2A2,P52655,P52657,0.1292266994714737,1178,0.72137285,-0.7866156101226807,-1.3473063707351685,0.10372340425531915,True
ARFIP2,RAC3,P53365,P60763,-0.005284758750349283,1178,0.54378954,0.1658092588186264,-0.17363302409648895,0.15249266862170088,False
SUCLG2,SUCLG1,Q96I99,P53597,0.031008556485176086,1178,0.69733087,-0.01316065713763237,-0.1954725980758667,0.18287037037037038,False
SUCLG1,SUCLA2,P53597,Q9P2R7,0.38958442211151123,1178,0.69447868,-0.1954725980758667,-0.1812000572681427,0.183585313174946,False
PTAR1,RABGGTB,Q7Z6K3,P53611,0.0511213056743145,1178,0.71459349,-0.27584463357925415,-1.477100133895874,0.1517412935323383,False
RABGGTA,RABGGTB,Q92696,P53611,0.23250111937522888,1178,0.7301725,-1.2767611742019653,-1.477100133895874,0.13580246913580246,False
COPB1,COPG1,P53618,Q9Y678,0.2747955024242401,1178,0.72388112,-2.200925350189209,-1.2484346628189087,0.1993704092339979,False
SPAST,IST1,Q9UBP0,P53990,0.08045099675655365,1178,0.29671496,-0.06106669828295708,-0.3090859651565552,0.14935064935064934,False
SEC23A,SEC24C,Q15436,P53992,0.0866473838686943,1178,0.57814952,-0.16737113893032074,-0.1315603405237198,0.1453382084095064,False
SEC23B,SEC24C,Q15437,P53992,0.18296992778778076,1178,0.55221693,0.10688722133636475,-0.1315603405237198,0.15447897623400367,False
POLG2,POLG,Q9UHN1,P54098,0.7139317393302917,1178,0.48284111,-0.3174952566623688,-0.28604772686958313,0.12832929782082325,False
RARS1,AIMP1,P54136,Q12904,0.18383468687534332,1178,0.57036932,-0.7889400124549866,-0.03705368563532829,0.13333333333333333,True
ASF1A,HIRA,Q9Y294,P54198,0.35306745767593384,1178,0.44590249,-0.11096007376909256,-0.6485676765441895,0.06686332350049164,True
PRKAB1,PRKAG1,Q9Y478,P54619,0.00720527209341526,1178,0.62753231,0.00938569474965334,-0.30111047625541687,0.2084592145015106,True
HSPA2,HSPH1,P54652,Q92598,-0.003772097174078226,1178,0.71527689,0.03784184902906418,-0.019156448543071747,0.2505827505827506,False
NGLY1,RAD23A,Q96IV0,P54725,0.007749358657747507,1178,0.36325102,-0.23256716132164001,-0.19529052078723907,0.154434250764526,False
VCP,UBXN2B,P55072,Q14CS0,-0.014201217330992222,1178,0.37560862,-2.5106303691864014,-0.03711814433336258,0.11662531017369727,False
NSFL1C,VCP,Q9UNZ2,P55072,-0.0936369076371193,1178,0.43351215,-0.14121221005916595,-2.5106303691864014,0.13399503722084366,False
MFAP1,PRPF38A,P55081,Q8NAV1,0.09517230838537216,1178,0.49816008,-1.7876204252243042,-2.517758369445801,0.16400911161731208,False
CDK6,CDKN2D,Q00534,P55273,-0.05674772709608078,1178,0.57192134,-0.5881827473640442,-0.05516837164759636,0.15030674846625766,False
PKNOX1,PBX4,P55347,Q9BYU1,-0.04152880236506462,1178,0.70704054,0.004301803186535835,-0.06620407849550247,0.22935779816513763,False
EIF3B,EIF3I,P55884,Q13347,0.07605044543743134,1178,0.47634515,-1.7704758644104004,-1.693983554840088,0.11793611793611794,True
NUP133,NUP107,Q8WUM0,P57740,0.24898841977119446,1178,0.5608663,-1.4950577020645142,-1.0540111064910889,0.17647058823529413,True
ACTB,DSTN,P60709,P60981,-0.040337275713682175,1178,0.49641191,-0.6299494504928589,-0.29271790385246277,0.10933333333333334,False
PARD6B,RAC3,Q9BYG5,P60763,0.049874819815158844,1178,0.30886001,-0.17041265964508057,-0.17363302409648895,0.13440860215053763,False
EIF4A1,EIF4G2,P60842,P78344,0.09787961840629578,1178,0.51735686,-1.2459946870803833,-0.654594898223877,0.1278941565600882,False
EIF4A1,EIF4G1,P60842,Q04637,0.20853878557682037,1178,0.62118333,-1.2459946870803833,-0.7195534110069275,0.07879924953095685,True
PSMB7,PSMA6,Q99436,P60900,0.16577470302581787,1178,0.47188938,-1.3106693029403687,-2.800093650817871,0.18050541516245489,True
CDC42,PARD6B,P60953,Q9BYG5,0.305563747882843,1178,0.40886504,-1.0326825380325317,-0.17041265964508057,0.1532258064516129,False
CDC42,PAK5,P60953,Q9P286,0.06290781497955322,1178,0.27809921,-1.0326825380325317,0.0954674780368805,0.08344923504867872,False
DSTN,ACTG1,P60981,P63261,-0.017001651227474213,1178,0.50632848,-0.29271790385246277,-0.7161232233047485,0.10933333333333334,False
UBE2D3,RNF25,P61077,Q96BH1,-0.01973588578402996,1178,0.58901662,-0.7190125584602356,-0.19160978496074677,0.08932461873638345,False
UBE2D3,RNF2,P61077,Q99496,-0.062458351254463196,1178,0.57880092,-0.7190125584602356,-0.043620992451906204,0.125,False
UBE2D3,TRIM62,P61077,Q9BVG3,-0.014600643888115883,1178,0.40331423,-0.7190125584602356,-0.06538432836532593,0.09263157894736843,False
UBE2M,NEDD8,P61081,Q15843,0.25637879967689514,1178,0.30968575,-1.2070538997650146,-1.6704586744308472,0.1366120218579235,False
UBE2N,UBE2V2,P61088,Q15819,0.16400480270385742,1178,0.5371308,-1.0837346315383911,-0.13798484206199646,0.23026315789473684,False
GPS1,COPS2,Q13098,P61201,0.2997936010360718,1178,0.51848484,-0.9957727193832397,-1.2902846336364746,0.19144602851323828,True
COPS5,COPS2,Q92905,P61201,0.3145943582057953,1178,0.24437281,-1.7886699438095093,-1.2902846336364746,0.16930022573363432,True
COPS4,COPS2,Q9BT78,P61201,0.3095570504665375,1178,0.35269854,-1.1246813535690308,-1.2902846336364746,0.1986455981941309,True
POLR2F,POLR2G,P61218,P62487,0.2728419899940491,1178,0.34552545,-1.9807473421096802,-1.6229546070098877,0.13372093023255813,True
RPS3A,RPS14,P61247,P62263,0.08032289147377014,1059,0.57598316,-2.732116460800171,-2.151735305786133,0.13636363636363635,False
MAGOH,RBM8A,P61326,Q9Y5S9,-0.013820825144648552,1178,0.72148688,-0.9739605784416199,-1.3053584098815918,0.16666666666666666,True
PFDN5,VBP1,Q99471,P61758,0.5964275598526001,1178,0.67223761,-0.7839041948318481,-0.5921470522880554,0.16243654822335024,True
PFDN4,VBP1,Q9NQP4,P61758,0.5148885250091553,1178,0.66699644,-0.2962217330932617,-0.5921470522880554,0.16243654822335024,True
PFDN2,VBP1,Q9UHV9,P61758,0.15335482358932495,1178,0.51509947,-1.658110499382019,-0.5921470522880554,0.18274111675126903,True
STXBP1,STX19,P61764,Q8N4C7,-0.06305145472288132,1178,0.69910531,-0.20132680237293243,0.07746047526597977,0.12626262626262627,False
WDR5,RBBP5,P61964,Q15291,0.20973755419254303,1178,0.59122012,-0.9886586666107178,-0.9473321437835693,0.18587360594795538,True
LMO4,LDB1,P61968,Q86U70,-0.1566760092973709,1178,0.59730735,0.0029102149419486523,-0.27440598607063293,0.1192214111922141,True
DMWD,USP46,Q09019,P62068,-0.10059786587953568,1178,0.58994989,-0.01021923590451479,-0.05025318264961243,0.13353115727002968,False
WDR48,USP46,Q8TAF3,P62068,0.049828797578811646,1178,0.64387725,-0.4086480438709259,-0.05025318264961243,0.14180206794682423,False
USP46,WDR20,P62068,Q8TBZ3,0.1598939597606659,1178,0.58528097,-0.05025318264961243,-0.13689833879470825,0.1687170474516696,False
TIMM9,TIMM10,Q9Y5J7,P62072,0.5125314593315125,1178,0.66247223,-0.5253830552101135,-1.1393420696258545,0.24444444444444444,False
RPS7,RPS15A,P62081,P62244,0.110435850918293,1178,0.34068356,-2.106677532196045,-2.3520750999450684,0.15463917525773196,False
PPP1CA,PPP1R8,P62136,Q12972,-0.03718850016593933,1178,0.68236288,-0.6405314207077026,-1.1109905242919922,0.1794871794871795,False
PPP1CA,TP53BP2,P62136,Q13625,0.15680208802223206,1178,0.40889985,-0.6405314207077026,-0.129046231508255,0.09131205673758866,False
PPP1CA,PPP1R7,P62136,Q15435,0.2117677927017212,1178,0.62688207,-0.6405314207077026,-0.8228361010551453,0.19166666666666668,False
CDCA2,PPP1CA,Q69YH5,P62136,0.04913875460624695,1178,0.3429677,-0.16027207672595978,-0.6405314207077026,0.09970674486803519,False
PPP1R13L,PPP1CA,Q8WUF5,P62136,-0.027773162350058556,1178,0.62842704,-0.10331360995769501,-0.6405314207077026,0.11956521739130435,False
PPP1R13B,PPP1CA,Q96KQ4,P62136,-0.04224781319499016,1178,0.30260617,0.09178917109966278,-0.6405314207077026,0.09724770642201835,False
PPP1CA,PPP1R10,P62136,Q96QC0,0.04372543469071388,1178,0.57976561,-0.6405314207077026,-1.2280354499816895,0.10425531914893617,False
PPP1R7,PPP1CB,Q15435,P62140,0.1907886564731598,1178,0.23322007,-0.8228361010551453,-1.209707260131836,0.19166666666666668,False
PPP1R16A,PPP1CB,Q96I34,P62140,-0.042881909757852554,1178,0.43924084,0.014828716404736042,-1.209707260131836,0.1590909090909091,False
RPS8,RPS11,P62241,P62280,0.14276233315467834,1178,0.5074552,-2.8838350772857666,-2.514690399169922,0.15384615384615385,False
RPS15,RPS18,P62841,P62269,0.0477154441177845,1178,0.43611883,-2.209298610687256,-2.332073211669922,0.17105263157894737,False
SNRPE,SNRPG,P62304,P62308,0.14760906994342804,1043,0.64585433,-1.9233803749084473,-2.0647547245025635,0.21739130434782608,True
SNRPF,LSM3,P62306,P62310,-0.07285047322511673,1178,0.6198536,-2.854300022125244,-1.8582645654678345,0.19607843137254902,False
SNRPD2,SNRPF,P62316,P62306,0.16680066287517548,1178,0.61592008,-2.115201711654663,-2.854300022125244,0.17796610169491525,True
LSM7,SNRPF,Q9UK45,P62306,0.204560324549675,1178,0.54208894,-1.8273288011550903,-2.854300022125244,0.2524271844660194,False
LSM5,SNRPF,Q9Y4Y9,P62306,0.05459166318178177,1178,0.57163684,-1.5161651372909546,-2.854300022125244,0.23076923076923078,False
LSM6,LSM3,P62312,P62310,0.08296668529510498,1178,0.62883678,-0.8991559147834778,-1.8582645654678345,0.21568627450980393,True
SNRPD3,LSM3,P62318,P62310,-0.06568224728107452,349,0.62496672,-4.249576091766357,-1.8582645654678345,0.1746031746031746,False
LSM3,LSM2,P62310,Q9Y333,0.10102240741252899,1178,0.67017944,-1.8582645654678345,-2.2870986461639404,0.22549019607843138,True
LSM6,LSM7,P62312,Q9UK45,0.2401786744594574,1178,0.58633313,-0.8991559147834778,-1.8273288011550903,0.21359223300970873,True
SNRPD1,SNRPD2,P62314,P62316,0.22911770641803741,1178,0.64118527,-2.5965354442596436,-2.115201711654663,0.21008403361344538,True
CNOT7,BTG1,Q9UIV1,P62324,0.2110918164253235,1178,0.5074062,-0.28911975026130676,-0.10734635591506958,0.14385964912280702,False
RPL36,RPL7A,Q9Y3U8,P62424,-0.004025835078209639,1178,0.28279498,-2.0774693489074707,-2.1105988025665283,0.12781954887218044,False
ETF1,GSPT2,P62495,Q8IYD1,0.03590208292007446,1178,0.60514243,-1.7784935235977173,-0.019425490871071815,0.17197452229299362,False
NR0B2,ESRRG,Q15466,P62508,-0.019276408478617668,1178,0.59592919,-0.11247514933347702,-0.02305818907916546,0.13973799126637554,False
RPS4X,RPS6,P62701,P62753,0.11109268665313721,1178,0.23221289,-2.3243656158447266,-2.1019952297210693,0.17490494296577946,False
RPL24,RPS6,P83731,P62753,0.0792560875415802,1178,0.398097,-2.010774612426758,-2.1019952297210693,0.1686746987951807,False
H4C1,H3-3A,P62805,P84243,0.10666798055171967,1059,0.70631707,-0.2337685376405716,-1.2865922451019287,0.2426470588235294,True
H2BC21,H4C1,Q16778,P62805,-0.018830452114343643,1059,0.52612178,-0.6313583850860596,-0.2337685376405716,0.16666666666666666,True
H4C1,DAXX,P62805,Q9UER7,0.08454765379428864,1178,0.64458317,-0.2337685376405716,-0.3513828217983246,0.04594594594594595,False
RAN,KPNB1,P62826,Q14974,0.12260676920413971,1178,0.70935095,-3.9330873489379883,-2.0271530151367188,0.0776255707762557,False
RNF25,UBE2D2,Q96BH1,P62837,0.003661978989839554,1178,0.25176468,-0.19160978496074677,-0.022569013759493828,0.0915032679738562,False
OTUB1,UBE2D2,Q96FW1,P62837,0.2908361554145813,1178,0.64331266,-0.24090775847434998,-0.022569013759493828,0.11070110701107011,False
RNF2,UBE2D2,Q99496,P62837,-0.014266476966440678,1178,0.59691732,-0.043620992451906204,-0.022569013759493828,0.12797619047619047,False
RNF126,UBE2D2,Q9BV68,P62837,-0.029565664008259773,1178,0.52740692,0.058606889098882675,-0.022569013759493828,0.13504823151125403,False
RNF11,UBE2D2,Q9Y3C5,P62837,0.02064264938235283,1178,0.50284691,-0.2636364698410034,-0.022569013759493828,0.17532467532467533,False
GNG5,GNB1,P63218,P62873,0.12639929354190826,1043,0.72273873,-0.2748493254184723,-0.16559244692325592,0.06470588235294118,False
TP53BP2,GRB2,Q13625,P62993,0.16527430713176727,1178,0.29205594,-0.129046231508255,-0.8988953232765198,0.07446808510638298,False
AP2B1,AP2M1,P63010,Q96CW1,0.3308624029159546,1178,0.72129879,-0.15819475054740906,-0.6677334308624268,0.11419423692636073,False
AP2B1,AP1M1,P63010,Q9BXS5,0.0813824012875557,1178,0.71728683,-0.15819475054740906,-0.09985730051994324,0.12166488794023479,False
AP2B1,NECAP2,P63010,Q9NVZ3,0.052229661494493484,1178,0.27104476,-0.15819475054740906,0.0013707546750083566,0.09498399146211313,False
AP1M2,AP2B1,Q9Y6Q5,P63010,0.05779825150966644,1178,0.72165501,-0.03890621289610863,-0.15819475054740906,0.12273212379935966,False
UBE2I,SUMO1,P63279,P63165,-0.0038812567945569754,1178,0.54769064,-2.037322521209717,-0.17551855742931366,0.14556962025316456,False
SENP1,SUMO1,Q9P0U3,P63165,-0.00020295732247177511,1178,0.61861916,0.06102803349494934,-0.17551855742931366,0.062111801242236024,False
SUMO1,UBA2,P63165,Q9UBT2,0.05383193865418434,1178,0.37399899,-0.17551855742931366,-1.1903843879699707,0.053125,False
UBE2I,UBA2,P63279,Q9UBT2,0.20873814821243286,1178,0.42887408,-2.037322521209717,-1.1903843879699707,0.096875,False
PPME1,PPP2CA,Q9Y570,P67775,0.2764590084552765,1178,0.54799461,-0.2904433608055115,-0.9587439894676208,0.15803108808290156,True
CSNK2A1,CSNK2B,P68400,P67870,0.2934878468513489,1178,0.51195461,-0.12552425265312195,-0.8481774926185608,0.15601023017902813,True
H3C1,H2AC1,P68431,Q96QV6,0.035152941942214966,1178,0.51555101,-0.2667277157306671,-0.0310163963586092,0.19852941176470587,False
RPP30,POP5,P78346,Q969H6,0.4110487401485443,1178,0.65635863,-0.9495115876197815,-1.621015191078186,0.11940298507462686,True
PHC1,SFMBT1,P78364,Q9UHJ3,0.08629975467920303,1178,0.32816266,-0.12174217402935028,-0.06111210957169533,0.17729083665338646,False
KRT33B,KRT83,Q14525,P78385,0.05971270799636841,1059,0.73672686,-0.04680206999182701,-0.11967850476503372,0.2434077079107505,False
KRT31,KRT83,Q15323,P78385,0.03339684009552002,1178,0.73640976,-0.2508959472179413,-0.11967850476503372,0.25557809330628806,False
KRT83,KRT39,P78385,Q6A163,0.022539090365171432,1178,0.73474692,-0.11967850476503372,-0.010349982418119907,0.2718052738336714,False
KRT83,KRT27,P78385,Q7Z3Y8,0.0053427633829414845,1178,0.73640913,-0.11967850476503372,-0.003711748169735074,0.2210953346855984,False
KRT83,KRT35,P78385,Q92764,0.06334099173545837,1178,0.7363988,-0.11967850476503372,-0.04544695466756821,0.2778904665314402,False
KRT33B,KRT85,Q14525,P78386,0.019868362694978714,1059,0.73629433,-0.04680206999182701,-0.1452023983001709,0.2504930966469428,False
KRT31,KRT85,Q15323,P78386,-0.018314868211746216,1178,0.73637999,-0.2508959472179413,-0.1452023983001709,0.25443786982248523,False
KRT85,KRT39,P78386,Q6A163,-0.04931725934147835,1178,0.73500962,-0.1452023983001709,-0.010349982418119907,0.26232741617357,False
KRT85,KRT27,P78386,Q7Z3Y8,-0.042514048516750336,1178,0.73640882,-0.1452023983001709,-0.003711748169735074,0.2465483234714004,False
KRT85,KRT26,P78386,Q7Z3Y9,0.009158562868833542,1178,0.7361643,-0.1452023983001709,0.06893695145845413,0.2445759368836292,False
KRT85,KRT35,P78386,Q92764,-0.010523738339543343,1178,0.73487578,-0.1452023983001709,-0.04544695466756821,0.2879684418145957,False
CNOT7,BTG2,Q9UIV1,P78543,0.12830595672130585,1178,0.50864567,-0.28911975026130676,0.03771461918950081,0.14035087719298245,False
SSBP2,LDB1,P81877,Q86U70,0.16193220019340515,1178,0.49885679,-0.06135065481066704,-0.27440598607063293,0.1922141119221411,False
MRPS18B,MRPS22,Q9Y676,P82650,0.6530183553695679,1178,0.62948233,-0.4515449106693268,-0.5470989346504211,0.19166666666666668,False
LHX4,HOXC5,Q969G2,Q00444,-0.021495964378118515,1178,0.24763167,-0.16797874867916107,-0.12971623241901398,0.12307692307692308,False
PBX4,HOXC5,Q9BYU1,Q00444,0.0938417911529541,1178,0.25452922,-0.06620407849550247,-0.12971623241901398,0.13368983957219252,False
LHX3,HOXC5,Q9UBR4,Q00444,-0.05933024734258652,1178,0.30738255,-0.08788729459047318,-0.12971623241901398,0.11083123425692695,False
CDK5,CDK5R1,Q00535,Q15078,0.028626417741179466,1178,0.62287761,-0.0554763600230217,-0.0239277146756649,0.20195439739413681,False
E2F1,TFDP2,Q01094,Q14188,0.10577388852834702,1178,0.71984336,-0.1296209841966629,-0.036540791392326355,0.2242152466367713,False
KRT31,KRT76,Q15323,Q01546,-0.02464180253446102,1178,0.7363248,-0.2508959472179413,-0.07462546974420547,0.1896551724137931,False
KRT76,KRT39,Q01546,Q6A163,-0.020879540592432022,1178,0.73575856,-0.07462546974420547,-0.010349982418119907,0.1896551724137931,False
KRT27,KRT76,Q7Z3Y8,Q01546,0.05160696059465408,1178,0.73479348,-0.003711748169735074,-0.07462546974420547,0.2006269592476489,False
ID2,TCF12,Q02363,Q99081,-0.12442347407341003,1178,0.5991222,-0.1517462581396103,-0.028791137039661407,0.07771260997067449,False
NFKBIB,RELA,Q15653,Q04206,0.010710615664720535,1178,0.48620791,-0.13186009228229523,-0.40592074394226074,0.1724137931034483,True
PRKCZ,PARD6B,Q05513,Q9BYG5,0.23417283594608307,1178,0.4724612,-0.12940776348114014,-0.17041265964508057,0.15371621621621623,False
ZBTB16,ZNF620,Q05516,Q6ZNG0,-0.06249918043613434,1178,0.43142195,0.13643740117549896,0.1419260948896408,0.2139673105497771,False
ZBTB16,ZNF655,Q05516,Q8N720,-0.02957427315413952,1178,0.34593986,0.13643740117549896,-0.08213110268115997,0.20356612184249628,False
ZBTB16,ZNF552,Q05516,Q9H707,-0.006293758284300566,1178,0.46568462,0.13643740117549896,0.13198037445545197,0.1961367013372957,False
EXOSC8,EXOSC9,Q96B26,Q06265,0.10971546918153763,1178,0.65331735,-1.1000125408172607,-1.099562168121338,0.17995444191343962,True
EXOSC9,EXOSC4,Q06265,Q9NPD3,0.13823315501213074,1178,0.69636617,-1.099562168121338,-1.2505991458892822,0.15034168564920272,True
EXOSC9,EXOSC5,Q06265,Q9NQT4,0.13938041031360626,1178,0.61493841,-1.099562168121338,-0.7447444200515747,0.12984054669703873,True
EXOSC3,EXOSC9,Q9NQT5,Q06265,0.2648617923259735,1178,0.44656668,-1.1834310293197632,-1.099562168121338,0.17995444191343962,True
YAF2,RING1,Q8IY57,Q06587,0.06175205856561661,1178,0.50122989,-0.05739471688866615,-0.13724876940250397,0.10837438423645321,True
RING1,PCGF6,Q06587,Q9BYE7,0.05838226526975632,1178,0.66312603,-0.13724876940250397,-0.08609818667173386,0.1896551724137931,True
BAD,BCL2L1,Q92934,Q07817,-0.012840316630899906,1178,0.48844703,-0.1479661613702774,-1.0604352951049805,0.13733905579399142,False
BMF,MCL1,Q96LC9,Q07820,-0.1336706131696701,1178,0.60481183,-0.3204626441001892,-0.7977405190467834,0.13714285714285715,False
SSRP1,SUPT16H,Q08945,Q9Y5B9,0.2252277135848999,1178,0.6785832,-1.3092103004455566,-1.9971474409103394,0.18242597898758356,True
TUBGCP3,MZT1,Q96CW5,Q08AG7,0.12661251425743103,1178,0.59118115,-1.287010669708252,-1.3801252841949463,0.040793825799338476,False
TUBGCP5,MZT1,Q96RT8,Q08AG7,0.16327333450317383,1178,0.5785019,-1.0977258682250977,-1.3801252841949463,0.03125,False
RBBP4,MTA1,Q09028,Q13330,0.0878981277346611,1178,0.66507968,-1.1858043670654297,-0.019022829830646515,0.13706293706293707,True
AP1B1,AP1M1,Q10567,Q9BXS5,0.12420392036437988,1178,0.71772902,-0.14864765107631683,-0.09985730051994324,0.12223393045310854,True
SMARCB1,SMARCC2,Q12824,Q8TAQ2,0.10048673301935196,1178,0.55930465,-0.8200259804725647,-0.2493668496608734,0.10790774299835255,True
SMARCB1,SMARCC1,Q12824,Q92922,0.430001825094223,1178,0.57677881,-0.8200259804725647,-0.24090653657913208,0.11040723981900452,True
STX4,STX12,Q12846,Q86Y82,-0.03502034768462181,1178,0.29421003,-0.4164348542690277,-0.050052057951688766,0.2558922558922559,False
STX4,NAPB,Q12846,Q9H115,0.03806328400969505,1178,0.29641313,-0.4164348542690277,0.1112164705991745,0.1644295302013423,False
SF3A3,SF3B2,Q12874,Q13435,0.27475929260253906,1178,0.42800527,-2.3394217491149902,-1.3631874322891235,0.12625698324022347,False
SF3A3,SF3B3,Q12874,Q15393,0.21320216357707977,1178,0.31197273,-2.3394217491149902,-2.490142583847046,0.12243221035332785,False
SF3A1,SF3A3,Q15459,Q12874,0.24164174497127533,1178,0.72072878,-1.7595044374465942,-2.3394217491149902,0.13745271122320302,False
TRAF2,TRAF6,Q12933,Q9Y4K3,0.07556366920471191,1178,0.69984569,-0.3087533712387085,-0.10561288893222809,0.2777777777777778,False
MOB4,STRN3,Q9Y3A3,Q13033,0.09184380620718002,1178,0.71679053,-0.6202681660652161,-0.1860688030719757,0.09410288582183186,False
CDC26,CDC16,Q8NHZ8,Q13042,0.13387064635753632,1178,0.70238718,-0.7702729105949402,-2.263195037841797,0.0532258064516129,False
CDC16,ANAPC13,Q13042,Q9BS18,0.18266455829143524,1178,0.31570627,-2.263195037841797,-0.5239772796630859,0.05,False
CDC23,CDC16,Q9UJX2,Q13042,0.22053979337215424,1178,0.35526335,-2.192012071609497,-2.263195037841797,0.21935483870967742,True
MRPL28,MRPL41,Q13084,Q8IXM3,0.6366504430770874,1178,0.36875111,-0.3826288878917694,-0.6767116189002991,0.12890625,False
MRPL28,MRPL9,Q13084,Q9BYD2,0.5439146161079407,1178,0.69870675,-0.3826288878917694,-0.46703478693962097,0.19850187265917604,False
MRPL28,MRPL47,Q13084,Q9HD33,0.6360538005828857,1178,0.42811382,-0.3826288878917694,-0.3441239297389984,0.2109375,False
COPS6,GPS1,Q7L5N1,Q13098,0.27869731187820435,1178,0.233398,-1.543968677520752,-0.9957727193832397,0.14052953156822812,True
GPS1,COPS3,Q13098,Q9UNS2,0.28764814138412476,1178,0.62320691,-0.9957727193832397,-0.7339261174201965,0.19144602851323828,True
ZBTB17,ZBTB8A,Q13105,Q96BR9,-0.013500671833753586,1178,0.6903852,-0.6362401843070984,-0.03165227174758911,0.1780821917808219,False
EIF2B3,EIF2B5,Q9NR50,Q13144,0.14388489723205566,1178,0.27111765,-1.5232967138290405,-1.188346266746521,0.14701803051317613,True
KARS1,AIMP2,Q15046,Q13155,0.015309133566915989,1178,0.5547639,-1.648799180984497,-0.16126829385757446,0.1273031825795645,True
STK3,MOB1B,Q13188,Q7L9L4,0.010386841371655464,1178,0.26230822,-0.17880240082740784,0.05813823267817497,0.11608961303462322,False
PSMD1,PSMD2,Q99460,Q13200,0.23902083933353424,1178,0.6194188,-1.290125846862793,-1.3627455234527588,0.19622245540398742,True
MBD2,MTA1,Q9UBB5,Q13330,0.13319869339466095,1178,0.36450333,-0.09072520583868027,-0.019022829830646515,0.14125874125874127,True
MRPL49,MRPL4,Q13405,Q9BYD3,0.5714375972747803,1178,0.39548946,-0.7124082446098328,-0.6181396842002869,0.15434083601286175,False
MRPL15,MRPL49,Q9P015,Q13405,0.6785570979118347,1178,0.68044518,-0.3626708388328552,-0.7124082446098328,0.14527027027027026,False
PARVB,ILK,Q9HBI1,Q13418,0.080803781747818,1178,0.59241122,0.017777858301997185,-0.36624497175216675,0.17920353982300885,False
ILK,PARVA,Q13418,Q9NVD7,0.2723952829837799,349,0.52693469,-0.36624497175216675,-0.01303514838218689,0.15265486725663716,False
SF3B2,SF3B3,Q13435,Q15393,0.2076626569032669,1178,0.67396089,-1.3631874322891235,-2.490142583847046,0.1561216105176664,True
SF3B2,SF3B4,Q13435,Q15427,0.17108429968357086,1178,0.59187002,-1.3631874322891235,-1.844266653060913,0.12960893854748604,True
NEUROD1,TCF12,Q13562,Q99081,0.05128764733672142,1178,0.66813828,0.0710429921746254,-0.028791137039661407,0.1378299120234604,False
NAE1,UBA3,Q13564,Q8TBC4,0.457044392824173,1178,0.73367995,-0.6077078580856323,-0.6067039966583252,0.20786516853932585,False
SNW1,RBM22,Q13573,Q9NW64,0.20746201276779175,1178,0.36173745,-1.5197408199310303,-1.696205735206604,0.1828358208955224,False
SNW1,PPIL1,Q13573,Q9Y3C6,0.10315205156803131,1178,0.56424295,-1.5197408199310303,-0.6529818177223206,0.08955223880597014,False
SNX1,SNX6,Q13596,Q9UNH7,0.21868622303009033,1178,0.73040411,-0.09832200407981873,-0.13597753643989563,0.1839080459770115,False
DDB1,CUL4A,Q16531,Q13619,-0.021018654108047485,1178,0.64263018,-1.9590641260147095,-0.030232544988393784,0.17105263157894737,True
DDB1,CUL4B,Q16531,Q13620,0.1309339851140976,1178,0.63243895,-1.9590641260147095,-0.038123104721307755,0.17543859649122806,True
THOC7,THOC5,Q6I9Y2,Q13769,0.2542896866798401,1178,0.73083113,-1.080938696861267,-1.2408534288406372,0.10395314787701318,True
THOC6,THOC5,Q86W42,Q13769,0.07938113808631897,1178,0.63797523,-0.40656062960624695,-1.2408534288406372,0.13177159590043924,True
THOC5,THOC1,Q13769,Q96FV9,0.2496313899755478,1178,0.46302287,-1.2408534288406372,-1.1585252285003662,0.17715959004392387,True
EXOSC7,EXOSC2,Q15024,Q13868,0.30044615268707275,1178,0.60001546,-0.9385330677032471,-0.9728570580482483,0.20819112627986347,True
EXOSC2,EXOSC4,Q13868,Q9NPD3,0.26466673612594604,1178,0.62151079,-0.9728570580482483,-1.2505991458892822,0.17406143344709898,True
GTF2H3,GTF2H4,Q13889,Q92759,0.27769407629966736,1178,0.5953317,-0.8868503570556641,-0.7089446187019348,0.15367965367965367,True
BYSL,LTV1,Q13895,Q96GA3,0.122426837682724,1178,0.6145333,-1.3705101013183594,-1.0360095500946045,0.16421052631578947,False
TEAD3,VGLL4,Q99594,Q14135,-0.07092878222465515,1178,0.62137861,-0.26483601331710815,0.18184779584407806,0.15632183908045977,False
E2F4,TFDP2,Q16254,Q14188,0.028500353917479515,1178,0.72071596,-0.11903423070907593,-0.036540791392326355,0.1905829596412556,False
EIF2B1,EIF2B4,Q14232,Q9UI10,0.12720347940921783,1178,0.65393418,-0.9620545506477356,-1.7274729013442993,0.1931166347992352,True
KRT33B,KRT72,Q14525,Q14CN4,-0.05074615031480789,1059,0.73652854,-0.04680206999182701,-0.11691359430551529,0.22309197651663404,False
KRT33B,KRT71,Q14525,Q3SY84,0.08801332116127014,1059,0.73650973,-0.04680206999182701,0.0023965961299836636,0.20650095602294455,False
KRT33B,KRT79,Q14525,Q5XKE5,0.0024859001860022545,1059,0.73670185,-0.04680206999182701,-0.1216261014342308,0.2261682242990654,False
KRT33B,KRT80,Q14525,Q6KB66,-0.014491510577499866,1059,0.73631228,-0.04680206999182701,-0.0243084579706192,0.2411504424778761,False
KRT33B,KRT78,Q14525,Q8N1N4,-0.017108073458075523,1059,0.73608175,-0.04680206999182701,-0.03676079958677292,0.2230769230769231,False
KRT32,KRT72,Q14532,Q14CN4,0.03979385644197464,1178,0.73659939,-0.07173611223697662,-0.11691359430551529,0.21526418786692758,False
KRT32,KRT80,Q14532,Q6KB66,0.1184496209025383,1178,0.73575029,-0.07173611223697662,-0.0243084579706192,0.25663716814159293,False
KRT31,KRT81,Q15323,Q14533,0.005167939234524965,1043,0.73636959,-0.2508959472179413,-0.10220935940742493,0.25544554455445545,False
KRT39,KRT81,Q6A163,Q14533,0.07810120284557343,1043,0.73499273,-0.010349982418119907,-0.10220935940742493,0.2693069306930693,False
KRT28,KRT81,Q7Z3Y7,Q14533,-0.05703798681497574,1043,0.73638258,-0.030839042738080025,-0.10220935940742493,0.21782178217821782,False
KRT27,KRT81,Q7Z3Y8,Q14533,0.05127553269267082,1043,0.73624135,-0.003711748169735074,-0.10220935940742493,0.22178217821782178,False
KRT26,KRT81,Q7Z3Y9,Q14533,-0.0620923712849617,1043,0.73595569,0.06893695145845413,-0.10220935940742493,0.22178217821782178,False
KRT35,KRT81,Q92764,Q14533,0.0024933672975748777,1043,0.73523517,-0.04544695466756821,-0.10220935940742493,0.27524752475247527,False
GON7,LAGE3,Q9BXV9,Q14657,0.05302174761891365,1178,0.6433279,-0.08242250233888626,-0.3179718554019928,0.17482517482517482,False
OSGEP,LAGE3,Q9NPF4,Q14657,0.2586134076118469,1178,0.66814682,-1.1653330326080322,-0.3179718554019928,0.11940298507462686,True
GINS4,GINS1,Q9BRT9,Q14691,0.19451020658016205,1178,0.72127098,-1.3887430429458618,-2.0190114974975586,0.18834080717488788,True
GINS1,GINS3,Q14691,Q9BRX5,0.2568722665309906,1178,0.70606453,-2.0190114974975586,-1.1292859315872192,0.18055555555555555,True
POLE3,DRAP1,Q9NRF9,Q14919,0.07409051060676575,1178,0.70176915,-0.29109904170036316,-0.35517004132270813,0.2146341463414634,False
KRT31,KRT72,Q15323,Q14CN4,0.05310075357556343,1178,0.73648129,-0.2508959472179413,-0.11691359430551529,0.2309197651663405,False
KRT24,KRT72,Q2M2I5,Q14CN4,0.0899987444281578,1178,0.7356556,-0.00982823595404625,-0.11691359430551529,0.259047619047619,False
KRT72,KRT27,Q14CN4,Q7Z3Y8,0.04251363128423691,1178,0.73624666,-0.11691359430551529,-0.003711748169735074,0.23874755381604695,False
KRT72,KRT35,Q14CN4,Q92764,0.1201581284403801,1178,0.73585216,-0.11691359430551529,-0.04544695466756821,0.2446183953033268,False
NCAPH,NCAPG,Q15003,Q9BPX3,0.22169101238250732,1178,0.72154221,-1.0583081245422363,-1.6587882041931152,0.1724137931034483,True
EMC2,MMGT1,Q15006,Q8N4V1,0.6638650298118591,1178,0.63311007,-0.2555393874645233,-0.2750959098339081,0.11784511784511785,False
EMC3,EMC2,Q9P0I2,Q15006,0.6548274755477905,1178,0.69500591,-0.6287062764167786,-0.2555393874645233,0.18855218855218855,False
EMC9,EMC2,Q9Y3B6,Q15006,0.05439237505197525,1178,0.70120667,-0.01232994720339775,-0.2555393874645233,0.13468013468013468,False
MRGBP,MORF4L2,Q9NV56,Q15014,-0.05236160382628441,1178,0.6967166,-0.6787541508674622,-0.07326837629079819,0.1597222222222222,True
SEPTIN2,SEPTIN9,Q15019,Q9UHD8,0.1312815397977829,1059,0.48131041,-0.2242841124534607,-0.2110837996006012,0.2627986348122867,True
EZH2,SUZ12,Q15910,Q15022,0.6702624559402466,1178,0.68714215,-0.08549511432647705,-0.48349258303642273,0.18498659517426275,True
AEBP2,SUZ12,Q6ZN18,Q15022,0.194396510720253,1178,0.29151039,0.019857747480273247,-0.48349258303642273,0.15561569688768606,True
EXOSC7,EXOSC6,Q15024,Q5RKV6,0.23315094411373138,1178,0.64766923,-0.9385330677032471,-1.3158849477767944,0.2542955326460481,True
EXOSC7,EXOSC4,Q15024,Q9NPD3,0.26486948132514954,1178,0.62579557,-0.9385330677032471,-1.2505991458892822,0.2027491408934708,True
TNIP3,TNIP1,Q96KP6,Q15025,-0.03231929987668991,1178,0.72247825,-0.0018638863693922758,-0.015368819236755371,0.19968553459119498,False
RRS1,RPF2,Q15050,Q9H7B2,0.2902604043483734,1178,0.71962488,-1.2183678150177002,-1.2927857637405396,0.18356164383561643,False
RABGEF1,RABEP1,Q9UJ41,Q15276,0.06764334440231323,349,0.42306729,-0.263153076171875,0.04183739051222801,0.14733178654292342,False
RNPS1,ACIN1,Q15287,Q9UKV3,0.13754896819591522,1178,0.23287853,-0.9030454754829407,-0.6795728206634521,0.10365398956002983,False
KRT31,KRT71,Q15323,Q3SY84,0.07877181470394135,1178,0.73641049,-0.2508959472179413,0.0023965961299836636,0.21223709369024857,False
KRT31,KRT79,Q15323,Q5XKE5,0.12596280872821808,1178,0.73577479,-0.2508959472179413,-0.1216261014342308,0.2261682242990654,False
KRT31,KRT80,Q15323,Q6KB66,-0.01043897308409214,1178,0.73630785,-0.2508959472179413,-0.0243084579706192,0.23672566371681417,False
KRT31,KRT77,Q15323,Q7Z794,-0.05072331428527832,1178,0.7364812,-0.2508959472179413,-0.06068618595600128,0.1972318339100346,False
KRT31,KRT73,Q15323,Q86Y46,0.08490058779716492,1178,0.73602153,-0.2508959472179413,-0.022783441469073296,0.23333333333333334,False
KRT31,KRT78,Q15323,Q8N1N4,0.0441102460026741,1178,0.73595007,-0.2508959472179413,-0.03676079958677292,0.2173076923076923,False
ELOC,ELOB,Q15369,Q15370,0.2680821120738983,1178,0.67825592,-1.24772047996521,-1.39464271068573,0.16101694915254236,True
PHF5A,SF3B3,Q7RTV0,Q15393,0.12029293179512024,1178,0.44461758,-2.438162326812744,-2.490142583847046,0.041084634346754315,True
SF3B3,SF3B5,Q15393,Q9BWJ5,0.22273778915405273,1178,0.72596146,-2.490142583847046,-2.75872802734375,0.031224322103533278,True
SF3A1,SF3A2,Q15459,Q15428,0.2164144665002823,1178,0.68494266,-1.7595044374465942,-1.4302476644515991,0.17654476670870115,False
EYA1,SIX1,Q99502,Q15475,0.11355481296777725,1178,0.26741563,0.18435126543045044,-0.19600334763526917,0.125,False
TERF2IP,TERF2,Q9NYB0,Q15554,0.05177728831768036,1059,0.60228142,-0.12035934627056122,-0.969029426574707,0.1863468634686347,True
WWTR1,TEAD4,Q9GZV5,Q15561,0.15214525163173676,1178,0.66000679,-0.3515178859233856,-0.13746291399002075,0.1728110599078341,False
WWTR1,TEAD2,Q9GZV5,Q15562,0.04759392887353897,1178,0.6620639,-0.3515178859233856,-0.11164596676826477,0.16778523489932887,False
TRIP13,MAD2L2,Q15645,Q9UI95,-0.025614745914936066,1178,0.26242558,-0.3946355879306793,-0.8712741732597351,0.125,False
NUFIP1,ZNHIT3,Q9UHK0,Q15649,0.21712413430213928,1178,0.52616586,-0.7694950699806213,-0.5312458872795105,0.08484848484848485,False
ZNF174,ZSCAN18,Q15697,Q8TBC5,-0.0503942109644413,1178,0.66672786,-0.14353905618190765,-0.05563967674970627,0.23921568627450981,False
ZNF174,ZSCAN32,Q15697,Q9NX65,0.06378393620252609,1178,0.68353678,-0.14353905618190765,0.013772576116025448,0.2568149210903874,False
SMAD1,LEMD3,Q15797,Q9Y2U8,-0.15867890417575836,1178,0.28723078,0.11942998319864273,-0.22446952760219574,0.13391877058177826,False
ADRM1,UCHL5,Q16186,Q9Y5K5,-0.00410716887563467,1178,0.52490144,-0.33388659358024597,-0.2493932694196701,0.1547911547911548,False
DDB1,DDA1,Q16531,Q9BW61,0.11611928790807724,1178,0.69657214,-1.9590641260147095,-0.3776910603046417,0.03859649122807018,False
MAPK14,MKNK1,Q16539,Q9BUB5,0.007157233543694019,1178,0.39017476,-0.19917462766170502,0.029761996120214462,0.1913978494623656,False
MRPL47,MRPL23,Q9HD33,Q16540,0.6758159399032593,1178,0.64752478,-0.3441239297389984,-0.38248246908187866,0.132,False
MRPS30,MRPL23,Q9NP92,Q16540,0.5321816205978394,1178,0.38517762,-0.38462716341018677,-0.38248246908187866,0.10022779043280182,False
MAPK6,MAPKAPK5,Q16659,Q8IW41,0.47940120100975037,1178,0.31511716,-0.19140680134296417,-0.15309444069862366,0.1927877947295423,False
HIF1A,EGLN3,Q16665,Q9H6Z9,-0.09754744172096252,1178,0.34320311,0.11701247841119766,-0.02029956877231598,0.1016949152542373,False
KRT71,KRT24,Q3SY84,Q2M2I5,0.0929592028260231,1178,0.73614628,0.0023965961299836636,-0.00982823595404625,0.29333333333333333,False
KRT24,KRT79,Q2M2I5,Q5XKE5,0.025098130106925964,1178,0.73548102,-0.00982823595404625,-0.1216261014342308,0.2766355140186916,False
KRT80,KRT24,Q6KB66,Q2M2I5,-0.1315205693244934,1178,0.73638419,-0.0243084579706192,-0.00982823595404625,0.2361904761904762,False
STN1,CTC1,Q9H668,Q2NKJ3,0.5789294838905334,1178,0.65090923,-0.3868074119091034,-0.44175416231155396,0.10024650780608052,False
ZNF792,ZNF655,Q3KQV3,Q8N720,-0.017665985971689224,1178,0.43416398,-0.07612121850252151,-0.08213110268115997,0.25949367088607594,False
ZNF526,ZNF792,Q8TF50,Q3KQV3,0.03246183320879936,1178,0.48421487,0.03879597783088684,-0.07612121850252151,0.2746268656716418,False
ZNF408,ZNF792,Q9H9D4,Q3KQV3,0.033217690885066986,1178,0.66423808,-0.0822560265660286,-0.07612121850252151,0.25972222222222224,False
KRT71,KRT27,Q3SY84,Q7Z3Y8,0.02465485967695713,1178,0.73594287,0.0023965961299836636,-0.003711748169735074,0.22179732313575526,False
KRT71,KRT26,Q3SY84,Q7Z3Y9,0.03221352770924568,1178,0.73623299,0.0023965961299836636,0.06893695145845413,0.2332695984703633,False
KRT71,KRT35,Q3SY84,Q92764,0.015396855771541595,1178,0.73359931,0.0023965961299836636,-0.04544695466756821,0.24665391969407266,False
BBS5,BBS9,Q8N3I7,Q3SYG4,0.09236929565668106,1178,0.64374766,-0.023378996178507805,-0.0026693677064031363,0.11499436302142052,True
BBS9,BBS1,Q3SYG4,Q8NFJ9,0.0751301497220993,1178,0.65756046,-0.0026693677064031363,-0.11184622347354889,0.16910935738444194,True
VPS26B,VPS35,Q4G0F5,Q96QK1,0.11337306350469589,1178,0.62748907,-0.0659986287355423,-0.5928045511245728,0.12060301507537688,True
MRPL4,MRPL51,Q9BYD3,Q4U2R6,0.4909415543079376,1178,0.70305634,-0.6181396842002869,-0.3724357485771179,0.1189710610932476,False
EMC1,EMC4,Q8N766,Q5J8M3,0.5794379711151123,1178,0.6293702,-0.38717010617256165,-0.4132586717605591,0.06545820745216516,False
EXOSC5,EXOSC6,Q9NQT4,Q5RKV6,0.2709750235080719,1178,0.49630907,-0.7447444200515747,-1.3158849477767944,0.2647058823529412,True
EXOSC1,EXOSC6,Q9Y3B2,Q5RKV6,0.20207063853740692,1178,0.52340578,-0.6237269043922424,-1.3158849477767944,0.16176470588235295,True
ARMC7,RBM48,Q9H6L4,Q5RL73,0.32498759031295776,1178,0.68855357,-1.3370347023010254,-0.6648675799369812,0.1335149863760218,False
ZNF620,ZNF648,Q6ZNG0,Q5T619,-0.00923145841807127,1178,0.45365368,0.1419260948896408,-0.16403481364250183,0.25,False
ZNF648,ZNF655,Q5T619,Q8N720,-0.02322089672088623,1178,0.3984071,-0.16403481364250183,-0.08213110268115997,0.23767605633802816,False
MRPL2,MRPL37,Q5T653,Q9BZE1,0.5596713423728943,1178,0.41722692,-0.272825688123703,-0.32610923051834106,0.1867612293144208,False
INTS11,INTS4,Q5TA45,Q96HW7,0.14004647731781006,349,0.56922406,-1.9272081851959229,-1.5843089818954468,0.1505711318795431,True
INTS11,INTS9,Q5TA45,Q9NV88,0.17389583587646484,1178,0.71190225,-1.9272081851959229,-1.6917840242385864,0.2127659574468085,True
RNASEH2B,RNASEH2C,Q5TBB1,Q8TDP1,0.5846498012542725,1178,0.69404003,-0.053152553737163544,-0.14197267591953278,0.14743589743589744,False
EMC1,EMC10,Q8N766,Q5UCC4,0.10889236629009247,1178,0.70122105,-0.38717010617256165,0.030657047405838966,0.08962739174219536,False
KRT28,KRT79,Q7Z3Y7,Q5XKE5,0.016783956438302994,1178,0.73641844,-0.030839042738080025,-0.1216261014342308,0.24299065420560748,False
KRT27,KRT79,Q7Z3Y8,Q5XKE5,0.05917420610785484,1178,0.73643515,-0.003711748169735074,-0.1216261014342308,0.24299065420560748,False
KRT79,KRT35,Q5XKE5,Q92764,-0.03629395738244057,1178,0.73606824,-0.1216261014342308,-0.04544695466756821,0.2485981308411215,False
ATG16L1,ATG5,Q676U5,Q9H1Y0,0.18071775138378143,1178,0.63488684,0.0006129229441285133,0.013423459604382515,0.11532125205930807,False
MSL3,MSL1,Q8N5Y2,Q68DK7,0.2977064251899719,1178,0.65097196,0.05316943675279617,-0.39051541686058044,0.1742671009771987,True
MSL1,KAT8,Q68DK7,Q9H7Z6,0.15816259384155273,1178,0.59044263,-0.39051541686058044,-1.562052845954895,0.1758957654723127,True
INTS3,NABP2,Q68E01,Q9BQ15,0.026224767789244652,1178,0.60467168,-1.5145775079727173,-0.20815402269363403,0.06903163950143816,False
INIP,INTS3,Q9NRY2,Q68E01,0.05048418045043945,1178,0.66629982,-0.05583050474524498,-1.5145775079727173,0.045062320230105465,False
KRT78,KRT39,Q8N1N4,Q6A163,0.009357895702123642,1178,0.73554361,-0.03676079958677292,-0.010349982418119907,0.22884615384615384,False
THOC7,THOC1,Q6I9Y2,Q96FV9,0.180598184466362,1178,0.62281842,-1.080938696861267,-1.1585252285003662,0.0974124809741248,True
KRT80,KRT35,Q6KB66,Q92764,0.03338133916258812,1178,0.73655826,-0.0243084579706192,-0.04544695466756821,0.2813186813186813,False
CDC73,CTR9,Q6P1J9,Q6PD62,0.32625827193260193,1178,0.67810678,-1.377821445465088,-1.016550898551941,0.10485933503836317,True
PMF1,DSN1,Q6P1K2,Q9H410,0.2550915479660034,1178,0.58730275,-1.1113057136535645,-0.9231308102607727,0.13764044943820225,True
ZNF343,ZNF319,Q6P1L6,Q9P2F9,0.039580218493938446,1178,0.67499785,0.05050574988126755,-0.05917518958449364,0.29716193656093487,False
NFRKB,UCHL5,Q6P4R8,Q9Y5K5,0.43878230452537537,1178,0.5632909,-0.38475391268730164,-0.2493932694196701,0.08237105465742879,False
TUBGCP2,MZT2A,Q9BSJ2,Q6P582,0.1145763024687767,1043,0.5997005,-1.2505818605422974,-0.4274039566516876,0.06984478935698447,False
PAF1,CTR9,Q8N7H5,Q6PD62,0.2145809680223465,1178,0.73252389,-0.7772642970085144,-1.016550898551941,0.14066496163682865,True
MORN3,RSPH1,Q6PF18,Q8WYR4,0.019784189760684967,1178,0.47745543,0.2002219408750534,0.06194574758410454,0.23624595469255663,False
DNTTIP1,MIDEAS,Q9H147,Q6PJG2,0.4787340760231018,1178,0.25142478,-0.06234705075621605,-0.028146378695964813,0.10239234449760766,True
BTNL8,HHLA2,Q6UX41,Q9UM44,0.02932521142065525,1178,0.42366505,0.011755166575312614,0.03353525698184967,0.196,False
ZBTB8A,ZNF497,Q96BR9,Q6ZNH5,-0.13136692345142365,1178,0.23569951,-0.03165227174758911,0.009269815869629383,0.21686746987951808,False
ZBTB49,ZBTB2,Q6ZSB9,Q8N680,-0.02687898837029934,1178,0.67651529,-0.06310022622346878,-0.011319523677229881,0.2065359477124183,False
ZBTB8A,ZBTB49,Q96BR9,Q6ZSB9,-0.03302517160773277,1178,0.67004814,-0.03165227174758911,-0.06310022622346878,0.20392156862745098,False
GTF2H4,GTF2H5,Q92759,Q6ZYL4,0.14048424363136292,1178,0.56097508,-0.7089446187019348,-0.19720536470413208,0.06060606060606061,True
STK38L,MOB2,Q9Y2H1,Q70IA6,-0.045703548938035965,1178,0.61594374,0.05582686886191368,0.02673451602458954,0.125,False
RRAGA,RRAGC,Q7L523,Q9HB90,0.47309771180152893,1178,0.59714359,-0.42489033937454224,-0.4169340133666992,0.20551378446115287,False
RRAGA,RRAGD,Q7L523,Q9NQL2,-0.00034258273080922663,1178,0.63693027,-0.42489033937454224,-0.04795384034514427,0.19,False
COPS6,COPS5,Q7L5N1,Q92905,0.26038458943367004,1178,0.72055428,-1.543968677520752,-1.7886699438095093,0.20658682634730538,True
COPS6,COPS4,Q7L5N1,Q9BT78,0.24456951022148132,1178,0.5316269,-1.543968677520752,-1.1246813535690308,0.1724137931034483,True
COPS6,COPS7B,Q7L5N1,Q9H9Q2,0.12734109163284302,1178,0.5926385,-1.543968677520752,0.03287767246365547,0.17737003058103976,False
COPS6,COPS7A,Q7L5N1,Q9UBW8,0.2701699137687683,1178,0.58892341,-1.543968677520752,-0.039464738219976425,0.14984709480122324,True
COPS3,COPS6,Q9UNS2,Q7L5N1,0.20299743115901947,1178,0.34010926,-0.7339261174201965,-1.543968677520752,0.15130023640661938,True
LATS2,MOB1B,Q9NRM7,Q7L9L4,0.023126432672142982,1178,0.3642159,-0.014382566325366497,0.05813823267817497,0.07169117647058823,False
VTA1,CHMP1B,Q9NP79,Q7LBR1,0.2794913351535797,1178,0.43792149,0.03062070533633232,0.022569650784134865,0.13680781758957655,False
MRPL21,MRPL43,Q7Z2W9,Q8N983,0.7064958214759827,1178,0.65052189,-0.6795644760131836,-0.5777522921562195,0.20930232558139536,False
MRPL20,MRPL21,Q9BYC9,Q7Z2W9,0.7230055928230286,1178,0.68321043,-0.286260724067688,-0.6795644760131836,0.17073170731707318,False
NUP54,NUP58,Q7Z3B4,Q9BVL2,0.2619369328022003,1178,0.67672065,-0.7365899682044983,-0.6750986576080322,0.20534223706176963,False
KRT27,KRT77,Q7Z3Y8,Q7Z794,-0.022017955780029297,1178,0.73445175,-0.003711748169735074,-0.06068618595600128,0.2370242214532872,False
KRT78,KRT27,Q8N1N4,Q7Z3Y8,-0.014950677752494812,1178,0.73594543,-0.03676079958677292,-0.003711748169735074,0.22884615384615384,False
KRT77,KRT35,Q7Z794,Q92764,0.03960559517145157,1178,0.73658771,-0.06068618595600128,-0.04544695466756821,0.2301038062283737,False
MRPL55,MRPL48,Q7Z7F7,Q96GC5,0.5822007060050964,1178,0.48902544,-0.5087338089942932,-0.3887588679790497,0.14622641509433962,False
MRPL46,MRPL55,Q9H2W6,Q7Z7F7,0.6973972320556641,1178,0.40910151,-0.2087085247039795,-0.5087338089942932,0.14695340501792115,False
MRPL55,MRPL40,Q7Z7F7,Q9NQ50,0.5991020202636719,1178,0.34945205,-0.5087338089942932,-0.30426573753356934,0.16019417475728157,False
MRPL16,MRPL10,Q9NX20,Q7Z7H8,0.6189504861831665,1178,0.47761178,-0.44441697001457214,-0.7515590190887451,0.17624521072796934,False
SSBP4,LDB1,Q9BWG4,Q86U70,0.17169804871082306,1178,0.46730532,-0.17761918902397156,-0.27440598607063293,0.1678832116788321,False
SSBP3,LDB1,Q9BWW4,Q86U70,0.23627547919750214,1178,0.48517055,-0.24930012226104736,-0.27440598607063293,0.19464720194647203,False
SNF8,VPS36,Q96H20,Q86VN1,0.3756125867366791,1178,0.63496828,-0.9714150428771973,-0.3859630525112152,0.16321243523316062,False
VPS36,VPS25,Q86VN1,Q9BRG1,0.26809290051460266,1178,0.46136624,-0.3859630525112152,-2.2023019790649414,0.12953367875647667,False
ZNF446,ZSCAN30,Q9NWS9,Q86W11,-0.042786452919244766,1178,0.6887542,-0.01591249741613865,-0.04749757796525955,0.2834008097165992,False
TEN1,STN1,Q86WV5,Q9H668,0.7002286911010742,1178,0.67353521,-0.44333118200302124,-0.3868074119091034,0.10054347826086957,False
MBD2,GATAD2A,Q9UBB5,Q86YP4,-0.01906329020857811,1178,0.64620206,-0.09072520583868027,-0.3150082528591156,0.15955766192733017,True
SKA3,SKA2,Q8IX90,Q8WVK7,0.22160449624061584,1178,0.64488103,-0.8583348989486694,-1.0226792097091675,0.10194174757281553,False
SKA1,SKA3,Q96BD8,Q8IX90,0.5959898829460144,1178,0.71085827,-0.5892748236656189,-0.8583348989486694,0.16747572815533981,False
NELFCD,NELFA,Q8IXH7,Q9H3P2,0.35059794783592224,1178,0.73285101,-0.623820424079895,-0.9107319712638855,0.1847457627118644,True
MRPL47,MRPL41,Q9HD33,Q8IXM3,0.6366652846336365,1178,0.60875124,-0.3441239297389984,-0.6767116189002991,0.144,False
YAF2,RNF2,Q8IY57,Q99496,-0.06383171677589417,1178,0.61153636,-0.05739471688866615,-0.043620992451906204,0.13095238095238096,True
KRT78,KRT35,Q8N1N4,Q92764,0.11671667546033859,1178,0.7357725,-0.03676079958677292,-0.04544695466756821,0.23076923076923078,False
EMC1,MMGT1,Q8N766,Q8N4V1,0.6558591723442078,1178,0.27075792,-0.38717010617256165,-0.2750959098339081,0.05740181268882175,False
EMC6,MMGT1,Q9BV81,Q8N4V1,0.7303586006164551,1178,0.59296812,-0.17305946350097656,-0.2750959098339081,0.183206106870229,False
MRPL50,MRPL43,Q8N5N7,Q8N983,0.4605414867401123,1178,0.40933595,-0.38192278146743774,-0.5777522921562195,0.17674418604651163,False
MRPL4,MRPL50,Q9BYD3,Q8N5N7,0.4371476173400879,1178,0.56865842,-0.6181396842002869,-0.38192278146743774,0.15755627009646303,False
ZBTB18,ZBTB2,Q99592,Q8N680,0.05080869793891907,1178,0.64237473,-0.0740179792046547,-0.011319523677229881,0.2413793103448276,False
ZNF837,ZNF655,Q96EG3,Q8N720,-0.055892106145620346,1178,0.29756527,0.05141957849264145,-0.08213110268115997,0.2787193973634652,False
ZNF552,ZNF655,Q9H707,Q8N720,-0.06059557944536209,1178,0.24809625,0.13198037445545197,-0.08213110268115997,0.26476578411405294,False
EMC1,EMC7,Q8N766,Q9NPA0,0.59116131067276,1178,0.63358485,-0.38717010617256165,-0.5713915228843689,0.08056394763343404,False
EMC1,EMC3,Q8N766,Q9P0I2,0.6829620003700256,1178,0.5833231,-0.38717010617256165,-0.6287062764167786,0.08862034239677745,False
LEO1,PAF1,Q8WVC0,Q8N7H5,0.19217003881931305,1178,0.71613951,-0.25525787472724915,-0.7772642970085144,0.16216216216216217,True
MRPL44,MRPL43,Q9H9J2,Q8N983,0.5862216949462891,1178,0.59753596,-0.36698293685913086,-0.5777522921562195,0.14457831325301204,False
ZNF383,ZIM2,Q8NA42,Q9NZV7,0.06357090920209885,1059,0.28013403,0.04812338575720787,-0.049958717077970505,0.269449715370019,False
SPC25,SPC24,Q9HBM1,Q8NBT2,0.33030009269714355,1178,0.7300845,-1.6654701232910156,-2.094475269317627,0.20089285714285715,True
BACH2,ZBTB34,Q9BYV9,Q8NCN2,0.1180567666888237,1178,0.53210923,0.0210069939494133,-0.08241613954305649,0.1807372175980975,False
TSG101,VPS37A,Q99816,Q8NEZ2,0.2250511348247528,1178,0.72953519,-1.1593528985977173,-0.5840928554534912,0.24433249370277077,False
NUP85,NUP43,Q9BW27,Q8NFH3,0.16864672303199768,1178,0.69355347,-1.4674739837646484,-0.9743083715438843,0.15091463414634146,True
BBS1,BBS4,Q8NFJ9,Q96RK4,0.09074688702821732,1178,0.72206577,-0.11184622347354889,0.12773728370666504,0.19561551433389546,True
THOC2,THOC3,Q8NI27,Q96J01,-0.04398507624864578,1178,0.62316964,-2.0186715126037598,-1.2978044748306274,0.08097928436911488,True
MRPL15,GADD45GIP1,Q9P015,Q8TAE8,0.6209801435470581,1178,0.65468856,-0.3626708388328552,-0.265644907951355,0.19594594594594594,False
SMARCC2,SMARCD1,Q8TAQ2,Q96GM5,-0.04285888373851776,1178,0.69442854,-0.2493668496608734,-0.25394558906555176,0.11202635914332784,True
ZBTB8A,ZNF417,Q96BR9,Q8TAU3,0.02386326901614666,1043,0.23682115,-0.03165227174758911,-0.23774990439414978,0.18782608695652173,False
ZNF446,ZSCAN18,Q9NWS9,Q8TBC5,0.08909628540277481,1178,0.68028285,-0.01591249741613865,-0.05563967674970627,0.2980392156862745,False
MAGT1,STT3B,Q9H0U3,Q8TCJ2,0.24730025231838226,1178,0.70808886,-0.10629220306873322,-0.23491890728473663,0.10774818401937046,True
ZNF526,ZNF524,Q8TF50,Q96C55,0.01873721368610859,1178,0.29374812,0.03879597783088684,-0.025920473039150238,0.1417910447761194,False
ZNF835,ZNF526,Q9Y2P0,Q8TF50,-0.01701005920767784,1178,0.23388778,0.10046718269586563,0.03879597783088684,0.24925373134328357,False
NSMCE1,NSMCE3,Q8WV22,Q96MG7,0.5172227025032043,1178,0.62082398,-0.4362125098705292,-0.8063163757324219,0.1875,False
TRIM41,TRIM17,Q8WV44,Q9Y577,0.049694620072841644,1178,0.67949664,-0.004858736880123615,-0.16829614341259003,0.27936507936507937,False
CHMP1A,MITD1,Q9HD42,Q8WV92,-0.03929770737886429,1178,0.29668067,-0.1434796154499054,-0.09172486513853073,0.1606425702811245,False
SKA1,SKA2,Q96BD8,Q8WVK7,0.2842784523963928,1178,0.65038095,-0.5892748236656189,-1.0226792097091675,0.13725490196078433,False
DROSHA,DGCR8,Q9NRR4,Q8WYQ5,0.37137487530708313,1178,0.25736211,-0.5609096884727478,-0.6470439434051514,0.14264919941775836,True
SMARCC1,SMARCD1,Q92922,Q96GM5,0.08505141735076904,1178,0.72004772,-0.24090653657913208,-0.25394558906555176,0.12760180995475112,True
SMARCD1,SMARCE1,Q96GM5,Q969G3,0.09234093129634857,1178,0.31715336,-0.25394558906555176,-0.7676326036453247,0.1669902912621359,True
UBE2E3,TRIM39,Q969T4,Q9HCM9,0.02624528296291828,1178,0.4746536,-0.13916485011577606,0.05317116901278496,0.11003861003861004,False
MRPL47,MRPL24,Q9HD33,Q96A35,0.5035951733589172,1178,0.69090156,-0.3441239297389984,-0.4083639085292816,0.172,False
MAGOHB,RBM8A,Q96A72,Q9Y5S9,0.023214023560285568,1178,0.71989268,-0.029480313882231712,-1.3053584098815918,0.1781609195402299,False
TINF2,ACD,Q9BSI4,Q96AP0,0.31835585832595825,1178,0.64016013,-1.3585914373397827,-0.3725133240222931,0.19868995633187772,True
POT1,ACD,Q9NUX5,Q96AP0,0.26733338832855225,1178,0.68588815,-0.42984411120414734,-0.3725133240222931,0.16876971608832808,True
VPS16,VPS33A,Q9H269,Q96AX1,0.5171435475349426,1178,0.71953709,-0.41593122482299805,-0.46962499618530273,0.16209773539928488,True
EME1,MUS81,Q96AY2,Q96NY9,0.4142180383205414,1178,0.71558336,-0.046629298478364944,-0.3153475522994995,0.21578947368421053,False
EXOSC8,EXOSC5,Q96B26,Q9NQT4,0.28404614329338074,1178,0.67460814,-1.1000125408172607,-0.7447444200515747,0.21014492753623187,True
ARRDC3,WWP1,Q96B67,Q9H0M0,0.1346779316663742,1178,0.25957035,0.18828076124191284,-0.06731946021318436,0.11822125813449023,False
ZNF524,ZNF71,Q96C55,Q9NQZ8,0.17167332768440247,1178,0.37595899,-0.025920473039150238,0.20153088867664337,0.18609406952965235,False
ZNF835,ZNF524,Q9Y2P0,Q96C55,0.17021416127681732,1178,0.27287809,0.10046718269586563,-0.025920473039150238,0.1713221601489758,False
TUBGCP3,TUBGCP2,Q96CW5,Q9BSJ2,0.2456345111131668,1178,0.66284423,-1.287010669708252,-1.2505818605422974,0.2579933847850055,True
MRPL18,MRPL38,Q9H0U6,Q96DV4,0.635217010974884,1178,0.71944825,-0.3850506544113159,-0.6007921695709229,0.14473684210526316,False
RMI2,RMI1,Q96E14,Q9H9A7,0.40420591831207275,1178,0.65362446,-0.272619366645813,-0.5604704022407532,0.0784,False
ZNF837,ZNF408,Q96EG3,Q9H9D4,-0.012856495566666126,1178,0.60589101,0.05141957849264145,-0.0822560265660286,0.24027777777777778,False
MRPL53,MRPS18A,Q96EL3,Q9NVS2,0.4946358799934387,1178,0.35639956,-0.566664457321167,-0.5754486918449402,0.17857142857142858,False
TSG101,MVB12A,Q99816,Q96EY5,0.03569633141160011,1178,0.63129169,-1.1593528985977173,-0.17174313962459564,0.13846153846153847,False
VPS37B,MVB12A,Q9H9H4,Q96EY5,0.016287218779325485,1178,0.53300832,-0.11410296708345413,-0.17174313962459564,0.18596491228070175,False
TRMT61A,TRMT6,Q96FX7,Q9UJA5,0.5143502950668335,1178,0.7320641,-0.18354345858097076,-0.39197927713394165,0.13883299798792756,False
MED8,MED11,Q96G25,Q9P086,0.25687649846076965,1178,0.36781909,-0.9515039920806885,-1.8275861740112305,0.10074626865671642,True
MRPL48,MRPL40,Q96GC5,Q9NQ50,0.568716287612915,1178,0.70174394,-0.3887588679790497,-0.30426573753356934,0.16037735849056603,False
VPS25,SNF8,Q9BRG1,Q96H20,0.3682628870010376,1178,0.57307719,-2.2023019790649414,-0.9714150428771973,0.17054263565891473,False
MED28,MED30,Q9H204,Q96HR3,0.38039204478263855,1178,0.71308939,-1.2449043989181519,-1.921176791191101,0.2640449438202247,False
NSL1,MIS12,Q96IY1,Q9H081,0.2920585572719574,1178,0.50620424,-1.166482925415039,-1.1162238121032715,0.15302491103202848,True
NSL1,DSN1,Q96IY1,Q9H410,0.1934620589017868,1178,0.72291511,-1.166482925415039,-0.9231308102607727,0.17134831460674158,True
ZNF446,ZNF396,Q9NWS9,Q96N95,0.01891610026359558,1178,0.67681928,-0.01591249741613865,-0.016155952587723732,0.25555555555555554,False
VPS29,VPS35,Q9UBQ0,Q96QK1,0.4706057608127594,1178,0.72632836,-0.46908366680145264,-0.5928045511245728,0.0829145728643216,True
MORF4L1,PHF12,Q9UBU8,Q96QT6,0.418222039937973,1178,0.64334838,-0.10992132127285004,-0.4658139944076538,0.11254980079681275,False
TUBGCP5,TUBGCP4,Q96RT8,Q9UGJ1,0.27572745084762573,1178,0.46986612,-1.0977258682250977,-1.3868932723999023,0.1552734375,True
TPRKB,TP53RK,Q9Y3C4,Q96S44,0.4227749705314636,1178,0.69964378,-0.5866976976394653,-0.8296249508857727,0.1383399209486166,True
PRDM14,ZNF587,Q9GZV8,Q96SQ5,-0.04533155634999275,1043,0.26776824,-0.05544881895184517,-0.23222728073596954,0.25565217391304346,False
CIAO2B,MMS19,Q9Y3D0,Q96T76,0.5952849984169006,1178,0.59824382,-1.1553544998168945,-0.6898742318153381,0.06699029126213592,True
NEUROG3,TCF12,Q9Y4Z2,Q99081,-0.038868024945259094,1178,0.66489313,-0.059481196105480194,-0.028791137039661407,0.10117302052785923,False
CRNKL1,CDC5L,Q9BZJ0,Q99459,0.08699731528759003,1178,0.61561185,-1.8015638589859009,-1.6672489643096924,0.17452830188679244,False
XAB2,CDC5L,Q9HCS7,Q99459,0.15677879750728607,1178,0.28768035,-2.1135377883911133,-1.6672489643096924,0.1824561403508772,False
PFDN2,PFDN5,Q9UHV9,Q99471,0.190811425447464,1178,0.52839775,-1.658110499382019,-0.7839041948318481,0.19480519480519481,True
PCGF1,RNF2,Q9BSM1,Q99496,0.21068446338176727,1178,0.6745237,-0.08838925510644913,-0.043620992451906204,0.18154761904761904,True
RNF2,PCGF6,Q99496,Q9BYE7,-0.02493806555867195,1178,0.6680397,-0.043620992451906204,-0.08609818667173386,0.21714285714285714,True
MPHOSPH6,EXOSC3,Q99547,Q9NQT5,0.18347787857055664,1178,0.24035098,-0.23939122259616852,-1.1834310293197632,0.14181818181818182,True
WWTR1,TEAD3,Q9GZV5,Q99594,0.2027682512998581,1178,0.66336831,-0.3515178859233856,-0.26483601331710815,0.17471264367816092,False
COPS8,COPS3,Q99627,Q9UNS2,0.2170170247554779,1178,0.61762652,-1.0519853830337524,-0.7339261174201965,0.1182033096926714,True
TSG101,VPS37B,Q99816,Q9H9H4,0.005713149439543486,1178,0.72733565,-1.1593528985977173,-0.11410296708345413,0.13846153846153847,False
VPS28,TSG101,Q9UK41,Q99816,0.3683519959449768,1178,0.67826949,-1.6729826927185059,-1.1593528985977173,0.11025641025641025,False
GINS2,GINS4,Q9Y248,Q9BRT9,0.23345841467380524,1178,0.7196147,-2.065168619155884,-1.3887430429458618,0.17040358744394618,True
GINS2,GINS3,Q9Y248,Q9BRX5,0.15557929873466492,1178,0.68786265,-2.065168619155884,-1.1292859315872192,0.25,True
CDC23,ANAPC13,Q9UJX2,Q9BS18,0.14462560415267944,1178,0.56117332,-2.192012071609497,-0.5239772796630859,0.05360134003350084,False
POLR3C,POLR3GL,Q9BUI4,Q9BT43,0.011497815139591694,1178,0.71753137,-1.1816551685333252,-0.09424075484275818,0.12359550561797752,False
COPS4,COPS7B,Q9BT78,Q9H9Q2,0.1790960431098938,1178,0.63248731,-1.1246813535690308,0.03287767246365547,0.16995073891625614,False
COPS7A,COPS4,Q9UBW8,Q9BT78,0.31888681650161743,1178,0.62392087,-0.039464738219976425,-1.1246813535690308,0.1724137931034483,True
MED18,MED20,Q9BUE0,Q9H944,0.40391337871551514,1178,0.56298718,-0.9988735914230347,-1.3604453802108765,0.21226415094339623,False
PDCD10,STK26,Q9BUL8,Q9P289,0.20763219892978668,1178,0.69487044,0.24956507980823517,0.13276851177215576,0.11538461538461539,False
PDCD10,STK24,Q9BUL8,Q9Y6E0,0.29917898774147034,1178,0.64580885,0.24956507980823517,0.01692632958292961,0.12641083521444696,False
NAA15,NAA50,Q9BXJ9,Q9GZZ1,-0.056153081357479095,1178,0.57663622,-1.2085673809051514,-1.6934723854064941,0.07852193995381063,False
HYPK,NAA15,Q9NX55,Q9BXJ9,0.19542723894119263,1178,0.63580544,-0.8712980151176453,-1.2085673809051514,0.053117782909930716,False
MRPL15,MRPL4,Q9P015,Q9BYD3,0.6456892490386963,1178,0.4762465,-0.3626708388328552,-0.6181396842002869,0.19614147909967847,False
MID2,TRIM54,Q9UJV3,Q9BYV2,0.06016251817345619,1178,0.7315876,-0.08533943444490433,-0.18377134203910828,0.15782312925170067,False
MRPS30,MRPL37,Q9NP92,Q9BZE1,0.47305816411972046,1178,0.68197142,-0.38462716341018677,-0.32610923051834106,0.22779043280182232,False
UPF2,UPF3B,Q9HAU5,Q9BZI7,0.2365976870059967,1178,0.65053314,-1.348371982574463,-0.10947928577661514,0.11871069182389937,True
CAB39,STRADB,Q9Y376,Q9C0K7,-0.005703772883862257,1178,0.43961491,-0.16183720529079437,-0.21999016404151917,0.16028708133971292,False
MAP1LC3B,ATG4B,Q9GZQ8,Q9Y4P1,0.1020527184009552,1059,0.60976748,-0.28091058135032654,0.11698073148727417,0.09923664122137404,False
ZNF835,PRDM14,Q9Y2P0,Q9GZV8,-0.0002362539089517668,1178,0.25181782,0.10046718269586563,-0.05544881895184517,0.22416812609457093,False
MIS12,DSN1,Q9H081,Q9H410,0.28999990224838257,1178,0.48312833,-1.1162238121032715,-0.9231308102607727,0.14887640449438203,True
MRPL46,MRPL40,Q9H2W6,Q9NQ50,0.6090042591094971,1178,0.68070453,-0.2087085247039795,-0.30426573753356934,0.1971326164874552,False
MAP1LC3A,ATG4B,Q9H492,Q9Y4P1,0.11363048851490021,1178,0.54549844,-0.11725074052810669,0.11698073148727417,0.09414758269720101,False
PIH1D1,RPAP3,Q9NWS0,Q9H6T3,0.027649808675050735,1178,0.53638533,-0.09314848482608795,-0.8103333115577698,0.11428571428571428,False
GEMIN8,GEMIN7,Q9NWZ8,Q9H840,0.3444065451622009,1178,0.67028035,-0.5488172769546509,-0.6667065024375916,0.128099173553719,True
STK38L,MOB1A,Q9Y2H1,Q9H8S9,0.1338004320859909,1178,0.47652606,0.05582686886191368,-0.044076334685087204,0.1206896551724138,False
TAF6L,TAF9B,Q9Y6J9,Q9HBM6,0.13691946864128113,1178,0.68829924,-0.3469996452331543,0.044965293258428574,0.11093247588424437,True
XAB2,ISY1,Q9HCS7,Q9ULR0,0.34635835886001587,1178,0.6289622,-2.1135377883911133,-1.0396716594696045,0.11812865497076024,False
PPIE,XAB2,Q9UNP9,Q9HCS7,0.132369726896286,1178,0.40117348,-0.6976613402366638,-2.1135377883911133,0.10292397660818714,False
CHMP5,VTA1,Q9NZZ3,Q9NP79,0.29599353671073914,1178,0.57071741,-0.48199617862701416,0.03062070533633232,0.18892508143322476,False
MRPS30,MRPL17,Q9NP92,Q9NRX2,0.5897935032844543,1178,0.26829067,-0.38462716341018677,-0.5314152836799622,0.12072892938496584,False
EXOSC3,EXOSC5,Q9NQT5,Q9NQT4,0.29008784890174866,1178,0.60209258,-1.1834310293197632,-0.7447444200515747,0.1890909090909091,True
POLE3,POLE4,Q9NRF9,Q9NR33,0.7598820924758911,1178,0.71004807,-0.29109904170036316,-0.06511586159467697,0.20408163265306123,True
EIF2B4,EIF2B3,Q9UI10,Q9NR50,0.18696936964988708,1178,0.256465,-1.7274729013442993,-1.5232967138290405,0.19120458891013384,True
POLE3,CHRAC1,Q9NRF9,Q9NRG0,0.20623351633548737,1178,0.7104407,-0.29109904170036316,-0.07081830501556396,0.23129251700680273,True
METTL5,TRMT112,Q9NRN9,Q9UI30,0.07058654725551605,1178,0.69270625,-0.19902004301548004,-1.7810215950012207,0.1291866028708134,False
MRPL39,MRPL17,Q9NYK5,Q9NRX2,0.7096361517906189,1178,0.46461035,-0.49088841676712036,-0.5314152836799622,0.14497041420118342,False
FARSA,FARSB,Q9Y285,Q9NSD9,0.21928523480892181,1178,0.73631338,-0.8892290592193604,-1.8939708471298218,0.16808149405772496,False
MRGBP,MORF4L1,Q9NV56,Q9UBU8,0.3230352997779846,1178,0.69278901,-0.6787541508674622,-0.10992132127285004,0.13535911602209943,True
SEPTIN9,SEPTIN11,Q9UHD8,Q9NVA2,-0.054898615926504135,1059,0.63156041,-0.2110837996006012,-0.1736268252134323,0.24232081911262798,True
ZNF446,ZSCAN32,Q9NWS9,Q9NX65,-0.022225873544812202,1178,0.68300193,-0.01591249741613865,0.013772576116025448,0.2568149210903874,False
ZNF446,ZKSCAN7,Q9NWS9,Q9P0L1,0.0030671381391584873,1178,0.69381313,-0.01591249741613865,0.039892058819532394,0.22148541114058357,False
BABAM1,BABAM2,Q9NWV8,Q9NXR7,0.2246481478214264,1178,0.70678565,0.10198771208524704,0.04020320996642113,0.17232375979112272,False
DCTN4,ACTR10,Q9UJW0,Q9NZ32,0.31902506947517395,1178,0.72398929,-0.8821777701377869,-1.5297715663909912,0.16521739130434782,False
CPSF3,CPSF2,Q9UKF6,Q9P2I0,0.26437389850616455,1178,0.68851629,-1.6587694883346558,-1.5611686706542969,0.2071611253196931,True
UBA2,SAE1,Q9UBT2,Q9UBE0,0.37018248438835144,1178,0.72728266,-1.1903843879699707,-1.2779719829559326,0.14375,False
EIF3K,EIF3L,Q9UBQ5,Q9Y262,0.46012476086616516,1178,0.70564977,-0.2896524965763092,-0.37823259830474854,0.12056737588652482,True
NXF1,NXT1,Q9UBU9,Q9UKK6,0.09541315585374832,1178,0.71729479,-1.2181719541549683,-0.5257375836372375,0.06946688206785137,False
PRKAB1,PRKAG2,Q9Y478,Q9UGJ0,-0.05469648540019989,1178,0.57020902,0.00938569474965334,0.038439325988292694,0.13181019332161686,False
ANAPC5,CDC23,Q9UJX4,Q9UJX2,0.19298920035362244,1178,0.32821988,-1.4171403646469116,-2.192012071609497,0.1827814569536424,True
ANAPC4,ANAPC5,Q9UJX5,Q9UJX4,0.20943476259708405,1178,0.70284058,-1.2580978870391846,-1.4171403646469116,0.17698019801980197,True
LSM7,LSM2,Q9UK45,Q9Y333,0.22411540150642395,1178,0.587098,-1.8273288011550903,-2.2870986461639404,0.21359223300970873,True
