inchikey	smiles	source	source_id	licence	fetched	mw	clogp	hbd	hba	tpsa	rotb	heavy	total_atoms	rings	frac_csp3	pains	ro5_viol	is_fragment	also_in
AAKJLRGGTJKAMG-UHFFFAOYSA-N	C#Cc1cccc(Nc2ncnc3cc(OCCOC)c(OCCOC)cc23)c1	chembl_approved	CHEMBL553	CC BY-SA 3.0	2026-09-25	393.44	3.405	1	7	74.73	10	29	52	3	0.273	0	0	0	chembl_approved:CHEMBL1079742
AAOVKJBEBIDNHE-UHFFFAOYSA-N	CN1C(=O)CN=C(c2ccccc2)c2cc(Cl)ccc21	chembl_approved	CHEMBL12	CC BY-SA 3.0	2026-09-25	284.75	3.154	0	2	32.67	1	20	33	3	0.125	0	0	0	
AAQOQKQBGPPFNS-UHFFFAOYSA-N	CC[N+](C)(C)Cc1ccccc1Br	chembl_approved	CHEMBL1095292	CC BY-SA 3.0	2026-09-25	243.17	3.045	0	0	0.0	3	13	30	1	0.455	0	0	0	chembl_approved:CHEMBL1199080
ABJKWBDEJIDSJZ-UHFFFAOYSA-N	CN(Cc1ccc(C(C)(C)C)cc1)Cc1cccc2ccccc12	chembl_approved	CHEMBL990	CC BY-SA 3.0	2026-09-25	317.48	5.769	0	1	3.24	4	24	51	3	0.304	0	1	0	chembl_approved:CHEMBL1200397
ACCMWZWAEFYUGZ-UHFFFAOYSA-N	CCOCCn1c(C2CCN(CCc3ccc(C(C)(C)C(=O)O)cc3)CC2)nc2ccccc21	chembl_approved	CHEMBL1742423	CC BY-SA 3.0	2026-09-25	463.62	4.857	1	4	67.59	10	34	71	4	0.5	0	0	0	
ACGDKVXYNVEAGU-UHFFFAOYSA-N	N=C(N)NCCN1CCCCCCC1	chembl_approved	CHEMBL765	CC BY-SA 3.0	2026-09-25	198.31	0.736	3	2	65.14	3	14	36	1	0.9	0	0	1	chembl_approved:CHEMBL1345
ACGUYXCXAPNIKK-UHFFFAOYSA-N	Oc1c(Cl)cc(Cl)c(Cl)c1Cc1c(O)c(Cl)cc(Cl)c1Cl	chembl_approved	CHEMBL496	CC BY-SA 3.0	2026-09-25	406.91	6.609	2	2	40.46	2	21	27	2	0.077	0	1	0	
ACRHBAYQBXXRTO-OAQYLSRUSA-N	COc1cc2c(cc1OC)CC(=O)N(CCCN(C)C[C@H]1Cc3cc(OC)c(OC)cc31)CC2	chembl_approved	CHEMBL471737	CC BY-SA 3.0	2026-09-25	468.59	3.31	0	6	60.47	10	34	70	4	0.519	0	0	0	chembl_approved:CHEMBL2145077
ACTRVOBWPAIOHC-XIXRPRMCSA-N	O=C(O)[C@@H](S)[C@@H](S)C(=O)O	chembl_approved	CHEMBL1201073	CC BY-SA 3.0	2026-09-25	182.22	-0.248	4	4	74.6	3	10	16	0	0.5	0	0	0	
ACWBQPMHZXGDFX-QFIPXVFZSA-N	CCCCC(=O)N(Cc1ccc(-c2ccccc2-c2nnn[nH]2)cc1)[C@H](C(=O)O)C(C)C	chembl_approved	CHEMBL1069	CC BY-SA 3.0	2026-09-25	435.53	4.162	2	5	112.07	10	32	61	3	0.375	0	0	0	
ACWZRVQXLIRSDF-UHFFFAOYSA-N	Cn1cnc2c(F)c(Nc3ccc(Br)cc3F)c(C(=O)NOCCO)cc21	chembl_approved	CHEMBL3187723	CC BY-SA 3.0	2026-09-25	441.23	3.011	3	5	88.41	6	27	42	3	0.176	0	0	0	
ADEBPBSSDYVVLD-UHFFFAOYSA-N	COc1cc2c(cc1OC)C(=O)C(CC1CCN(Cc3ccccc3)CC1)C2	chembl_approved	CHEMBL502	CC BY-SA 3.0	2026-09-25	379.5	4.361	0	4	38.77	6	28	57	4	0.458	0	0	0	chembl_approved:CHEMBL1678
ADFOJJHRTBFFOF-RBRWEJTLSA-L	C[C@]12CC[C@@H]3c4ccc(OC(=O)N(CCCl)CCCl)cc4CC[C@H]3[C@@H]1CC[C@@H]2OP(=O)([O-])[O-]	chembl_approved	CHEMBL1200721	CC BY-SA 3.0	2026-09-25	518.37	4.035	0	6	101.96	7	33	63	4	0.696	0	1	0	
ADFOJJHRTBFFOF-RBRWEJTLSA-N	C[C@]12CC[C@@H]3c4ccc(OC(=O)N(CCCl)CCCl)cc4CC[C@H]3[C@@H]1CC[C@@H]2OP(=O)(O)O	chembl_approved	CHEMBL1756	CC BY-SA 3.0	2026-09-25	520.39	5.299	2	4	96.3	7	33	65	4	0.696	0	2	0	
ADIMAYPTOBDMTL-UHFFFAOYSA-N	O=C1Nc2ccc(Cl)cc2C(c2ccccc2)=NC1O	chembl_approved	CHEMBL568	CC BY-SA 3.0	2026-09-25	286.72	2.448	2	3	61.69	1	20	31	3	0.067	0	0	1	
AELCINSCMGFISI-DTWKUNHWSA-N	N[C@@H]1C[C@H]1c1ccccc1	chembl_approved	CHEMBL3989698	CC BY-SA 3.0	2026-09-25	133.19	1.501	1	1	26.02	1	10	21	2	0.333	0	0	1	chembl_approved:CHEMBL3989843
AEMOLEFTQBMNLQ-WAXACMCWSA-M	O=C([O-])[C@H]1O[C@H](O)[C@H](O)[C@@H](O)[C@@H]1O	chembl_approved	CHEMBL2068884	CC BY-SA 3.0	2026-09-25	193.13	-4.464	4	7	130.28	1	13	22	1	0.833	0	0	0	
AEOCXXJPGCBFJA-UHFFFAOYSA-N	CCc1cc(C(N)=S)ccn1	chembl_approved	CHEMBL1441	CC BY-SA 3.0	2026-09-25	166.25	1.278	1	2	38.91	2	11	21	1	0.25	0	0	1	
AEUTYOVWOVBAKS-UWVGGRQHSA-N	CC[C@@H](CO)NCCN[C@@H](CC)CO	chembl_approved	CHEMBL44884	CC BY-SA 3.0	2026-09-25	204.31	-0.293	4	4	64.52	9	14	38	0	1.0	0	0	0	chembl_approved:CHEMBL3140361
AFCGFAGUEYAMAO-UHFFFAOYSA-M	CC(=O)NCCCS(=O)(=O)[O-]	chembl_approved	CHEMBL2068724	CC BY-SA 3.0	2026-09-25	180.2	-0.942	1	4	86.3	4	11	21	0	0.8	0	0	0	
AFCGFAGUEYAMAO-UHFFFAOYSA-N	CC(=O)NCCCS(=O)(=O)O	chembl_approved	CHEMBL1201293	CC BY-SA 3.0	2026-09-25	181.21	-0.6	2	3	83.47	4	11	22	0	0.8	0	0	1	
AFLFKFHDSCQHOL-IZZDOVSWSA-N	CSc1ccc(C(=O)/C=C/c2cc(C)c(OC(C)(C)C(=O)O)c(C)c2)cc1	chembl_approved	CHEMBL3707395	CC BY-SA 3.0	2026-09-25	384.5	5.163	1	4	63.6	7	27	51	2	0.273	0	1	0	
AFNXATANNDIXLG-UHFFFAOYSA-N	Clc1ccc(CSC(Cn2ccnc2)c2ccc(Cl)cc2Cl)cc1	chembl_approved	CHEMBL1221	CC BY-SA 3.0	2026-09-25	397.76	6.518	0	2	17.82	6	24	39	3	0.167	0	1	0	chembl_approved:CHEMBL1200348
AFZFFLVORLEPPO-UVYJNCLZSA-N	CO/N=C(\C(=O)N[C@@H]1C(=O)N2C(C(=O)OCOC(=O)C(C)(C)C)=C(/C=C\c3scnc3C)CS[C@H]12)c1csc(N)n1	chembl_approved	CHEMBL454446	CC BY-SA 3.0	2026-09-25	620.74	2.298	2	14	175.4	9	41	69	4	0.4	0	2	0	
AGHANLSBXUWXTB-UHFFFAOYSA-N	O=C(O)COc1ccc(C(=O)c2cccs2)c(Cl)c1Cl	chembl_approved	CHEMBL267744	CC BY-SA 3.0	2026-09-25	331.18	3.749	1	4	63.6	5	20	28	2	0.077	0	0	0	
AGMMTXLNIQSRCG-UHFFFAOYSA-N	CCC1NC(=O)c2cc(S(N)(=O)=O)c(Cl)cc2N1	chembl_approved	CHEMBL1532	CC BY-SA 3.0	2026-09-25	289.74	0.879	3	4	101.29	2	18	30	2	0.3	0	0	0	
AGOYDEPGAOXOCK-KCBOHYOISA-N	CC[C@H]1OC(=O)[C@H](C)[C@@H](O[C@H]2C[C@@](C)(OC)[C@@H](O)[C@H](C)O2)[C@H](C)[C@@H](O[C@@H]2O[C@H](C)C[C@H](N(C)C)[C@H]2O)[C@](C)(OC)C[C@@H](C)C(=O)[C@H](C)[C@@H](O)[C@]1(C)O	chembl_approved	CHEMBL1741	CC BY-SA 3.0	2026-09-25	747.96	2.44	4	14	182.91	8	52	121	3	0.947	0	2	0	
AGRCPNMCOXLKFO-BDVNFPICSA-N	CN(N=O)C(=O)N[C@@H](C=O)[C@@H](O)[C@H](O)[C@H](O)CO	chembl_approved	CHEMBL1977579	CC BY-SA 3.0	2026-09-25	265.22	-3.048	5	8	159.76	7	18	33	0	0.75	0	0	0	
AHEVKYYGXVEWNO-UEPZRUIBSA-N	CN(C)[C@@H]1C(O)=C(C(=O)NCNCCCC[C@H](N)C(=O)O)C(=O)[C@@]2(O)C(O)=C3C(=O)c4c(O)cccc4[C@@](C)(O)[C@H]3C[C@@H]12	chembl_approved	CHEMBL2103929	CC BY-SA 3.0	2026-09-25	602.64	-0.454	9	12	242.98	10	43	81	4	0.517	0	3	0	
AHFWIQIYAXSLBA-RQXATKFSSA-N	OC[C@H]1O[C@@H](c2ccc(F)c(Cc3cc4ccccc4s3)c2)[C@H](O)[C@@H](O)[C@@H]1O	chembl_approved	CHEMBL2018096	CC BY-SA 3.0	2026-09-25	404.46	2.146	4	6	90.15	4	28	49	4	0.333	0	0	0	
AHJRHEGDXFFMBM-UHFFFAOYSA-N	CC(=O)c1c(C)c2cnc(Nc3ccc(N4CCNCC4)cn3)nc2n(C2CCCC2)c1=O	chembl_approved	CHEMBL189963	CC BY-SA 3.0	2026-09-25	447.54	2.966	2	8	105.04	5	33	62	5	0.458	0	0	0	
AHLBNYSZXLDEJQ-FWEHEUNISA-N	CCCCCCCCCCC[C@@H](C[C@@H]1OC(=O)[C@H]1CCCCCC)OC(=O)[C@H](CC(C)C)NC=O	chembl_approved	CHEMBL175247	CC BY-SA 3.0	2026-09-25	495.75	6.882	1	5	81.7	23	35	88	1	0.897	0	1	0	
AHOUBRCZNHFOSL-YOEHRIQHSA-N	Fc1ccc([C@@H]2CCNC[C@H]2COc2ccc3c(c2)OCO3)cc1	chembl_approved	CHEMBL490	CC BY-SA 3.0	2026-09-25	329.37	3.327	1	4	39.72	4	24	44	4	0.368	0	0	0	chembl_approved:CHEMBL1200609;chembl_approved:CHEMBL6067650
AHYMHWXQRWRBKT-UHFFFAOYSA-N	CN1CCC(COc2cnc(-c3cccc(Cn4nc(-c5cccc(C#N)c5)ccc4=O)c3)nc2)CC1	chembl_approved	CHEMBL3402762	CC BY-SA 3.0	2026-09-25	492.58	4.008	0	7	96.93	7	37	65	5	0.276	0	0	0	chembl_approved:CHEMBL4594292
AHZBEVXBKNYXPU-UHFFFAOYSA-N	CN(CCCCCCN(C)C(=O)Oc1ccc[n+](C)c1)C(=O)Oc1ccc[n+](C)c1	chembl_approved	CHEMBL1098285	CC BY-SA 3.0	2026-09-25	416.52	2.457	0	4	66.84	9	30	62	2	0.455	0	0	0	chembl_approved:CHEMBL1199307
AIJTTZAVMXIJGM-UHFFFAOYSA-N	Cc1c(F)c(N2CCNC(C)C2)cc2c1c(=O)c(C(=O)O)cn2C1CC1	chembl_approved	CHEMBL583	CC BY-SA 3.0	2026-09-25	359.4	2.28	2	4	74.57	3	26	48	4	0.474	0	0	0	chembl_approved:CHEMBL1200393
AILRADAXUVEEIR-UHFFFAOYSA-N	COc1cc(N2CCC(N3CCN(C)CC3)CC2)ccc1Nc1ncc(Cl)c(Nc2ccccc2P(C)(C)=O)n1	chembl_approved	CHEMBL3545311	CC BY-SA 3.0	2026-09-25	584.11	5.09	2	9	85.86	8	40	79	5	0.448	0	2	0	
AJIPIJNNOJSSQC-NYLIRDPKSA-N	C[C@]12CC[C@@H]3c4ccc(O)cc4CC[C@H]3[C@@H]1[C@@H](O)[C@@H](O)[C@@H]2O	chembl_approved	CHEMBL1230314	CC BY-SA 3.0	2026-09-25	304.39	1.551	4	4	80.92	0	22	46	4	0.667	0	0	0	chembl_approved:CHEMBL6068423
AJKIRUJIDFJUKJ-UHFFFAOYSA-N	O=S1(=O)CCN(CN2CCS(=O)(=O)NC2)CN1	chembl_approved	CHEMBL2105420	CC BY-SA 3.0	2026-09-25	284.36	-2.671	2	6	98.82	2	17	33	2	1.0	0	0	0	
AJXPJJZHWIXJCJ-UHFFFAOYSA-N	CN1C(=O)CC(C)(c2ccccc2)C1=O	chembl_approved	CHEMBL697	CC BY-SA 3.0	2026-09-25	203.24	1.333	0	2	37.38	1	15	28	2	0.333	0	0	1	
AKNNEGZIBPJZJG-MSOLQXFVSA-N	COc1ccc2c(c1OC)C(=O)O[C@@H]2[C@H]1c2c(cc3c(c2OC)OCO3)CCN1C	chembl_approved	CHEMBL364713	CC BY-SA 3.0	2026-09-25	413.43	2.882	0	8	75.69	4	30	53	5	0.409	0	0	0	chembl_approved:CHEMBL2106732
AKUJBENLRBOFTD-QZIXMDIESA-N	CC(=O)OCC(=O)[C@@]1(O)[C@@H](C)C[C@H]2[C@@H]3CCC4=CC(=O)C=C[C@]4(C)[C@@]3(F)[C@@H](O)C[C@@]21C	chembl_approved	CHEMBL1200538	CC BY-SA 3.0	2026-09-25	434.5	2.467	2	6	100.9	3	31	62	4	0.708	0	0	0	
AKUJBENLRBOFTD-RPRRAYFGSA-N	CC(=O)OCC(=O)[C@@]1(O)[C@H](C)C[C@H]2[C@@H]3CCC4=CC(=O)C=C[C@]4(C)[C@@]3(F)[C@@H](O)C[C@@]21C	chembl_approved	CHEMBL1530428	CC BY-SA 3.0	2026-09-25	434.5	2.467	2	6	100.9	3	31	62	4	0.708	0	0	0	
ALARQZQTBTVLJV-UHFFFAOYSA-N	CCC1(c2ccccc2)C(=O)NC(=O)N(C)C1=O	chembl_approved	CHEMBL45029	CC BY-SA 3.0	2026-09-25	246.27	1.043	1	3	66.48	2	18	32	2	0.308	0	0	1	
ALELTFCQZDXAMQ-UHFFFAOYSA-N	CC(CC1c2ccccc2CCc2ccccc21)CN(C)C	chembl_approved	CHEMBL2110816	CC BY-SA 3.0	2026-09-25	293.45	4.505	0	1	3.24	4	22	49	3	0.429	0	0	0	
ALEXXDVDDISNDU-JZYPGELDSA-N	CC(=O)OCC(=O)[C@@]1(O)CC[C@H]2[C@@H]3CCC4=CC(=O)CC[C@]4(C)[C@H]3[C@@H](O)C[C@@]21C	chembl_approved	CHEMBL1091	CC BY-SA 3.0	2026-09-25	404.5	2.352	2	6	100.9	3	29	61	4	0.783	0	0	0	
ALOBUEHUHMBRLE-UHFFFAOYSA-N	CCCCCCCN(CC)CCCC(O)c1ccc(NS(C)(=O)=O)cc1	chembl_approved	CHEMBL533	CC BY-SA 3.0	2026-09-25	384.59	4.164	2	4	69.64	14	26	62	1	0.7	0	0	0	chembl_approved:CHEMBL2355456
ALWKGYPQUAPLQC-UHFFFAOYSA-N	CN(C)C(=O)Oc1cccc([N+](C)(C)C)c1	chembl_approved	CHEMBL278020	CC BY-SA 3.0	2026-09-25	223.3	1.944	0	2	29.54	2	16	35	1	0.417	0	0	1	chembl_approved:CHEMBL211471
AMDBBAQNWSUWGN-UHFFFAOYSA-N	O=C(NCC(O)CO)c1c(I)c(C(=O)NCC(O)CO)c(I)c(N(CCO)C(=O)CO)c1I	chembl_approved	CHEMBL1200614	CC BY-SA 3.0	2026-09-25	807.11	-2.016	8	9	199.89	12	33	57	1	0.5	0	2	0	
AMKVXSZCKVJAGH-UHFFFAOYSA-N	CNS(=O)(=O)CCc1ccc2[nH]cc(C3CCN(C)CC3)c2c1	chembl_approved	CHEMBL1278	CC BY-SA 3.0	2026-09-25	335.47	2.069	2	3	65.2	5	23	48	3	0.529	0	0	0	chembl_approved:CHEMBL1200601
ANGKOCUUWGHLCE-UHFFFAOYSA-N	C[N+]1(C)CCC(OC(=O)C(O)(c2ccccc2)C2CCCC2)C1	chembl_approved	CHEMBL1201027	CC BY-SA 3.0	2026-09-25	318.44	2.456	1	3	46.53	4	23	51	3	0.632	0	0	0	chembl_approved:CHEMBL1201335;chembl_approved:CHEMBL3707243
ANTSCNMPPGJYLG-UHFFFAOYSA-N	CNC1=Nc2ccc(Cl)cc2C(c2ccccc2)=[N+]([O-])C1	chembl_approved	CHEMBL451	CC BY-SA 3.0	2026-09-25	299.76	2.951	1	3	50.46	1	21	35	3	0.125	0	0	1	chembl_approved:CHEMBL1200703
AOJJSUZBOXZQNB-TZSSRYMLSA-N	COc1cccc2c1C(=O)c1c(O)c3c(c(O)c1C2=O)C[C@@](O)(C(=O)CO)C[C@@H]3O[C@H]1C[C@H](N)[C@H](O)[C@H](C)O1	chembl_approved	CHEMBL53463	CC BY-SA 3.0	2026-09-25	543.53	0.001	6	12	206.07	5	39	68	5	0.444	1	3	0	chembl_approved:CHEMBL359744
AOJJSUZBOXZQNB-VTZDEGQISA-N	COc1cccc2c1C(=O)c1c(O)c3c(c(O)c1C2=O)C[C@@](O)(C(=O)CO)C[C@@H]3O[C@H]1C[C@H](N)[C@@H](O)[C@H](C)O1	chembl_approved	CHEMBL417	CC BY-SA 3.0	2026-09-25	543.53	0.001	6	12	206.07	5	39	68	5	0.444	1	3	0	chembl_approved:CHEMBL1200981
AOMXMOCNKJTRQP-UHFFFAOYSA-N	CONC(=O)Nc1ccc(-c2sc3c(c2CN(C)C)c(=O)n(-c2ccc(OC)nn2)c(=O)n3Cc2c(F)cccc2F)cc1	chembl_approved	CHEMBL1800159	CC BY-SA 3.0	2026-09-25	623.64	3.751	2	9	132.61	9	44	71	5	0.207	0	1	0	
AOXRBFRFYPMWLR-XGXHKTLJSA-N	CC[C@]1(O)CC[C@H]2[C@@H]3CCC4=CCCC[C@@H]4[C@H]3CC[C@@]21C	chembl_approved	CHEMBL1200623	CC BY-SA 3.0	2026-09-25	288.48	5.09	1	1	20.23	1	21	53	4	0.9	0	1	0	
APBSKHYXXKHJFK-UHFFFAOYSA-N	O=C(O)Cc1csc(-c2ccc(Cl)cc2)n1	chembl_approved	CHEMBL1909282	CC BY-SA 3.0	2026-09-25	253.71	3.091	1	3	50.19	3	16	24	2	0.091	0	0	0	
AQCHWTWZEMGIFD-UHFFFAOYSA-N	Cc1ccccc1N1C(=O)c2cc(S(N)(=O)=O)c(Cl)cc2NC1C	chembl_approved	CHEMBL878	CC BY-SA 3.0	2026-09-25	365.84	2.714	2	4	92.5	2	24	40	3	0.188	0	0	0	
AQHHHDLHHXJYJD-UHFFFAOYSA-N	CC(C)NCC(O)COc1cccc2ccccc12	chembl_approved	CHEMBL27	CC BY-SA 3.0	2026-09-25	259.35	2.578	2	3	41.49	6	19	40	2	0.375	0	0	1	chembl_approved:CHEMBL1671
AQIXAKUUQRKLND-UHFFFAOYSA-N	CN/C(=N\CCSCc1nc[nH]c1C)NC#N	chembl_approved	CHEMBL30	CC BY-SA 3.0	2026-09-25	252.35	0.597	3	4	88.89	5	17	33	1	0.5	1	0	0	chembl_approved:CHEMBL1201051
AQNDDEOPVVGCPG-UHFFFAOYSA-N	COC(=O)CCc1ccc(OCC(O)CNC(C)C)cc1	chembl_approved	CHEMBL768	CC BY-SA 3.0	2026-09-25	295.38	1.53	2	5	67.79	9	21	46	1	0.562	0	0	0	chembl_approved:CHEMBL1201115
AQOKCDNYWBIDND-FTOWTWDKSA-N	CCNC(=O)CCC/C=C\C[C@@H]1[C@@H](/C=C/[C@@H](O)CCc2ccccc2)[C@H](O)C[C@@H]1O	chembl_approved	CHEMBL1200963	CC BY-SA 3.0	2026-09-25	415.57	3.147	4	4	89.79	12	30	67	2	0.56	0	0	0	
ARAIBEBZBOPLMB-UFGQHTETSA-N	CC(=O)N[C@H]1[C@H]([C@H](O)[C@H](O)CO)OC(C(=O)O)=C[C@@H]1NC(=N)N	chembl_approved	CHEMBL222813	CC BY-SA 3.0	2026-09-25	332.31	-3.576	8	7	198.22	6	23	43	1	0.583	0	1	0	chembl_approved:CHEMBL5315117
ARFHIAQFJWUCFH-IZZDOVSWSA-N	CC1CS(=O)(=O)CCN1/N=C/c1ccc([N+](=O)[O-])o1	chembl_approved	CHEMBL290960	CC BY-SA 3.0	2026-09-25	287.3	0.641	0	7	106.02	3	19	32	2	0.5	0	0	0	
ARHWPKZXBHOEEE-UHFFFAOYSA-N	C=CCOc1ccc(CC(=O)O)cc1Cl	chembl_approved	CHEMBL94081	CC BY-SA 3.0	2026-09-25	226.66	2.532	1	2	46.53	5	15	26	1	0.182	0	0	1	
ASKZRYGFUPSJPN-UHFFFAOYSA-N	Cc1cn2nc(-c3cc(=O)n4cc(N5CCNC6(CC6)C5)ccc4n3)cc(C)c2n1	chembl_approved	CHEMBL4297528	CC BY-SA 3.0	2026-09-25	401.47	1.963	1	6	79.83	2	30	53	6	0.364	0	0	0	
ASMXXROZKSBQIH-VITNCHFBSA-N	O=C(O[C@H]1C[N+]2(CCCOc3ccccc3)CCC1CC2)C(O)(c1cccs1)c1cccs1	chembl_approved	CHEMBL551466	CC BY-SA 3.0	2026-09-25	484.66	4.667	1	6	55.76	9	33	63	6	0.423	0	0	0	chembl_approved:CHEMBL1194325
ASOADIZOVZTJSR-UHFFFAOYSA-N	Cc1c(Cl)c(C)[n+]([O-])c(Cl)c1-c1noc(-c2cc(O)c(O)c([N+](=O)[O-])c2)n1	chembl_approved	CHEMBL1089318	CC BY-SA 3.0	2026-09-25	413.17	3.28	2	8	149.46	3	27	37	3	0.133	1	0	0	
ASUTZQLVASHGKV-JDFRZJQESA-N	COc1ccc2c3c1O[C@H]1C[C@@H](O)C=C[C@@]31CCN(C)C2	chembl_approved	CHEMBL659	CC BY-SA 3.0	2026-09-25	287.36	1.85	1	4	41.93	1	21	42	4	0.529	0	0	0	chembl_approved:CHEMBL1555
ASWVTGNCAZCNNR-UHFFFAOYSA-N	Cc1cc(C)nc(NS(=O)(=O)c2ccc(N)cc2)n1	chembl_approved	CHEMBL446	CC BY-SA 3.0	2026-09-25	278.34	1.476	2	5	97.97	3	19	33	2	0.167	0	0	0	
ASXBYYWOLISCLQ-HZYVHMACSA-N	CN[C@@H]1[C@H](O[C@H]2[C@H](O[C@H]3[C@H](O)[C@@H](O)[C@H](NC(=N)N)[C@@H](O)[C@@H]3NC(=N)N)O[C@@H](C)[C@]2(O)CO)O[C@@H](CO)[C@H](O)[C@H]1O	chembl_approved	CHEMBL1950576	CC BY-SA 3.0	2026-09-25	583.6	-7.948	15	15	334.59	9	40	81	3	0.905	0	3	0	
ATALOFNDEOCMKK-OITMNORJSA-N	C[C@@H](O[C@H]1OCCN(Cc2n[nH]c(=O)[nH]2)[C@H]1c1ccc(F)cc1)c1cc(C(F)(F)F)cc(C(F)(F)F)c1	chembl_approved	CHEMBL1471	CC BY-SA 3.0	2026-09-25	534.43	4.952	2	5	83.24	6	37	58	4	0.391	0	1	0	
ATEBXHFBFRCZMA-VXTBVIBXSA-N	CO[C@H]1/C=C/O[C@@]2(C)Oc3c(C)c(O)c4c(c3C2=O)C2=NC3(CCN(CC(C)C)CC3)NC2=C(NC(=O)/C(C)=C\C=C\[C@H](C)[C@H](O)[C@@H](C)[C@@H](O)[C@@H](C)[C@H](OC(C)=O)[C@@H]1C)C4=O	chembl_approved	CHEMBL444633	CC BY-SA 3.0	2026-09-25	847.02	4.616	5	14	205.55	4	61	123	6	0.587	1	2	0	
AUFUWRKPQLGTGF-FMKGYKFTSA-N	CC(=O)OC[C@H]1O[C@@H](n2ccc(=O)[nH]c2=O)[C@H](OC(C)=O)[C@@H]1OC(C)=O	chembl_approved	CHEMBL2107381	CC BY-SA 3.0	2026-09-25	370.31	-1.139	1	9	142.99	5	26	44	2	0.533	0	0	0	
AUNGANRZJHBGPY-SCRDCRAPSA-N	Cc1cc2nc3c(=O)[nH]c(=O)nc-3n(C[C@H](O)[C@H](O)[C@H](O)CO)c2cc1C	chembl_approved	CHEMBL1534	CC BY-SA 3.0	2026-09-25	376.37	-1.724	5	8	161.56	5	27	47	3	0.412	0	0	0	
AURFZBICLPNKBZ-SYBPFIFISA-N	CC(=O)[C@H]1CC[C@H]2[C@@H]3CC[C@H]4C[C@H](O)CC[C@]4(C)[C@H]3CC[C@]12C	chembl_approved	CHEMBL207538	CC BY-SA 3.0	2026-09-25	318.5	4.595	1	2	37.3	1	23	57	4	0.952	0	0	0	
AUVVAXYIELKVAI-CKBKHPSWSA-N	CC[C@H]1CN2CCc3cc(OC)c(OC)cc3[C@@H]2C[C@@H]1C[C@H]1NCCc2cc(OC)c(OC)cc21	chembl_approved	CHEMBL50588	CC BY-SA 3.0	2026-09-25	480.65	4.943	1	6	52.19	7	35	75	5	0.586	0	0	0	
AUYYCJSJGJYCDS-LBPRGKRZSA-M	N[C@@H](Cc1cc(I)c(Oc2ccc(O)c(I)c2)c(I)c1)C(=O)[O-]	chembl_approved	CHEMBL1201119	CC BY-SA 3.0	2026-09-25	649.97	2.618	2	5	95.61	5	23	34	2	0.133	0	1	0	
AUYYCJSJGJYCDS-LBPRGKRZSA-N	N[C@@H](Cc1cc(I)c(Oc2ccc(O)c(I)c2)c(I)c1)C(=O)O	chembl_approved	CHEMBL1544	CC BY-SA 3.0	2026-09-25	650.98	3.953	3	4	92.78	5	23	35	2	0.133	0	1	0	
AUZONCFQVSMFAP-UHFFFAOYSA-N	CCN(CC)C(=S)SSC(=S)N(CC)CC	chembl_approved	CHEMBL964	CC BY-SA 3.0	2026-09-25	296.55	3.621	0	4	6.48	4	16	36	0	0.8	0	0	0	
AVAACINZEOAHHE-VFZPANTDSA-N	C[C@@H](O)[C@H]1C(=O)N2C(C(=O)O)=C(S[C@@H]3CN[C@H](CNS(N)(=O)=O)C3)[C@H](C)[C@H]12	chembl_approved	CHEMBL491571	CC BY-SA 3.0	2026-09-25	420.51	-1.603	5	7	162.06	7	27	51	3	0.733	0	0	0	chembl_approved:CHEMBL4303454
AVKHCKXGKPAGEI-UHFFFAOYSA-N	NC(=O)NNc1ccccc1	chembl_approved	CHEMBL1593719	CC BY-SA 3.0	2026-09-25	151.17	0.682	3	2	67.15	2	11	20	1	0.0	0	0	1	
AVKUERGKIZMTKX-NJBDSQKTSA-M	CC1(C)S[C@@H]2[C@H](NC(=O)[C@H](N)c3ccccc3)C(=O)N2[C@H]1C(=O)[O-]	chembl_approved	CHEMBL1200758	CC BY-SA 3.0	2026-09-25	348.4	-1.017	2	6	115.56	4	24	42	3	0.438	0	0	0	
AVKUERGKIZMTKX-NJBDSQKTSA-N	CC1(C)S[C@@H]2[C@H](NC(=O)[C@H](N)c3ccccc3)C(=O)N2[C@H]1C(=O)O	chembl_approved	CHEMBL174	CC BY-SA 3.0	2026-09-25	349.41	0.318	3	5	112.73	4	24	43	3	0.438	0	0	0	
AVOLMBLBETYQHX-UHFFFAOYSA-M	C=C(CC)C(=O)c1ccc(OCC(=O)[O-])c(Cl)c1Cl	chembl_approved	CHEMBL1200487	CC BY-SA 3.0	2026-09-25	302.13	2.271	0	4	66.43	6	19	30	1	0.231	0	0	0	
AVOLMBLBETYQHX-UHFFFAOYSA-N	C=C(CC)C(=O)c1ccc(OCC(=O)O)c(Cl)c1Cl	chembl_approved	CHEMBL456	CC BY-SA 3.0	2026-09-25	303.14	3.606	1	3	63.6	6	19	31	1	0.231	0	0	0	
AXOIZCJOOAYSMI-UHFFFAOYSA-N	C[N+](C)(C)CCOC(=O)CCC(=O)OCC[N+](C)(C)C	chembl_approved	CHEMBL703	CC BY-SA 3.0	2026-09-25	290.4	0.265	0	4	52.6	9	20	50	0	0.857	0	0	0	chembl_approved:CHEMBL983
AXQACEQYCPKDMV-RZAWKFBISA-N	CC(C)(NC(=O)C1=C(O)[C@@H]2Oc3c(O)ccc4c3[C@@]23CCN(CC2CC2)[C@H](C4)[C@]3(O)C1)c1nc(-c2ccccc2)no1	chembl_approved	CHEMBL2105755	CC BY-SA 3.0	2026-09-25	570.65	3.48	4	9	141.18	6	42	76	8	0.469	0	1	0	chembl_approved:CHEMBL3039508
AXRYRYVKAWYZBR-GASGPIRDSA-N	COC(=O)N[C@H](C(=O)N[C@@H](Cc1ccccc1)[C@@H](O)CN(Cc1ccc(-c2ccccn2)cc1)NC(=O)[C@@H](NC(=O)OC)C(C)(C)C)C(C)(C)C	chembl_approved	CHEMBL1163	CC BY-SA 3.0	2026-09-25	704.87	4.212	5	9	171.22	14	51	103	3	0.447	0	1	0	chembl_approved:CHEMBL1200678
AYXYPKUFHZROOJ-ZETCQYMHSA-N	CC(C)C[C@H](CN)CC(=O)O	chembl_approved	CHEMBL1059	CC BY-SA 3.0	2026-09-25	159.23	1.082	2	2	63.32	5	11	28	0	0.875	0	0	1	
AZFLJNIPTRTECV-FUMNGEBKSA-N	C[C@]12CCC3=C4CCC(=O)C=C4CC[C@H]3[C@@H]1CC[C@@]2(O)CC#N	chembl_approved	CHEMBL1201864	CC BY-SA 3.0	2026-09-25	311.43	3.837	1	3	61.09	1	23	48	4	0.7	0	0	0	
AZSRSNUQCUDCGG-UHFFFAOYSA-N	C=CC(=O)Nc1cc(Nc2ncc(C(=O)OC(C)C)c(-c3cn(C)c4ccccc34)n2)c(OC)cc1N(C)CCN(C)C	chembl_approved	CHEMBL4650319	CC BY-SA 3.0	2026-09-25	585.71	5.075	2	9	113.85	12	43	82	4	0.312	0	2	0	chembl_approved:CHEMBL4802239
BALLNEJQLSTPIO-UHFFFAOYSA-N	CNC(=O)c1c(C)oc2cc(Oc3ncnc4cc(OC)c(OC)cc34)ccc12	chembl_approved	CHEMBL4303214	CC BY-SA 3.0	2026-09-25	393.4	3.854	1	7	95.71	5	29	48	4	0.19	0	0	0	
BAQCROVBDNBEEB-UBYUBLNFSA-N	CC(=O)Nc1c(I)c(C(=O)N[C@H]2C(O)O[C@H](CO)[C@@H](O)[C@@H]2O)c(I)c(N(C)C(C)=O)c1I	chembl_approved	CHEMBL462394	CC BY-SA 3.0	2026-09-25	789.1	-0.029	6	8	168.66	5	32	54	2	0.5	0	2	0	
BARDROPHSZEBKC-OITMNORJSA-N	C[C@@H](O[C@H]1OCCN(Cc2nn(P(=O)(O)O)c(=O)[nH]2)[C@H]1c1ccc(F)cc1)c1cc(C(F)(F)F)cc(C(F)(F)F)c1	chembl_approved	CHEMBL1199324	CC BY-SA 3.0	2026-09-25	614.41	4.366	3	6	129.91	7	41	63	4	0.391	0	1	0	chembl_approved:CHEMBL1201782
BBAWEDCPNXPBQM-GDEBMMAJSA-N	CCC[C@H](NC(=O)[C@@H]1[C@H]2CCC[C@H]2CN1C(=O)[C@@H](NC(=O)[C@@H](NC(=O)c1cnccn1)C1CCCCC1)C(C)(C)C)C(=O)C(=O)NC1CC1	chembl_approved	CHEMBL231813	CC BY-SA 3.0	2026-09-25	679.86	2.446	4	8	179.56	13	49	102	5	0.722	0	1	0	
BCEHBSKCWLPMDN-MGPLVRAMSA-N	C[C@@H](c1ncncc1F)[C@](O)(Cn1cncn1)c1ccc(F)cc1F	chembl_approved	CHEMBL638	CC BY-SA 3.0	2026-09-25	349.32	2.177	1	5	76.72	5	25	39	3	0.25	0	0	0	
BCFGMOOMADDAQU-UHFFFAOYSA-N	CS(=O)(=O)CCNCc1ccc(-c2ccc3ncnc(Nc4ccc(OCc5cccc(F)c5)c(Cl)c4)c3c2)o1	chembl_approved	CHEMBL554	CC BY-SA 3.0	2026-09-25	581.07	6.139	2	8	106.35	11	40	66	5	0.172	0	2	0	chembl_approved:CHEMBL1201179
BCGWQEUPMDMJNV-UHFFFAOYSA-N	CN(C)CCCN1c2ccccc2CCc2ccccc21	chembl_approved	CHEMBL11	CC BY-SA 3.0	2026-09-25	280.42	3.875	0	2	6.48	4	21	45	3	0.368	0	0	0	chembl_approved:CHEMBL1692
BCQZXOMGPXTTIC-UHFFFAOYSA-N	FC(F)(F)C(Cl)Br	chembl_approved	CHEMBL931	CC BY-SA 3.0	2026-09-25	197.38	2.508	0	0	0.0	0	7	8	0	1.0	0	0	1	
BDBMLMBYCXNVMC-UHFFFAOYSA-M	CC1(C)C(/C=C/C=C/C=C/C=C2\N(CCCCS(=O)(=O)[O-])c3ccc4ccccc4c3C2(C)C)=[N+](CCCCS(=O)(=O)[O-])c2ccc3ccccc3c21	chembl_approved	CHEMBL1646	CC BY-SA 3.0	2026-09-25	751.99	8.37	0	7	120.65	14	53	100	6	0.326	0	2	0	
BDBMLMBYCXNVMC-UHFFFAOYSA-N	CC1(C)C(/C=C/C=C/C=C/C=C2\N(CCCCS(=O)(=O)O)c3ccc4ccccc4c3C2(C)C)=[N+](CCCCS(=O)(=O)[O-])c2ccc3ccccc3c21	chembl_approved	CHEMBL1201304	CC BY-SA 3.0	2026-09-25	753.0	8.713	1	6	117.82	14	53	101	6	0.326	0	2	0	
BDJRBEYXGGNYIS-UHFFFAOYSA-N	O=C(O)CCCCCCCC(=O)O	chembl_approved	CHEMBL1238	CC BY-SA 3.0	2026-09-25	188.22	1.886	2	2	74.6	8	13	29	0	0.778	0	0	1	
BDSYKGHYMJNPAB-LICBFIPMSA-N	CCC(=O)O[C@]1(C(=O)CCl)[C@@H](C)C[C@H]2[C@@H]3C[C@H](F)C4=CC(=O)C=C[C@]4(C)[C@@]3(F)[C@@H](O)C[C@@]21C	chembl_approved	CHEMBL1200908	CC BY-SA 3.0	2026-09-25	484.97	4.051	1	5	80.67	4	33	64	4	0.72	0	0	0	
BFCDFTHTSVTWOG-UHFFFAOYSA-N	CCCCCCCCNC(C)C(O)c1ccc(SC(C)C)cc1	chembl_approved	CHEMBL404849	CC BY-SA 3.0	2026-09-25	337.57	5.559	2	3	32.26	12	23	58	1	0.7	0	1	0	
BFDBKMOZYNOTPK-UHFFFAOYSA-N	CNCc1cc(-c2ccccc2F)n(S(=O)(=O)c2cccnc2)c1	chembl_approved	CHEMBL2064032	CC BY-SA 3.0	2026-09-25	345.4	2.646	1	4	63.99	5	24	40	3	0.118	0	0	0	chembl_approved:CHEMBL2079130
BFPSDSIWYFKGBC-UHFFFAOYSA-N	COc1ccc(C(Cl)=C(c2ccc(OC)cc2)c2ccc(OC)cc2)cc1	chembl_approved	CHEMBL1200761	CC BY-SA 3.0	2026-09-25	380.87	5.868	0	3	27.69	6	27	48	3	0.13	0	1	0	
BFPYWIDHMRZLRN-SLHNCBLASA-N	C#C[C@]1(O)CC[C@H]2[C@@H]3CCc4cc(O)ccc4[C@H]3CC[C@@]21C	chembl_approved	CHEMBL691	CC BY-SA 3.0	2026-09-25	296.41	3.613	2	2	40.46	0	22	46	4	0.6	0	0	0	
BFSMGDJOXZAERB-UHFFFAOYSA-N	CC(C)(C)c1nc(-c2cccc(NS(=O)(=O)c3c(F)cccc3F)c2F)c(-c2ccnc(N)n2)s1	chembl_approved	CHEMBL2028663	CC BY-SA 3.0	2026-09-25	519.57	5.365	2	7	110.86	5	35	55	4	0.174	0	2	0	chembl_approved:CHEMBL2105729
BFUJHVVEMMWLHC-UHFFFAOYSA-N	O=C(COc1ccc(Cl)cc1)N1CCN(Cc2ccc3c(c2)OCO3)CC1	chembl_approved	CHEMBL254857	CC BY-SA 3.0	2026-09-25	388.85	2.792	0	5	51.24	5	27	48	4	0.35	0	0	0	
BFYIZQONLCFLEV-DAELLWKTSA-N	C=C1C[C@@H]2[C@H](CC[C@]3(C)C(=O)CC[C@@H]23)[C@@]2(C)C=CC(=O)C=C12	chembl_approved	CHEMBL1200374	CC BY-SA 3.0	2026-09-25	296.41	4.03	0	2	34.14	0	22	46	4	0.6	0	0	0	
BGDKAVGWHJFAGW-UHFFFAOYSA-N	CCN(Cc1ccncc1)C(=O)C(CO)c1ccccc1	chembl_approved	CHEMBL1200604	CC BY-SA 3.0	2026-09-25	284.36	2.206	1	3	53.43	6	21	41	2	0.294	0	0	1	
BGRJTUBHPOOWDU-UHFFFAOYSA-N	CCN1CCCC1CNC(=O)c1cc(S(N)(=O)=O)ccc1OC	chembl_approved	CHEMBL26	CC BY-SA 3.0	2026-09-25	341.43	0.557	2	5	101.73	6	23	46	2	0.533	0	0	0	
BGSOJVFOEQLVMH-VWUMJDOOSA-L	C[C@]12CCC(=O)C=C1CC[C@@H]1[C@@H]2[C@@H](O)C[C@@]2(C)[C@H]1CC[C@]2(O)C(=O)COP(=O)([O-])[O-]	chembl_approved	CHEMBL1200968	CC BY-SA 3.0	2026-09-25	440.43	0.635	2	8	147.02	4	30	59	4	0.81	0	0	0	
BGSOJVFOEQLVMH-VWUMJDOOSA-N	C[C@]12CCC(=O)C=C1CC[C@@H]1[C@@H]2[C@@H](O)C[C@@]2(C)[C@H]1CC[C@]2(O)C(=O)COP(=O)(O)O	chembl_approved	CHEMBL1641	CC BY-SA 3.0	2026-09-25	442.45	1.899	4	6	141.36	4	30	61	4	0.81	0	0	0	
BGSZAXLLHYERSY-XQIGCQGXSA-N	CC(=O)O[C@H]1C[C@@H]2CC[C@@H]3[C@H](CC[C@@]4(C)[C@H]3C[C@H]([N+]3(C)CCCCC3)[C@@H]4OC(C)=O)[C@@]2(C)C[C@@H]1N1CCCCC1	chembl_approved	CHEMBL1200629	CC BY-SA 3.0	2026-09-25	557.84	5.966	0	5	55.84	4	40	97	6	0.941	0	2	0	chembl_approved:CHEMBL1201219
BHQCQFFYRZLCQQ-OELDTZBJSA-N	C[C@H](CCC(=O)O)[C@H]1CC[C@H]2[C@@H]3[C@H](O)C[C@@H]4C[C@H](O)CC[C@]4(C)[C@H]3C[C@H](O)[C@]12C	chembl_approved	CHEMBL205596	CC BY-SA 3.0	2026-09-25	408.58	3.449	4	4	97.99	4	29	69	4	0.958	0	0	0	
BHTRKEVKTKCXOH-LBSADWJPSA-N	C[C@H](CCC(=O)NCCS(=O)(=O)O)[C@H]1CC[C@H]2[C@@H]3[C@@H](O)C[C@@H]4C[C@H](O)CC[C@]4(C)[C@H]3CC[C@]12C	chembl_approved	CHEMBL272427	CC BY-SA 3.0	2026-09-25	499.71	3.397	4	5	123.93	7	34	79	4	0.962	0	0	0	
BIDNLKIUORFRQP-XYGFDPSESA-M	CCC(=O)O[C@@H](O[P@](=O)(CCCCc1ccccc1)CC(=O)N1C[C@H](C2CCCCC2)C[C@H]1C(=O)[O-])C(C)C	chembl_approved	CHEMBL3039596	CC BY-SA 3.0	2026-09-25	562.66	4.787	0	7	113.04	14	39	84	3	0.7	0	1	0	
BIDNLKIUORFRQP-XYGFDPSESA-N	CCC(=O)O[C@@H](O[P@](=O)(CCCCc1ccccc1)CC(=O)N1C[C@H](C2CCCCC2)C[C@H]1C(=O)O)C(C)C	chembl_approved	CHEMBL3039598	CC BY-SA 3.0	2026-09-25	563.67	6.121	1	6	110.21	14	39	85	3	0.7	0	2	0	
BISPBXFUKNXOQY-RITPCOANSA-M	CC1=C[C@@H]2CN(C(=O)N2OS(=O)(=O)[O-])[C@@H]1C(N)=O	chembl_approved	CHEMBL4297378	CC BY-SA 3.0	2026-09-25	276.25	-1.702	1	6	133.07	3	18	28	2	0.5	0	0	0	
BISPBXFUKNXOQY-RITPCOANSA-N	CC1=C[C@@H]2CN(C(=O)N2OS(=O)(=O)O)[C@@H]1C(N)=O	chembl_approved	CHEMBL4298137	CC BY-SA 3.0	2026-09-25	277.26	-1.359	2	5	130.24	3	18	29	2	0.5	0	0	0	
BJDCWCLMFKKGEE-ISOSDAIHSA-N	C[C@H]1[C@@H](O)O[C@@H]2O[C@@]3(C)CC[C@H]4[C@H](C)CC[C@@H]1[C@@]24OO3	chembl_approved	CHEMBL307261	CC BY-SA 3.0	2026-09-25	284.35	2.187	1	5	57.15	0	20	44	5	1.0	0	0	0	
BJOLKYGKSZKIGU-UHFFFAOYSA-N	CCOP(=O)(OCC)SCC[N+](C)(C)C	chembl_approved	CHEMBL1200367	CC BY-SA 3.0	2026-09-25	256.33	2.607	0	4	35.53	8	15	38	0	1.0	0	0	0	chembl_approved:CHEMBL1201341
BJVVMKUXKQHWJK-UHFFFAOYSA-N	C=CCC1(C(C)CC)C(=O)NC(=O)NC1=O	chembl_approved	CHEMBL1200802	CC BY-SA 3.0	2026-09-25	224.26	0.961	2	3	75.27	4	16	32	1	0.545	0	0	1	
BJYLYJCXYAMOFT-RSFVBTMBSA-N	C=C1/C(=C\C=C2/CCC[C@]3(C)[C@@H]([C@H](C)CC[C@@H](O)C(C)C)CC[C@@H]23)C[C@@H](O)C[C@@H]1O	chembl_approved	CHEMBL2105611	CC BY-SA 3.0	2026-09-25	416.65	5.561	3	3	60.69	6	30	74	3	0.778	0	1	0	
BLIJXOOIHRSQRB-PXYINDEMSA-N	CC(O)c1cc(C(=O)N[C@@H](C)Cn2ccc(-c3ccc(C#N)c(Cl)c3)n2)n[nH]1	chembl_approved	CHEMBL4297185	CC BY-SA 3.0	2026-09-25	398.85	2.67	3	5	119.62	6	28	47	3	0.263	0	0	0	
BLJRIMJGRPQVNF-JTQLQIEISA-N	CC(C)(C)NC[C@H](O)COc1nsnc1N1CCOCC1	chembl_approved	CHEMBL499	CC BY-SA 3.0	2026-09-25	316.43	0.502	2	8	79.74	6	21	45	2	0.846	0	0	0	chembl_approved:CHEMBL1200870
BLSQLHNBWJLIBQ-UHFFFAOYSA-N	CC(C)N1CCN(c2ccc(OCC3COC(Cn4cncn4)(c4ccc(Cl)cc4Cl)O3)cc2)CC1	chembl_approved	CHEMBL1714574	CC BY-SA 3.0	2026-09-25	532.47	4.463	0	7	64.88	8	36	67	5	0.462	1	1	0	
BLXXJMDCKKHMKV-UHFFFAOYSA-N	COc1ccc2cc(CCC(C)=O)ccc2c1	chembl_approved	CHEMBL1070	CC BY-SA 3.0	2026-09-25	228.29	3.37	0	2	26.3	4	17	33	2	0.267	0	0	0	
BMAAMIIYNNPHAB-UHFFFAOYSA-M	COc1cc(F)c(-n2c(=O)[nH]c3csc(C(=O)[O-])c3c2=O)cc1OCc1c(OC)ccc(F)c1F	chembl_approved	CHEMBL4298171	CC BY-SA 3.0	2026-09-25	507.42	2.117	1	8	122.68	7	35	49	4	0.136	0	1	0	
BMAAMIIYNNPHAB-UHFFFAOYSA-N	COc1cc(F)c(-n2c(=O)[nH]c3csc(C(=O)O)c3c2=O)cc1OCc1c(OC)ccc(F)c1F	chembl_approved	CHEMBL3668014	CC BY-SA 3.0	2026-09-25	508.43	3.452	2	7	119.85	7	35	50	4	0.136	0	1	0	
BMCQMVFGOVHVNG-TUFAYURCSA-N	CCCC(=O)O[C@]1(C(=O)CO)CC[C@H]2[C@@H]3CCC4=CC(=O)CC[C@]4(C)[C@H]3[C@@H](O)C[C@@]21C	chembl_approved	CHEMBL1683	CC BY-SA 3.0	2026-09-25	432.56	3.133	2	6	100.9	5	31	67	4	0.8	0	0	0	
BMGQWWVMWDBQGC-IIFHNQTCSA-N	CO[C@@H]1[C@H](N(C)C(=O)c2ccccc2)C[C@H]2O[C@]1(C)n1c3ccccc3c3c4c(c5c6ccccc6n2c5c31)C(=O)NC4	chembl_approved	CHEMBL608533	CC BY-SA 3.0	2026-09-25	570.65	5.907	1	4	77.73	3	43	73	9	0.257	0	2	0	
BMKDZUISNHGIBY-ZETCQYMHSA-N	C[C@@H](CN1CC(=O)NC(=O)C1)N1CC(=O)NC(=O)C1	chembl_approved	CHEMBL1738	CC BY-SA 3.0	2026-09-25	268.27	-2.708	2	6	98.82	3	19	35	2	0.636	0	0	0	chembl_approved:CHEMBL1200778
BMPDWHIDQYTSHX-AWEZNQCLSA-N	NC(=O)N1c2ccccc2C[C@H](O)c2ccccc21	chembl_approved	CHEMBL315985	CC BY-SA 3.0	2026-09-25	254.29	2.493	2	2	66.56	0	19	33	3	0.133	0	0	1	
BMQGVNUXMIRLCK-OAGWZNDDSA-N	CO[C@H]1C(=O)[C@]2(C)[C@@H](OC)C[C@H]3OC[C@@]3(OC(C)=O)[C@H]2[C@H](OC(=O)c2ccccc2)[C@]2(O)C[C@H](OC(=O)[C@H](O)[C@@H](NC(=O)OC(C)(C)C)c3ccccc3)C(C)=C1C2(C)C	chembl_approved	CHEMBL1201748	CC BY-SA 3.0	2026-09-25	835.94	4.568	3	14	202.45	10	60	117	6	0.578	0	2	0	
BNRNXUUZRGQAQC-UHFFFAOYSA-N	CCCc1nn(C)c2c(=O)[nH]c(-c3cc(S(=O)(=O)N4CCN(C)CC4)ccc3OCC)nc12	chembl_approved	CHEMBL192	CC BY-SA 3.0	2026-09-25	474.59	1.611	1	7	113.42	7	33	63	4	0.5	0	0	0	chembl_approved:CHEMBL1737
BOBLHFUVNSFZPJ-JOYXJVLSSA-N	CC(=O)OCC(=O)[C@@]1(OC(C)=O)[C@@H](C)C[C@H]2[C@@H]3C[C@H](F)C4=CC(=O)C=C[C@]4(C)[C@@]3(F)[C@@H](O)C[C@@]21C	chembl_approved	CHEMBL1200545	CC BY-SA 3.0	2026-09-25	494.53	2.985	1	7	106.97	4	35	67	4	0.692	0	0	0	
BOCUKUHCLICSIY-UHFFFAOYSA-N	NS(=O)(=O)c1cc2c(cc1Cl)NC(C1CC3C=CC1C3)NS2(=O)=O	chembl_approved	CHEMBL61593	CC BY-SA 3.0	2026-09-25	389.89	1.23	3	5	118.36	2	24	40	4	0.429	0	0	0	
BODYFEUFKHPRCK-ZCZMVWJSSA-N	CC(C)[C@@H](C)[C@@]1(C)CC[C@]2(C)[C@H]3CC[C@@H]4[C@@]5(COC[C@@]4(C)[C@@H](OC[C@](C)(N)C(C)(C)C)[C@H](n4ncnc4-c4ccncc4)C5)C3=CC[C@@]2(C)[C@@H]1C(=O)O	chembl_approved	CHEMBL4297513	CC BY-SA 3.0	2026-09-25	730.05	8.618	2	7	125.38	8	53	120	7	0.773	0	2	0	chembl_approved:CHEMBL4298168
BOEGTKLJZSQCCD-UEKVPHQBSA-N	CC1=C(C(=O)O)N2C(=O)[C@@H](NC(=O)[C@H](N)c3ccc(O)cc3)[C@H]2SC1	chembl_approved	CHEMBL1644	CC BY-SA 3.0	2026-09-25	363.4	0.151	4	6	132.96	4	25	42	3	0.312	0	0	0	
BOFQWVMAQOTZIW-UHFFFAOYSA-N	O=C(O)c1ccc(-n2nc(-c3ccccc3O)nc2-c2ccccc2O)cc1	chembl_approved	CHEMBL550348	CC BY-SA 3.0	2026-09-25	373.37	3.711	3	5	108.47	4	28	43	4	0.0	0	0	0	
BOVGTQGAOIONJV-UHFFFAOYSA-N	Cc1ccc(S(=O)(=O)NC(=O)NN2CC3CCCC3C2)cc1	chembl_approved	CHEMBL427216	CC BY-SA 3.0	2026-09-25	323.42	1.63	2	4	78.51	3	22	43	3	0.533	0	0	0	
BPEGJWRSRHCHSN-UHFFFAOYSA-N	Cn1nnc2c(C(N)=O)ncn2c1=O	chembl_approved	CHEMBL810	CC BY-SA 3.0	2026-09-25	194.15	-2.078	1	5	108.17	1	14	20	2	0.167	0	0	0	
BPEWUONYVDABNZ-DZBHQSCQSA-N	C[C@]12C=CC(=O)C=C1CC[C@@H]1[C@@H]2CC[C@]2(C)OC(=O)CC[C@@H]12	chembl_approved	CHEMBL1571	CC BY-SA 3.0	2026-09-25	300.4	3.59	0	3	43.37	0	22	46	4	0.684	0	0	0	
BPKAHTKRCLCHEA-UBFJEZKGSA-N	C[C@H](/C=C/[C@H](C)C(C)(C)O)[C@H]1CC[C@H]2/C(=C/C=C3C[C@@H](O)C[C@H](O)C3)CCC[C@]12C	chembl_approved	CHEMBL1200622	CC BY-SA 3.0	2026-09-25	416.65	5.561	3	3	60.69	5	30	74	3	0.778	0	1	0	
BPLBGHOLXOTWMN-MBNYWOFBSA-M	CC1(C)S[C@@H]2[C@H](NC(=O)COc3ccccc3)C(=O)N2[C@H]1C(=O)[O-]	chembl_approved	CHEMBL1200852	CC BY-SA 3.0	2026-09-25	349.39	-0.638	1	6	98.77	5	24	41	3	0.438	0	0	0	
BPLBGHOLXOTWMN-MBNYWOFBSA-N	CC1(C)S[C@@H]2[C@H](NC(=O)COc3ccccc3)C(=O)N2[C@H]1C(=O)O	chembl_approved	CHEMBL615	CC BY-SA 3.0	2026-09-25	350.4	0.697	2	5	95.94	5	24	42	3	0.438	0	0	0	
BPOMPTVRBWXZBY-UHFFFAOYSA-N	CCOC(Nc1ccc(C(=O)O)cc1)C(=O)c1ccc(-c2ccccc2)cc1	chembl_approved	CHEMBL1909289	CC BY-SA 3.0	2026-09-25	375.42	4.709	2	4	75.63	8	28	49	3	0.13	0	0	0	
BPQMGSKTAYIVFO-UHFFFAOYSA-N	CS(=O)(=O)c1ccc(C(=O)Nc2ccc(Cl)c(-c3ccccn3)c2)c(Cl)c1	chembl_approved	CHEMBL473417	CC BY-SA 3.0	2026-09-25	421.31	4.711	1	4	76.13	4	27	41	3	0.053	0	0	0	
BPRHUIZQVSMCRT-VEUZHWNKSA-M	CC(C)c1nc(N(C)S(C)(=O)=O)nc(-c2ccc(F)cc2)c1/C=C/[C@@H](O)C[C@@H](O)CC(=O)[O-]	chembl_approved	CHEMBL1744447	CC BY-SA 3.0	2026-09-25	480.54	1.067	2	8	143.75	10	33	60	2	0.409	0	0	0	
BPRHUIZQVSMCRT-VEUZHWNKSA-N	CC(C)c1nc(N(C)S(C)(=O)=O)nc(-c2ccc(F)cc2)c1/C=C/[C@@H](O)C[C@@H](O)CC(=O)O	chembl_approved	CHEMBL1496	CC BY-SA 3.0	2026-09-25	481.55	2.402	3	7	140.92	10	33	61	2	0.409	0	0	0	
BPZSYCZIITTYBL-UHFFFAOYSA-N	COc1ccc(CC(C)NCC(O)c2ccc(O)c(NC=O)c2)cc1	chembl_approved	CHEMBL1256786	CC BY-SA 3.0	2026-09-25	344.41	2.223	4	5	90.82	9	25	49	2	0.316	0	0	0	chembl_approved:CHEMBL3989798
BPZSYCZIITTYBL-YJYMSZOUSA-N	COc1ccc(C[C@@H](C)NC[C@H](O)c2ccc(O)c(NC=O)c2)cc1	chembl_approved	CHEMBL1363	CC BY-SA 3.0	2026-09-25	344.41	2.223	4	5	90.82	9	25	49	2	0.316	0	0	0	chembl_approved:CHEMBL1951071
BQIPXWYNLPYNHW-UHFFFAOYSA-N	CC(=O)Oc1c(C)cc(OCC(O)CNC(C)C)c(C)c1C	chembl_approved	CHEMBL1291	CC BY-SA 3.0	2026-09-25	309.41	2.275	2	5	67.79	7	22	49	1	0.588	0	0	0	chembl_approved:CHEMBL1200947
BQJCRHHNABKAKU-KBQPJGBKSA-N	CN1CC[C@]23c4c5ccc(O)c4O[C@H]2[C@@H](O)C=C[C@H]3[C@H]1C5	chembl_approved	CHEMBL70	CC BY-SA 3.0	2026-09-25	285.34	1.198	2	4	52.93	0	21	40	5	0.529	0	0	0	chembl_approved:CHEMBL2103744
BQSJTQLCZDPROO-UHFFFAOYSA-N	Cc1nc(-c2ccc(OCC(C)C)c(C#N)c2)sc1C(=O)O	chembl_approved	CHEMBL1164729	CC BY-SA 3.0	2026-09-25	316.38	3.723	1	5	83.21	5	22	38	2	0.312	0	0	0	
BRBKOPJOKNSWSG-UHFFFAOYSA-N	N=C(N)NS(=O)(=O)c1ccc(N)cc1	chembl_approved	CHEMBL338802	CC BY-SA 3.0	2026-09-25	214.25	-0.559	4	4	122.06	2	14	24	1	0.0	0	0	0	
BRUQQQPBMZOVGD-XFKAJCMBSA-N	COc1ccc2c3c1O[C@H]1C(=O)CC[C@@]4(O)[C@@H](C2)N(C)CC[C@]314	chembl_approved	CHEMBL656	CC BY-SA 3.0	2026-09-25	315.37	1.048	1	5	59.0	1	23	44	5	0.611	0	0	0	chembl_approved:CHEMBL1200890;chembl_approved:CHEMBL3989826
BRYXUCLEHAUSDY-WEWMWRJBSA-N	CC(C)(C#Cc1ccc(-c2ccc(Cl)c3c(NS(C)(=O)=O)nn(CC(F)(F)F)c23)c([C@H](Cc2cc(F)cc(F)c2)NC(=O)Cn2nc(C(F)(F)F)c3c2C(F)(F)[C@@H]2C[C@H]32)n1)S(C)(=O)=O	chembl_approved	CHEMBL4594438	CC BY-SA 3.0	2026-09-25	968.3	7.663	2	8	157.94	11	64	96	7	0.385	0	2	0	
BSMCAPRUBJMWDF-KRWDZBQOSA-N	O=C(c1ccc(F)c(F)c1Nc1ccc(I)cc1F)N1CC(O)([C@@H]2CCCCN2)C1	chembl_approved	CHEMBL2146883	CC BY-SA 3.0	2026-09-25	531.32	3.781	3	4	64.6	4	30	51	4	0.381	0	1	0	chembl_approved:CHEMBL2364607
BSYNRYMUTXBXSQ-UHFFFAOYSA-N	CC(=O)Oc1ccccc1C(=O)O	chembl_approved	CHEMBL25	CC BY-SA 3.0	2026-09-25	180.16	1.31	1	3	63.6	2	13	21	1	0.111	0	0	1	
BTBHLEZXCOBLCY-QGZVFWFLSA-N	CCOc1ncc(C)c2c1[C@H](c1ccc(C#N)cc1OC)C(C(N)=O)=C(C)N2	chembl_approved	CHEMBL2181927	CC BY-SA 3.0	2026-09-25	378.43	2.986	2	6	110.26	5	28	50	3	0.286	0	0	0	
BTCRKOKVYTVOLU-SJSRKZJXSA-N	OC[C@H]1O[C@@H](c2ccc(Cl)c(Cc3ccc(OCCOC4CC4)cc3)c2)[C@H](O)[C@@H](O)[C@@H]1O	chembl_approved	CHEMBL1808388	CC BY-SA 3.0	2026-09-25	464.94	2.003	4	7	108.61	9	32	61	4	0.5	0	0	0	
BTFMCMVEUCGQDX-UHFFFAOYSA-N	CC(=O)c1ccc2c(c1)N(CCCN1CCC(CCO)CC1)c1ccccc1S2	chembl_approved	CHEMBL1584	CC BY-SA 3.0	2026-09-25	410.58	4.976	1	5	43.78	7	29	59	4	0.458	0	0	0	
BUGYDGFZZOZRHP-UHFFFAOYSA-N	CC12CC3CC(C)(C1)CC(N)(C3)C2	chembl_approved	CHEMBL807	CC BY-SA 3.0	2026-09-25	179.31	2.694	1	1	26.02	0	13	34	4	1.0	0	0	1	chembl_approved:CHEMBL1699
BUJAGSGYPOAWEI-UHFFFAOYSA-N	Cc1cccc(C)c1NC(=O)C(C)N	chembl_approved	CHEMBL1762	CC BY-SA 3.0	2026-09-25	192.26	1.589	2	2	55.12	2	14	30	1	0.364	0	0	1	chembl_approved:CHEMBL1200773
BUSXWGRAOZQTEY-SDBXPKJASA-N	C[C@@]1(C(=O)N[C@@H](CCC(=O)O)C(=O)O)CCCN1C(=O)CN	chembl_approved	CHEMBL197084	CC BY-SA 3.0	2026-09-25	315.33	-1.24	4	5	150.03	7	22	43	1	0.692	0	0	0	
BVAZQCUMNICBAQ-PZHYSIFUSA-N	COC(=O)N[C@H](C(=O)N1CCC[C@H]1c1nc(-c2ccc3c(c2)O[C@@H](c2ccccc2)n2c-3cc3cc(-c4c[nH]c([C@@H]5CCCN5C(=O)[C@@H](NC(=O)OC)C(C)C)n4)ccc32)c[nH]1)C(C)C	chembl_approved	CHEMBL3039514	CC BY-SA 3.0	2026-09-25	882.03	8.116	4	9	188.8	11	65	120	9	0.388	0	2	0	
BWPIARFWQZKAIA-UHFFFAOYSA-N	CNCCCC1c2ccccc2C=Cc2ccccc21	chembl_approved	CHEMBL668	CC BY-SA 3.0	2026-09-25	263.38	4.302	1	1	12.03	4	20	41	3	0.263	0	0	0	chembl_approved:CHEMBL1200332
BWWVAEOLVKTZFQ-ISVUSNJMSA-N	CC1(C)S[C@@H]2[C@H](/N=C/N3CCCCCC3)C(=O)N2[C@H]1C(=O)O	chembl_approved	CHEMBL530	CC BY-SA 3.0	2026-09-25	325.43	1.406	1	4	73.21	3	22	45	3	0.8	0	0	0	
BXWNKGSJHAJOGX-UHFFFAOYSA-N	CCCCCCCCCCCCCCCCO	chembl_approved	CHEMBL706	CC BY-SA 3.0	2026-09-25	242.45	5.46	1	1	20.23	14	17	51	0	1.0	0	1	0	
BXZVVICBKDXVGW-NKWVEPMBSA-N	O=c1[nH]cnc2c1ncn2[C@H]1CC[C@@H](CO)O1	chembl_approved	CHEMBL1460	CC BY-SA 3.0	2026-09-25	236.23	-0.211	2	5	93.03	2	17	29	3	0.5	0	0	0	
BYBLEWFAAKGYCD-UHFFFAOYSA-N	Clc1ccc(COC(Cn2ccnc2)c2ccc(Cl)cc2Cl)c(Cl)c1	chembl_approved	CHEMBL91	CC BY-SA 3.0	2026-09-25	416.14	6.455	0	2	27.05	6	25	39	3	0.167	0	1	0	chembl_approved:CHEMBL1559
BYFMCKSPFYVMOU-UHFFFAOYSA-N	O=C(O)COc1nn(Cc2ccccc2)c2ccccc12	chembl_approved	CHEMBL1089221	CC BY-SA 3.0	2026-09-25	282.3	2.548	1	3	64.35	5	21	35	3	0.125	0	0	1	
BYJAVTDNIXVSPW-UHFFFAOYSA-N	c1ccc2c(c1)CCCC2C1=NCCN1	chembl_approved	CHEMBL1266	CC BY-SA 3.0	2026-09-25	200.28	2.108	1	2	24.39	1	15	31	3	0.462	0	0	1	chembl_approved:CHEMBL1200413
BYPFEZZEUUWMEJ-UHFFFAOYSA-N	CC(=O)CCCCn1c(=O)c2c(ncn2C)n(C)c1=O	chembl_approved	CHEMBL628	CC BY-SA 3.0	2026-09-25	278.31	0.193	0	4	78.89	5	20	38	2	0.538	0	0	0	
BZEWSEKUUPWQDQ-UHFFFAOYSA-N	CCCCOc1ccc(C(=O)CCN2CCCCC2)cc1	chembl_approved	CHEMBL1200478	CC BY-SA 3.0	2026-09-25	289.42	3.924	0	3	29.54	8	21	48	2	0.611	0	0	0	chembl_approved:CHEMBL1201217
BZKPWHYZMXOIDC-UHFFFAOYSA-N	CC(=O)Nc1nnc(S(N)(=O)=O)s1	chembl_approved	CHEMBL20	CC BY-SA 3.0	2026-09-25	222.25	-0.856	2	6	115.04	2	13	19	1	0.25	0	0	0	
BZZKEPGENYLQSC-FIBGUPNXSA-N	[2H]C([2H])([2H])NC(=O)c1nnc(NC(=O)C2CC2)cc1Nc1cccc(-c2ncn(C)n2)c1OC	chembl_approved	CHEMBL4435170	CC BY-SA 3.0	2026-09-25	425.47	1.732	3	8	135.95	7	31	53	4	0.3	0	0	0	
BZZKEPGENYLQSC-UHFFFAOYSA-N	CNC(=O)c1nnc(NC(=O)C2CC2)cc1Nc1cccc(-c2ncn(C)n2)c1OC	chembl_approved	CHEMBL4596392	CC BY-SA 3.0	2026-09-25	422.45	1.732	3	8	135.95	7	31	53	4	0.3	0	0	0	
CAJIGINSTLKQMM-UHFFFAOYSA-N	CCCOc1cc(N)ccc1C(=O)OCCN(CC)CC	chembl_approved	CHEMBL1195	CC BY-SA 3.0	2026-09-25	294.4	2.556	1	5	64.79	9	21	47	1	0.562	0	0	0	chembl_approved:CHEMBL1769
CBEQULMOCCWAQT-WOJGMQOQSA-N	Cc1ccc(/C(=C\CN2CCCC2)c2ccccn2)cc1	chembl_approved	CHEMBL855	CC BY-SA 3.0	2026-09-25	278.4	3.918	0	2	16.13	4	21	43	3	0.316	0	0	0	chembl_approved:CHEMBL3188034
CBGUOGMQLZIXBE-XGQKBEPLSA-N	CCC(=O)O[C@]1(C(=O)CCl)[C@@H](C)C[C@H]2[C@@H]3CCC4=CC(=O)C=C[C@]4(C)[C@@]3(F)[C@@H](O)C[C@@]21C	chembl_approved	CHEMBL1159650	CC BY-SA 3.0	2026-09-25	466.98	4.103	1	5	80.67	4	32	64	4	0.72	0	0	0	
CBHCDHNUZWWAPP-UHFFFAOYSA-N	CN1CCCC(CN2c3ccccc3Sc3ccccc32)C1	chembl_approved	CHEMBL395110	CC BY-SA 3.0	2026-09-25	310.47	4.631	0	3	6.48	2	22	44	4	0.368	1	0	0	chembl_approved:CHEMBL1712842
CBQGYUDMJHNJBX-UHFFFAOYSA-N	CCOc1ccccc1OC(c1ccccc1)C1CNCCO1	chembl_approved	CHEMBL14370	CC BY-SA 3.0	2026-09-25	313.4	3.194	1	4	39.72	6	23	46	3	0.368	0	0	0	
CBRJPFGIXUFMTM-WDEREUQCSA-N	C=CC(=O)N1C[C@H](Nc2ncnc3[nH]ccc23)CC[C@@H]1C	chembl_approved	CHEMBL4085457	CC BY-SA 3.0	2026-09-25	285.35	1.935	2	4	73.91	3	21	40	3	0.4	0	0	0	chembl_approved:CHEMBL5314649
CBVCZFGXHXORBI-PXQQMZJSSA-N	CC(C)(C)NC(=O)[C@@H]1CN(Cc2cccnc2)CCN1C[C@@H](O)C[C@@H](Cc1ccccc1)C(=O)N[C@H]1c2ccccc2C[C@H]1O	chembl_approved	CHEMBL115	CC BY-SA 3.0	2026-09-25	613.8	2.867	4	7	118.03	11	45	92	5	0.472	0	1	0	chembl_approved:CHEMBL1735
CDCHDCWJMGXXRH-UHFFFAOYSA-N	Clc1ccc2c(c1)C(c1ccccc1)=NCc1nncn1-2	chembl_approved	CHEMBL285674	CC BY-SA 3.0	2026-09-25	294.75	3.272	0	3	43.07	1	21	32	4	0.062	0	0	0	
CDOZDBSBBXSXLB-UHFFFAOYSA-N	CCN(CC)C(C)CN1c2ccccc2Sc2ccccc21	chembl_approved	CHEMBL1206	CC BY-SA 3.0	2026-09-25	312.48	5.02	0	3	6.48	5	22	46	3	0.368	1	1	0	chembl_approved:CHEMBL1200970
CEFJVGZHQAGLHS-UHFFFAOYSA-N	CCn1c(=O)c(-c2cc(NC(=O)Nc3ccccc3)c(F)cc2Br)cc2cnc(NC)cc21	chembl_approved	CHEMBL4216467	CC BY-SA 3.0	2026-09-25	510.37	5.671	3	4	88.05	5	33	54	4	0.125	0	2	0	
CEMAWMOMDPGJMB-UHFFFAOYSA-N	C=CCOc1ccccc1OCC(O)CNC(C)C	chembl_approved	CHEMBL546	CC BY-SA 3.0	2026-09-25	265.35	1.989	2	4	50.72	9	19	42	1	0.467	0	0	0	chembl_approved:CHEMBL1200745
CESYKOGBSMNBPD-UHFFFAOYSA-N	CN1C(CCl)Nc2cc(Cl)c(S(N)(=O)=O)cc2S1(=O)=O	chembl_approved	CHEMBL1577	CC BY-SA 3.0	2026-09-25	360.24	0.598	2	5	109.57	2	20	31	2	0.333	0	0	0	
CEUORZQYGODEFX-UHFFFAOYSA-N	O=C1CCc2ccc(OCCCCN3CCN(c4cccc(Cl)c4Cl)CC3)cc2N1	chembl_approved	CHEMBL1112	CC BY-SA 3.0	2026-09-25	448.39	4.859	1	4	44.81	7	30	57	4	0.435	0	0	0	
CFJMRBQWBDQYMK-UHFFFAOYSA-N	CCN(CC)CCOCCOC(=O)C1(c2ccccc2)CCCC1	chembl_approved	CHEMBL73234	CC BY-SA 3.0	2026-09-25	333.47	3.4	0	4	38.77	10	24	55	2	0.65	0	0	0	chembl_approved:CHEMBL1256696
CFOYWRHIYXMDOT-UHFFFAOYSA-N	CCOC(=O)n1ccn(C)c1=S	chembl_approved	CHEMBL508102	CC BY-SA 3.0	2026-09-25	186.24	1.561	0	3	36.16	1	12	22	1	0.429	0	0	1	
CFZXDJWFRVEWSR-BUHFOSPRSA-L	O=C1/C(=C2\Nc3ccc(S(=O)(=O)[O-])cc3C2=O)Nc2ccc(S(=O)(=O)[O-])cc21	chembl_approved	CHEMBL2105023	CC BY-SA 3.0	2026-09-25	420.38	0.623	2	10	172.6	2	28	36	4	0.0	1	0	0	
CFZXDJWFRVEWSR-BUHFOSPRSA-N	O=C1/C(=C2\Nc3ccc(S(=O)(=O)O)cc3C2=O)Nc2ccc(S(=O)(=O)O)cc21	chembl_approved	CHEMBL1091250	CC BY-SA 3.0	2026-09-25	422.4	1.308	4	8	166.94	2	28	38	4	0.0	1	0	0	
CGIGDMFJXJATDK-UHFFFAOYSA-M	COc1ccc2c(c1)c(CC(=O)[O-])c(C)n2C(=O)c1ccc(Cl)cc1	chembl_approved	CHEMBL3989410	CC BY-SA 3.0	2026-09-25	356.78	2.593	0	4	71.36	4	25	40	3	0.158	0	0	0	
CGIGDMFJXJATDK-UHFFFAOYSA-N	COc1ccc2c(c1)c(CC(=O)O)c(C)n2C(=O)c1ccc(Cl)cc1	chembl_approved	CHEMBL6	CC BY-SA 3.0	2026-09-25	357.79	3.927	1	3	68.53	4	25	41	3	0.158	0	0	0	
CHBRHODLKOZEPZ-UHFFFAOYSA-N	CCc1cc2c(s1)N(C)C(=O)CN=C2c1ccccc1Cl	chembl_approved	CHEMBL1697737	CC BY-SA 3.0	2026-09-25	318.83	3.778	0	3	32.67	2	21	36	3	0.25	0	0	0	
CHNUOJQWGUIOLD-NFZZJPOKSA-N	CC(/C=C1\SC(=S)N(CC(=O)O)C1=O)=C\c1ccccc1	chembl_approved	CHEMBL56337	CC BY-SA 3.0	2026-09-25	319.41	2.919	1	4	57.61	4	21	34	2	0.133	1	0	0	
CHQOEHPMXSHGCL-UHFFFAOYSA-N	O=C1N(Cc2ccccc2)C2C[S+]3CCCC3C2N1Cc1ccccc1	chembl_approved	CHEMBL1245	CC BY-SA 3.0	2026-09-25	365.52	3.656	0	1	23.55	4	26	51	5	0.409	0	0	0	chembl_approved:CHEMBL1201329
CIDUJQMULVCIBT-MQDUPKMGSA-N	CCN[C@@H]1C[C@H](N)[C@@H](O[C@H]2OC(CN)=CC[C@H]2N)[C@H](O)[C@H]1O[C@H]1OC[C@](C)(O)[C@H](NC)[C@H]1O	chembl_approved	CHEMBL1572	CC BY-SA 3.0	2026-09-25	475.59	-3.201	8	12	199.73	8	33	74	3	0.905	0	2	0	
CIWBQSYVNNPZIQ-XYWKZLDCSA-N	CCC(=O)OCC(=O)[C@@]1(OC(=O)CC)[C@@H](C)C[C@H]2[C@@H]3CCC4=CC(=O)C=C[C@]4(C)[C@@]3(F)[C@@H](O)C[C@@]21C	chembl_approved	CHEMBL1200384	CC BY-SA 3.0	2026-09-25	504.6	3.818	1	7	106.97	6	36	73	4	0.714	0	1	0	
CIWBSHSKHKDKBQ-JLAZNSOCSA-M	O=C1O[C@H]([C@@H](O)CO)C([O-])=C1O	chembl_approved	CHEMBL591665	CC BY-SA 3.0	2026-09-25	175.12	-2.605	3	6	110.05	2	12	19	1	0.5	0	0	0	
CIWBSHSKHKDKBQ-JLAZNSOCSA-N	O=C1O[C@H]([C@@H](O)CO)C(O)=C1O	chembl_approved	CHEMBL196	CC BY-SA 3.0	2026-09-25	176.12	-1.407	4	6	107.22	2	12	20	1	0.5	0	0	0	
CJAVTWRYCDNHSM-UHFFFAOYSA-N	CC(Cc1cccc(C(F)(F)F)c1)NCCOC(=O)c1ccccc1	chembl_approved	CHEMBL400599	CC BY-SA 3.0	2026-09-25	351.37	4.083	1	3	38.33	7	25	45	2	0.316	0	0	0	
CJBJHOAVZSMMDJ-HEXNFIEUSA-N	CC(C)CN(C[C@@H](O)[C@H](Cc1ccccc1)NC(=O)O[C@H]1CO[C@H]2OCC[C@H]21)S(=O)(=O)c1ccc(N)cc1	chembl_approved	CHEMBL1323	CC BY-SA 3.0	2026-09-25	547.67	2.375	3	8	140.42	11	38	75	4	0.519	0	1	0	chembl_approved:CHEMBL1201127
CJCSPKMFHVPWAR-JTQLQIEISA-N	C[C@](N)(Cc1ccc(O)c(O)c1)C(=O)O	chembl_approved	CHEMBL459	CC BY-SA 3.0	2026-09-25	211.22	0.442	4	4	103.78	3	15	28	1	0.3	1	0	0	
CJOFXWAVKWHTFT-XSFVSMFZSA-N	COCCCC/C(=N\OCCN)c1ccc(C(F)(F)F)cc1	chembl_approved	CHEMBL814	CC BY-SA 3.0	2026-09-25	318.34	3.202	1	4	56.84	9	22	43	1	0.533	0	0	0	chembl_approved:CHEMBL1409
CKFBRGLGTWAVLG-GOMYTPFNSA-N	C=C1C[C@H]2[C@@H]3CCC4=CC(=O)CC[C@@H]4[C@H]3CC[C@]2(C)[C@@]1(OC(C)=O)C(C)=O	chembl_approved	CHEMBL3707377	CC BY-SA 3.0	2026-09-25	370.49	4.185	0	4	60.44	2	27	57	4	0.696	0	0	0	
CMCCHHWTTBEZNM-UHFFFAOYSA-N	CC(C)C(Br)C(=O)NC(N)=O	chembl_approved	CHEMBL1515611	CC BY-SA 3.0	2026-09-25	223.07	0.601	2	2	72.19	2	11	22	0	0.667	0	0	1	
CMHHMUWAYWTMGS-UHFFFAOYSA-N	CCCCOc1cc(C(=O)OCCN(CC)CC)ccc1N	chembl_approved	CHEMBL1200	CC BY-SA 3.0	2026-09-25	308.42	2.946	1	5	64.79	10	22	50	1	0.588	0	0	0	chembl_approved:CHEMBL1200654
CMJCXYNUCSMDBY-ZDUSSCGKSA-N	COC(=O)N[C@@H](C)CNc1nccc(-c2cn(C(C)C)nc2-c2cc(Cl)cc(NS(C)(=O)=O)c2F)n1	chembl_approved	CHEMBL3301612	CC BY-SA 3.0	2026-09-25	540.02	3.908	3	8	140.13	9	36	63	3	0.364	0	1	0	
CMSMOCZEIVJLDB-UHFFFAOYSA-N	O=P1(N(CCCl)CCCl)NCCCO1	chembl_approved	CHEMBL88	CC BY-SA 3.0	2026-09-25	261.09	1.884	1	2	41.57	5	14	29	1	1.0	0	0	1	chembl_approved:CHEMBL1200796
CMWTZPSULFXXJA-VIFPVBQESA-M	COc1ccc2cc([C@H](C)C(=O)[O-])ccc2c1	chembl_approved	CHEMBL1200806	CC BY-SA 3.0	2026-09-25	229.25	1.702	0	3	49.36	3	17	30	2	0.214	0	0	1	
CMWTZPSULFXXJA-VIFPVBQESA-N	COc1ccc2cc([C@H](C)C(=O)O)ccc2c1	chembl_approved	CHEMBL154	CC BY-SA 3.0	2026-09-25	230.26	3.037	1	2	46.53	3	17	31	2	0.214	0	0	0	
CNBGNNVCVSKAQZ-UHFFFAOYSA-N	CN(C)CCCOc1nn(Cc2ccccc2)c2ccccc12	chembl_approved	CHEMBL12610	CC BY-SA 3.0	2026-09-25	309.41	3.415	0	3	30.29	7	23	46	3	0.316	0	0	0	chembl_approved:CHEMBL1528134
CNIIGCLFLJGOGP-UHFFFAOYSA-N	c1ccc2c(CC3=NCCN3)cccc2c1	chembl_approved	CHEMBL761	CC BY-SA 3.0	2026-09-25	210.28	2.384	1	2	24.39	2	16	30	3	0.214	0	0	1	chembl_approved:CHEMBL1706
COKMIXFXJJXBQG-NRFANRHFSA-N	CCCCS(=O)(=O)N[C@@H](Cc1ccc(OCCCCC2CCNCC2)cc1)C(=O)O	chembl_approved	CHEMBL916	CC BY-SA 3.0	2026-09-25	440.61	2.95	3	5	104.73	14	30	66	2	0.682	0	0	0	chembl_approved:CHEMBL3189072
CORFWQGVBFFZHF-AKGSDVBQSA-M	O=C([O-])CNC(=O)c1ccccc1[131I]	chembl_approved	CHEMBL1200763	CC BY-SA 3.0	2026-09-25	308.07	-0.229	1	3	69.23	3	14	21	1	0.111	0	0	0	
CORFWQGVBFFZHF-UHFFFAOYSA-N	O=C(O)CNC(=O)c1ccccc1I	chembl_approved	CHEMBL1681	CC BY-SA 3.0	2026-09-25	305.07	1.106	2	2	66.4	3	14	22	1	0.111	0	0	0	
CORFWQGVBFFZHF-YWNMBFHISA-M	O=C([O-])CNC(=O)c1ccccc1[123I]	chembl_approved	CHEMBL1200439	CC BY-SA 3.0	2026-09-25	300.06	-0.229	1	3	69.23	3	14	21	1	0.111	0	0	0	
COUYJEVMBVSIHV-SFHVURJKSA-N	COc1ccc(CC(C)(C)NC[C@H](O)c2cc(O)cc3c2OCC(=O)N3)cc1	chembl_approved	CHEMBL605846	CC BY-SA 3.0	2026-09-25	386.45	2.376	4	6	100.05	7	28	54	3	0.381	0	0	0	chembl_approved:CHEMBL2105743
COVZYZSDYWQREU-UHFFFAOYSA-N	CS(=O)(=O)OCCCCOS(C)(=O)=O	chembl_approved	CHEMBL820	CC BY-SA 3.0	2026-09-25	246.31	-0.281	0	6	86.74	7	14	28	0	1.0	0	0	0	
COXVTLYNGOIATD-HVMBLDELSA-J	Cc1cc(-c2ccc(/N=N/c3ccc4c(S(=O)(=O)[O-])cc(S(=O)(=O)[O-])c(N)c4c3O)c(C)c2)ccc1/N=N/c1ccc2c(S(=O)(=O)[O-])cc(S(=O)(=O)[O-])c(N)c2c1O	chembl_approved	CHEMBL1200712	CC BY-SA 3.0	2026-09-25	868.86	5.3	4	20	370.74	9	58	82	6	0.059	1	3	0	
COXVTLYNGOIATD-HVMBLDELSA-N	Cc1cc(-c2ccc(/N=N/c3ccc4c(S(=O)(=O)O)cc(S(=O)(=O)O)c(N)c4c3O)c(C)c2)ccc1/N=N/c1ccc2c(S(=O)(=O)O)cc(S(=O)(=O)O)c(N)c2c1O	chembl_approved	CHEMBL1015	CC BY-SA 3.0	2026-09-25	872.89	6.67	8	16	359.42	9	58	86	6	0.059	1	4	0	
CPJSUEIXXCENMM-UHFFFAOYSA-N	CCOc1ccc(NC(C)=O)cc1	chembl_approved	CHEMBL16073	CC BY-SA 3.0	2026-09-25	179.22	2.044	1	2	38.33	3	13	26	1	0.3	0	0	1	
CPTBDICYNRMXFX-UHFFFAOYSA-N	CNNCc1ccc(C(=O)NC(C)C)cc1	chembl_approved	CHEMBL1321	CC BY-SA 3.0	2026-09-25	221.3	1.049	3	3	53.16	5	16	35	1	0.417	0	0	1	chembl_approved:CHEMBL1200410
CPZBLNMUGSZIPR-NVXWUHKLSA-N	O=C1c2cccc3c2[C@H](CCC3)CN1[C@@H]1CN2CCC1CC2	chembl_approved	CHEMBL1720	CC BY-SA 3.0	2026-09-25	296.41	2.657	0	2	23.55	1	22	46	6	0.632	0	0	1	chembl_approved:CHEMBL1189679
CQXADFVORZEARL-UHFFFAOYSA-N	C1COC(NC(C2CC2)C2CC2)=N1	chembl_approved	CHEMBL289480	CC BY-SA 3.0	2026-09-25	180.25	1.151	1	3	33.62	3	13	29	3	0.9	0	0	1	
CSKDFZIMJXRJGH-VWLPUNTISA-N	O=C(NN1C(=O)[C@@H]2[C@@H]3C=C[C@@H]([C@H]4C[C@@H]34)[C@@H]2C1=O)c1ccc(C(F)(F)F)cc1	chembl_approved	CHEMBL1257073	CC BY-SA 3.0	2026-09-25	376.33	2.403	1	3	66.48	2	27	42	6	0.421	0	0	0	chembl_approved:CHEMBL5315121
CSOBIBXVIYAXFM-BYNJWEBRSA-N	COc1cc2c(cc1OC)-c1c/c(=N\c3c(C)cc(C)cc3C)n(CCNC(N)=O)c(=O)n1CC2	chembl_approved	CHEMBL4594287	CC BY-SA 3.0	2026-09-25	477.57	2.716	2	5	112.87	6	35	66	4	0.346	0	0	0	
CTETYYAZBPJBHE-UHFFFAOYSA-N	Clc1cc(Cl)c(OCC#CI)cc1Cl	chembl_approved	CHEMBL1289	CC BY-SA 3.0	2026-09-25	361.39	4.422	0	1	9.23	2	14	18	1	0.111	0	0	0	
CTFFKFYWSOSIAA-UHFFFAOYSA-N	O=C(Nc1ccc(Br)cc1)c1cc(Br)ccc1O	chembl_approved	CHEMBL21869	CC BY-SA 3.0	2026-09-25	371.03	4.17	2	2	49.33	2	18	27	2	0.0	0	0	0	
CTRLABGOLIVAIY-UHFFFAOYSA-N	NC(=O)N1c2ccccc2CC(=O)c2ccccc21	chembl_approved	CHEMBL1068	CC BY-SA 3.0	2026-09-25	252.27	2.642	1	2	63.4	0	19	31	3	0.067	0	0	1	
CUHVIMMYOGQXCV-NSHDSACASA-N	Cc1cccc([C@H](C)c2c[nH]cn2)c1C	chembl_approved	CHEMBL778	CC BY-SA 3.0	2026-09-25	200.29	3.178	1	1	28.68	2	15	31	2	0.308	0	0	0	chembl_approved:CHEMBL2106195
CUIHSIWYWATEQL-UHFFFAOYSA-N	Cc1ccc(Nc2nccc(N(C)c3ccc4c(C)n(C)nc4c3)n2)cc1S(N)(=O)=O	chembl_approved	CHEMBL477772	CC BY-SA 3.0	2026-09-25	437.53	3.139	2	7	119.03	5	31	54	4	0.19	0	0	0	chembl_approved:CHEMBL1201733
CULUWZNBISUWAS-UHFFFAOYSA-N	O=C(Cn1ccnc1[N+](=O)[O-])NCc1ccccc1	chembl_approved	CHEMBL110	CC BY-SA 3.0	2026-09-25	260.25	1.108	1	4	90.06	5	19	31	2	0.167	0	0	0	
CURUTKGFNZGFSE-UHFFFAOYSA-N	CCN(CC)CCOC(=O)C1(C2CCCCC2)CCCCC1	chembl_approved	CHEMBL1123	CC BY-SA 3.0	2026-09-25	309.49	4.402	0	3	29.54	7	22	57	2	0.947	0	0	0	chembl_approved:CHEMBL1200479
CVBMAZKKCSYWQR-WCGOZPBSSA-N	COC(=O)[C@H]1[C@H]2C[C@@H]3c4[nH]c5ccccc5c4CCN3C[C@H]2C[C@@H](OC(=O)c2cc(OC)c(OC)c(OC)c2)[C@@H]1OC	chembl_approved	CHEMBL1200515	CC BY-SA 3.0	2026-09-25	578.66	4.163	1	9	108.55	7	42	80	6	0.5	1	1	0	
CVWXJKQAOSCOAB-UHFFFAOYSA-N	CC(C)(C)c1cc(NC(=O)Nc2ccc(-c3cn4c(n3)sc3cc(OCCN5CCOCC5)ccc34)cc2)no1	chembl_approved	CHEMBL576982	CC BY-SA 3.0	2026-09-25	560.68	5.857	2	8	106.16	7	40	72	6	0.345	0	2	0	chembl_approved:CHEMBL2105709
CVXBEEMKQHEXEN-UHFFFAOYSA-N	CNC(=O)Oc1cccc2ccccc12	chembl_approved	CHEMBL46917	CC BY-SA 3.0	2026-09-25	201.22	2.558	1	2	38.33	1	15	26	2	0.083	0	0	1	
CWRBDUIQDIHWJZ-SOFGYWHQSA-N	CCCC(=O)Nc1c(I)cc(I)c(/C=C(\CC)C(=O)O)c1I	chembl_approved	CHEMBL2110636	CC BY-SA 3.0	2026-09-25	639.01	5.117	2	2	66.4	6	22	38	1	0.333	0	2	0	
CXBMCYHAMVGWJQ-UHFFFAOYSA-N	CC(C)=CC1C(C(=O)OCN2C(=O)C3=C(CCCC3)C2=O)C1(C)C	chembl_approved	CHEMBL1788386	CC BY-SA 3.0	2026-09-25	331.41	2.965	0	4	63.68	4	24	49	3	0.632	0	0	0	
CXOFVDLJLONNDW-UHFFFAOYSA-M	O=C1N=C([O-])NC1(c1ccccc1)c1ccccc1	chembl_approved	CHEMBL1611	CC BY-SA 3.0	2026-09-25	251.27	0.776	1	3	64.52	2	19	30	3	0.067	0	0	1	
CXOFVDLJLONNDW-UHFFFAOYSA-N	O=C1NC(=O)C(c2ccccc2)(c2ccccc2)N1	chembl_approved	CHEMBL16	CC BY-SA 3.0	2026-09-25	252.27	1.77	2	2	58.2	2	19	31	3	0.067	0	0	1	
CXOXHMZGEKVPMT-UHFFFAOYSA-N	CN1C(=O)CC(=O)N(c2ccccc2)c2cc(Cl)ccc21	chembl_approved	CHEMBL70418	CC BY-SA 3.0	2026-09-25	300.75	3.371	0	2	40.62	1	21	34	3	0.125	0	0	0	
CYDMQBQPVICBEU-XRNKAMNCSA-N	CN(C)[C@@H]1C(O)=C(C(N)=O)C(=O)[C@@]2(O)C(O)=C3C(=O)c4c(O)ccc(Cl)c4[C@@](C)(O)[C@H]3C[C@@H]12	chembl_approved	CHEMBL404520	CC BY-SA 3.0	2026-09-25	478.89	0.439	6	9	181.62	2	33	56	4	0.409	0	1	0	chembl_approved:CHEMBL2146063
CYHWMBVXXDIZNZ-KRWDZBQOSA-N	COC(=O)CC[C@@H]1N=C(c2ccccn2)c2cc(Br)ccc2-n2c(C)cnc21	chembl_approved	CHEMBL4297526	CC BY-SA 3.0	2026-09-25	439.31	4.184	0	5	69.37	4	28	47	4	0.238	0	0	0	chembl_approved:CHEMBL4594301
CYLWJCABXYDINA-UHFFFAOYSA-N	CN1C(CSCC(F)(F)F)Nc2cc(Cl)c(S(N)(=O)=O)cc2S1(=O)=O	chembl_approved	CHEMBL1587	CC BY-SA 3.0	2026-09-25	439.89	1.655	2	6	109.57	4	25	38	2	0.455	0	0	0	
CYOHGALHFOKKQC-UHFFFAOYSA-N	Cn1cnc2c(F)c(Nc3ccc(Br)cc3Cl)c(C(=O)NOCCO)cc21	chembl_approved	CHEMBL1614701	CC BY-SA 3.0	2026-09-25	457.69	3.526	3	5	88.41	6	27	42	3	0.176	0	0	0	chembl_approved:CHEMBL2105684
CYQFCXCEBYINGO-IAGOWNOFSA-N	CCCCCc1cc(O)c2c(c1)OC(C)(C)[C@@H]1CCC(C)=C[C@@H]21	chembl_approved	CHEMBL465	CC BY-SA 3.0	2026-09-25	314.47	5.736	1	2	29.46	4	23	53	3	0.619	0	1	0	
CYWFCPPBTWOZSF-UHFFFAOYSA-N	CC(C)Cc1ccc(CC(=O)O)cc1	chembl_approved	CHEMBL341812	CC BY-SA 3.0	2026-09-25	192.26	2.512	1	1	37.3	4	14	30	1	0.417	0	0	1	
CYXKNKQEMFBLER-UHFFFAOYSA-N	C1CCC(C(CC2CCCCN2)C2CCCCC2)CC1	chembl_approved	CHEMBL75880	CC BY-SA 3.0	2026-09-25	277.5	5.295	1	1	12.03	4	20	55	3	1.0	0	1	0	chembl_approved:CHEMBL1334033
CZAKJJUNKNPTTO-AJFJRRQVSA-N	Nc1nc(=O)c2c([nH]1)N[C@@H]1O[C@@H]3COP(=O)(O)O[C@@H]3C(O)(O)[C@@H]1N2	chembl_approved	CHEMBL2338675	CC BY-SA 3.0	2026-09-25	363.22	-2.52	7	11	201.28	0	24	38	4	0.6	0	2	0	chembl_approved:CHEMBL4594300
CZCHIEJNWPNBDE-UHFFFAOYSA-N	CCc1oc2ccccc2c1C(=O)c1cc(I)c(O)c(I)c1	chembl_approved	CHEMBL232201	CC BY-SA 3.0	2026-09-25	518.09	5.141	1	3	50.44	3	22	34	3	0.118	0	2	0	
CZFFBEXEKNGXKS-UHFFFAOYSA-M	Cc1nnc(C(=O)NC(C)(C)c2nc(C(=O)NCc3ccc(F)cc3)c([O-])c(=O)n2C)o1	chembl_approved	CHEMBL518520	CC BY-SA 3.0	2026-09-25	443.42	0.28	2	8	155.07	6	32	52	3	0.3	0	0	0	
CZFFBEXEKNGXKS-UHFFFAOYSA-N	Cc1nnc(C(=O)NC(C)(C)c2nc(C(=O)NCc3ccc(F)cc3)c(O)c(=O)n2C)o1	chembl_approved	CHEMBL254316	CC BY-SA 3.0	2026-09-25	444.42	0.912	3	8	152.24	6	32	53	3	0.3	0	0	0	
CZONNRSTWJECNT-UHFFFAOYSA-N	O=[Si]([O-])O[Si]([O-])([O-])O[Si](=O)[O-]	chembl_approved	CHEMBL2096633	CC BY-SA 3.0	2026-09-25	212.25	-6.273	0	8	144.84	4	11	11	0	0.0	0	0	0	
CZTQZXZIADLWOZ-CRAIPNDOSA-N	O=C(Cc1cccs1)N[C@@H]1C(=O)N2C(C(=O)[O-])=C(C[n+]3ccccc3)CS[C@H]12	chembl_approved	CHEMBL316157	CC BY-SA 3.0	2026-09-25	415.5	-0.318	1	6	93.42	6	28	45	4	0.263	0	0	0	
DAFYYTQWSAWIGS-DEOSSOPVSA-N	OCc1cc([C@@H](O)CNCCCCCCOCCOCc2c(Cl)cccc2Cl)ccc1O	chembl_approved	CHEMBL1084172	CC BY-SA 3.0	2026-09-25	486.44	4.608	4	6	91.18	16	32	65	2	0.5	0	0	0	chembl_approved:CHEMBL1198857
DBABZHXKTCFAPX-UHFFFAOYSA-N	CCCN(CCC)S(=O)(=O)c1ccc(C(=O)O)cc1	chembl_approved	CHEMBL897	CC BY-SA 3.0	2026-09-25	285.36	2.196	1	3	74.68	7	19	38	1	0.462	0	0	1	
DBEPLOCGEIEOCV-WSBQPABSSA-N	CC(C)(C)NC(=O)[C@H]1CC[C@H]2[C@@H]3CC[C@H]4NC(=O)C=C[C@]4(C)[C@H]3CC[C@]12C	chembl_approved	CHEMBL710	CC BY-SA 3.0	2026-09-25	372.55	3.815	2	2	58.2	1	27	63	4	0.826	0	0	0	
DBGIVFWFUFKIQN-UHFFFAOYSA-N	CCNC(C)Cc1cccc(C(F)(F)F)c1	chembl_approved	CHEMBL87493	CC BY-SA 3.0	2026-09-25	231.26	3.246	1	1	12.03	4	16	32	1	0.5	0	0	0	chembl_approved:CHEMBL2106217
DBGIVFWFUFKIQN-VIFPVBQESA-N	CCN[C@@H](C)Cc1cccc(C(F)(F)F)c1	chembl_approved	CHEMBL248702	CC BY-SA 3.0	2026-09-25	231.26	3.246	1	1	12.03	4	16	32	1	0.5	0	0	0	chembl_approved:CHEMBL1887891
DBPPRLRVDVJOCL-FQRUVTKNSA-N	CC(C)(O/N=C(\C(=O)N[C@@H]1C(=O)N2C(C(=O)[O-])=C(C[N+]3(CCNC(=O)c4ccc(O)c(O)c4Cl)CCCC3)CS[C@H]12)c1csc(N)n1)C(=O)O	chembl_approved	CHEMBL3989974	CC BY-SA 3.0	2026-09-25	752.23	-0.182	6	14	256.9	13	50	84	5	0.433	1	3	0	
DBVJJBKOTRCVKF-UHFFFAOYSA-L	CC(O)(P(=O)([O-])O)P(=O)([O-])O	chembl_approved	CHEMBL1201042	CC BY-SA 3.0	2026-09-25	204.01	-2.256	3	5	140.95	2	11	17	0	1.0	0	0	0	
DBVJJBKOTRCVKF-UHFFFAOYSA-N	CC(O)(P(=O)(O)O)P(=O)(O)O	chembl_approved	CHEMBL871	CC BY-SA 3.0	2026-09-25	206.03	-0.992	5	3	135.29	2	11	19	0	1.0	0	0	0	
DCCSDBARQIPTGU-HSZRJFAPSA-N	CC(C)C(=O)Oc1ccc(CO)cc1[C@H](CCN(C(C)C)C(C)C)c1ccccc1	chembl_approved	CHEMBL1201764	CC BY-SA 3.0	2026-09-25	411.59	5.381	1	4	49.77	10	30	67	2	0.5	0	1	0	chembl_approved:CHEMBL1201765
DCOPUUMXTXDBNB-UHFFFAOYSA-M	O=C([O-])Cc1ccccc1Nc1c(Cl)cccc1Cl	chembl_approved	CHEMBL1034	CC BY-SA 3.0	2026-09-25	295.14	3.029	1	3	52.16	4	19	29	2	0.071	0	0	0	chembl_approved:CHEMBL1200804
DCOPUUMXTXDBNB-UHFFFAOYSA-N	O=C(O)Cc1ccccc1Nc1c(Cl)cccc1Cl	chembl_approved	CHEMBL139	CC BY-SA 3.0	2026-09-25	296.15	4.364	2	2	49.33	4	19	30	2	0.071	0	0	0	chembl_approved:CHEMBL1201180
DCSUBABJRXZOMT-UHFFFAOYSA-N	COc1cc(N)c(Cl)cc1C(=O)NC1CCN(CCCOc2ccc(F)cc2)CC1OC	chembl_approved	CHEMBL1729	CC BY-SA 3.0	2026-09-25	465.95	3.358	2	6	86.05	9	32	61	3	0.435	0	0	0	chembl_approved:CHEMBL1200788
DDBREPKUVSBGFI-UHFFFAOYSA-M	CCC1(c2ccccc2)C(=O)N=C([O-])NC1=O	chembl_approved	CHEMBL149972	CC BY-SA 3.0	2026-09-25	231.23	-0.293	1	3	81.59	2	17	28	2	0.25	0	0	1	
DDBREPKUVSBGFI-UHFFFAOYSA-N	CCC1(c2ccccc2)C(=O)NC(=O)NC1=O	chembl_approved	CHEMBL40	CC BY-SA 3.0	2026-09-25	232.24	0.7	2	3	75.27	2	17	29	2	0.25	0	0	1	chembl_approved:CHEMBL3833301
DDHUTBKXLWCZCO-UHFFFAOYSA-N	COc1cc(Br)c(C[N+]2(CCOCCC3CCC4CC3C4(C)C)CCOCC2)cc1OC	chembl_approved	CHEMBL1909298	CC BY-SA 3.0	2026-09-25	511.52	5.292	0	4	36.92	10	32	73	5	0.769	0	2	0	chembl_approved:CHEMBL1909324
DDINXHAORAAYAD-UHFFFAOYSA-N	CCCCCCCCCCCC(=O)OCN1C(=O)CCc2ccc(OCCCCN3CCN(c4cccc(Cl)c4Cl)CC3)cc21	chembl_approved	CHEMBL2219425	CC BY-SA 3.0	2026-09-25	660.73	8.675	0	6	62.32	19	45	96	4	0.611	0	2	0	
DDLIGBOFAVUZHB-UHFFFAOYSA-N	Cc1ncc2n1-c1ccc(Cl)cc1C(c1ccccc1F)=NC2	chembl_approved	CHEMBL655	CC BY-SA 3.0	2026-09-25	325.77	4.324	0	2	30.18	1	23	36	4	0.111	0	0	0	chembl_approved:CHEMBL1200420
DDNCQMVWWZOMLN-IRLDBZIGSA-N	CCOC(=O)C1=C[C@]2(CC)CCCN3CCc4c(n1c1ccccc41)[C@@H]32	chembl_approved	CHEMBL71752	CC BY-SA 3.0	2026-09-25	350.46	4.148	0	3	34.47	3	26	52	5	0.5	0	0	0	
DDOOFTLHJSMHLN-ZQHRPCGSSA-N	C[C@@H]1[C@H](c2ccccc2)C[C@H](NC(=O)c2cnc3c(c2)C[C@@]2(C3)C(=O)Nc3ncccc32)C(=O)N1CC(F)(F)F	chembl_approved	CHEMBL2364638	CC BY-SA 3.0	2026-09-25	549.55	3.531	2	5	104.29	4	40	66	6	0.345	0	1	0	
DDUHZTYCFQRHIY-RBHXEPJQSA-N	COC1=CC(=O)C[C@@H](C)[C@]12Oc1c(Cl)c(OC)cc(OC)c1C2=O	chembl_approved	CHEMBL562	CC BY-SA 3.0	2026-09-25	352.77	2.81	0	6	71.06	3	24	41	3	0.412	0	0	0	
DERZBLKQOCDDDZ-JLHYYAGUSA-N	C(=C\c1ccccc1)/CN1CCN(C(c2ccccc2)c2ccccc2)CC1	chembl_approved	CHEMBL43064	CC BY-SA 3.0	2026-09-25	368.52	5.107	0	2	6.48	6	28	56	4	0.231	0	1	0	
DEVSOMFAQLZNKR-RJRFIUFISA-N	O=C(/C=C\n1cnc(-c2cc(C(F)(F)F)cc(C(F)(F)F)c2)n1)NNc1cnccn1	chembl_approved	CHEMBL3545185	CC BY-SA 3.0	2026-09-25	443.31	3.387	2	6	97.62	5	31	42	3	0.118	0	0	0	
DFEYYRMXOJXZRJ-UHFFFAOYSA-N	FCOC(C(F)(F)F)C(F)(F)F	chembl_approved	CHEMBL1200694	CC BY-SA 3.0	2026-09-25	200.05	2.423	0	1	9.23	2	12	15	0	1.0	0	0	1	
DFPAKSUCGFBDDF-UHFFFAOYSA-N	NC(=O)c1cccnc1	chembl_approved	CHEMBL1140	CC BY-SA 3.0	2026-09-25	122.13	0.181	1	2	55.98	1	9	15	1	0.0	0	0	1	
DGAIEPBNLOQYER-UHFFFAOYSA-N	COCC(=O)Nc1c(I)c(C(=O)NCC(O)CO)c(I)c(C(=O)N(C)CC(O)CO)c1I	chembl_approved	CHEMBL1725	CC BY-SA 3.0	2026-09-25	791.12	-0.407	6	8	168.66	11	32	56	1	0.5	0	2	0	
DGBIGWXXNGSACT-UHFFFAOYSA-N	O=C1CN=C(c2ccccc2Cl)c2cc([N+](=O)[O-])ccc2N1	chembl_approved	CHEMBL452	CC BY-SA 3.0	2026-09-25	315.72	3.038	1	4	84.6	2	22	32	3	0.067	0	0	0	
DGMKFQYCZXERLX-UHFFFAOYSA-N	CCCN(CCC)C(=O)C(CCC(=O)O)NC(=O)c1ccccc1	chembl_approved	CHEMBL316561	CC BY-SA 3.0	2026-09-25	334.42	2.298	2	3	86.71	10	24	50	1	0.5	0	0	0	
DGMZLCLHHVYDIS-UHFFFAOYSA-N	COc1ccc2c(C(=O)c3ccc(Cl)cc3)c(C)n(CC(=O)O)c2c1	chembl_approved	CHEMBL13376	CC BY-SA 3.0	2026-09-25	357.79	3.927	1	3	68.53	5	25	41	3	0.158	0	0	0	
DHHVAGZRUROJKS-UHFFFAOYSA-N	CC(C)(N)Cc1ccccc1	chembl_approved	CHEMBL1574	CC BY-SA 3.0	2026-09-25	149.24	1.966	1	1	26.02	2	11	26	1	0.4	0	0	1	chembl_approved:CHEMBL1200912
DHMTURDWPRKSOA-RUZDIDTESA-N	NC(=O)N1CCC(CC(=O)N2CCC([C@H]3c4ncc(Br)cc4CCc4cc(Cl)cc(Br)c43)CC2)CC1	chembl_approved	CHEMBL298734	CC BY-SA 3.0	2026-09-25	638.83	5.91	1	3	79.53	3	36	67	5	0.519	0	2	0	
DHSUYTOATWAVLW-WFVMDLQDSA-M	CC1(C)C[C@@H]1C(=O)N/C(=C\CCCCSC[C@H](N)C(=O)O)C(=O)[O-]	chembl_approved	CHEMBL1201057	CC BY-SA 3.0	2026-09-25	357.45	0.098	3	6	132.55	11	24	49	1	0.688	0	0	0	
DHSUYTOATWAVLW-WFVMDLQDSA-N	CC1(C)C[C@@H]1C(=O)N/C(=C\CCCCSC[C@H](N)C(=O)O)C(=O)O	chembl_approved	CHEMBL766	CC BY-SA 3.0	2026-09-25	358.46	1.433	4	5	129.72	11	24	50	1	0.688	0	0	0	
DHZBEENLJMYSHQ-XCVPVQRUSA-N	C[C@@]12C(=O)OC(=O)[C@]1(C)[C@H]1CC[C@@H]2O1	chembl_approved	CHEMBL48449	CC BY-SA 3.0	2026-09-25	196.2	0.644	0	4	52.6	0	14	26	3	0.8	0	0	0	
DIWRORZWFLOCLC-UHFFFAOYSA-N	O=C1Nc2ccc(Cl)cc2C(c2ccccc2Cl)=NC1O	chembl_approved	CHEMBL580	CC BY-SA 3.0	2026-09-25	321.16	3.101	2	3	61.69	1	21	31	3	0.067	0	0	0	
DJBNUMBKLMJRSA-UHFFFAOYSA-N	O=C(NCC1CCCCN1)c1cc(OCC(F)(F)F)ccc1OCC(F)(F)F	chembl_approved	CHEMBL652	CC BY-SA 3.0	2026-09-25	414.35	3.441	2	4	59.59	7	28	48	2	0.588	0	0	0	chembl_approved:CHEMBL1200822
DJEIHHYCDCTAAH-UHFFFAOYSA-N	COc1ccc(-c2noc(CC(=O)O)c2-c2ccc(OC)cc2)cc1	chembl_approved	CHEMBL259972	CC BY-SA 3.0	2026-09-25	339.35	3.653	1	5	81.79	6	25	42	3	0.158	0	0	0	
DJHCCTTVDRAMEH-DUUJBDRPSA-N	CCC(=O)OCC(=O)[C@@]1(OC(=O)CC)[C@H](C)C[C@H]2[C@H]3[C@H]([C@@H](O)C[C@@]21C)[C@@]1(C)C=CC(=O)C=C1C[C@H]3Cl	chembl_approved	CHEMBL1200989	CC BY-SA 3.0	2026-09-25	521.05	3.943	1	7	106.97	6	36	73	4	0.714	0	1	0	
DJQOOSBJCLSSEY-UHFFFAOYSA-N	Cc1cnc(C(=O)O)c[n+]1[O-]	chembl_approved	CHEMBL345714	CC BY-SA 3.0	2026-09-25	154.12	-0.278	1	3	77.13	1	11	17	1	0.167	0	0	1	
DJSXNILVACEBLP-UHFFFAOYSA-J	N#Cc1c(N(CC(=O)[O-])CC(=O)[O-])sc(C(=O)[O-])c1CC(=O)[O-]	chembl_approved	CHEMBL3707306	CC BY-SA 3.0	2026-09-25	338.25	-5.418	0	11	187.55	8	23	29	1	0.25	0	1	0	
DJSXNILVACEBLP-UHFFFAOYSA-N	N#Cc1c(N(CC(=O)O)CC(=O)O)sc(C(=O)O)c1CC(=O)O	chembl_approved	CHEMBL2107175	CC BY-SA 3.0	2026-09-25	342.29	-0.079	4	7	176.23	8	23	33	1	0.25	0	0	0	
DJXRIQMCROIRCZ-XOEOCAAJSA-N	O=C(Nc1ccc(C[C@@H]2CC[C@H]([C@H](O)c3ccccc3)N2)cc1)[C@@H]1CCc2nccc(=O)n21	chembl_approved	CHEMBL2107826	CC BY-SA 3.0	2026-09-25	444.54	2.766	3	5	96.25	6	33	61	5	0.346	0	0	0	
DKJJVAGXPKPDRL-UHFFFAOYSA-L	O=P([O-])(O)C(Sc1ccc(Cl)cc1)P(=O)([O-])O	chembl_approved	CHEMBL1200448	CC BY-SA 3.0	2026-09-25	316.6	0.807	2	5	120.72	4	17	24	1	0.143	0	0	0	
DKJJVAGXPKPDRL-UHFFFAOYSA-N	O=P(O)(O)C(Sc1ccc(Cl)cc1)P(=O)(O)O	chembl_approved	CHEMBL1350	CC BY-SA 3.0	2026-09-25	318.61	2.071	4	3	115.06	4	17	26	1	0.143	0	0	0	
DKLKMKYDWHYZTD-UHFFFAOYSA-N	CC(CNC1CCCCC1)OC(=O)c1ccccc1	chembl_approved	CHEMBL1197	CC BY-SA 3.0	2026-09-25	261.37	3.154	1	3	38.33	5	19	42	2	0.562	0	0	0	chembl_approved:CHEMBL1200715
DKNWSYNQZKUICI-UHFFFAOYSA-N	NC12CC3CC(CC(C3)C1)C2	chembl_approved	CHEMBL660	CC BY-SA 3.0	2026-09-25	151.25	1.914	1	1	26.02	0	11	28	4	1.0	0	0	1	chembl_approved:CHEMBL1569
DKOQGJHPHLTOJR-WHRDSVKCSA-N	CO/N=C(\C(=O)N[C@@H]1C(=O)N2C(C(=O)[O-])=C(C[n+]3cccc4c3CCC4)CS[C@H]12)c1csc(N)n1	chembl_approved	CHEMBL65794	CC BY-SA 3.0	2026-09-25	514.59	-1.044	2	10	153.92	7	35	57	5	0.364	0	1	0	chembl_approved:CHEMBL2106076
DKULOVKANLVDEA-UHFFFAOYSA-N	NS(=O)(=O)Nc1ncnc(OCCOc2ncc(Br)cn2)c1-c1ccc(Br)cc1	chembl_approved	CHEMBL2165326	CC BY-SA 3.0	2026-09-25	546.2	2.532	2	8	142.21	8	29	43	3	0.125	0	1	0	
DKWNMCUOEDMMIN-PKOBYXMFSA-N	N=C(N)c1ccc(CNC(=O)[C@@H]2CCN2C(=O)[C@H](NCC(=O)O)C2CCCCC2)cc1	chembl_approved	CHEMBL266349	CC BY-SA 3.0	2026-09-25	429.52	0.811	5	5	148.61	9	31	62	3	0.545	0	0	0	
DKYWVDODHFEZIM-NSHDSACASA-N	C[C@H](C(=O)O)c1cccc(C(=O)c2ccccc2)c1	chembl_approved	CHEMBL75435	CC BY-SA 3.0	2026-09-25	254.28	3.106	1	2	54.37	4	19	33	2	0.125	0	0	0	
DKYWVDODHFEZIM-UHFFFAOYSA-N	CC(C(=O)O)c1cccc(C(=O)c2ccccc2)c1	chembl_approved	CHEMBL571	CC BY-SA 3.0	2026-09-25	254.28	3.106	1	2	54.37	4	19	33	2	0.125	0	0	0	
DLGOEMSEDOSKAD-UHFFFAOYSA-N	O=NN(CCCl)C(=O)NCCCl	chembl_approved	CHEMBL513	CC BY-SA 3.0	2026-09-25	214.05	1.157	1	3	61.77	5	12	21	0	0.8	0	0	1	
DLJKPYFALUEJCK-IIELGFQLSA-N	CCCCC[C@](C)(O)/C=C/[C@@H]1[C@@H](C/C=C\CCCC(=O)O)[C@@H](O)C[C@H]1O	chembl_approved	CHEMBL1237105	CC BY-SA 3.0	2026-09-25	368.51	3.433	4	4	97.99	12	26	62	1	0.762	0	0	0	chembl_approved:CHEMBL1237122
DLNKOYKMWOXYQA-UHFFFAOYSA-N	CC(N)C(O)c1ccccc1	chembl_approved	CHEMBL61006	CC BY-SA 3.0	2026-09-25	151.21	1.067	2	2	46.25	2	11	24	1	0.333	0	0	1	chembl_approved:CHEMBL1200695
DLVOSEUFIRPIRM-KAQKJVHQSA-N	C[C@]12CCC(=O)C=C1CC[C@@H]1[C@@H]2[C@@H](O)C[C@@]2(C)[C@H]1CC[C@]2(O)C(=O)COC(=O)CCC1CCCC1	chembl_approved	CHEMBL1549	CC BY-SA 3.0	2026-09-25	486.65	4.303	2	6	100.9	6	35	77	5	0.828	0	0	0	
DMDGGSIALPNSEE-UHFFFAOYSA-N	NS(=O)(=O)c1cc2c(cc1C(F)(F)F)NCNS2(=O)=O	chembl_approved	CHEMBL1763	CC BY-SA 3.0	2026-09-25	331.3	0.014	3	5	118.36	1	20	28	2	0.25	0	0	0	
DMJNNHOOLUXYBV-PQTSNVLCSA-N	C[C@@H](O)[C@H]1C(=O)N2C(C(=O)O)=C(S[C@@H]3CN[C@H](C(=O)N(C)C)C3)[C@H](C)[C@H]12	chembl_approved	CHEMBL127	CC BY-SA 3.0	2026-09-25	383.47	-0.308	3	6	110.18	5	26	51	3	0.706	0	0	0	
DMKSVUSAATWOCU-HROMYWEYSA-N	CCOC(=O)O[C@]1(C(=O)OCCl)CC[C@H]2[C@@H]3CCC4=CC(=O)C=C[C@]4(C)[C@H]3[C@@H](O)C[C@@]21C	chembl_approved	CHEMBL1200865	CC BY-SA 3.0	2026-09-25	466.96	3.917	1	7	99.13	4	32	63	4	0.708	0	0	0	
DMNOVGJWPASQDL-OAQYLSRUSA-N	COc1ccsc1CNCC[C@@]1(c2ccccn2)CCOC2(CCCC2)C1	chembl_approved	CHEMBL2443262	CC BY-SA 3.0	2026-09-25	386.56	4.693	1	5	43.38	7	27	57	4	0.591	0	0	0	
DNVVZWSVACQWJE-UHFFFAOYSA-N	Nc1ccc(C(=O)Oc2ccccc2)c(O)c1	chembl_approved	CHEMBL1200868	CC BY-SA 3.0	2026-09-25	229.24	2.194	2	4	72.55	2	17	28	2	0.0	0	0	0	
DNXHEGUUPJUMQT-CBZIJGRNSA-N	C[C@]12CC[C@@H]3c4ccc(O)cc4CC[C@H]3[C@@H]1CCC2=O	chembl_approved	CHEMBL1405	CC BY-SA 3.0	2026-09-25	270.37	3.817	1	2	37.3	0	20	42	4	0.611	0	0	0	
DOBMPNYZJYQDGZ-UHFFFAOYSA-N	O=c1oc2ccccc2c(O)c1Cc1c(O)c2ccccc2oc1=O	chembl_approved	CHEMBL1466	CC BY-SA 3.0	2026-09-25	336.3	2.901	2	6	100.88	2	25	37	4	0.053	0	0	0	
DOMWKUIIPQCAJU-LJHIYBGHSA-N	CCCCCC(=O)O[C@]1(C(C)=O)CC[C@H]2[C@@H]3CCC4=CC(=O)CC[C@]4(C)[C@H]3CC[C@@]21C	chembl_approved	CHEMBL1200848	CC BY-SA 3.0	2026-09-25	428.61	5.97	0	4	60.44	6	31	71	4	0.815	0	1	0	
DOMXUEMWDBAQBQ-WEVVVXLNSA-N	CN(C/C=C/C#CC(C)(C)C)Cc1cccc2ccccc12	chembl_approved	CHEMBL822	CC BY-SA 3.0	2026-09-25	291.44	4.877	0	1	3.24	4	22	47	2	0.333	0	0	0	chembl_approved:CHEMBL1200832
DOUYETYNHWVLEO-UHFFFAOYSA-N	CC(C)Cn1cnc2c(N)nc3ccccc3c21	chembl_approved	CHEMBL1282	CC BY-SA 3.0	2026-09-25	240.31	2.823	1	3	56.73	2	18	34	3	0.286	0	0	1	
DPWPWRLQFGFJFI-UHFFFAOYSA-N	C#CCN(C)Cc1ccccc1	chembl_approved	CHEMBL673	CC BY-SA 3.0	2026-09-25	159.23	1.752	0	1	3.24	3	12	25	1	0.273	0	0	1	chembl_approved:CHEMBL1200425
DPYMFVXJLLWWEU-UHFFFAOYSA-N	FC(F)OC(F)C(F)(F)F	chembl_approved	CHEMBL1200733	CC BY-SA 3.0	2026-09-25	168.04	2.083	0	1	9.23	2	10	12	0	1.0	0	0	1	
DQCKKXVULJGBQN-XFWGSAIBSA-N	O=C1CC[C@@]2(O)[C@H]3Cc4ccc(O)c5c4[C@@]2(CCN3CC2CC2)[C@H]1O5	chembl_approved	CHEMBL19019	CC BY-SA 3.0	2026-09-25	341.41	1.525	2	5	70.0	2	25	48	6	0.65	0	0	0	chembl_approved:CHEMBL1201149
DQDAYGNAKTZFIW-UHFFFAOYSA-N	CCC(c1ccccc1)c1c(O)c2ccccc2oc1=O	chembl_approved	CHEMBL1465	CC BY-SA 3.0	2026-09-25	280.32	4.041	1	3	50.44	3	21	37	3	0.167	0	0	0	
DQKXQSGTHWVTAD-UHFFFAOYSA-N	CCCCOc1ccc(OCCCN2CCOCC2)cc1	chembl_approved	CHEMBL1198	CC BY-SA 3.0	2026-09-25	293.41	2.967	0	4	30.93	9	21	48	2	0.647	0	0	0	chembl_approved:CHEMBL1201171
DQMZLTXERSFNPB-UHFFFAOYSA-N	CCC1(c2ccccc2)C(=O)NCNC1=O	chembl_approved	CHEMBL856	CC BY-SA 3.0	2026-09-25	218.26	0.538	2	2	58.2	2	16	30	2	0.333	0	0	1	
DREIJXJRTLTGJC-ZLBJMMTISA-N	NC(=O)c1cnc2[nH]ccc2c1N[C@@H]1[C@@H]2CC3C[C@H]1C[C@@](O)(C3)C2	chembl_approved	CHEMBL3137308	CC BY-SA 3.0	2026-09-25	326.4	2.013	4	4	104.03	3	24	46	6	0.556	0	0	0	chembl_approved:CHEMBL3137329
DRHKJLXJIQTDTD-OAHLLOKOSA-N	CCOc1ccccc1OCCN[C@H](C)Cc1ccc(OC)c(S(N)(=O)=O)c1	chembl_approved	CHEMBL836	CC BY-SA 3.0	2026-09-25	408.52	2.341	2	6	99.88	11	28	56	2	0.4	0	0	0	chembl_approved:CHEMBL1200914
DRLFMBDRBRZALE-UHFFFAOYSA-N	COc1ccc2[nH]cc(CCNC(C)=O)c2c1	chembl_approved	CHEMBL45	CC BY-SA 3.0	2026-09-25	232.28	1.855	2	2	54.12	4	17	33	2	0.308	0	0	1	
DSFGXPJYDCSWTA-UHFFFAOYSA-N	CN(CCO)CC(O)Cn1cnc2c1c(=O)n(C)c(=O)n2C	chembl_approved	CHEMBL1560089	CC BY-SA 3.0	2026-09-25	311.34	-2.281	2	6	105.52	6	22	43	2	0.615	0	0	0	chembl_approved:CHEMBL1624126
DSLZVSRJTYRBFB-DUHBMQHGSA-N	O=C(O)[C@@H](O)[C@H](O)[C@H](O)[C@@H](O)C(=O)O	chembl_approved	CHEMBL2355839	CC BY-SA 3.0	2026-09-25	210.14	-3.401	6	6	155.52	5	14	24	0	0.667	0	1	0	
DSLZVSRJTYRBFB-LLEIAEIESA-N	O=C(O)[C@@H](O)[C@@H](O)[C@H](O)[C@@H](O)C(=O)O	chembl_approved	CHEMBL3989844	CC BY-SA 3.0	2026-09-25	210.14	-3.401	6	6	155.52	5	14	24	0	0.667	0	1	0	
DTGLZDAWLRGWQN-UHFFFAOYSA-N	CC(=O)Oc1cc2c(s1)CCN(C(C(=O)C1CC1)c1ccccc1F)C2	chembl_approved	CHEMBL1201772	CC BY-SA 3.0	2026-09-25	373.45	3.891	0	5	46.61	5	26	46	4	0.4	0	0	0	chembl_approved:CHEMBL1201773;chembl_approved:CHEMBL6068340
DTOUUUZOYKYHEP-UHFFFAOYSA-N	CCCCC(CC)CN1CN(CC(CC)CCCC)CC(C)(N)C1	chembl_approved	CHEMBL144673	CC BY-SA 3.0	2026-09-25	339.61	4.712	1	3	32.5	12	24	69	1	1.0	0	0	0	
DUDKAZCAISNGQN-UHFFFAOYSA-N	CN1CCCN=C1COC(=O)C(O)(c1ccccc1)C1CCCCC1	chembl_approved	CHEMBL1495	CC BY-SA 3.0	2026-09-25	344.46	2.732	1	5	62.13	5	25	53	3	0.6	0	0	0	chembl_approved:CHEMBL1200891
DUGOZIWVEXMGBE-CHWSQXEVSA-N	COC(=O)[C@H](c1ccccc1)[C@H]1CCCCN1	chembl_approved	CHEMBL827	CC BY-SA 3.0	2026-09-25	233.31	2.085	1	3	38.33	3	17	36	2	0.5	0	0	1	chembl_approved:CHEMBL904
DUGOZIWVEXMGBE-UHFFFAOYSA-N	COC(=O)C(c1ccccc1)C1CCCCN1	chembl_approved	CHEMBL796	CC BY-SA 3.0	2026-09-25	233.31	2.085	1	3	38.33	3	17	36	2	0.5	0	0	1	chembl_approved:CHEMBL1722
DURULFYMVIFBIR-UHFFFAOYSA-N	CC(=O)Nc1ccc(OCC(O)CNC(C)C)cc1	chembl_approved	CHEMBL6995	CC BY-SA 3.0	2026-09-25	266.34	1.383	3	4	70.59	7	19	41	1	0.5	0	0	0	
DUYJMQONPNNFPI-UHFFFAOYSA-N	C=CC(=O)Nc1cc(Nc2nccc(-c3cn(C)c4ccccc34)n2)c(OC)cc1N(C)CCN(C)C	chembl_approved	CHEMBL3353410	CC BY-SA 3.0	2026-09-25	499.62	4.51	2	7	87.55	10	37	70	4	0.25	0	0	0	chembl_approved:CHEMBL3545063
DWYRIWUZIJHQKQ-SANMLTNESA-N	Cn1cc(-c2cc3c(N4CCN(c5ncc([C@@](C)(N)c6ccc(F)cc6)cn5)CC4)ncnn3c2)cn1	chembl_approved	CHEMBL4204794	CC BY-SA 3.0	2026-09-25	498.57	2.608	1	8	106.29	5	37	64	6	0.269	0	0	0	
DXGLGDHPHMLXJC-UHFFFAOYSA-N	COc1ccc(C(=O)c2ccccc2)c(O)c1	chembl_approved	CHEMBL1625	CC BY-SA 3.0	2026-09-25	228.25	2.632	1	3	46.53	3	17	29	2	0.071	0	0	1	
DXVUYOAEDJXBPY-NFFDBFGFSA-M	CC1(C)S[C@@H]2[C@H](N3C(=O)[C@@H](c4ccccc4)NC3(C)C)C(=O)N2[C@H]1C(=O)[O-]	chembl_approved	CHEMBL1201121	CC BY-SA 3.0	2026-09-25	388.47	0.076	1	6	92.78	3	27	49	4	0.526	0	0	0	
DXVUYOAEDJXBPY-NFFDBFGFSA-N	CC1(C)S[C@@H]2[C@H](N3C(=O)[C@@H](c4ccccc4)NC3(C)C)C(=O)N2[C@H]1C(=O)O	chembl_approved	CHEMBL1201116	CC BY-SA 3.0	2026-09-25	389.48	1.411	2	5	89.95	3	27	50	4	0.526	0	0	0	
DYAIAHUQIPBDIP-AXAPSJFSSA-L	O=C([O-])C1=C(CSc2nnnn2CS(=O)(=O)[O-])CS[C@@H]2[C@H](NC(=O)[C@H](O)c3ccccc3)C(=O)N12	chembl_approved	CHEMBL1201005	CC BY-SA 3.0	2026-09-25	540.56	-2.595	2	13	210.57	9	35	51	4	0.333	0	2	0	
DYAIAHUQIPBDIP-AXAPSJFSSA-N	O=C(O)C1=C(CSc2nnnn2CS(=O)(=O)O)CS[C@@H]2[C@H](NC(=O)[C@H](O)c3ccccc3)C(=O)N12	chembl_approved	CHEMBL1601	CC BY-SA 3.0	2026-09-25	542.58	-0.917	4	11	204.91	9	35	53	4	0.333	0	2	0	
DYDCPNMLZGFQTM-UHFFFAOYSA-N	Nc1nc(-n2cc(C(=O)O)c(=O)c3cc(F)c(N4CC(O)C4)c(Cl)c32)c(F)cc1F	chembl_approved	CHEMBL2105637	CC BY-SA 3.0	2026-09-25	440.77	1.918	3	6	121.68	3	30	42	4	0.167	0	0	0	chembl_approved:CHEMBL2105638
DYDCUQKUCUHJBH-UWTATZPHSA-N	N[C@@H]1CONC1=O	chembl_approved	CHEMBL771	CC BY-SA 3.0	2026-09-25	102.09	-1.625	2	3	64.35	0	7	13	1	0.667	0	0	1	
DYKFCLLONBREIL-KVUCHLLUSA-N	CN(C)c1ccc(O)c2c1C[C@H]1C[C@H]3[C@H](N(C)C)C(O)=C(C(N)=O)C(=O)[C@@]3(O)C(O)=C1C2=O	chembl_approved	CHEMBL1434	CC BY-SA 3.0	2026-09-25	457.48	0.187	5	9	164.63	3	33	60	4	0.435	0	0	0	chembl_approved:CHEMBL1200881
DYLGFOYVTXJFJP-MYYYXRDXSA-N	CCCCN(CCCC)CC(O)c1cc(Cl)cc2c1-c1ccc(Cl)cc1/C2=C/c1ccc(Cl)cc1	chembl_approved	CHEMBL38827	CC BY-SA 3.0	2026-09-25	528.95	9.152	1	2	23.47	10	35	67	4	0.333	0	2	0	
DYLUUSLLRIQKOE-UHFFFAOYSA-N	CC(C)(O)CNc1nc(Nc2ccnc(C(F)(F)F)c2)nc(-c2cccc(C(F)(F)F)n2)n1	chembl_approved	CHEMBL3989908	CC BY-SA 3.0	2026-09-25	473.38	4.293	3	8	108.74	6	33	50	3	0.316	0	0	0	chembl_approved:CHEMBL3989931
DZZWHBIBMUVIIW-DTORHVGOSA-N	C[C@@H]1CN(c2c(F)c(N)c3c(=O)c(C(=O)O)cn(C4CC4)c3c2F)C[C@H](C)N1	chembl_approved	CHEMBL850	CC BY-SA 3.0	2026-09-25	392.41	2.082	3	5	100.59	3	28	50	4	0.474	0	0	0	
FABPRXSRWADJSP-MEDUHNTESA-N	COc1c(N2C[C@@H]3CCCN[C@@H]3C2)c(F)cc2c(=O)c(C(=O)O)cn(C3CC3)c12	chembl_approved	CHEMBL32	CC BY-SA 3.0	2026-09-25	401.44	2.371	2	5	83.8	4	29	53	5	0.524	0	0	0	chembl_approved:CHEMBL1200735
FABUFPQFXZVHFB-PVYNADRNSA-N	C/C(=C\c1csc(C)n1)[C@@H]1C[C@@H]2O[C@]2(C)CCC[C@H](C)[C@H](O)[C@@H](C)C(=O)C(C)(C)[C@@H](O)CC(=O)N1	chembl_approved	CHEMBL1201752	CC BY-SA 3.0	2026-09-25	506.71	4.051	3	7	112.05	2	35	77	3	0.741	0	1	0	
FAEKWTJYAYMJKF-QHCPKHFHSA-N	CCOc1cc(CC(=O)N[C@@H](CC(C)C)c2ccccc2N2CCCCC2)ccc1C(=O)O	chembl_approved	CHEMBL1272	CC BY-SA 3.0	2026-09-25	452.6	5.22	2	4	78.87	10	33	69	3	0.481	0	1	0	
FAKRSMQSSFJEIM-RQJHMYQMSA-N	C[C@H](CS)C(=O)N1CCC[C@H]1C(=O)O	chembl_approved	CHEMBL1560	CC BY-SA 3.0	2026-09-25	217.29	0.628	2	3	57.61	3	14	29	1	0.778	0	0	1	
FAOZLTXFLGPHNG-KNAQIMQKSA-N	CC(=O)[C@@]1(O)CC[C@H]2[C@@H]3C[C@H](C)C4=CC(=O)C=C[C@]4(C)[C@@]3(F)[C@@H](O)C[C@@]21C	chembl_approved	CHEMBL1200600	CC BY-SA 3.0	2026-09-25	376.47	2.923	2	4	74.6	1	27	56	4	0.727	0	0	0	
FASDKYOPVNHBLU-ZETCQYMHSA-N	CCCN[C@H]1CCc2nc(N)sc2C1	chembl_approved	CHEMBL301265	CC BY-SA 3.0	2026-09-25	211.33	1.582	2	4	50.94	3	14	31	2	0.7	0	0	0	chembl_approved:CHEMBL3182733
FBHSPRKOSMHSIF-GRMWVWQJSA-N	CC(=O)OCC(=O)[C@@]12N=C(C)O[C@@H]1C[C@H]1[C@@H]3CCC4=CC(=O)C=C[C@]4(C)[C@H]3[C@@H](O)C[C@@]12C	chembl_approved	CHEMBL1201891	CC BY-SA 3.0	2026-09-25	441.52	2.563	1	7	102.26	3	32	63	5	0.68	0	0	0	
FBOUYBDGKBSUES-VXKWHMMOSA-N	O=C(O[C@H]1CN2CCC1CC2)N1CCc2ccccc2[C@@H]1c1ccccc1	chembl_approved	CHEMBL1734	CC BY-SA 3.0	2026-09-25	362.47	3.865	0	3	32.78	2	27	53	6	0.435	0	0	0	chembl_approved:CHEMBL1200803
FBOZXECLQNJBKD-ZDUSSCGKSA-L	CN(Cc1cnc2nc(N)nc(N)c2n1)c1ccc(C(=O)N[C@@H](CCC(=O)[O-])C(=O)[O-])cc1	chembl_approved	CHEMBL3244648	CC BY-SA 3.0	2026-09-25	452.43	-2.401	3	12	216.2	9	33	53	3	0.25	0	1	0	
FBOZXECLQNJBKD-ZDUSSCGKSA-N	CN(Cc1cnc2nc(N)nc(N)c2n1)c1ccc(C(=O)N[C@@H](CCC(=O)O)C(=O)O)cc1	chembl_approved	CHEMBL34259	CC BY-SA 3.0	2026-09-25	454.45	0.268	5	10	210.54	9	33	55	3	0.25	0	0	0	
FBPFZTCFMRRESA-JGWLITMVSA-N	OC[C@@H](O)[C@@H](O)[C@H](O)[C@@H](O)CO	chembl_approved	CHEMBL1682	CC BY-SA 3.0	2026-09-25	182.17	-3.585	6	6	121.38	5	12	26	0	1.0	0	1	0	
FBPFZTCFMRRESA-KVTDHHQDSA-N	OC[C@@H](O)[C@@H](O)[C@H](O)[C@H](O)CO	chembl_approved	CHEMBL689	CC BY-SA 3.0	2026-09-25	182.17	-3.585	6	6	121.38	5	12	26	0	1.0	0	1	0	
FBRAWBYQGRLCEK-RJFLZJKCSA-N	CCCC(=O)O[C@]1(C(=O)CCl)[C@H](C)C[C@@H]2[C@@H]3CCC4=CC(=O)C=C[C@]4(C)[C@]3(F)C(=O)C[C@@]21C	chembl_approved	CHEMBL2308885	CC BY-SA 3.0	2026-09-25	478.99	4.701	0	5	77.51	5	33	65	4	0.692	0	0	0	
FBWNMEQMRUMQSO-UHFFFAOYSA-N	CCCCCCCCCc1ccc(OCCOCCOCCOCCOCCOCCOCCOCCOCCO)cc1	chembl_approved	CHEMBL1410	CC BY-SA 3.0	2026-09-25	616.83	4.484	1	10	103.3	35	43	103	1	0.818	0	1	0	
FDBYIYFVSAHJLY-UHFFFAOYSA-N	CC(C)c1cc(Oc2c(Cl)cc(-n3nc(C#N)c(=O)[nH]c3=O)cc2Cl)n[nH]c1=O	chembl_approved	CHEMBL3261331	CC BY-SA 3.0	2026-09-25	435.23	2.098	2	7	146.52	4	29	41	3	0.176	0	0	0	
FDDDEECHVMSUSB-UHFFFAOYSA-N	Nc1ccc(S(N)(=O)=O)cc1	chembl_approved	CHEMBL21	CC BY-SA 3.0	2026-09-25	172.21	-0.084	2	3	86.18	1	11	19	1	0.0	0	0	1	
FDKXTQMXEQVLRF-ZHACJKMWSA-N	CN(C)/N=N/c1[nH]cnc1C(N)=O	chembl_approved	CHEMBL476	CC BY-SA 3.0	2026-09-25	182.19	0.069	2	4	99.73	3	13	23	1	0.333	1	0	0	
FDLYAMZZIXQODN-UHFFFAOYSA-N	O=C(c1cc(Cc2n[nH]c(=O)c3ccccc23)ccc1F)N1CCN(C(=O)C2CC2)CC1	chembl_approved	CHEMBL521686	CC BY-SA 3.0	2026-09-25	434.47	2.347	1	4	86.37	4	32	55	5	0.333	0	0	0	
FDMQDKQUTRLUBU-UHFFFAOYSA-N	C=CC(=O)Nc1cccc(Oc2nc(Nc3ccc(N4CCN(C)CC4)cc3)nc3ccsc23)c1	chembl_approved	CHEMBL3786343	CC BY-SA 3.0	2026-09-25	486.6	5.104	2	8	82.62	7	35	61	5	0.192	1	1	0	
FEBLZLNTKCEFIT-VSXGLTOVSA-N	CC1(C)O[C@@H]2C[C@H]3[C@@H]4C[C@H](F)C5=CC(=O)C=C[C@]5(C)[C@@]4(F)[C@@H](O)C[C@]3(C)[C@]2(C(=O)CO)O1	chembl_approved	CHEMBL989	CC BY-SA 3.0	2026-09-25	452.49	2.367	2	6	93.06	2	32	62	5	0.75	0	0	0	
FEBOTPHFXYHVPL-UHFFFAOYSA-N	O=C(CCCN1CCC(n2c(=O)[nH]c3ccccc32)CC1)c1ccc(F)cc1	chembl_approved	CHEMBL297302	CC BY-SA 3.0	2026-09-25	381.45	3.769	1	3	58.1	6	28	52	4	0.364	0	0	0	
FEJKLNWAOXSSNR-UHFFFAOYSA-N	CC(=O)Nc1ccc(OC(=O)c2ccccc2OC(C)=O)cc1	chembl_approved	CHEMBL162036	CC BY-SA 3.0	2026-09-25	313.31	2.79	1	5	81.7	4	23	38	2	0.118	0	0	0	
FELGMEQIXOGIFQ-UHFFFAOYSA-N	Cc1nccn1CC1CCc2c(c3ccccc3n2C)C1=O	chembl_approved	CHEMBL46	CC BY-SA 3.0	2026-09-25	293.37	3.129	0	2	39.82	2	22	41	4	0.333	0	0	0	chembl_approved:CHEMBL3186492
FEWJPZIEWOKRBE-JCYAYHJZSA-M	O=C([O-])[C@H](O)[C@@H](O)C(=O)O	chembl_approved	CHEMBL2105248	CC BY-SA 3.0	2026-09-25	149.08	-3.457	3	5	117.89	3	10	15	0	0.5	0	0	0	
FEWJPZIEWOKRBE-JCYAYHJZSA-N	O=C(O)[C@H](O)[C@@H](O)C(=O)O	chembl_approved	CHEMBL1200577	CC BY-SA 3.0	2026-09-25	150.09	-2.123	4	4	115.06	3	10	16	0	0.5	0	0	0	chembl_approved:CHEMBL1236315
FEZBIKUBAYAZIU-UHFFFAOYSA-N	COc1cc(C(=O)NCc2ccc(OCCN(C)C)cc2)cc(OC)c1OC	chembl_approved	CHEMBL1200887	CC BY-SA 3.0	2026-09-25	388.46	2.583	1	6	69.26	10	28	56	2	0.381	0	0	0	chembl_approved:CHEMBL1201256
FFGPTBGBLSHEPO-UHFFFAOYSA-N	NC(=O)N1c2ccccc2C=Cc2ccccc21	chembl_approved	CHEMBL108	CC BY-SA 3.0	2026-09-25	236.27	3.387	1	1	46.33	0	18	30	3	0.0	0	0	0	
FFINMCNLQNTKLU-UHFFFAOYSA-L	O=C(CCCCC(=O)Nc1c(I)cc(I)c(C(=O)[O-])c1I)Nc1c(I)cc(I)c(C(=O)[O-])c1I	chembl_approved	CHEMBL1200350	CC BY-SA 3.0	2026-09-25	1137.75	4.179	2	6	138.46	9	34	46	2	0.2	0	1	0	
FFINMCNLQNTKLU-UHFFFAOYSA-N	O=C(CCCCC(=O)Nc1c(I)cc(I)c(C(=O)O)c1I)Nc1c(I)cc(I)c(C(=O)O)c1I	chembl_approved	CHEMBL1165268	CC BY-SA 3.0	2026-09-25	1139.76	6.848	4	4	132.8	9	34	48	2	0.2	0	2	0	chembl_approved:CHEMBL3989806
FGQFOYHRJSUHMR-UHFFFAOYSA-N	O=C(O)CSc1nnc(Br)n1-c1ccc(C2CC2)c2ccccc12	chembl_approved	CHEMBL2105720	CC BY-SA 3.0	2026-09-25	404.29	4.237	1	4	68.01	5	24	38	4	0.235	0	0	0	
FGVVTMRZYROCTH-UHFFFAOYSA-M	[O-][n+]1ccccc1[S-]	chembl_approved	CHEMBL1200471	CC BY-SA 3.0	2026-09-25	126.16	0.226	0	2	26.94	0	8	12	1	0.0	0	0	1	
FGVVTMRZYROCTH-UHFFFAOYSA-N	[O-][n+]1ccccc1S	chembl_approved	CHEMBL1356238	CC BY-SA 3.0	2026-09-25	127.17	0.609	1	2	26.94	0	8	13	1	0.0	0	0	1	
FGXWKSZFVQUSTL-UHFFFAOYSA-N	O=c1[nH]c2ccccc2n1CCCN1CCC(n2c(=O)[nH]c3cc(Cl)ccc32)CC1	chembl_approved	CHEMBL219916	CC BY-SA 3.0	2026-09-25	425.92	3.353	2	3	78.82	5	30	54	5	0.364	0	0	0	
FHCUMDQMBHQXKK-CDIODLITSA-N	COC[C@H]1C[C@@H](c2nc(-c3ccc4c(c3)COc3cc5c(ccc6nc([C@@H]7CC[C@H](C)N7C(=O)[C@@H](NC(=O)OC)C(C)C)[nH]c65)cc3-4)c[nH]2)N(C(=O)[C@H](NC(=O)OC)c2ccccc2)C1	chembl_approved	CHEMBL3545062	CC BY-SA 3.0	2026-09-25	883.02	7.732	4	10	193.1	11	65	119	9	0.388	0	2	0	
FHXBMXJMKMWVRG-SLHNCBLASA-N	CC(=O)Oc1ccc2c(c1)CC[C@@H]1[C@@H]2CC[C@]2(C)[C@@H](O)CC[C@@H]12	chembl_approved	CHEMBL1200430	CC BY-SA 3.0	2026-09-25	314.43	3.829	1	3	46.53	1	23	49	4	0.65	0	0	0	
FIHJKUPKCHIPAT-AHIGJZGOSA-N	C[C@H]1[C@H](OC(=O)CCC(=O)O)O[C@@H]2O[C@@]3(C)CC[C@H]4[C@H](C)CC[C@@H]1[C@@]24OO3	chembl_approved	CHEMBL361497	CC BY-SA 3.0	2026-09-25	384.43	2.602	1	7	100.52	4	27	55	5	0.895	0	0	0	
FIKPXCOQUIZNHB-WDEREUQCSA-N	C[C@H]1CNC(=O)c2cnn3ccc(nc23)N[C@H](C)c2cc(F)ccc2O1	chembl_approved	CHEMBL4298138	CC BY-SA 3.0	2026-09-25	355.37	2.552	2	5	80.55	0	26	44	4	0.278	0	0	0	
FIPWRIJSWJWJAI-UHFFFAOYSA-N	CCCCOCCOCCOCc1cc2c(cc1CCC)OCO2	chembl_approved	CHEMBL1201131	CC BY-SA 3.0	2026-09-25	338.44	3.718	0	5	46.15	13	24	54	2	0.684	0	0	0	
FIVSJYGQAIEMOC-ZGNKEGEESA-N	C[C@@H](OC[C@@]1(c2ccccc2)CC[C@]2(CCC(=O)N2)CN1)c1cc(C(F)(F)F)cc(C(F)(F)F)c1	chembl_approved	CHEMBL3707330	CC BY-SA 3.0	2026-09-25	500.48	5.73	2	3	50.36	5	35	61	4	0.48	0	2	0	chembl_approved:CHEMBL3707331
FJAQCHDLDMMLJX-UHFFFAOYSA-N	NS(=O)(=O)c1cc2c(cc1Cl)N=C[N-]S2(=O)=O	chembl_approved	CHEMBL1200616	CC BY-SA 3.0	2026-09-25	294.72	0.723	1	5	120.76	1	17	22	2	0.0	0	0	0	
FJIKWRGCXUCUIG-UHFFFAOYSA-N	CN1C(=O)C(O)N=C(c2ccccc2Cl)c2cc(Cl)ccc21	chembl_approved	CHEMBL22097	CC BY-SA 3.0	2026-09-25	335.19	3.126	1	3	52.9	1	22	34	3	0.125	0	0	0	
FJLBFSROUSIWMA-UHFFFAOYSA-N	CC(C)(C(=O)c1cccnc1)c1cccnc1	chembl_approved	CHEMBL934	CC BY-SA 3.0	2026-09-25	226.28	2.637	0	3	42.85	3	17	31	2	0.214	0	0	1	
FJLGEFLZQAZZCD-VAWYXSNFSA-M	CC(C)n1c(/C=C/C(O)CC(O)CC(=O)[O-])c(-c2ccc(F)cc2)c2ccccc21	chembl_approved	CHEMBL2218894	CC BY-SA 3.0	2026-09-25	410.47	3.293	2	4	85.52	8	30	55	3	0.292	0	0	0	
FJLGEFLZQAZZCD-VAWYXSNFSA-N	CC(C)n1c(/C=C/C(O)CC(O)CC(=O)O)c(-c2ccc(F)cc2)c2ccccc21	chembl_approved	CHEMBL2220442	CC BY-SA 3.0	2026-09-25	411.47	4.628	3	3	82.69	8	30	56	3	0.292	0	0	0	
FJZZPCZKBUKGGU-AUSIDOKSSA-N	CCCCCCCC(=O)N[C@H](CN1CCCC1)[C@H](O)c1ccc2c(c1)OCCO2	chembl_approved	CHEMBL2110588	CC BY-SA 3.0	2026-09-25	404.55	3.432	2	5	71.03	11	29	65	3	0.696	0	0	0	chembl_approved:CHEMBL5723563
FKENQMMABCRJMK-RITPCOANSA-M	CC1(C)[C@H](C(=O)[O-])N2C(=O)C[C@H]2S1(=O)=O	chembl_approved	CHEMBL1200944	CC BY-SA 3.0	2026-09-25	232.24	-2.13	0	5	94.58	1	15	25	2	0.75	0	0	0	
FKENQMMABCRJMK-RITPCOANSA-N	CC1(C)[C@H](C(=O)O)N2C(=O)C[C@H]2S1(=O)=O	chembl_approved	CHEMBL403	CC BY-SA 3.0	2026-09-25	233.24	-0.795	1	4	91.75	1	15	26	2	0.75	0	0	0	
FKRSSPOQAMALKA-CUPIEXAXSA-N	COC(=O)N[C@H](C(=O)N1CCC[C@H]1c1ncc(-c2ccc(-c3ccc(-c4cnc([C@@H]5CCCN5C(=O)[C@@H](NC(=O)OC)C(C)C)[nH]4)cc3)cc2)[nH]1)C(C)C	chembl_approved	CHEMBL2023898	CC BY-SA 3.0	2026-09-25	738.89	6.222	4	8	174.64	11	54	104	6	0.45	0	2	0	chembl_approved:CHEMBL2303621
FLOSMHQXBMRNHR-QPJJXVBHSA-N	CC(=O)/N=c1/sc(S(N)(=O)=O)nn1C	chembl_approved	CHEMBL19	CC BY-SA 3.0	2026-09-25	236.28	-1.424	1	5	107.41	1	14	22	1	0.4	0	0	0	
FMGSKLZLMKYGDP-USOAJAOKSA-N	C[C@]12CC[C@H](O)CC1=CC[C@@H]1[C@@H]2CC[C@]2(C)C(=O)CC[C@@H]12	chembl_approved	CHEMBL90593	CC BY-SA 3.0	2026-09-25	288.43	3.879	1	2	37.3	0	21	49	4	0.842	0	0	0	
FMHHVULEAZTJMA-UHFFFAOYSA-N	Cc1cc2cc3c(C)cc(=O)oc3c(C)c2o1	chembl_approved	CHEMBL1475	CC BY-SA 3.0	2026-09-25	228.25	3.464	0	3	43.35	0	17	29	3	0.214	0	0	0	
FMJSMJQBSVNSBF-UHFFFAOYSA-N	CCCCC(CC)COC(=O)C(C#N)=C(c1ccccc1)c1ccccc1	chembl_approved	CHEMBL1201147	CC BY-SA 3.0	2026-09-25	361.49	5.772	0	3	50.09	9	27	54	2	0.333	0	1	0	
FMTDIUIBLCQGJB-SEYHBJAFSA-N	CN(C)[C@@H]1C(O)=C(C(N)=O)C(=O)[C@@]2(O)C(O)=C3C(=O)c4c(O)ccc(Cl)c4[C@@H](O)[C@H]3C[C@@H]12	chembl_approved	CHEMBL1591	CC BY-SA 3.0	2026-09-25	464.86	0.265	6	9	181.62	2	32	53	4	0.381	0	1	0	chembl_approved:CHEMBL1200474
FNHKPVJBJVTLMP-UHFFFAOYSA-N	CNC(=O)c1cc(Oc2ccc(NC(=O)Nc3ccc(Cl)c(C(F)(F)F)c3)c(F)c2)ccn1	chembl_approved	CHEMBL1946170	CC BY-SA 3.0	2026-09-25	482.82	5.689	3	4	92.35	5	33	48	3	0.095	0	1	0	
FNKQXYHWGSIFBK-RPDRRWSUSA-N	C[C@H](O)[C@H](O)[C@H]1CNc2nc(N)[nH]c(=O)c2N1	chembl_approved	CHEMBL1201774	CC BY-SA 3.0	2026-09-25	241.25	-1.7	6	7	136.29	2	17	32	2	0.556	0	1	0	chembl_approved:CHEMBL1201775
FNPXMHRZILFCKX-KAJVQRHHSA-N	CCOC(=O)O[C@]1(C(=O)COC(=O)CC)CC[C@H]2[C@@H]3CCC4=CC(=O)C=C[C@]4(C)[C@H]3[C@@H](O)C[C@@]21C	chembl_approved	CHEMBL1200386	CC BY-SA 3.0	2026-09-25	488.58	3.699	1	8	116.2	6	35	71	4	0.704	0	0	0	
FNYLWPVRPXGIIP-UHFFFAOYSA-N	Nc1nc(N)c2nc(-c3ccccc3)c(N)nc2n1	chembl_approved	CHEMBL585	CC BY-SA 3.0	2026-09-25	253.27	0.833	3	7	129.62	1	19	30	3	0.0	0	0	0	
FOCVUCIESVLUNU-UHFFFAOYSA-N	S=P(N1CC1)(N1CC1)N1CC1	chembl_approved	CHEMBL671	CC BY-SA 3.0	2026-09-25	189.22	0.158	0	1	9.03	3	11	23	3	1.0	0	0	1	
FOGXJPFPZOHSQS-AYVLZSQQSA-N	CCCC(=O)O[C@]1(C(=O)COC(=O)CC)CC[C@H]2[C@@H]3CCC4=CC(=O)CC[C@]4(C)[C@H]3[C@@H](O)C[C@@]21C	chembl_approved	CHEMBL1200953	CC BY-SA 3.0	2026-09-25	488.62	4.094	1	7	106.97	7	35	75	4	0.786	0	0	0	
FOHHNHSLJDZUGQ-UHFFFAOYSA-N	CCCCN(CCCC)CCC(O)c1cc2c(Cl)cc(Cl)cc2c2cc(C(F)(F)F)ccc12	chembl_approved	CHEMBL1107	CC BY-SA 3.0	2026-09-25	500.43	8.644	1	2	23.47	10	33	63	3	0.462	0	2	0	chembl_approved:CHEMBL1200901
FPCCSQOGAWCVBH-UHFFFAOYSA-N	O=C(c1ccc(F)cc1)C1CCN(CCn2c(=O)[nH]c3ccccc3c2=O)CC1	chembl_approved	CHEMBL51	CC BY-SA 3.0	2026-09-25	395.43	2.424	1	4	75.17	5	29	51	4	0.318	0	0	0	
FPIPGXGPPPQFEQ-OVSJKPMPSA-N	CC1=C(/C=C/C(C)=C/C=C/C(C)=C/CO)C(C)(C)CCC1	chembl_approved	CHEMBL986	CC BY-SA 3.0	2026-09-25	286.46	5.51	1	1	20.23	5	21	51	1	0.5	0	1	0	
FPOHNWQLNRZRFC-ZHACJKMWSA-N	Cc1[nH]c2ccccc2c1CCNCc1ccc(/C=C/C(=O)NO)cc1	chembl_approved	CHEMBL483254	CC BY-SA 3.0	2026-09-25	349.43	3.327	4	3	77.15	7	26	49	3	0.19	1	0	0	chembl_approved:CHEMBL3545368
FPPNZSSZRUTDAP-UWFZAAFLSA-L	CC1(C)S[C@@H]2[C@H](NC(=O)C(C(=O)[O-])c3ccccc3)C(=O)N2[C@H]1C(=O)[O-]	chembl_approved	CHEMBL606260	CC BY-SA 3.0	2026-09-25	376.39	-2.183	1	7	129.67	5	26	42	3	0.412	0	0	0	
FPPNZSSZRUTDAP-UWFZAAFLSA-N	CC1(C)S[C@@H]2[C@H](NC(=O)C(C(=O)O)c3ccccc3)C(=O)N2[C@H]1C(=O)O	chembl_approved	CHEMBL1214	CC BY-SA 3.0	2026-09-25	378.41	0.486	3	5	124.01	5	26	44	3	0.412	0	0	0	
FPVKHBSQESCIEP-JQCXWYLXSA-N	OC[C@H]1O[C@@H](n2cnc3c2N=CNC[C@H]3O)C[C@@H]1O	chembl_approved	CHEMBL1580	CC BY-SA 3.0	2026-09-25	268.27	-1.18	4	7	112.13	2	19	35	3	0.636	0	0	0	
FPZLLRFZJZRHSY-HJYUBDRYSA-N	CN(C)c1cc(NC(=O)CNC(C)(C)C)c(O)c2c1C[C@H]1C[C@H]3[C@H](N(C)C)C(O)=C(C(N)=O)C(=O)[C@@]3(O)C(O)=C1C2=O	chembl_approved	CHEMBL376140	CC BY-SA 3.0	2026-09-25	585.66	0.513	7	11	205.76	6	42	81	4	0.517	0	3	0	
FRVSRBKUQZKTOW-YOCNBXQISA-N	CCN(C(=O)c1cc(F)ccc1Oc1cncnc1N1CC2(CCN(C[C@H]3CC[C@H](NS(=O)(=O)CC)CC3)CC2)C1)C(C)C	chembl_approved	CHEMBL4650827	CC BY-SA 3.0	2026-09-25	630.83	4.679	1	8	107.97	11	44	91	5	0.656	0	1	0	chembl_approved:CHEMBL6068395
FSQKKOOTNAMONP-UHFFFAOYSA-N	COc1ccc2c(c1)c(CC(=O)OCC(=O)O)c(C)n2C(=O)c1ccc(Cl)cc1	chembl_approved	CHEMBL189171	CC BY-SA 3.0	2026-09-25	415.83	3.471	1	5	94.83	6	29	47	3	0.19	0	0	0	
FSVJFNAIGNNGKK-UHFFFAOYSA-N	O=C(C1CCCCC1)N1CC(=O)N2CCc3ccccc3C2C1	chembl_approved	CHEMBL976	CC BY-SA 3.0	2026-09-25	312.41	2.535	0	2	40.62	1	23	47	4	0.579	0	0	0	
FTALBRSUTCGOEG-UHFFFAOYSA-N	Nc1nc2ccc(OC(F)(F)F)cc2s1	chembl_approved	CHEMBL744	CC BY-SA 3.0	2026-09-25	234.2	2.777	1	4	48.14	1	15	20	2	0.125	0	0	0	
FTCYIGBVOHNHCD-UHFFFAOYSA-N	CC(C)Nc1ncccn1	chembl_approved	CHEMBL1697751	CC BY-SA 3.0	2026-09-25	137.19	1.297	1	3	37.81	2	10	21	1	0.429	0	0	1	chembl_approved:CHEMBL1740513
FTOAOBMCPZCFFF-UHFFFAOYSA-M	CCC1(CC)C(=O)[N-]C(=O)NC1=O	chembl_approved	CHEMBL2105904	CC BY-SA 3.0	2026-09-25	183.19	0.943	1	3	77.34	2	13	24	1	0.625	0	0	1	
FTOAOBMCPZCFFF-UHFFFAOYSA-N	CCC1(CC)C(=O)NC(=O)NC1=O	chembl_approved	CHEMBL444	CC BY-SA 3.0	2026-09-25	184.19	0.159	2	3	75.27	2	13	25	1	0.625	0	0	1	
FUBBGQLTSCSAON-PBFPGSCMSA-N	CC(=O)OCC1=C(C(=O)O)N2C(=O)[C@@H](NC(=O)[C@H](N)c3ccccc3)[C@H]2SC1	chembl_approved	CHEMBL1200971	CC BY-SA 3.0	2026-09-25	405.43	-0.012	3	7	139.03	6	28	47	3	0.333	0	0	0	
FUBVWMNBEHXPSU-UHFFFAOYSA-N	CCOC(=O)Nc1ccc2c(c1)N(C(=O)CCN1CCOCC1)c1ccccc1S2	chembl_approved	CHEMBL1075	CC BY-SA 3.0	2026-09-25	427.53	4.107	1	6	71.11	5	30	55	4	0.364	0	0	0	chembl_approved:CHEMBL1200334
FVNFBBAOMBJTST-UHFFFAOYSA-N	O=C1NCC2(CCN(CCc3ccccc3)CC2)O1	chembl_approved	CHEMBL576127	CC BY-SA 3.0	2026-09-25	260.34	1.803	1	3	41.57	3	19	39	3	0.533	0	0	1	
FVTCRASFADXXNN-SCRDCRAPSA-M	Cc1cc2nc3c(=O)[nH]c(=O)nc-3n(C[C@H](O)[C@H](O)[C@H](O)COP(=O)([O-])O)c2cc1C	chembl_approved	CHEMBL3989697	CC BY-SA 3.0	2026-09-25	455.34	-2.239	5	10	210.92	7	31	51	3	0.412	0	0	0	
FVTCRASFADXXNN-SCRDCRAPSA-N	Cc1cc2nc3c(=O)[nH]c(=O)nc-3n(C[C@H](O)[C@H](O)[C@H](O)COP(=O)(O)O)c2cc1C	chembl_approved	CHEMBL1201794	CC BY-SA 3.0	2026-09-25	456.35	-1.607	6	9	208.09	7	31	52	3	0.412	0	1	0	
FVTWTVQXNAJTQP-UHFFFAOYSA-N	OC(c1ccccc1)(c1ccccc1)C12CC[N+](CCOCc3ccccc3)(CC1)CC2	chembl_approved	CHEMBL523299	CC BY-SA 3.0	2026-09-25	428.6	5.14	1	2	29.46	8	32	66	6	0.379	0	1	0	chembl_approved:CHEMBL1187833
FWCVZAQENIZVMY-UHFFFAOYSA-N	CC(C)n1nccc1-c1ncccc1COc1cccc(O)c1C=O	chembl_approved	CHEMBL4101807	CC BY-SA 3.0	2026-09-25	337.38	3.623	1	5	77.24	6	25	44	3	0.211	0	0	0	
FWFVLWGEFDIZMJ-FOMYWIRZSA-N	CCN(CC)CC(=O)OCC(=O)[C@@]1(O)CC[C@H]2[C@@H]3CCC4=CC(=O)CC[C@]4(C)[C@H]3[C@@H](O)C[C@@]21C	chembl_approved	CHEMBL1200635	CC BY-SA 3.0	2026-09-25	475.63	2.674	2	7	104.14	7	34	75	4	0.815	0	0	0	chembl_approved:CHEMBL1201263
FWJKNZONDWOGMI-UHFFFAOYSA-N	CCC1(CC)C(=O)NC(=O)N(C)C1=O	chembl_approved	CHEMBL450	CC BY-SA 3.0	2026-09-25	198.22	0.501	1	3	66.48	2	14	28	1	0.667	0	0	1	
FWYSMLBETOMXAG-QHCPKHFHSA-N	COc1cccc(N2CCN(C3=Nc4c(F)cccc4[C@H](CC(=O)O)N3c3cc(C(F)(F)F)ccc3OC)CC2)c1	chembl_approved	CHEMBL1241951	CC BY-SA 3.0	2026-09-25	572.56	5.707	1	7	77.84	6	41	69	5	0.31	0	2	0	
FWZAWAUZXYCBKZ-NSHDSACASA-N	COc1ccc(F)cc1C(=O)NCc1ccc(-c2nn([C@@H](C)C(F)(F)F)c(N)c2C(N)=O)cc1	chembl_approved	CHEMBL4650485	CC BY-SA 3.0	2026-09-25	479.43	3.432	3	5	125.26	7	34	55	3	0.227	0	0	0	
FYDWDCIFZSGNBU-UHFFFAOYSA-N	CN(CCN1CCC(OC(=O)Nc2ccccc2-c2ccccc2)CC1)C(=O)c1ccc(CN2CCC(C(N)=O)CC2)cc1	chembl_approved	CHEMBL3833319	CC BY-SA 3.0	2026-09-25	597.76	4.836	2	6	108.21	10	44	87	5	0.4	0	1	0	
FYMHQCNFKNMJAV-HOTGVXAUSA-N	N#Cc1c(N2C[C@@H]3NCCO[C@H]3C2)c(F)cc2c(=O)c(C(=O)O)cn(C3CC3)c12	chembl_approved	CHEMBL1908370	CC BY-SA 3.0	2026-09-25	398.39	1.222	2	6	107.59	3	29	48	5	0.45	0	0	0	
FYPMFJGVHOHGLL-UHFFFAOYSA-N	CC(C)(Sc1cc(C(C)(C)C)c(O)c(C(C)(C)C)c1)Sc1cc(C(C)(C)C)c(O)c(C(C)(C)C)c1	chembl_approved	CHEMBL608	CC BY-SA 3.0	2026-09-25	516.86	9.908	2	4	40.46	4	35	83	2	0.613	0	2	0	
FYXWDSGGZAMYFZ-UHFFFAOYSA-N	CCN1/C(=C/C=C/C=C/c2sc3ccccc3[n+]2CC)Sc2ccccc21	chembl_approved	CHEMBL421701	CC BY-SA 3.0	2026-09-25	391.59	6.252	0	3	7.12	5	27	50	4	0.174	0	1	0	chembl_approved:CHEMBL1185568
FZCHYNWYXKICIO-FZNHGJLXSA-N	CCCCC(=O)O[C@]1(C(=O)CO)CC[C@H]2[C@@H]3CCC4=CC(=O)CC[C@]4(C)[C@H]3[C@@H](O)C[C@@]21C	chembl_approved	CHEMBL1200562	CC BY-SA 3.0	2026-09-25	446.58	3.523	2	6	100.9	6	32	70	4	0.808	0	0	0	
FZCJXUUQHFQHMC-UHFFFAOYSA-N	COc1cc([N-]S(=O)(=O)c2ccc(N)cc2)nc(OC)n1	chembl_approved	CHEMBL2107253	CC BY-SA 3.0	2026-09-25	309.33	1.47	1	7	118.5	5	21	34	2	0.167	0	0	0	
FZERHIULMFGESH-UHFFFAOYSA-N	CC(=O)Nc1ccccc1	chembl_approved	CHEMBL269644	CC BY-SA 3.0	2026-09-25	135.17	1.645	1	1	29.1	1	10	19	1	0.125	0	0	1	
FZGVEKPRDOIXJY-UHFFFAOYSA-N	Cc1ccc(C(=O)Oc2ccc(C(O)CNC(C)(C)C)cc2OC(=O)c2ccc(C)cc2)cc1	chembl_approved	CHEMBL1200405	CC BY-SA 3.0	2026-09-25	461.56	5.163	2	6	84.86	7	34	65	3	0.286	0	1	0	chembl_approved:CHEMBL1201295
FZNCGRZWXLXZSZ-CIQUZCHMSA-N	OCC(CO)N[C@H]1C[C@](O)(CO)[C@@H](O)[C@H](O)[C@H]1O	chembl_approved	CHEMBL476960	CC BY-SA 3.0	2026-09-25	267.28	-4.492	8	8	153.64	5	18	39	1	1.0	0	1	0	
GAGWJHPBXLXJQN-UORFTKCHSA-N	CCCCCOC(=O)Nc1nc(=O)n([C@@H]2O[C@H](C)[C@@H](O)[C@H]2O)cc1F	chembl_approved	CHEMBL1773	CC BY-SA 3.0	2026-09-25	359.35	0.76	3	7	122.91	6	25	47	2	0.667	0	0	0	
GAKMQHDJQHZUTJ-ULHLPKEOSA-N	C[C@@H]1C[C@H]2[C@@H]3C[C@H](F)C4=CC(=O)C=C[C@]4(C)[C@H]3[C@@H](O)C[C@]2(C)[C@H]1C(=O)CO	chembl_approved	CHEMBL251634	CC BY-SA 3.0	2026-09-25	376.47	2.637	2	4	74.6	2	27	56	4	0.727	0	0	0	
GAOZTHIDHYLHMS-GDMSFIFLSA-M	CC[C@@]1([C@H]2O[C@H]([C@H]3O[C@@](O)(CO)[C@H](C)C[C@@H]3C)C[C@H]2C)CC[C@H]([C@@]2(C)CC[C@]3(C[C@H](O)[C@@H](C)[C@@H]([C@H](C)[C@H](OC)[C@@H](C)C(=O)[O-])O3)O2)O1	chembl_approved	CHEMBL5314365	CC BY-SA 3.0	2026-09-25	669.87	2.938	3	11	156.2	10	47	108	5	0.972	0	2	0	
GAOZTHIDHYLHMS-KEOBGNEYSA-N	CC[C@@]1([C@@H]2O[C@@H]([C@H]3O[C@@](O)(CO)[C@H](C)C[C@@H]3C)C[C@@H]2C)CC[C@H]([C@]2(C)CC[C@]3(C[C@H](O)[C@@H](C)[C@@H]([C@@H](C)[C@@H](OC)[C@H](C)C(=O)O)O3)O2)O1	chembl_approved	CHEMBL256105	CC BY-SA 3.0	2026-09-25	670.88	4.273	4	10	153.37	10	47	109	5	0.972	0	1	0	
GBABOYUKABKIAF-IELIFDKJSA-N	CCC1=C[C@@H]2CN(C1)Cc1c([nH]c3ccccc13)[C@@](C(=O)OC)(c1cc3c(cc1OC)N(C)[C@H]1[C@@](O)(C(=O)OC)[C@H](OC(C)=O)[C@]4(CC)C=CCN5CC[C@]31[C@@H]54)C2	chembl_approved	CHEMBL553025	CC BY-SA 3.0	2026-09-25	778.95	4.754	2	11	133.87	7	57	111	9	0.533	0	2	0	chembl_approved:CHEMBL538943
GBBSUAFBMRNDJC-INIZCTEOSA-N	CN1CCN(C(=O)O[C@H]2c3nccnc3C(=O)N2c2ccc(Cl)cn2)CC1	chembl_approved	CHEMBL1522	CC BY-SA 3.0	2026-09-25	388.82	1.568	0	7	91.76	2	27	44	4	0.353	0	0	0	
GBBSUAFBMRNDJC-UHFFFAOYSA-N	CN1CCN(C(=O)OC2c3nccnc3C(=O)N2c2ccc(Cl)cn2)CC1	chembl_approved	CHEMBL135400	CC BY-SA 3.0	2026-09-25	388.82	1.568	0	7	91.76	2	27	44	4	0.353	0	0	0	
GBLBJPZSROAGMF-RWYJCYHVSA-N	CO[C@]1(C(=O)N[C@@H](C)c2ccc(-n3cc(F)cn3)nc2)CC[C@H](c2nc(C)cc(Nc3cc(C)[nH]n3)n2)CC1	chembl_approved	CHEMBL4582651	CC BY-SA 3.0	2026-09-25	533.61	4.2	3	8	135.53	8	39	71	5	0.407	0	1	0	
GBXSMTUPTTWBMN-XIRDDKMYSA-N	CCOC(=O)[C@H](CCc1ccccc1)N[C@@H](C)C(=O)N1CCC[C@H]1C(=O)O	chembl_approved	CHEMBL578	CC BY-SA 3.0	2026-09-25	376.45	1.605	2	5	95.94	9	27	55	2	0.55	0	0	0	chembl_approved:CHEMBL1200659
GCFBRXLSHGKWDP-XCGNWRKASA-M	CCN1CCN(C(=O)N[C@@H](C(=O)N[C@@H]2C(=O)N3C(C(=O)[O-])=C(CSc4nnnn4C)CS[C@H]23)c2ccc(O)cc2)C(=O)C1=O	chembl_approved	CHEMBL1200482	CC BY-SA 3.0	2026-09-25	644.67	-2.447	3	13	223.09	9	44	70	5	0.4	0	2	0	
GCFBRXLSHGKWDP-XCGNWRKASA-N	CCN1CCN(C(=O)N[C@@H](C(=O)N[C@@H]2C(=O)N3C(C(=O)O)=C(CSc4nnnn4C)CS[C@H]23)c2ccc(O)cc2)C(=O)C1=O	chembl_approved	CHEMBL507674	CC BY-SA 3.0	2026-09-25	645.68	-1.112	4	12	220.26	9	44	71	5	0.4	0	2	0	
GCKFUYQCUCGESZ-BPIQYHPVSA-N	C#C[C@]1(O)CC[C@H]2[C@@H]3CCC4=CC(=O)CC[C@@H]4[C@H]3C(=C)C[C@@]21CC	chembl_approved	CHEMBL1531	CC BY-SA 3.0	2026-09-25	324.46	4.049	1	2	37.3	1	24	52	4	0.682	0	0	0	
GCKMFJBGXUYNAG-HLXURNFRSA-N	C[C@]12CCC(=O)C=C1CC[C@@H]1[C@@H]2CC[C@@]2(C)[C@H]1CC[C@]2(C)O	chembl_approved	CHEMBL1395	CC BY-SA 3.0	2026-09-25	302.46	4.269	1	2	37.3	0	22	52	4	0.85	0	0	0	
GCQYYIHYQMVWLT-HQNLTJAPSA-N	O=c1[nH]c(=O)n([C@@H]2O[C@H](CO)[C@@H](O)[C@@H]2O)cc1/C=C/Br	chembl_approved	CHEMBL70046	CC BY-SA 3.0	2026-09-25	349.14	-1.486	4	6	124.78	3	20	33	2	0.455	0	0	0	
GDFGTRDCCWFXTG-UHFFFAOYSA-N	CCCN1CC(NS(=O)(=O)N(CC)CC)CC2Cc3c(O)cccc3CC21	chembl_approved	CHEMBL2218861	CC BY-SA 3.0	2026-09-25	395.57	2.136	2	4	72.88	7	27	60	3	0.7	0	0	0	
GDLBFKVLRPITMI-UHFFFAOYSA-N	CC1=Nc2ccc(Cl)cc2S(=O)(=O)N1	chembl_approved	CHEMBL181	CC BY-SA 3.0	2026-09-25	230.68	1.682	1	3	58.53	0	14	21	2	0.125	0	0	1	
GDLIGKIOYRNHDA-UHFFFAOYSA-N	CN(C)CCCN1c2ccccc2CCc2ccc(Cl)cc21	chembl_approved	CHEMBL415	CC BY-SA 3.0	2026-09-25	314.86	4.528	0	2	6.48	4	22	45	3	0.368	0	0	0	chembl_approved:CHEMBL1200710
GECBBEABIDMGGL-UHFFFAOYSA-N	CCCCCCC(C)(C)c1cc(O)c2c(c1)OC(C)(C)C1CCC(=O)CC21	chembl_approved	CHEMBL2218896	CC BY-SA 3.0	2026-09-25	372.55	6.264	1	3	46.53	6	27	63	3	0.708	0	1	0	
GECHUMIMRBOMGK-UHFFFAOYSA-N	Nc1ccc(S(=O)(=O)Nc2ccccn2)cc1	chembl_approved	CHEMBL700	CC BY-SA 3.0	2026-09-25	249.3	1.465	2	4	85.08	3	17	28	2	0.0	0	0	0	
GEFQWZLICWMTKF-CDUCUWFYSA-N	C[C@H](N)[C@H](O)c1ccc(O)c(O)c1	chembl_approved	CHEMBL677	CC BY-SA 3.0	2026-09-25	183.21	0.478	4	4	86.71	2	13	26	1	0.333	1	0	0	
GEJDGVNQKABXKG-CFKGEZKQSA-N	COc1cc2c(cc1OC)[C@H]1C[C@@H](OC(=O)[C@@H](N)C(C)C)[C@H](CC(C)C)CN1CC2	chembl_approved	CHEMBL2364639	CC BY-SA 3.0	2026-09-25	418.58	3.564	1	6	74.02	7	30	68	3	0.708	0	0	0	chembl_approved:CHEMBL3707248
GETAAWDSFUCLBS-SJPDSGJFSA-N	[18F]c1ccc(-c2ccc3c(c2)[nH]c2ccncc23)cn1	chembl_approved	CHEMBL3545253	CC BY-SA 3.0	2026-09-25	262.28	3.917	1	2	41.57	1	20	30	4	0.0	0	0	0	
GETAAWDSFUCLBS-UHFFFAOYSA-N	Fc1ccc(-c2ccc3c(c2)[nH]c2ccncc23)cn1	chembl_approved	CHEMBL3546271	CC BY-SA 3.0	2026-09-25	263.28	3.917	1	2	41.57	1	20	30	4	0.0	0	0	0	
GFBKORZTTCHDGY-UWVJOHFNSA-N	CN1CCN(CC/C=C2/c3ccccc3Sc3ccc(S(=O)(=O)N(C)C)cc32)CC1	chembl_approved	CHEMBL1201	CC BY-SA 3.0	2026-09-25	443.64	3.471	0	5	43.86	5	30	59	4	0.391	1	0	0	chembl_approved:CHEMBL3989824
GFHAXPJGXSQLPT-VIFPVBQESA-N	NC(=O)O[C@@H](Cn1ncnn1)c1ccccc1Cl	chembl_approved	CHEMBL3989949	CC BY-SA 3.0	2026-09-25	267.68	1.163	1	5	95.92	4	18	28	2	0.2	0	0	0	
GFNANZIMVAIWHM-OBYCQNJPSA-N	C[C@]12C=CC(=O)C=C1CC[C@H]1[C@@H]3C[C@@H](O)[C@](O)(C(=O)CO)[C@@]3(C)C[C@H](O)[C@@]12F	chembl_approved	CHEMBL1451	CC BY-SA 3.0	2026-09-25	394.44	0.62	4	6	115.06	2	28	55	4	0.714	0	0	0	
GFRUPHOKLBPHTQ-UHFFFAOYSA-N	CC[N+](C)(CC)CCOC(=O)C(O)(c1ccccc1)C1CCCCC1	chembl_approved	CHEMBL1200906	CC BY-SA 3.0	2026-09-25	348.51	3.484	1	3	46.53	8	25	59	2	0.667	0	0	0	chembl_approved:CHEMBL1201286
GGCSSNBKKAUURC-UHFFFAOYSA-N	CCC(=O)N(c1ccccc1)C1(COC)CCN(CCc2cccs2)CC1	chembl_approved	CHEMBL658	CC BY-SA 3.0	2026-09-25	386.56	4.215	0	4	32.78	8	27	57	3	0.5	0	0	0	chembl_approved:CHEMBL1201163
GGGDNPWHMNJRFN-UHFFFAOYSA-M	CC(=O)Nc1c(I)c(C(=O)[O-])c(I)c(N(C)C(C)=O)c1I	chembl_approved	CHEMBL1200423	CC BY-SA 3.0	2026-09-25	626.93	1.805	1	4	89.54	3	21	31	1	0.25	0	1	0	chembl_approved:CHEMBL2068723;chembl_approved:CHEMBL2364738
GGGDNPWHMNJRFN-UHFFFAOYSA-N	CC(=O)Nc1c(I)c(C(=O)O)c(I)c(N(C)C(C)=O)c1I	chembl_approved	CHEMBL1736	CC BY-SA 3.0	2026-09-25	627.94	3.14	2	3	86.71	3	21	32	1	0.25	0	1	0	chembl_approved:CHEMBL1200353
GGQJXCQBBONZFX-IWVLMIASSA-N	C=C1c2c(Cl)ccc(O)c2C(=O)C2=C(O)[C@]3(O)C(=O)C(C(N)=O)=C(O)[C@@H](N(C)C)[C@@H]3[C@@H](O)[C@H]12	chembl_approved	CHEMBL261772	CC BY-SA 3.0	2026-09-25	476.87	0.216	6	9	181.62	2	33	54	4	0.318	0	1	0	
GGXICVAJURFBLW-CEYXHVGTSA-N	CC(C)OC(=O)CCC/C=C\C[C@@H]1[C@@H](CC[C@@H](O)CCc2ccccc2)[C@H](O)C[C@@H]1O	chembl_approved	CHEMBL1051	CC BY-SA 3.0	2026-09-25	432.6	4.186	3	5	86.99	13	31	71	2	0.654	0	0	0	
GGXKWVWZWMLJEH-UHFFFAOYSA-N	CC(=O)OCC(CCn1cnc2cnc(N)nc21)COC(C)=O	chembl_approved	CHEMBL880	CC BY-SA 3.0	2026-09-25	321.34	0.541	1	8	122.22	7	23	42	2	0.5	0	0	0	
GHASVSINZRGABV-UHFFFAOYSA-N	O=c1[nH]cc(F)c(=O)[nH]1	chembl_approved	CHEMBL185	CC BY-SA 3.0	2026-09-25	130.08	-0.798	2	2	65.72	0	9	12	1	0.0	0	0	1	
GHOKWGTUZJEAQD-ZETCQYMHSA-N	CC(C)(CO)[C@@H](O)C(=O)NCCC(=O)O	chembl_approved	CHEMBL1594	CC BY-SA 3.0	2026-09-25	219.24	-1.043	4	4	106.86	6	15	32	0	0.778	0	0	0	
GHOSNRCGJFBJIB-UHFFFAOYSA-N	CCOc1nc2cccc(C(=O)OC(C)OC(=O)OC3CCCCC3)c2n1Cc1ccc(-c2ccccc2-c2nn[nH]n2)cc1	chembl_approved	CHEMBL1014	CC BY-SA 3.0	2026-09-25	610.67	6.319	1	10	143.34	10	45	79	6	0.333	0	2	0	
GHXZTYHSJHQHIJ-UHFFFAOYSA-N	N=C(NCCCCCCNC(=N)NC(=N)Nc1ccc(Cl)cc1)NC(=N)Nc1ccc(Cl)cc1	chembl_approved	CHEMBL790	CC BY-SA 3.0	2026-09-25	505.46	4.175	10	4	167.58	9	34	64	2	0.273	0	2	0	chembl_approved:CHEMBL4297088
GIIZNNXWQWCKIB-UHFFFAOYSA-N	OCc1cc(C(O)CNCCCCCCOCCCCc2ccccc2)ccc1O	chembl_approved	CHEMBL1263	CC BY-SA 3.0	2026-09-25	415.57	4.107	4	5	81.95	16	30	67	2	0.52	0	0	0	chembl_approved:CHEMBL1082607
GIJXKZJWITVLHI-PMOLBWCYSA-N	CN1[C@@H]2CC[C@H]1C[C@@H](OC(c1ccccc1)c1ccccc1)C2	chembl_approved	CHEMBL1200383	CC BY-SA 3.0	2026-09-25	307.44	4.418	0	2	12.47	4	23	48	4	0.429	0	0	0	chembl_approved:CHEMBL1201203
GIKNHHRFLCDOEU-UHFFFAOYSA-N	CC(N)Cc1ccc(O)cc1	chembl_approved	CHEMBL1546	CC BY-SA 3.0	2026-09-25	151.21	1.282	2	2	46.25	2	11	24	1	0.333	0	0	1	chembl_approved:CHEMBL1200705
GIUYCYHIANZCFB-FJFJXFQQSA-N	Nc1nc(F)nc2c1ncn2[C@@H]1O[C@H](COP(=O)(O)O)[C@@H](O)[C@@H]1O	chembl_approved	CHEMBL1096882	CC BY-SA 3.0	2026-09-25	365.21	-1.724	5	9	186.07	4	24	37	3	0.5	0	0	0	
GJJFMKBJSRMPLA-DZGCQCFKSA-N	CCN(CC)C(=O)[C@@]1(c2ccccc2)C[C@H]1CN	chembl_approved	CHEMBL99946	CC BY-SA 3.0	2026-09-25	246.35	1.771	1	2	46.33	5	18	40	2	0.533	0	0	1	chembl_approved:CHEMBL2105732
GJJFMKBJSRMPLA-UHFFFAOYSA-N	CCN(CC)C(=O)C1(c2ccccc2)CC1CN	chembl_approved	CHEMBL259209	CC BY-SA 3.0	2026-09-25	246.35	1.771	1	2	46.33	5	18	40	2	0.533	0	0	1	chembl_approved:CHEMBL4297064
GJPICJJJRGTNOD-UHFFFAOYSA-N	COc1ccccc1Oc1c(NS(=O)(=O)c2ccc(C(C)(C)C)cc2)nc(-c2ncccn2)nc1OCCO	chembl_approved	CHEMBL957	CC BY-SA 3.0	2026-09-25	551.63	4.204	2	10	145.65	10	39	68	4	0.259	0	1	0	
GJQPMPFPNINLKP-UHFFFAOYSA-N	NS(=O)(=O)c1cc(Cl)c(Cl)c(S(N)(=O)=O)c1	chembl_approved	CHEMBL17	CC BY-SA 3.0	2026-09-25	305.16	0.288	2	4	120.32	2	16	22	1	0.0	0	0	0	
GJSURZIOUXUGAL-UHFFFAOYSA-N	Clc1cccc(Cl)c1NC1=NCCN1	chembl_approved	CHEMBL134	CC BY-SA 3.0	2026-09-25	230.1	2.364	2	3	36.42	1	14	23	2	0.222	0	0	1	chembl_approved:CHEMBL1705
GKCBAIGFKIBETG-UHFFFAOYSA-N	CCCCNc1ccc(C(=O)OCCN(C)C)cc1	chembl_approved	CHEMBL698	CC BY-SA 3.0	2026-09-25	264.37	2.617	1	4	41.57	8	19	43	1	0.533	0	0	0	chembl_approved:CHEMBL1255654
GKDRMWXFWHEQQT-UHFFFAOYSA-L	COc1cc(Nc2ncc(F)c(Nc3ccc4c(n3)N(COP(=O)([O-])[O-])C(=O)C(C)(C)O4)n2)cc(OC)c1OC	chembl_approved	CHEMBL3989516	CC BY-SA 3.0	2026-09-25	578.45	1.83	2	14	192.38	10	40	64	4	0.304	0	2	0	
GKDRMWXFWHEQQT-UHFFFAOYSA-N	COc1cc(Nc2ncc(F)c(Nc3ccc4c(n3)N(COP(=O)(O)O)C(=O)C(C)(C)O4)n2)cc(OC)c1OC	chembl_approved	CHEMBL2103830	CC BY-SA 3.0	2026-09-25	580.47	3.095	4	12	186.72	10	40	66	4	0.304	0	2	0	
GKHIVNAUVKXIIY-UHFFFAOYSA-N	CC(C)NC(=O)COc1cccc(-c2nc(Nc3ccc4[nH]ncc4c3)c3ccccc3n2)c1	chembl_approved	CHEMBL2005186	CC BY-SA 3.0	2026-09-25	452.52	4.82	3	6	104.82	7	34	58	5	0.154	0	0	0	chembl_approved:CHEMBL4802130
GKIRPKYJQBWNGO-UHFFFAOYSA-N	CCN(CC)CCOc1ccc(C(=C(Cl)c2ccccc2)c2ccccc2)cc1	chembl_approved	CHEMBL2355051	CC BY-SA 3.0	2026-09-25	405.97	6.563	0	2	12.47	9	29	57	3	0.231	0	1	0	chembl_approved:CHEMBL3185958
GKNPSSNBBWDAGH-UHFFFAOYSA-N	C[N+]1(C)CCCC(OC(=O)C(O)(c2ccccc2)c2ccccc2)C1	chembl_approved	CHEMBL524004	CC BY-SA 3.0	2026-09-25	340.44	2.705	1	3	46.53	4	25	51	3	0.381	0	0	0	chembl_approved:CHEMBL1724
GKTWGGQPFAXNFI-HNNXBMFYSA-N	COC(=O)[C@H](c1ccccc1Cl)N1CCc2sccc2C1	chembl_approved	CHEMBL1771	CC BY-SA 3.0	2026-09-25	321.83	3.674	0	4	29.54	3	21	37	3	0.312	0	0	0	chembl_approved:CHEMBL1083385;chembl_approved:CHEMBL6068333;chembl_approved:CHEMBL6068338;chembl_approved:CHEMBL6068343
GLUUGHFHXGJENI-UHFFFAOYSA-N	C1CNCCN1	chembl_approved	CHEMBL1412	CC BY-SA 3.0	2026-09-25	86.14	-0.821	2	2	24.06	0	6	16	1	1.0	0	0	1	
GLVAUDGFNGKCSF-UHFFFAOYSA-N	Sc1ncnc2nc[nH]c12	chembl_approved	CHEMBL1425	CC BY-SA 3.0	2026-09-25	152.18	0.642	2	4	54.46	0	10	14	2	0.0	0	0	0	chembl_approved:CHEMBL1200751
GLYMPHUVMRFTFV-QLFBSQMISA-N	C[C@@H]1CN(C(=O)c2ccc(NC(=O)c3cc(O[C@H](C)c4c(Cl)ccc(F)c4Cl)c(N)nn3)cc2)C[C@H](C)N1	chembl_approved	CHEMBL4113131	CC BY-SA 3.0	2026-09-25	561.45	4.719	3	7	122.47	6	38	65	4	0.308	0	1	0	
GMHKMTDVRCWUDX-UHFFFAOYSA-N	CCC1(c2ccccc2)NC(=O)N(C)C1=O	chembl_approved	CHEMBL861	CC BY-SA 3.0	2026-09-25	218.26	1.474	1	2	49.41	2	16	30	2	0.333	0	0	1	
GMRQFYUYWCNGIN-NKMMMXOESA-N	C=C1/C(=C\C=C2/CCC[C@]3(C)[C@@H]([C@H](C)CCCC(C)(C)O)CC[C@@H]23)C[C@@H](O)C[C@@H]1O	chembl_approved	CHEMBL846	CC BY-SA 3.0	2026-09-25	416.65	5.705	3	3	60.69	6	30	74	3	0.778	0	1	0	
GMVPRGQOIOIIMI-DWKJAMRDSA-N	CCCCC[C@H](O)/C=C/[C@H]1[C@H](O)CC(=O)[C@@H]1CCCCCCC(=O)O	chembl_approved	CHEMBL495	CC BY-SA 3.0	2026-09-25	354.49	3.475	3	4	94.83	13	25	59	1	0.8	0	0	0	
GMZVRMREEHBGGF-UHFFFAOYSA-N	NC(=O)CN1CCCC1=O	chembl_approved	CHEMBL36715	CC BY-SA 3.0	2026-09-25	142.16	-0.906	1	2	63.4	2	10	20	1	0.667	0	0	1	
GNBHRKFJIUUOQI-UHFFFAOYSA-N	O=C1OC2(c3ccc(O)cc3Oc3cc(O)ccc32)c2ccccc21	chembl_approved	CHEMBL1057	CC BY-SA 3.0	2026-09-25	332.31	3.666	2	5	75.99	0	25	37	5	0.05	0	0	0	
GNOGSFBXBWBTIG-UHFFFAOYSA-M	CC(=O)Nc1c(I)cc(I)c(C(=O)[O-])c1I	chembl_approved	CHEMBL1201045	CC BY-SA 3.0	2026-09-25	555.86	1.822	1	3	69.23	2	16	21	1	0.111	0	1	0	
GNOGSFBXBWBTIG-UHFFFAOYSA-N	CC(=O)Nc1c(I)cc(I)c(C(=O)O)c1I	chembl_approved	CHEMBL1201327	CC BY-SA 3.0	2026-09-25	556.86	3.157	2	2	66.4	2	16	22	1	0.111	0	1	0	
GNXFOGHNGIVQEH-UHFFFAOYSA-N	COc1ccccc1OCC(O)COC(N)=O	chembl_approved	CHEMBL1201117	CC BY-SA 3.0	2026-09-25	241.24	0.53	2	5	91.01	6	17	32	1	0.364	0	0	0	
GOEMGAFJFRBGGG-UHFFFAOYSA-N	CCCC(=O)Nc1ccc(OCC(O)CNC(C)C)c(C(C)=O)c1	chembl_approved	CHEMBL642	CC BY-SA 3.0	2026-09-25	336.43	2.365	3	5	87.66	10	24	52	1	0.556	0	0	0	chembl_approved:CHEMBL1200813
GOTYRUGSSMKFNF-UHFFFAOYSA-N	Nc1cccc2c1CN(C1CCC(=O)NC1=O)C2=O	chembl_approved	CHEMBL848	CC BY-SA 3.0	2026-09-25	259.26	0.03	2	4	92.5	1	19	32	3	0.308	0	0	0	chembl_approved:CHEMBL6068337
GPFAJKDEDBRFOS-FKQDBXSBSA-N	CN1CC[C@]23c4c5ccc(OCCN6CCOCC6)c4O[C@H]2[C@@H](O)C=C[C@H]3[C@H]1C5	chembl_approved	CHEMBL2105224	CC BY-SA 3.0	2026-09-25	398.5	1.203	1	6	54.4	4	29	59	6	0.652	0	0	0	
GPKJTRJOBQGKQK-UHFFFAOYSA-N	CCN(CC)CCCC(C)Nc1c2ccc(Cl)cc2nc2ccc(OC)cc12	chembl_approved	CHEMBL7568	CC BY-SA 3.0	2026-09-25	399.97	5.972	1	4	37.39	9	28	58	3	0.435	1	1	0	
GPMXUUPHFNMNDH-UHFFFAOYSA-N	O=C(CCCN1CCC(O)(c2cccc(C(F)(F)F)c2)CC1)c1ccc(F)cc1	chembl_approved	CHEMBL15023	CC BY-SA 3.0	2026-09-25	409.42	4.791	1	3	40.54	6	29	52	3	0.409	0	0	0	
GPNHMOZDMYNCPO-PDUMRIMRSA-N	CCC(=O)O[C@]1(C(=O)CO)CC[C@H]2[C@@H]3CCC4=CC(=O)CC[C@]4(C)[C@H]3CC[C@@]21C	chembl_approved	CHEMBL3590187	CC BY-SA 3.0	2026-09-25	402.53	3.772	1	5	80.67	4	29	63	4	0.792	0	0	0	
GPRBEKHLDVQUJE-QSWIMTSFSA-M	CO/N=C(\C(=O)N[C@@H]1C(=O)N2C(C(=O)[O-])=C(COC(C)=O)CS[C@H]12)c1csc(N)n1	chembl_approved	CHEMBL1010	CC BY-SA 3.0	2026-09-25	454.47	-1.957	2	12	176.34	7	30	46	3	0.375	0	1	0	
GPRBEKHLDVQUJE-QSWIMTSFSA-N	CO/N=C(\C(=O)N[C@@H]1C(=O)N2C(C(=O)O)=C(COC(C)=O)CS[C@H]12)c1csc(N)n1	chembl_approved	CHEMBL1730	CC BY-SA 3.0	2026-09-25	455.47	-0.622	3	11	173.51	7	30	47	3	0.375	0	1	0	
GPTONYMQFTZPKC-UHFFFAOYSA-N	COc1cnc(NS(=O)(=O)c2ccc(N)cc2)nc1	chembl_approved	CHEMBL1200359	CC BY-SA 3.0	2026-09-25	280.31	0.868	2	6	107.2	4	19	31	2	0.091	0	0	0	
GPXBXXGIAQBQNI-UHFFFAOYSA-N	CCCS(=O)(=O)Nc1ccc(F)c(C(=O)c2c[nH]c3ncc(-c4ccc(Cl)cc4)cc23)c1F	chembl_approved	CHEMBL1229517	CC BY-SA 3.0	2026-09-25	489.93	5.544	2	4	91.92	7	33	51	4	0.13	0	1	0	
GPXLMGHLHQJAGZ-JTDSTZFVSA-M	CCOc1ccc2ccccc2c1C(=O)N[C@@H]1C(=O)N2[C@@H]1SC(C)(C)[C@@H]2C(=O)[O-]	chembl_approved	CHEMBL1568276	CC BY-SA 3.0	2026-09-25	413.48	1.149	1	6	98.77	5	29	50	4	0.381	0	0	0	
GPXLMGHLHQJAGZ-JTDSTZFVSA-N	CCOc1ccc2ccccc2c1C(=O)N[C@@H]1C(=O)N2[C@@H]1SC(C)(C)[C@@H]2C(=O)O	chembl_approved	CHEMBL1443	CC BY-SA 3.0	2026-09-25	414.48	2.484	2	5	95.94	5	29	51	4	0.381	0	0	0	
GQYIWUVLTXOXAJ-UHFFFAOYSA-N	O=NN(CCCl)C(=O)NC1CCCCC1	chembl_approved	CHEMBL514	CC BY-SA 3.0	2026-09-25	233.7	2.251	1	3	61.77	4	15	31	1	0.889	0	0	1	
GROJOWHVXQYQGN-UHFFFAOYSA-M	CCCCC(CC)CCC(CC(C)C)OS(=O)(=O)[O-]	chembl_approved	CHEMBL1200354	CC BY-SA 3.0	2026-09-25	293.45	3.875	0	4	66.43	11	19	48	0	1.0	0	0	0	
GROJOWHVXQYQGN-UHFFFAOYSA-N	CCCCC(CC)CCC(CC(C)C)OS(=O)(=O)O	chembl_approved	CHEMBL1201345	CC BY-SA 3.0	2026-09-25	294.46	4.217	1	3	63.6	11	19	49	0	1.0	0	0	0	
GSDSWSVVBLHKDQ-JTQLQIEISA-N	C[C@H]1COc2c(N3CCN(C)CC3)c(F)cc3c(=O)c(C(=O)O)cn1c23	chembl_approved	CHEMBL33	CC BY-SA 3.0	2026-09-25	361.37	1.544	1	5	75.01	2	26	46	4	0.444	0	0	0	chembl_approved:CHEMBL5315124
GSDSWSVVBLHKDQ-UHFFFAOYSA-N	CC1COc2c(N3CCN(C)CC3)c(F)cc3c(=O)c(C(=O)O)cn1c23	chembl_approved	CHEMBL4	CC BY-SA 3.0	2026-09-25	361.37	1.544	1	5	75.01	2	26	46	4	0.444	0	0	0	
GSNHKUDZZFZSJB-QUMGSSFMSA-N	Cc1nnc(C(C)C)n1[C@H]1C[C@H]2CC[C@@H](C1)N2CC[C@H](NC(=O)C1CCC(F)(F)CC1)c1ccccc1	chembl_approved	CHEMBL256907	CC BY-SA 3.0	2026-09-25	513.68	5.951	1	4	63.05	8	37	78	5	0.69	0	2	0	
GSVQIUGOUKJHRC-UHFFFAOYSA-N	CC(=O)N(CC(C)C(=O)O)c1c(I)cc(I)c(N)c1I	chembl_approved	CHEMBL1200770	CC BY-SA 3.0	2026-09-25	613.96	3.156	2	3	83.63	4	20	33	1	0.333	0	1	0	
GUGOEEXESWIERI-UHFFFAOYSA-N	CC(C)(C)c1ccc(C(O)CCCN2CCC(C(O)(c3ccccc3)c3ccccc3)CC2)cc1	chembl_approved	CHEMBL17157	CC BY-SA 3.0	2026-09-25	471.69	6.446	2	3	43.7	8	35	76	4	0.438	0	1	0	
GUHPRPJDBZHYCJ-UHFFFAOYSA-N	CC(C(=O)O)c1ccc(C(=O)c2ccccc2)s1	chembl_approved	CHEMBL365795	CC BY-SA 3.0	2026-09-25	260.31	3.167	1	3	54.37	4	18	30	2	0.143	0	0	0	
GUJRSXAPGDDABA-NSHDSACASA-N	CCN1CCC[C@H]1CNC(=O)c1c(OC)ccc(Br)c1OC	chembl_approved	CHEMBL22242	CC BY-SA 3.0	2026-09-25	371.28	2.68	1	4	50.8	6	22	45	2	0.562	0	0	0	chembl_approved:CHEMBL3989556
GUMTYTFCQLOVQF-UHFFFAOYSA-M	Cn1c(=O)c2[n-]cnc2n(C)c1=O	chembl_approved	CHEMBL1200434	CC BY-SA 3.0	2026-09-25	179.16	-1.411	0	3	70.99	0	13	20	2	0.286	0	0	1	
GUTXTARXLVFHDK-UHFFFAOYSA-N	CCCCCCCCCC(=O)OC1(c2ccc(Cl)cc2)CCN(CCCC(=O)c2ccc(F)cc2)CC1	chembl_approved	CHEMBL1200986	CC BY-SA 3.0	2026-09-25	530.12	8.117	0	4	46.61	15	37	78	3	0.548	0	2	0	
GVEAYVLWDAFXET-XGHATYIMSA-N	CC(=O)O[C@H]1C[C@@H]2CC[C@@H]3[C@H](CC[C@@]4(C)[C@H]3C[C@H]([N+]3(C)CCCCC3)[C@@H]4OC(C)=O)[C@@]2(C)C[C@@H]1[N+]1(C)CCCCC1	chembl_approved	CHEMBL185073	CC BY-SA 3.0	2026-09-25	572.88	6.111	0	4	52.6	4	41	101	6	0.943	0	2	0	chembl_approved:CHEMBL1200757
GVOUFPWUYJWQSK-UHFFFAOYSA-N	CC(=O)Oc1ccc(C(=C2CCCCC2)c2ccc(OC(C)=O)cc2)cc1	chembl_approved	CHEMBL141305	CC BY-SA 3.0	2026-09-25	364.44	5.303	0	4	52.6	4	27	51	3	0.304	0	1	0	
GWOFUCIGLDBNKM-UHFFFAOYSA-N	O=C(OCC(O)CO)c1ccccc1Nc1ccnc2cc(Cl)ccc12	chembl_approved	CHEMBL146095	CC BY-SA 3.0	2026-09-25	372.81	3.142	3	6	91.68	6	26	43	3	0.158	0	0	0	
GXDALQBWZGODGZ-UHFFFAOYSA-N	COc1ccc(CCN2CCC(Nc3nc4ccccc4n3Cc3ccc(F)cc3)CC2)cc1	chembl_approved	CHEMBL296419	CC BY-SA 3.0	2026-09-25	458.58	5.351	1	4	42.32	8	34	65	5	0.321	0	1	0	
GXESHMAMLJKROZ-IAPPQJPRSA-N	Oc1ccc2c(c1)CC[C@H](c1ccccc1)[C@@H]2c1ccc(OCCN2CCCC2)cc1	chembl_approved	CHEMBL328190	CC BY-SA 3.0	2026-09-25	413.56	5.729	1	3	32.7	6	31	62	5	0.357	0	1	0	chembl_approved:CHEMBL6067998
GXJABQQUPOEUTA-RDJZCZTQSA-N	CC(C)C[C@H](NC(=O)[C@H](Cc1ccccc1)NC(=O)c1cnccn1)B(O)O	chembl_approved	CHEMBL325041	CC BY-SA 3.0	2026-09-25	384.25	0.361	4	6	124.44	9	28	53	2	0.368	0	0	0	
GXPHKUHSUJUWKP-UHFFFAOYSA-N	Cc1c(C)c2c(c(C)c1O)CCC(C)(COc1ccc(CC3SC(=O)NC3=O)cc1)O2	chembl_approved	CHEMBL408	CC BY-SA 3.0	2026-09-25	441.55	4.374	2	6	84.86	5	31	58	4	0.417	0	0	0	
GXPYCYWPUGKQIJ-UHFFFAOYSA-N	FC(F)(F)c1cccc(C2CNCCO2)c1	chembl_approved	CHEMBL578767	CC BY-SA 3.0	2026-09-25	231.22	2.366	1	2	21.26	1	16	28	2	0.455	0	0	1	
GXRZIMHKGDIBEW-UHFFFAOYSA-N	C#CC1(OC(N)=O)CCCCC1	chembl_approved	CHEMBL1576	CC BY-SA 3.0	2026-09-25	167.21	1.418	1	2	52.32	1	12	25	1	0.667	0	0	1	
GYDJEQRTZSCIOI-LJGSYFOKSA-N	NC[C@H]1CC[C@H](C(=O)O)CC1	chembl_approved	CHEMBL877	CC BY-SA 3.0	2026-09-25	157.21	0.836	2	2	63.32	2	11	26	1	0.875	0	0	1	
GYHCTFXIZSNGJT-UHFFFAOYSA-N	Cc1ccccc1C(=O)Nc1ccc(C(=O)N2CCCC(O)c3cc(Cl)ccc32)c(C)c1	chembl_approved	CHEMBL344159	CC BY-SA 3.0	2026-09-25	448.95	5.683	2	3	69.64	3	32	57	4	0.231	0	1	0	
GYQYAJJFPNQOOW-UHFFFAOYSA-N	CCc1nc(C(N)=O)c(Nc2ccc(N3CCC(N4CCN(C)CC4)CC3)c(OC)c2)nc1NC1CCOCC1	chembl_approved	CHEMBL3301603	CC BY-SA 3.0	2026-09-25	552.72	2.697	3	10	121.11	9	40	84	5	0.621	1	1	0	chembl_approved:CHEMBL3301622
GZENKSODFLBBHQ-ILSZZQPISA-N	CC(=O)[C@H]1CC[C@H]2[C@@H]3C[C@H](C)C4=CC(=O)CC[C@]4(C)[C@H]3[C@@H](O)C[C@]12C	chembl_approved	CHEMBL1201173	CC BY-SA 3.0	2026-09-25	344.5	3.94	1	3	54.37	1	25	57	4	0.818	0	0	0	
GZHFODJQISUKAY-UHFFFAOYSA-N	CC[N+](C)(CC)CCOC(=O)C1c2ccccc2Oc2ccccc21	chembl_approved	CHEMBL1200988	CC BY-SA 3.0	2026-09-25	340.44	3.954	0	3	35.53	6	25	51	3	0.381	0	0	0	chembl_approved:CHEMBL1201264
GZKLJWGUPQBVJQ-UHFFFAOYSA-N	O=C1NCCN1CCN1CCC(c2cn(-c3ccc(F)cc3)c3ccc(Cl)cc23)CC1	chembl_approved	CHEMBL12713	CC BY-SA 3.0	2026-09-25	440.95	4.628	1	2	40.51	5	31	57	5	0.375	0	0	0	
GZOSMCIZMLWJML-VJLLXTKPSA-N	C[C@]12CC[C@H](O)CC1=CC[C@@H]1[C@@H]2CC[C@]2(C)C(c3cccnc3)=CC[C@@H]12	chembl_approved	CHEMBL254328	CC BY-SA 3.0	2026-09-25	349.52	5.399	1	2	33.12	1	26	57	5	0.625	0	1	0	
GZSOSUNBTXMUFQ-YFAPSIMESA-N	COc1ccc(-c2cc(=O)c3c(O)cc(O[C@@H]4O[C@H](CO[C@@H]5O[C@@H](C)[C@H](O)[C@@H](O)[C@H]5O)[C@@H](O)[C@H](O)[C@H]4O)cc3o2)cc1O	chembl_approved	CHEMBL231884	CC BY-SA 3.0	2026-09-25	608.55	-1.09	8	15	238.2	7	43	75	5	0.464	0	3	0	
GZUITABIAKMVPG-UHFFFAOYSA-N	O=C(c1ccc(OCCN2CCCCC2)cc1)c1c(-c2ccc(O)cc2)sc2cc(O)ccc12	chembl_approved	CHEMBL81	CC BY-SA 3.0	2026-09-25	473.59	6.075	2	6	70.0	7	34	61	5	0.25	0	1	0	chembl_approved:CHEMBL1116
HAPOVYFOVVWLRS-UHFFFAOYSA-N	CCC1(C)CC(=O)NC1=O	chembl_approved	CHEMBL696	CC BY-SA 3.0	2026-09-25	141.17	0.449	1	2	46.17	1	10	21	1	0.714	0	0	1	
HARRKNSQXBRBGZ-GVKWWOCJSA-N	C[C@@]1(O)CC[C@H]2[C@H](CC[C@@H]3[C@@H]2CC[C@]2(C)[C@@H](C(=O)Cn4cc(C#N)cn4)CC[C@@H]32)C1	chembl_approved	CHEMBL4105630	CC BY-SA 3.0	2026-09-25	409.57	4.344	1	4	78.91	3	30	65	5	0.8	0	0	0	
HAWPXGHAZFHHAD-UHFFFAOYSA-N	CN(CCCl)CCCl	chembl_approved	CHEMBL427	CC BY-SA 3.0	2026-09-25	156.06	1.396	0	1	3.24	4	8	19	0	1.0	0	0	1	chembl_approved:CHEMBL1201001
HAYYBYPASCDWEQ-UHFFFAOYSA-N	CN1CCN(c2ccc(C(=O)Nc3n[nH]c4ccc(Cc5cc(F)cc(F)c5)cc34)c(NC3CCOCC3)c2)CC1	chembl_approved	CHEMBL1983268	CC BY-SA 3.0	2026-09-25	560.65	5.027	3	6	85.52	7	41	75	6	0.355	0	2	0	
HBNPJJILLOYFJU-VMPREFPWSA-N	COCC(=O)O[C@]1(CCN(C)CCCc2nc3ccccc3[nH]2)CCc2cc(F)ccc2[C@@H]1C(C)C	chembl_approved	CHEMBL45816	CC BY-SA 3.0	2026-09-25	495.64	5.271	1	5	67.45	11	36	74	4	0.517	0	1	0	chembl_approved:CHEMBL1534525
HBOMLICNUCNMMY-XLPZGREQSA-N	Cc1cn([C@H]2C[C@H](N=[N+]=[N-])[C@@H](CO)O2)c(=O)[nH]c1=O	chembl_approved	CHEMBL129	CC BY-SA 3.0	2026-09-25	267.25	-0.196	2	5	133.08	3	19	32	2	0.6	1	0	0	
HCDMJFOHIXMBOV-UHFFFAOYSA-N	CCN1C(=O)N(c2c(F)c(OC)cc(OC)c2F)Cc2cnc3[nH]c(CN4CCOCC4)cc3c21	chembl_approved	CHEMBL4297522	CC BY-SA 3.0	2026-09-25	487.51	3.657	1	6	83.16	6	35	62	5	0.417	0	0	0	
HCFDWZZGGLSKEP-UHFFFAOYSA-N	CN(C)CCOC(C)(c1ccccc1)c1ccccn1	chembl_approved	CHEMBL1004	CC BY-SA 3.0	2026-09-25	270.38	2.923	0	3	25.36	6	20	42	2	0.353	0	0	1	chembl_approved:CHEMBL1200392
HCFSGRMEEXUOSS-JXEXPEPMSA-N	CC(=O)[C@@]1(C)CC[C@H]2[C@@H]3C=C(C)C4=CC(=O)CC[C@]4(C)[C@H]3CC[C@@]21C	chembl_approved	CHEMBL2106825	CC BY-SA 3.0	2026-09-25	340.51	5.28	0	2	34.14	1	25	57	4	0.739	0	1	0	
HCRKCZRJWPKOAR-JTQLQIEISA-N	CCN[C@H]1CN(CCCOC)S(=O)(=O)c2sc(S(N)(=O)=O)cc21	chembl_approved	CHEMBL220491	CC BY-SA 3.0	2026-09-25	383.52	0.087	2	7	118.8	7	23	44	2	0.667	0	0	0	
HCYAFALTSJYZDH-UHFFFAOYSA-N	CNCCCN1c2ccccc2CCc2ccccc21	chembl_approved	CHEMBL72	CC BY-SA 3.0	2026-09-25	266.39	3.533	1	2	15.27	4	20	42	3	0.333	0	0	0	chembl_approved:CHEMBL1696
HCYFGRCYSCXKNQ-UHFFFAOYSA-N	Cn1c(=O)c2c(ncn2CC(=O)O)n(C)c1=O	chembl_approved	CHEMBL70246	CC BY-SA 3.0	2026-09-25	238.2	-1.482	1	4	99.12	2	17	27	2	0.333	0	0	0	chembl_approved:CHEMBL2106660
HCZKYJDFEPMADG-TXEJJXNPSA-N	C[C@H](Cc1ccc(O)c(O)c1)[C@@H](C)Cc1ccc(O)c(O)c1	chembl_approved	CHEMBL313972	CC BY-SA 3.0	2026-09-25	302.37	3.566	4	4	80.92	5	22	44	2	0.333	1	0	0	
HDACQVRGBOVJII-JBDAPHQKSA-N	CCOC(=O)[C@H](CCc1ccccc1)N[C@@H](C)C(=O)N1[C@H](C(=O)O)C[C@@H]2CCC[C@@H]21	chembl_approved	CHEMBL1168	CC BY-SA 3.0	2026-09-25	416.52	2.383	2	5	95.94	9	30	62	3	0.609	0	0	0	
HDKWFBCPLKNOCK-SFHVURJKSA-N	Cc1cc(C2=NO[C@@](c3cc(Cl)c(Cl)c(Cl)c3)(C(F)(F)F)C2)sc1C(=O)NCC(=O)NCC(F)(F)F	chembl_approved	CHEMBL3707310	CC BY-SA 3.0	2026-09-25	596.76	6.007	2	5	79.79	6	36	50	3	0.35	0	2	0	
HDOVUKNUBWVHOX-QMMMGPOBSA-N	CC(C)[C@H](N)C(=O)OCCOCn1cnc2c(=O)nc(N)[nH]c21	chembl_approved	CHEMBL1349	CC BY-SA 3.0	2026-09-25	324.34	-0.798	3	8	151.14	7	23	43	2	0.538	0	0	0	chembl_approved:CHEMBL1201110
HDWIHXWEUNVBIY-UHFFFAOYSA-N	NS(=O)(=O)c1cc2c(cc1C(F)(F)F)NC(Cc1ccccc1)NS2(=O)=O	chembl_approved	CHEMBL1684	CC BY-SA 3.0	2026-09-25	421.42	1.625	3	5	118.36	3	27	41	3	0.2	0	0	0	
HDZAQYPYABGTCL-UHFFFAOYSA-N	C[N+](C)(CCCCCC[N+](C)(C)C1c2ccccc2-c2ccccc21)C1c2ccccc2-c2ccccc21	chembl_approved	CHEMBL1200933	CC BY-SA 3.0	2026-09-25	502.75	8.24	0	0	0.0	9	38	80	6	0.333	0	2	0	chembl_approved:CHEMBL1201349
HEAHZSUCFKFERC-UHFFFAOYSA-N	CC1(C)C2CCC1(CS(=O)(=O)O)C(=O)C2=Cc1ccc(C=C2C(=O)C3(CS(=O)(=O)O)CCC2C3(C)C)cc1	chembl_approved	CHEMBL3989850	CC BY-SA 3.0	2026-09-25	562.71	4.24	2	6	142.88	6	38	72	5	0.571	0	1	0	
HEAUOKZIVMZVQL-VWLOTQADSA-M	COc1cccc(-c2c(C)n(Cc3c(F)cccc3C(F)(F)F)c(=O)n(C[C@H](NCCCC(=O)[O-])c3ccccc3)c2=O)c1F	chembl_approved	CHEMBL502182	CC BY-SA 3.0	2026-09-25	630.59	4.2	1	6	105.39	12	45	74	4	0.281	0	1	0	
HEAUOKZIVMZVQL-VWLOTQADSA-N	COc1cccc(-c2c(C)n(Cc3c(F)cccc3C(F)(F)F)c(=O)n(C[C@H](NCCCC(=O)O)c3ccccc3)c2=O)c1F	chembl_approved	CHEMBL1208155	CC BY-SA 3.0	2026-09-25	631.6	5.535	2	5	102.56	12	45	75	4	0.281	0	2	0	
HEFNNWSXXWATRW-JTQLQIEISA-N	CC(C)Cc1ccc([C@H](C)C(=O)O)cc1	chembl_approved	CHEMBL175	CC BY-SA 3.0	2026-09-25	206.28	3.073	1	1	37.3	4	15	33	1	0.462	0	0	0	
HEFNNWSXXWATRW-UHFFFAOYSA-M	CC(C)Cc1ccc(C(C)C(=O)[O-])cc1	chembl_approved	CHEMBL3989408	CC BY-SA 3.0	2026-09-25	205.28	1.738	0	2	40.13	4	15	32	1	0.462	0	0	1	
HEFNNWSXXWATRW-UHFFFAOYSA-N	CC(C)Cc1ccc(C(C)C(=O)O)cc1	chembl_approved	CHEMBL521	CC BY-SA 3.0	2026-09-25	206.28	3.073	1	1	37.3	4	15	33	1	0.462	0	0	0	chembl_approved:CHEMBL1201141
HEMJJKBWTPKOJG-UHFFFAOYSA-N	Cc1ccc(C)c(OCCCC(C)(C)C(=O)O)c1	chembl_approved	CHEMBL457	CC BY-SA 3.0	2026-09-25	250.34	3.573	1	2	46.53	6	18	40	1	0.533	0	0	0	
HEYBXKVTQOEUTP-UHFFFAOYSA-N	COc1ccnc(C[S+]([O-])c2nc3cc(OC(F)F)ccc3[n-]2)c1OC	chembl_approved	CHEMBL3989559	CC BY-SA 3.0	2026-09-25	382.37	2.513	0	6	90.63	7	26	40	3	0.25	0	0	0	
HFHZKZSRXITVMK-UHFFFAOYSA-N	CCCCC1C(=O)N(c2ccccc2)N(c2ccc(O)cc2)C1=O	chembl_approved	CHEMBL1228	CC BY-SA 3.0	2026-09-25	324.38	3.493	1	3	60.85	5	24	44	3	0.263	1	0	0	chembl_approved:CHEMBL3989676
HFNKQEVNSGCOJV-FBXGHSCESA-N	[2H]C1([2H])C([C@@H](CC#N)n2cc(-c3ncnc4[nH]ccc34)cn2)C([2H])([2H])C([2H])([2H])C1([2H])[2H]	chembl_approved	CHEMBL4594382	CC BY-SA 3.0	2026-09-25	314.42	3.466	1	4	83.18	4	23	41	4	0.412	0	0	0	
HFNKQEVNSGCOJV-OAHLLOKOSA-N	N#CC[C@H](C1CCCC1)n1cc(-c2ncnc3[nH]ccc23)cn1	chembl_approved	CHEMBL1789941	CC BY-SA 3.0	2026-09-25	306.37	3.466	1	4	83.18	4	23	41	4	0.412	0	0	0	chembl_approved:CHEMBL1795071
HFTSMHTWUFCYMJ-FDNJTQOMSA-M	Cc1oc(=O)oc1COC(=O)N1CC[C@@H](N2CC/C(=C\C3=C(C(=O)[O-])N4C(=O)[C@@H](NC(=O)/C(=N/O)c5nsc(N)n5)[C@H]4SC3)C2=O)C1	chembl_approved	CHEMBL4297101	CC BY-SA 3.0	2026-09-25	689.66	-1.873	3	17	267.13	8	47	72	6	0.423	0	2	0	
HFTSMHTWUFCYMJ-FDNJTQOMSA-N	Cc1oc(=O)oc1COC(=O)N1CC[C@@H](N2CC/C(=C\C3=C(C(=O)O)N4C(=O)[C@@H](NC(=O)/C(=N/O)c5nsc(N)n5)[C@H]4SC3)C2=O)C1	chembl_approved	CHEMBL1652606	CC BY-SA 3.0	2026-09-25	690.67	-0.538	4	16	264.3	8	47	73	6	0.423	0	2	0	
HFZITXBUTWITPT-YWVKMMECSA-N	Cn1cc[n+](C[C@@]2(C)[C@H](C(=O)[O-])N3C(=O)C[C@H]3S2(=O)=O)n1	chembl_approved	CHEMBL4458276	CC BY-SA 3.0	2026-09-25	314.32	-3.428	0	6	116.28	3	21	35	3	0.636	0	0	0	
HGBLNBBNRORJKI-WCABBAIRSA-N	CC1(C)S[C@@H]2[C@H](NC(=O)C3(N)CCCCC3)C(=O)N2[C@H]1C(=O)O	chembl_approved	CHEMBL1200356	CC BY-SA 3.0	2026-09-25	341.43	0.28	3	5	112.73	3	23	46	3	0.8	0	0	0	
HGVDHZBSSITLCT-JLJPHGGASA-N	CN1CCc2nc(C(=O)N[C@@H]3C[C@@H](C(=O)N(C)C)CC[C@@H]3NC(=O)C(=O)Nc3ccc(Cl)cn3)sc2C1	chembl_approved	CHEMBL1269025	CC BY-SA 3.0	2026-09-25	548.07	1.29	3	8	136.63	5	37	67	4	0.5	0	1	0	chembl_approved:CHEMBL2105682
HHHKFGXWKKUNCY-FHWLQOOXSA-N	CCOC(=O)[C@H](CCc1ccccc1)N[C@H]1CCCN2CCC[C@@H](C(=O)O)N2C1=O	chembl_approved	CHEMBL515606	CC BY-SA 3.0	2026-09-25	417.51	1.595	2	6	99.18	8	30	61	3	0.591	0	0	0	
HHJUWIANJFBDHT-ZVTSDNJWSA-N	CC[C@]1(O)C[C@@H]2CN(CCc3c([nH]c4ccccc34)[C@@](C(=O)OC)(c3cc4c(cc3OC)N(C)[C@H]3[C@@](O)(C(N)=O)[C@H](O)[C@]5(CC)C=CCN6CC[C@]43[C@@H]65)C2)C1	chembl_approved	CHEMBL238071	CC BY-SA 3.0	2026-09-25	753.94	2.732	5	10	164.82	6	55	110	9	0.581	0	1	0	chembl_approved:CHEMBL3989543
HHRZAEJMHSGZNP-UHFFFAOYSA-N	CC(NN)c1ccccc1	chembl_approved	CHEMBL1909283	CC BY-SA 3.0	2026-09-25	136.2	1.211	2	2	38.05	2	10	22	1	0.25	0	0	1	
HHZIURLSWUIHRB-UHFFFAOYSA-N	Cc1cn(-c2cc(NC(=O)c3ccc(C)c(Nc4nccc(-c5cccnc5)n4)c3)cc(C(F)(F)F)c2)cn1	chembl_approved	CHEMBL255863	CC BY-SA 3.0	2026-09-25	529.53	6.356	2	6	97.62	6	39	61	5	0.107	0	2	0	chembl_approved:CHEMBL1201740
HIANJWSAHKJQTH-UHFFFAOYSA-N	Cc1cccn2c(=O)c(-c3nnn[nH]3)cnc12	chembl_approved	CHEMBL1201198	CC BY-SA 3.0	2026-09-25	228.22	0.183	1	5	88.83	1	17	25	3	0.1	0	0	0	
HIFJCPQKFCZDDL-ACWOEMLNSA-N	CC#CCC(C)[C@H](O)/C=C/[C@@H]1[C@H]2C/C(=C/CCCC(=O)O)C[C@H]2C[C@H]1O	chembl_approved	CHEMBL494	CC BY-SA 3.0	2026-09-25	360.49	3.541	3	3	77.76	8	26	58	2	0.682	0	0	0	chembl_approved:CHEMBL5315118
HJBWBFZLDZWPHF-UHFFFAOYSA-N	CNC(=O)c1ccc(N2C(=S)N(c3cnc(C#N)c(C(F)(F)F)c3)C(=O)C23CCC3)cc1F	chembl_approved	CHEMBL3183409	CC BY-SA 3.0	2026-09-25	477.44	3.532	1	5	89.33	3	33	48	4	0.286	0	0	0	
HJJDBAOLQAWBMH-YCRCPZNHSA-N	CO/N=C(\C(=O)N[C@@H]1C(=O)N2C(C(=O)O)=C(CSc3nnnn3C)CS[C@H]12)c1csc(N)n1	chembl_approved	CHEMBL1201224	CC BY-SA 3.0	2026-09-25	511.57	-0.87	3	13	190.81	8	33	50	4	0.375	0	2	0	chembl_approved:CHEMBL3183193
HJLSLZFTEKNLFI-UHFFFAOYSA-N	CCS(=O)(=O)CCn1c([N+](=O)[O-])cnc1C	chembl_approved	CHEMBL1220	CC BY-SA 3.0	2026-09-25	247.28	0.534	0	5	95.1	5	16	29	1	0.625	0	0	0	
HJYYPODYNSCCOU-ODRIEIDWSA-M	CO[C@H]1/C=C/O[C@@]2(C)Oc3c(C)c([O-])c4c(O)c(cc(O)c4c3C2=O)NC(=O)/C(C)=C\C=C\[C@H](C)[C@H](O)[C@@H](C)[C@@H](O)[C@@H](C)[C@H](OC(C)=O)[C@@H]1C	chembl_approved	CHEMBL2105680	CC BY-SA 3.0	2026-09-25	696.77	4.122	5	12	204.14	2	50	96	5	0.486	1	2	0	
HJYYPODYNSCCOU-ODRIEIDWSA-N	CO[C@H]1/C=C/O[C@@]2(C)Oc3c(C)c(O)c4c(O)c(cc(O)c4c3C2=O)NC(=O)/C(C)=C\C=C\[C@H](C)[C@H](O)[C@@H](C)[C@@H](O)[C@@H](C)[C@H](OC(C)=O)[C@@H]1C	chembl_approved	CHEMBL437765	CC BY-SA 3.0	2026-09-25	697.78	4.754	6	12	201.31	2	50	97	5	0.486	1	3	0	
HKDLNTKNLJPAIY-WKWWZUSTSA-N	CC(=O)[C@@]1(O)CC[C@H]2[C@@H]3CCC4=CC(=O)CCC4=C3[C@@H](c3ccc(N(C)C)cc3)C[C@@]21C	chembl_approved	CHEMBL2103846	CC BY-SA 3.0	2026-09-25	433.59	4.972	1	4	57.61	3	32	67	5	0.571	1	0	0	
HKXBNHCUPKIYDM-CGMHZMFXSA-N	C=C1/C(=C\C=C2/CCC[C@]3(C)[C@@H]([C@H](C)/C=C/[C@H](C)C(C)C)CC[C@@H]23)C[C@@H](O)C[C@@H]1O	chembl_approved	CHEMBL1200810	CC BY-SA 3.0	2026-09-25	412.66	6.612	2	2	40.46	5	30	74	3	0.714	0	1	0	
HLFSDGLLUJUHTE-SNVBAGLBSA-N	c1ccc([C@H]2CN3CCSC3=N2)cc1	chembl_approved	CHEMBL1454	CC BY-SA 3.0	2026-09-25	204.3	2.146	0	3	15.6	1	14	26	3	0.364	0	0	1	chembl_approved:CHEMBL1770
HLFSMUUOKPBTSM-ISIOAQNYSA-N	CN(C)[C@@H]1C(O)=C(C(N)=O)C(=O)[C@@]2(O)C(O)=C3C(=O)c4c(O)c(NC(=O)CN5CCCC5)cc(F)c4C[C@H]3C[C@@H]12	chembl_approved	CHEMBL1951095	CC BY-SA 3.0	2026-09-25	558.56	0.294	6	10	193.73	5	40	71	5	0.481	0	2	0	chembl_approved:CHEMBL2219414
HLWURFKMDLAKOD-UHFFFAOYSA-N	COc1cc(C(C)C)c(Oc2cnc(N)nc2N)cc1S(N)(=O)=O	chembl_approved	CHEMBL3716057	CC BY-SA 3.0	2026-09-25	353.4	1.213	3	8	156.44	5	24	43	2	0.286	0	0	0	chembl_approved:CHEMBL4594278
HMABYWSNWIZPAG-UHFFFAOYSA-N	CNCc1ccc(-c2[nH]c3cc(F)cc4c3c2CCNC4=O)cc1	chembl_approved	CHEMBL1173055	CC BY-SA 3.0	2026-09-25	323.37	2.979	3	2	56.92	3	24	42	4	0.211	0	0	0	chembl_approved:CHEMBL3833368
HMHVCUVYZFYAJI-UHFFFAOYSA-N	NS(=O)(=O)c1ccc(N2CCCCS2(=O)=O)cc1	chembl_approved	CHEMBL328560	CC BY-SA 3.0	2026-09-25	290.37	0.264	1	4	97.54	2	18	32	2	0.4	0	0	0	
HMJIYCCIJYRONP-UHFFFAOYSA-N	COC(=O)C1=C(C)NC(C)=C(C(=O)OC(C)C)C1c1cccc2nonc12	chembl_approved	CHEMBL1648	CC BY-SA 3.0	2026-09-25	371.39	2.582	1	8	103.55	4	27	48	3	0.368	0	0	0	
HNJJXZKZRAWDPF-UHFFFAOYSA-N	CN(C)CCN(Cc1cccs1)c1ccccn1	chembl_approved	CHEMBL1255739	CC BY-SA 3.0	2026-09-25	261.39	2.711	0	4	19.37	6	18	37	2	0.357	0	0	0	chembl_approved:CHEMBL1411979;chembl_approved:CHEMBL3187246
HNSDLXPSAYFUHK-UHFFFAOYSA-M	CCCCC(CC)COC(=O)CC(C(=O)OCC(CC)CCCC)S(=O)(=O)[O-]	chembl_approved	CHEMBL1905872	CC BY-SA 3.0	2026-09-25	421.58	3.81	0	7	109.8	16	28	65	0	0.9	0	0	0	
HNSDLXPSAYFUHK-UHFFFAOYSA-N	CCCCC(CC)COC(=O)CC(C(=O)OCC(CC)CCCC)S(=O)(=O)O	chembl_approved	CHEMBL1477036	CC BY-SA 3.0	2026-09-25	422.58	4.152	1	6	106.97	16	28	66	0	0.9	0	0	0	
HOIIHACBCFLJET-SFTDATJTSA-N	CN1CCN2c3c(cccc31)[C@@H]1CN(CCCC(=O)c3ccc(F)cc3)CC[C@@H]12	chembl_approved	CHEMBL3233142	CC BY-SA 3.0	2026-09-25	393.51	3.917	0	4	26.79	5	29	57	5	0.458	0	0	0	chembl_approved:CHEMBL3306803
HOMGKSMUEGBAAB-UHFFFAOYSA-N	O=P1(NCCCl)OCCCN1CCCl	chembl_approved	CHEMBL1024	CC BY-SA 3.0	2026-09-25	261.09	1.884	1	2	41.57	5	14	29	1	1.0	0	0	1	
HOOSGZJRQIVJSZ-UHFFFAOYSA-N	C[N+]12CCC(CC1)C(OC(=O)C(O)(c1ccccc1)c1ccccc1)C2	chembl_approved	CHEMBL620	CC BY-SA 3.0	2026-09-25	352.45	2.705	1	3	46.53	4	26	52	5	0.409	0	0	0	chembl_approved:CHEMBL1200950
HPBNRIOWIXYZFK-UHFFFAOYSA-N	N=C(N)NCC1COC2(CCCCC2)O1	chembl_approved	CHEMBL1037	CC BY-SA 3.0	2026-09-25	213.28	0.545	3	3	80.36	2	15	34	2	0.9	0	0	1	chembl_approved:CHEMBL3184143
HPFVBGJFAYZEBE-ZLQWOROUSA-N	C[C@]12CC[C@H]3[C@@H](CCC4=CC(=O)CC[C@@]43C)[C@@H]1CC[C@@H]2OC(=O)CCC1CCCC1	chembl_approved	CHEMBL1201101	CC BY-SA 3.0	2026-09-25	412.61	6.401	0	3	43.37	4	30	70	5	0.852	0	1	0	
HPHUVLMMVZITSG-LURJTMIESA-N	CC[C@@H](C(N)=O)N1CCCC1=O	chembl_approved	CHEMBL1286	CC BY-SA 3.0	2026-09-25	170.21	-0.127	1	2	63.4	3	12	26	1	0.75	0	0	1	
HPJKCIUCZWXJDR-UHFFFAOYSA-N	N#Cc1ccc(C(c2ccc(C#N)cc2)n2cncn2)cc1	chembl_approved	CHEMBL1444	CC BY-SA 3.0	2026-09-25	285.31	2.659	0	4	78.29	3	22	33	3	0.059	0	0	0	
HPMZBILYSWLILX-UMDUKNJSSA-N	CC(=O)O[C@H]1C[C@H](O[C@H]2[C@@H](O)C[C@H](O[C@H]3[C@@H](O)C[C@H](O[C@H]4CC[C@@]5(C)[C@H](CC[C@@H]6[C@@H]5CC[C@]5(C)[C@@H](C7=CC(=O)OC7)CC[C@]65O)C4)O[C@@H]3C)O[C@@H]2C)O[C@H](C)[C@H]1O	chembl_approved	CHEMBL3545057	CC BY-SA 3.0	2026-09-25	806.99	3.818	4	14	188.9	8	57	123	8	0.907	0	2	0	
HPNSFSBZBAHARI-RUDMXATFSA-M	COc1c(C)c2c(c(O)c1C/C=C(\C)CCC(=O)[O-])C(=O)OC2	chembl_approved	CHEMBL2106643	CC BY-SA 3.0	2026-09-25	319.33	1.399	1	6	95.89	6	23	42	2	0.412	0	0	0	
HPNSFSBZBAHARI-RUDMXATFSA-N	COc1c(C)c2c(c(O)c1C/C=C(\C)CCC(=O)O)C(=O)OC2	chembl_approved	CHEMBL866	CC BY-SA 3.0	2026-09-25	320.34	2.733	2	5	93.06	6	23	43	2	0.412	0	0	0	
HQMNCQVAMBCHCO-DJRRULDNSA-N	CCOC(=O)/C=C(C)/C=C/C=C(C)/C=C/c1c(C)cc(OC)c(C)c1C	chembl_approved	CHEMBL464	CC BY-SA 3.0	2026-09-25	354.49	5.646	0	3	35.53	7	26	56	1	0.348	0	1	0	
HRRBJVNMSRJFHQ-UHFFFAOYSA-N	COc1ccccc1N1CCN(CC(O)COc2cccc3ccccc23)CC1	chembl_approved	CHEMBL142635	CC BY-SA 3.0	2026-09-25	392.5	3.41	1	5	45.17	7	29	57	4	0.333	0	0	0	
HRSANNODOVBCST-UHFFFAOYSA-N	CC(C)NCC(O)c1ccc2ccccc2c1	chembl_approved	CHEMBL16476	CC BY-SA 3.0	2026-09-25	229.32	2.871	2	2	32.26	4	17	36	2	0.333	0	0	1	
HRWCVUIFMSZDJS-SZMVWBNQSA-N	CCOC(=O)[C@H](CCc1ccccc1)N[C@@H](C)C(=O)N1CC2(C[C@H]1C(=O)O)SCCS2	chembl_approved	CHEMBL431	CC BY-SA 3.0	2026-09-25	466.63	2.391	2	7	95.94	9	31	61	3	0.591	0	0	0	chembl_approved:CHEMBL1200831
HSMNQINEKMPTIC-UHFFFAOYSA-M	Nc1ccc(C(=O)NCC(=O)[O-])cc1	chembl_approved	CHEMBL1200365	CC BY-SA 3.0	2026-09-25	193.18	-1.251	2	4	95.25	3	14	23	1	0.111	0	0	0	
HSMNQINEKMPTIC-UHFFFAOYSA-N	Nc1ccc(C(=O)NCC(=O)O)cc1	chembl_approved	CHEMBL463	CC BY-SA 3.0	2026-09-25	194.19	0.083	3	3	92.42	3	14	24	1	0.111	0	0	1	
HSRJKNPTNIJEKV-UHFFFAOYSA-N	COc1ccccc1OCC(O)CO	chembl_approved	CHEMBL980	CC BY-SA 3.0	2026-09-25	198.22	0.427	2	4	58.92	5	14	28	1	0.4	0	0	0	
HSUGRBWQSSZJOP-RTWAWAEBSA-N	COc1ccc([C@@H]2Sc3ccccc3N(CCN(C)C)C(=O)[C@@H]2OC(C)=O)cc1	chembl_approved	CHEMBL23	CC BY-SA 3.0	2026-09-25	414.53	3.369	0	6	59.08	6	29	55	3	0.364	0	0	0	chembl_approved:CHEMBL1697;chembl_approved:CHEMBL1200805
HTIKWNNIPGXLGM-YLINKJIISA-N	C=CC[N+]1([C@H]2C[C@H]3[C@@H]4CC[C@H]5C[C@H](OC(C)=O)[C@@H](N6CCCCC6)C[C@]5(C)[C@H]4CC[C@]3(C)[C@H]2OC(=O)CC)CCCCC1	chembl_approved	CHEMBL1200549	CC BY-SA 3.0	2026-09-25	597.91	6.912	0	5	55.84	7	43	104	6	0.892	0	2	0	chembl_approved:CHEMBL1201352
HTIQEAQVCYTUBX-KRWDZBQOSA-N	CCOC(=O)C1=C(COCCN)NC(C)=C(C(=O)OC)[C@@H]1c1ccccc1Cl	chembl_approved	CHEMBL2111097	CC BY-SA 3.0	2026-09-25	408.88	2.266	2	7	99.88	8	28	53	2	0.4	0	0	0	chembl_approved:CHEMBL4594288
HTIQEAQVCYTUBX-UHFFFAOYSA-N	CCOC(=O)C1=C(COCCN)NC(C)=C(C(=O)OC)C1c1ccccc1Cl	chembl_approved	CHEMBL1491	CC BY-SA 3.0	2026-09-25	408.88	2.266	2	7	99.88	8	28	53	2	0.4	0	0	0	chembl_approved:CHEMBL1200402;chembl_approved:CHEMBL1200984;chembl_approved:CHEMBL4594262
HTMIBDQKFHUPSX-UHFFFAOYSA-N	CN1CCC(CN2c3ccccc3Sc3ccccc32)C1	chembl_approved	CHEMBL1200532	CC BY-SA 3.0	2026-09-25	296.44	4.241	0	3	6.48	2	21	41	4	0.333	1	0	0	chembl_approved:CHEMBL1200959
HTWFXPCUFWKXOP-UHFFFAOYSA-N	CC(C)(C)NCC(O)COc1cccc2c1SCCC2	chembl_approved	CHEMBL434200	CC BY-SA 3.0	2026-09-25	295.45	2.853	2	4	41.49	5	20	45	2	0.625	0	0	0	
HUCJFAOMUPXHDK-UHFFFAOYSA-N	Cc1cc(C(C)(C)C)cc(C)c1CC1=NCCN1	chembl_approved	CHEMBL312448	CC BY-SA 3.0	2026-09-25	244.38	3.145	1	2	24.39	2	18	42	2	0.562	0	0	0	chembl_approved:CHEMBL1256400
HUMXXHTVHHLNRO-KAJVQRHHSA-N	CC(C)(C)CC(=O)OCC(=O)[C@@]1(O)CC[C@H]2[C@@H]3CCC4=CC(=O)C=C[C@]4(C)[C@H]3[C@@H](O)C[C@@]21C	chembl_approved	CHEMBL1200909	CC BY-SA 3.0	2026-09-25	458.6	3.545	2	6	100.9	4	33	71	4	0.741	0	0	0	
HUNGUWOZPQBXGX-UHFFFAOYSA-N	O=C(Cc1ccc(-c2ccc(OCCN3CCOCC3)cc2)cn1)NCc1ccccc1	chembl_approved	CHEMBL571546	CC BY-SA 3.0	2026-09-25	431.54	3.319	1	5	63.69	9	32	61	4	0.308	0	0	0	
HUNXMJYCHXQEGX-UHFFFAOYSA-N	CCN(C(C)=O)c1cccc(-c2ccnc3c(C#N)cnn23)c1	chembl_approved	CHEMBL1521	CC BY-SA 3.0	2026-09-25	305.34	2.641	0	4	74.29	3	23	38	3	0.176	0	0	0	
HUPFGZXOMWLGNK-UHFFFAOYSA-N	O=C(O)c1cc(-c2ccc(F)cc2F)ccc1O	chembl_approved	CHEMBL898	CC BY-SA 3.0	2026-09-25	250.2	3.036	2	2	57.53	2	18	26	2	0.0	0	0	0	
HUYWAWARQUIQLE-UHFFFAOYSA-N	CCC(NC(C)C)C(O)c1ccc(O)c(O)c1	chembl_approved	CHEMBL1200920	CC BY-SA 3.0	2026-09-25	239.31	1.908	4	4	72.72	5	17	38	1	0.538	1	0	0	chembl_approved:CHEMBL1201153;chembl_approved:CHEMBL1201213
HVFLCNVBZFFHBT-ZKDACBOMSA-N	CO/N=C(\C(=O)N[C@@H]1C(=O)N2C(C(=O)[O-])=C(C[N+]3(C)CCCC3)CS[C@H]12)c1csc(N)n1	chembl_approved	CHEMBL186	CC BY-SA 3.0	2026-09-25	480.57	-1.28	2	10	150.04	7	32	56	4	0.526	0	0	0	
HVFLCNVBZFFHBT-ZKDACBOMSA-O	CO/N=C(\C(=O)N[C@@H]1C(=O)N2C(C(=O)O)=C(C[N+]3(C)CCCC3)CS[C@H]12)c1csc(N)n1	chembl_approved	CHEMBL1200962	CC BY-SA 3.0	2026-09-25	481.58	0.055	3	9	147.21	7	32	57	4	0.526	0	0	0	
HWGQMRYQVZSGDQ-HZPDHXFCSA-N	Cn1ncnc1[C@H]1c2n[nH]c(=O)c3cc(F)cc(c23)N[C@@H]1c1ccc(F)cc1	chembl_approved	CHEMBL3137318	CC BY-SA 3.0	2026-09-25	380.36	2.629	2	5	88.49	2	28	42	5	0.158	0	0	0	chembl_approved:CHEMBL3137320
HWHLPVGTWGOCJO-UHFFFAOYSA-N	OC(CCN1CCCCC1)(c1ccccc1)C1CCCCC1	chembl_approved	CHEMBL1092	CC BY-SA 3.0	2026-09-25	301.47	4.331	1	2	23.47	5	22	53	3	0.7	0	0	0	chembl_approved:CHEMBL1490
HWVZSPDURCHCAX-UHFFFAOYSA-N	Cc1cc2c(cc1CC(=O)c1sccc1S(=O)(=O)[N-]c1onc(C)c1Cl)OCO2	chembl_approved	CHEMBL2105740	CC BY-SA 3.0	2026-09-25	453.91	4.555	0	8	109.8	6	29	43	4	0.222	0	0	0	
HWXVIOGONBBTBY-ONEGZZNKSA-N	C1=N/C2=N/c3ccc(OCCN4CCCC4)c(c3)COC/C=C/COCc3cccc(c3)C(=C1)N2	chembl_approved	CHEMBL2035187	CC BY-SA 3.0	2026-09-25	472.59	4.467	1	7	67.68	4	35	67	5	0.357	0	0	0	chembl_approved:CHEMBL5095049
HXGBXQDTNZMWGS-RUZDIDTESA-N	NC(=O)C(c1ccccc1)(c1ccccc1)[C@@H]1CCN(CCc2ccc3c(c2)CCO3)C1	chembl_approved	CHEMBL1346	CC BY-SA 3.0	2026-09-25	426.56	3.958	1	3	55.56	7	32	62	5	0.321	0	0	0	chembl_approved:CHEMBL1200935
HXHWSAZORRCQMX-UHFFFAOYSA-N	CCCSc1ccc2[nH]c(NC(=O)OC)nc2c1	chembl_approved	CHEMBL1483	CC BY-SA 3.0	2026-09-25	265.34	3.243	2	4	67.01	4	18	33	2	0.333	0	0	0	
HXWLAJVUJSVENX-HFIFKADTSA-N	COC(=O)[C@H]1[C@@H](c2ccc([123I])cc2)C[C@@H]2CC[C@H]1N2CCCF	chembl_approved	CHEMBL3989517	CC BY-SA 3.0	2026-09-25	427.29	3.76	0	3	29.54	5	23	46	3	0.611	0	0	0	
HXWLAJVUJSVENX-HZMVEIRTSA-N	COC(=O)[C@H]1[C@@H](c2ccc(I)cc2)C[C@@H]2CC[C@H]1N2CCCF	chembl_approved	CHEMBL1945778	CC BY-SA 3.0	2026-09-25	431.29	3.76	0	3	29.54	5	23	46	3	0.611	0	0	0	
HYAFETHFCAUJAY-UHFFFAOYSA-N	CCc1ccc(CCOc2ccc(CC3SC(=O)NC3=O)cc2)nc1	chembl_approved	CHEMBL595	CC BY-SA 3.0	2026-09-25	356.45	3.16	1	5	68.29	7	25	45	3	0.316	0	0	0	chembl_approved:CHEMBL1715
HYFHYPWGAURHIV-JFIAXGOJSA-N	COC(=O)C[C@](O)(CCCC(C)(C)O)C(=O)O[C@@H]1C(OC)=C[C@]23CCCN2CCc2cc4c(cc2[C@H]13)OCO4	chembl_approved	CHEMBL46286	CC BY-SA 3.0	2026-09-25	545.63	2.581	2	10	123.99	9	39	78	5	0.655	0	1	0	
HYHMLYSLQUKXKP-UHFFFAOYSA-N	CC(C)(CCCCCC(O)CCCCCC(C)(C)C(=O)O)C(=O)O	chembl_approved	CHEMBL3545313	CC BY-SA 3.0	2026-09-25	344.49	4.47	3	3	94.83	14	24	60	0	0.895	0	0	0	
HYIMSNHJOBLJNT-UHFFFAOYSA-N	COC(=O)C1=C(C)NC(C)=C(C(=O)OC)C1c1ccccc1[N+](=O)[O-]	chembl_approved	CHEMBL193	CC BY-SA 3.0	2026-09-25	346.34	2.176	1	7	107.77	4	25	43	2	0.294	0	0	0	
HYPPXZBJBPSRLK-UHFFFAOYSA-N	CCOC(=O)C1(c2ccccc2)CCN(CCC(C#N)(c2ccccc2)c2ccccc2)CC1	chembl_approved	CHEMBL1200665	CC BY-SA 3.0	2026-09-25	452.6	5.483	0	4	53.33	8	34	66	4	0.333	0	1	0	chembl_approved:CHEMBL1201294
HYRKAAMZBDSJFJ-LFDBJOOHSA-N	CC(=O)OCC(=O)[C@@]1(O)[C@H](C)C[C@H]2[C@@H]3C[C@H](F)C4=CC(=O)C=C[C@]4(C)[C@H]3[C@@H](O)C[C@@]21C	chembl_approved	CHEMBL1200342	CC BY-SA 3.0	2026-09-25	434.5	2.322	2	6	100.9	3	31	62	4	0.708	0	0	0	
HYWYRSMBCFDLJT-UHFFFAOYSA-N	CS(=O)(=O)Nc1ccc([N+](=O)[O-])cc1Oc1ccccc1	chembl_approved	CHEMBL56367	CC BY-SA 3.0	2026-09-25	308.31	2.759	1	5	98.54	5	21	33	2	0.077	0	0	0	
HYYBABOKPJLUIN-UHFFFAOYSA-N	Cc1cccc(Nc2ccccc2C(=O)O)c1C	chembl_approved	CHEMBL686	CC BY-SA 3.0	2026-09-25	241.29	3.745	2	2	49.33	3	18	33	2	0.133	0	0	0	
HZIYEEMJNBKMJH-UHFFFAOYSA-N	Cc1ccccc1-c1cc(N2CC[N+](C)(COP(=O)([O-])O)CC2)ncc1N(C)C(=O)C(C)(C)c1cc(C(F)(F)F)cc(C(F)(F)F)c1	chembl_approved	CHEMBL3989917	CC BY-SA 3.0	2026-09-25	688.61	5.737	1	6	106.03	8	47	82	4	0.419	0	2	0	
HZIYEEMJNBKMJH-UHFFFAOYSA-O	Cc1ccccc1-c1cc(N2CC[N+](C)(COP(=O)(O)O)CC2)ncc1N(C)C(=O)C(C)(C)c1cc(C(F)(F)F)cc(C(F)(F)F)c1	chembl_approved	CHEMBL3989919	CC BY-SA 3.0	2026-09-25	689.61	6.369	2	5	103.2	8	47	83	4	0.419	0	2	0	
HZZVJAQRINQKSD-PBFISZAISA-M	O=C([O-])[C@H]1/C(=C/CO)O[C@@H]2CC(=O)N21	chembl_approved	CHEMBL1003	CC BY-SA 3.0	2026-09-25	198.15	-2.43	1	5	89.9	2	14	22	2	0.5	0	0	0	
HZZVJAQRINQKSD-PBFISZAISA-N	O=C(O)[C@H]1/C(=C/CO)O[C@@H]2CC(=O)N21	chembl_approved	CHEMBL777	CC BY-SA 3.0	2026-09-25	199.16	-1.096	2	4	87.07	2	14	23	2	0.5	0	0	0	
IAIWVQXQOWNYOU-FPYGCLRLSA-N	NC(=O)N/N=C/c1ccc([N+](=O)[O-])o1	chembl_approved	CHEMBL869	CC BY-SA 3.0	2026-09-25	198.14	0.19	2	5	123.76	3	14	20	1	0.0	0	0	0	
IAKHMKGGTNLKSZ-INIZCTEOSA-N	COc1cc2c(c(OC)c1OC)-c1ccc(OC)c(=O)cc1[C@@H](NC(C)=O)CC2	chembl_approved	CHEMBL107	CC BY-SA 3.0	2026-09-25	399.44	2.872	1	6	83.09	5	29	54	3	0.364	0	0	0	
IAVUPMFITXYVAF-XPUUQOCRSA-N	CCN[C@H]1C[C@H](C)S(=O)(=O)c2sc(S(N)(=O)=O)cc21	chembl_approved	CHEMBL218490	CC BY-SA 3.0	2026-09-25	324.45	0.612	2	6	106.33	3	19	35	2	0.6	0	0	0	chembl_approved:CHEMBL1201162
IBAQFPQHRJAVAV-ULAWRXDQSA-N	OCCN1C[C@H](O)[C@@H](O)[C@H](O)[C@H]1CO	chembl_approved	CHEMBL1561	CC BY-SA 3.0	2026-09-25	207.23	-3.262	5	6	104.39	3	14	31	1	1.0	0	0	0	
IBLNKMRFIPWSOY-FNORWQNLSA-N	CC(C)(C)C(O)/C=C/c1ccc2c(c1)OCO2	chembl_approved	CHEMBL1983350	CC BY-SA 3.0	2026-09-25	234.29	2.836	1	3	38.69	2	17	35	2	0.429	0	0	1	
ICFJFFQQTFMIBG-UHFFFAOYSA-N	N=C(N)NC(=N)NCCc1ccccc1	chembl_approved	CHEMBL170988	CC BY-SA 3.0	2026-09-25	205.27	0.237	5	2	97.78	3	15	30	1	0.2	0	0	0	chembl_approved:CHEMBL1528839
ICMWWNHDUZJFDW-DHODBPELSA-N	C[C@]12C/C(=C/O)C(=O)C[C@@H]1CC[C@@H]1[C@@H]2CC[C@@]2(C)[C@H]1CC[C@]2(C)O	chembl_approved	CHEMBL1200585	CC BY-SA 3.0	2026-09-25	332.48	4.401	2	3	57.53	0	24	56	4	0.857	1	0	0	
ICTXHFFSOAJUMG-SLHNCBLASA-N	C#C[C@]1(O)CC[C@H]2[C@@H]3CCC4=C(CCC(=O)C4)[C@H]3CC[C@@]21C	chembl_approved	CHEMBL1387	CC BY-SA 3.0	2026-09-25	298.43	3.637	1	2	37.3	0	22	48	4	0.75	0	0	0	
IDBPHNDTYPBSNI-UHFFFAOYSA-N	CCC(=O)N(c1ccccc1)C1(COC)CCN(CCn2nnn(CC)c2=O)CC1	chembl_approved	CHEMBL634	CC BY-SA 3.0	2026-09-25	416.53	1.384	0	6	85.49	9	30	62	3	0.619	0	0	0	chembl_approved:CHEMBL1200531
IDKAXRLETRCXKS-UHFFFAOYSA-N	O=C(O)Cc1ccccc1Oc1ccc(Cl)cc1Cl	chembl_approved	CHEMBL15677	CC BY-SA 3.0	2026-09-25	297.14	4.413	1	2	46.53	4	19	29	2	0.071	0	0	0	
IDPUKCWIGUEADI-UHFFFAOYSA-N	Oc1ncc(N(CCCl)CCCl)c(O)n1	chembl_approved	CHEMBL1488	CC BY-SA 3.0	2026-09-25	252.1	1.172	2	5	69.48	5	15	26	1	0.5	0	0	0	
IDUYJRXRDSPPRC-NRFANRHFSA-N	O[C@@](Cn1cnnn1)(c1ccc(F)cc1F)C(F)(F)c1ccc(-c2ccc(OCC(F)(F)F)cc2)cn1	chembl_approved	CHEMBL3311228	CC BY-SA 3.0	2026-09-25	527.4	4.634	1	6	85.95	8	37	53	4	0.217	0	1	0	
IDYZIJYBMGIQMJ-UHFFFAOYSA-N	CCn1cc(C(=O)O)c(=O)c2cc(F)c(N3CCNCC3)nc21	chembl_approved	CHEMBL826	CC BY-SA 3.0	2026-09-25	320.32	0.663	2	5	87.46	3	23	40	3	0.4	0	0	0	
IEAKXXNRGSLYTQ-DEOSSOPVSA-N	C#CCN(c1nc(-c2cc(C)c(OC)cc2Cl)c(C)s1)[C@@H](CC1CC1)c1ccc(C)c(F)c1	chembl_approved	CHEMBL291657	CC BY-SA 3.0	2026-09-25	483.05	7.517	0	4	25.36	8	33	61	4	0.37	0	1	0	
IECPWNUMDGFDKC-MZJAQBGESA-M	CC(=O)O[C@H]1C[C@@]2(C)[C@@H](C[C@@H](O)[C@H]3[C@@]4(C)CC[C@@H](O)[C@@H](C)[C@@H]4CC[C@@]32C)/C1=C(\CCC=C(C)C)C(=O)[O-]	chembl_approved	CHEMBL1256987	CC BY-SA 3.0	2026-09-25	515.71	4.331	2	6	106.89	5	37	84	4	0.806	0	1	0	
IECPWNUMDGFDKC-MZJAQBGESA-N	CC(=O)O[C@H]1C[C@@]2(C)[C@@H](C[C@@H](O)[C@H]3[C@@]4(C)CC[C@@H](O)[C@@H](C)[C@@H]4CC[C@@]32C)/C1=C(\CCC=C(C)C)C(=O)O	chembl_approved	CHEMBL374975	CC BY-SA 3.0	2026-09-25	516.72	5.666	3	5	104.06	5	37	85	4	0.806	0	2	0	
IEDVJHCEMCRBQM-UHFFFAOYSA-N	COc1cc(Cc2cnc(N)nc2N)cc(OC)c1OC	chembl_approved	CHEMBL22	CC BY-SA 3.0	2026-09-25	290.32	1.258	2	7	105.51	5	21	39	2	0.286	0	0	0	chembl_approved:CHEMBL1201080;chembl_approved:CHEMBL2110367
IEJXVRYNEISIKR-UHFFFAOYSA-N	Nc1cc(Cl)c(N=C2NCCN2)c(Cl)c1	chembl_approved	CHEMBL647	CC BY-SA 3.0	2026-09-25	245.11	1.756	3	2	62.44	1	15	25	2	0.222	0	0	1	chembl_approved:CHEMBL1200379
IENZQIKPVFGBNW-UHFFFAOYSA-N	COc1cc2nc(N3CCN(C(=O)c4ccco4)CC3)nc(N)c2cc1OC	chembl_approved	CHEMBL2	CC BY-SA 3.0	2026-09-25	383.41	1.785	1	8	106.95	4	28	49	4	0.316	0	0	0	chembl_approved:CHEMBL1558
IFFPICMESYHZPQ-UHFFFAOYSA-N	CC(Cc1ccccc1)NCCC(c1ccccc1)c1ccccc1	chembl_approved	CHEMBL24072	CC BY-SA 3.0	2026-09-25	329.49	5.429	1	1	12.03	8	25	52	3	0.25	0	1	0	
IFKLAQQSCNILHL-QHAWAJNXSA-N	Oc1ccc2c(c1)[C@@]13CCCC[C@@]1(O)[C@@H](C2)N(CC1CCC1)CC3	chembl_approved	CHEMBL33986	CC BY-SA 3.0	2026-09-25	327.47	3.366	2	3	43.7	2	24	53	5	0.714	0	0	0	chembl_approved:CHEMBL299400
IFSDAJWBUCMOAH-HNNXBMFYSA-N	CC[C@H](Nc1ncnc2[nH]cnc12)c1nc2cccc(F)c2c(=O)n1-c1ccccc1	chembl_approved	CHEMBL2216870	CC BY-SA 3.0	2026-09-25	415.43	3.754	2	6	101.38	5	31	49	5	0.136	0	0	0	
IHUNBGSDBOWDMA-AQFIFDHZSA-N	COc1cc(C)c(/C=C/C(C)=C/C=C/C(C)=C/C(=O)O)c(C)c1C	chembl_approved	CHEMBL1131	CC BY-SA 3.0	2026-09-25	326.44	5.167	1	2	46.53	6	24	50	1	0.286	0	1	0	
IIDJRNMFWXDHID-UHFFFAOYSA-M	O=P([O-])(O)C(O)(Cc1cccnc1)P(=O)(O)O	chembl_approved	CHEMBL1654	CC BY-SA 3.0	2026-09-25	282.11	-1.006	4	5	151.01	4	17	27	1	0.286	0	0	0	
IIDJRNMFWXDHID-UHFFFAOYSA-N	O=P(O)(O)C(O)(Cc1cccnc1)P(=O)(O)O	chembl_approved	CHEMBL923	CC BY-SA 3.0	2026-09-25	283.11	-0.374	5	4	148.18	4	17	28	1	0.286	0	0	0	
IIRWWTKISYTTBL-SFHVURJKSA-N	Oc1ccc(CCCCNC[C@H](O)c2ccc(O)c(O)c2)cc1	chembl_approved	CHEMBL1200385	CC BY-SA 3.0	2026-09-25	317.39	2.449	5	5	92.95	8	23	46	2	0.333	1	0	0	chembl_approved:CHEMBL1201251
IIVBFTNIGYRNQY-YQLZSBIMSA-N	CC(=O)O[C@]1(C(C)=O)CC[C@H]2[C@@H]3C=C(C)C4=CC(=O)CC[C@@H]4[C@H]3CC[C@@]21C	chembl_approved	CHEMBL1476022	CC BY-SA 3.0	2026-09-25	370.49	4.185	0	4	60.44	2	27	57	4	0.696	0	0	0	
IIXWYSCJSQVBQM-LLVKDONJSA-N	C[C@H]1Oc2cc(cnc2N)-c2c(nn(C)c2C#N)CN(C)C(=O)c2ccc(F)cc21	chembl_approved	CHEMBL3286830	CC BY-SA 3.0	2026-09-25	406.42	2.801	1	6	110.06	0	30	49	4	0.238	0	0	0	
IJHNSHDBIRRJRN-UHFFFAOYSA-N	CN(C)CCC(c1ccccc1)c1ccccn1	chembl_approved	CHEMBL1193	CC BY-SA 3.0	2026-09-25	240.35	3.165	0	2	16.13	5	18	38	2	0.312	0	0	0	chembl_approved:CHEMBL1653
IKBKZGMPCYNSLU-RGVLZGJSSA-N	CCCCCNC(=N)N/N=C/c1c[nH]c2ccc(OC)cc12	chembl_approved	CHEMBL76370	CC BY-SA 3.0	2026-09-25	301.39	2.815	4	3	85.29	7	22	45	2	0.375	0	0	0	chembl_approved:CHEMBL1516474
IKENVDNFQMCRTR-UHFFFAOYSA-N	Cc1nc2c([nH]1)-c1ccccc1N(C(=O)c1ccc(NC(=O)c3ccccc3-c3ccccc3)cc1)CC2	chembl_approved	CHEMBL1755	CC BY-SA 3.0	2026-09-25	498.59	6.507	2	3	78.09	4	38	64	6	0.094	0	1	0	chembl_approved:CHEMBL1201108
IKMPWMZBZSAONZ-UHFFFAOYSA-N	Fc1ccccc1C1=NCC(=S)N(CC(F)(F)F)c2ccc(Cl)cc21	chembl_approved	CHEMBL1200472	CC BY-SA 3.0	2026-09-25	386.8	5.026	0	2	15.6	2	25	36	3	0.176	0	1	0	
IKQCSJBQLWJEPU-UHFFFAOYSA-N	O=S(=O)(O)c1cc(O)ccc1O	chembl_approved	CHEMBL1232131	CC BY-SA 3.0	2026-09-25	190.18	0.344	3	4	94.83	1	12	18	1	0.0	0	0	0	chembl_approved:CHEMBL1514715
ILKJAFIWWBXGDU-MOGDOJJUSA-N	CC(=O)OCC(=O)[C@@]12OC3(CCCC3)O[C@@H]1C[C@H]1[C@@H]3CCC4=CC(=O)C=C[C@]4(C)[C@@]3(F)[C@@H](O)C[C@@]12C	chembl_approved	CHEMBL1200732	CC BY-SA 3.0	2026-09-25	502.58	3.524	1	7	99.13	3	36	71	6	0.75	0	1	0	
ILYCWAKSDCYMBB-OPCMSESCSA-N	CC(C)[C@@H](C)/C=C/[C@@H](C)[C@H]1CC[C@H]2/C(=C/C=C3\C[C@@H](O)CC[C@@H]3C)CCC[C@]12C	chembl_approved	CHEMBL2356023	CC BY-SA 3.0	2026-09-25	398.68	7.721	1	1	20.23	5	29	75	3	0.786	0	1	0	
IMBXEJJVJRTNOW-XYMSELFBSA-M	C[C@H]1C[C@@H]2[C@H]([C@@H](O)C[C@@]3(C)[C@H]2CC[C@]3(O)C(=O)COC(=O)CCC(=O)[O-])[C@@]2(C)C=CC(=O)C=C12	chembl_approved	CHEMBL1201081	CC BY-SA 3.0	2026-09-25	473.54	0.885	2	8	141.03	6	34	67	4	0.692	0	0	0	
IMBXEJJVJRTNOW-XYMSELFBSA-N	C[C@H]1C[C@@H]2[C@H]([C@@H](O)C[C@@]3(C)[C@H]2CC[C@]3(O)C(=O)COC(=O)CCC(=O)O)[C@@]2(C)C=CC(=O)C=C12	chembl_approved	CHEMBL1201265	CC BY-SA 3.0	2026-09-25	474.55	2.219	3	7	138.2	6	34	68	4	0.692	0	0	0	
IMONTRJLAWHYGT-ZCPXKWAGSA-N	C#C[C@]1(OC(C)=O)CC[C@H]2[C@@H]3CCC4=CC(=O)CC[C@@H]4[C@H]3CC[C@@]21C	chembl_approved	CHEMBL1201146	CC BY-SA 3.0	2026-09-25	340.46	4.063	0	3	43.37	1	25	53	4	0.727	0	0	0	
IMOZEMNVLZVGJZ-QGZVFWFLSA-N	CCOc1cc([C@@H](CS(C)(=O)=O)N2C(=O)c3cccc(NC(C)=O)c3C2=O)ccc1OC	chembl_approved	CHEMBL514800	CC BY-SA 3.0	2026-09-25	460.51	2.434	1	7	119.08	8	32	56	3	0.318	0	0	0	
IMSSROKUHAOUJS-MJCUULBUSA-N	C#C[C@]1(O)CC[C@H]2[C@@H]3CCc4cc(OC)ccc4[C@H]3CC[C@@]21C	chembl_approved	CHEMBL1201151	CC BY-SA 3.0	2026-09-25	310.44	3.916	1	2	29.46	1	23	49	4	0.619	0	0	0	
IMWZZHHPURKASS-UHFFFAOYSA-N	Cc1cc(C)cc(OCC2CNC(=O)O2)c1	chembl_approved	CHEMBL1079604	CC BY-SA 3.0	2026-09-25	221.26	1.791	1	3	47.56	3	16	31	2	0.417	0	0	1	
IMYZQPCYWPFTAG-UHFFFAOYSA-N	CNC1(C)C2CCC(C2)C1(C)C	chembl_approved	CHEMBL267936	CC BY-SA 3.0	2026-09-25	167.3	2.421	1	1	12.03	1	12	33	2	1.0	0	0	1	chembl_approved:CHEMBL1237082
IMZMKUWMOSJXDT-UHFFFAOYSA-L	O=C([O-])c1cc(=O)c2c(OCC(O)COc3cccc4oc(C(=O)[O-])cc(=O)c34)cccc2o1	chembl_approved	CHEMBL74	CC BY-SA 3.0	2026-09-25	466.35	-0.555	1	11	179.37	8	34	48	4	0.13	0	1	0	
IMZMKUWMOSJXDT-UHFFFAOYSA-N	O=C(O)c1cc(=O)c2c(OCC(O)COc3cccc4oc(C(=O)O)cc(=O)c34)cccc2o1	chembl_approved	CHEMBL428880	CC BY-SA 3.0	2026-09-25	468.37	2.115	3	9	173.71	8	34	50	4	0.13	0	0	0	
INDBQLZJXZLFIT-UHFFFAOYSA-N	COc1cc(NC(C)CCCN)c2ncccc2c1	chembl_approved	CHEMBL506	CC BY-SA 3.0	2026-09-25	259.35	2.783	2	4	60.17	6	19	40	2	0.4	0	0	0	chembl_approved:CHEMBL43128
INJOMKTZOLKMBF-UHFFFAOYSA-N	N=C(N)NC(=O)Cc1c(Cl)cccc1Cl	chembl_approved	CHEMBL862	CC BY-SA 3.0	2026-09-25	246.1	1.546	3	2	78.97	2	15	24	1	0.111	0	0	1	chembl_approved:CHEMBL1200494
INWLQCZOYSRPNW-UHFFFAOYSA-N	Cc1cccc(C)c1NC(=O)C1CCCCN1C	chembl_approved	CHEMBL1087	CC BY-SA 3.0	2026-09-25	246.35	2.726	1	2	32.34	2	18	40	2	0.533	0	0	1	chembl_approved:CHEMBL1200440
IOOWNWLVCOUUEX-WPRPVWTQSA-N	O=C(O)C[C@@H]1CC[C@H](NC(=O)Cc2cccs2)B(O)O1	chembl_approved	CHEMBL3317857	CC BY-SA 3.0	2026-09-25	297.14	0.449	3	5	95.86	5	20	36	2	0.5	0	0	0	
IOVGROKTTNBUGK-UHFFFAOYSA-N	CC(NCCc1ccc(O)cc1)C(O)c1ccc(O)cc1	chembl_approved	CHEMBL83063	CC BY-SA 3.0	2026-09-25	287.36	2.352	4	4	72.72	6	21	42	2	0.294	0	0	0	chembl_approved:CHEMBL1367605
IOYZYMQFUSNATM-UHFFFAOYSA-N	CCCCCCCCCCCCCCCC[N+](C)(C)CCN(Cc1ccc(OC)cc1)c1ncccn1	chembl_approved	CHEMBL1200883	CC BY-SA 3.0	2026-09-25	511.82	8.05	0	4	38.25	22	37	92	2	0.688	0	2	0	chembl_approved:CHEMBL1201322
IPEHBUMCGVEMRF-UHFFFAOYSA-N	NC(=O)c1cnccn1	chembl_approved	CHEMBL614	CC BY-SA 3.0	2026-09-25	123.11	-0.425	1	3	68.87	1	9	14	1	0.0	0	0	1	
IPOKCKJONYRRHP-FMQUCBEESA-L	O=C([O-])CCNC(=O)c1ccc(/N=N/c2ccc(O)c(C(=O)[O-])c2)cc1	chembl_approved	CHEMBL1200760	CC BY-SA 3.0	2026-09-25	355.31	0.041	2	8	154.31	7	26	39	2	0.118	1	0	0	
IPOKCKJONYRRHP-FMQUCBEESA-N	O=C(O)CCNC(=O)c1ccc(/N=N/c2ccc(O)c(C(=O)O)c2)cc1	chembl_approved	CHEMBL1201346	CC BY-SA 3.0	2026-09-25	357.32	2.71	4	6	148.65	7	26	41	2	0.118	1	0	0	
IPVQLZZIHOAWMC-QXKUPLGCSA-N	CCC[C@H](N[C@@H](C)C(=O)N1[C@H](C(=O)O)C[C@@H]2CCCC[C@@H]21)C(=O)OCC	chembl_approved	CHEMBL1581	CC BY-SA 3.0	2026-09-25	368.47	1.941	2	5	95.94	8	26	58	2	0.842	0	0	0	chembl_approved:CHEMBL1200343;chembl_approved:CHEMBL3544986
IPWKIXLWTCNBKN-UHFFFAOYSA-N	Cc1ncc([N+](=O)[O-])n1CC(O)CCl	chembl_approved	CHEMBL1449676	CC BY-SA 3.0	2026-09-25	219.63	0.699	1	4	81.19	4	14	24	1	0.571	0	0	0	
IQADUMSPOQKAAO-UHFFFAOYSA-N	CCN(CC)CCOCCOC(=O)C(CC)(CC)c1ccccc1	chembl_approved	CHEMBL1500276	CC BY-SA 3.0	2026-09-25	335.49	3.646	0	4	38.77	12	24	57	1	0.65	0	0	0	
IQFYYKKMVGJFEH-CSMHCCOUSA-N	Cc1cn([C@@H]2C[C@@H](O)[C@H](CO)O2)c(=O)[nH]c1=O	chembl_approved	CHEMBL374731	CC BY-SA 3.0	2026-09-25	242.23	-1.514	3	5	104.55	2	17	31	2	0.6	0	0	0	
IQPSEEYGBUAQFF-UHFFFAOYSA-N	COc1ccnc(C[S+]([O-])c2nc3cc(OC(F)F)ccc3[nH]2)c1OC	chembl_approved	CHEMBL1502	CC BY-SA 3.0	2026-09-25	383.38	2.884	1	6	92.32	7	26	41	3	0.25	0	0	0	
IQUFSXIQAFPIMR-UHFFFAOYSA-N	CC(Cc1ccccc1)NCCC#N	chembl_approved	CHEMBL2105566	CC BY-SA 3.0	2026-09-25	188.27	2.121	1	2	35.82	5	14	30	1	0.417	0	0	1	
IQVRBWUUXZMOPW-PKNBQFBNSA-N	CCn1c(=O)c2c(nc(/C=C/c3ccc(OC)c(OC)c3)n2C)n(CC)c1=O	chembl_approved	CHEMBL431770	CC BY-SA 3.0	2026-09-25	384.44	2.124	0	5	80.28	6	28	52	3	0.35	0	0	0	
IQWYAQCHYZHJOS-UHFFFAOYSA-N	CN1C(=O)CN=C(C2=CCCCC2)c2cc(Cl)ccc21	chembl_approved	CHEMBL2105527	CC BY-SA 3.0	2026-09-25	288.78	3.606	0	2	32.67	1	20	37	3	0.375	0	0	0	
IRGJVQIJENCTQF-UHFFFAOYSA-N	CCOc1c(N)c2c(c(OCC)c1OCC)C(C1c3c(cc4c(c3OC)OCO4)CCN1C)OC2=O	chembl_approved	CHEMBL2104445	CC BY-SA 3.0	2026-09-25	500.55	3.643	1	10	110.94	8	36	68	5	0.5	0	1	0	
IRSCQMHQWWYFCW-UHFFFAOYSA-M	Nc1nc([O-])c2ncn(COC(CO)CO)c2n1	chembl_approved	CHEMBL1200850	CC BY-SA 3.0	2026-09-25	254.23	-2.191	3	8	142.37	5	18	30	2	0.444	0	0	0	
IRSCQMHQWWYFCW-UHFFFAOYSA-N	Nc1nc2c(ncn2COC(CO)CO)c(=O)[nH]1	chembl_approved	CHEMBL182	CC BY-SA 3.0	2026-09-25	255.23	-1.971	4	7	139.28	5	18	31	2	0.444	0	0	0	
IRYJRGCIQBGHIV-UHFFFAOYSA-N	CN1C(=O)OC(C)(C)C1=O	chembl_approved	CHEMBL695	CC BY-SA 3.0	2026-09-25	143.14	0.374	0	3	46.61	0	10	19	1	0.667	0	0	1	
ISEHJSHTIVKELA-DCWJVSPSSA-N	CC(C)NC(C)Cc1ccc([123I])cc1	chembl_approved	CHEMBL1200360	CC BY-SA 3.0	2026-09-25	299.19	3.22	1	1	12.03	4	14	32	1	0.5	0	0	0	
ISEHJSHTIVKELA-UHFFFAOYSA-N	CC(C)NC(C)Cc1ccc(I)cc1	chembl_approved	CHEMBL1201308	CC BY-SA 3.0	2026-09-25	303.19	3.22	1	1	12.03	4	14	32	1	0.5	0	0	0	
ISHXLNHNDMZNMC-VTKCIJPMSA-N	C#C[C@]1(O)CC[C@H]2[C@@H]3CCC4=C/C(=N/O)CC[C@@H]4[C@H]3CC[C@@]21CC	chembl_approved	CHEMBL1200807	CC BY-SA 3.0	2026-09-25	327.47	4.144	2	3	52.82	1	24	53	4	0.762	0	0	0	
ISWRGOKTTBVCFA-UHFFFAOYSA-N	Cc1ccc(=O)n(-c2ccccc2)c1	chembl_approved	CHEMBL1256391	CC BY-SA 3.0	2026-09-25	185.23	2.146	0	1	22.0	1	14	25	2	0.083	0	0	1	
ISWSIDIOOBJBQZ-UHFFFAOYSA-N	Oc1ccccc1	chembl_approved	CHEMBL14060	CC BY-SA 3.0	2026-09-25	94.11	1.392	1	1	20.23	0	7	13	1	0.0	0	0	1	
ITNKVODZACVXDS-YNUSHXQLSA-N	CC/C=C\C/C=C\C/C=C\C/C=C\C/C=C\C/C=C\CCC(=O)OCC	chembl_approved	CHEMBL1200711	CC BY-SA 3.0	2026-09-25	356.55	7.027	0	2	26.3	15	26	62	0	0.458	0	1	0	
ITRJWOMZKQRYTA-RFZYENFJSA-N	CC(=O)OCC(=O)[C@@]1(O)CC[C@H]2[C@@H]3CCC4=CC(=O)CC[C@]4(C)[C@H]3C(=O)C[C@@]21C	chembl_approved	CHEMBL1650	CC BY-SA 3.0	2026-09-25	402.49	2.561	1	6	97.74	3	29	59	4	0.739	1	0	0	
IUBSYMUCCVWXPE-UHFFFAOYSA-N	COCCc1ccc(OCC(O)CNC(C)C)cc1	chembl_approved	CHEMBL13	CC BY-SA 3.0	2026-09-25	267.37	1.613	2	4	50.72	9	19	44	1	0.6	0	0	0	chembl_approved:CHEMBL2062335;chembl_approved:CHEMBL2356097;chembl_approved:CHEMBL3989566
IUEWXNHSKRWHDY-PHIMTYICSA-N	CCCS(=O)(=O)N[C@H]1C[C@@H](N(C)c2ncnc3[nH]ccc23)C1	chembl_approved	CHEMBL3655081	CC BY-SA 3.0	2026-09-25	323.42	1.254	2	5	90.98	6	22	43	3	0.571	0	0	0	
IUJDSEJGGMCXSG-UHFFFAOYSA-M	CCCC(C)C1(CC)C(=O)[N-]C(=S)NC1=O	chembl_approved	CHEMBL738	CC BY-SA 3.0	2026-09-25	241.34	2.134	1	3	60.27	4	16	33	1	0.727	0	0	1	
IUJDSEJGGMCXSG-UHFFFAOYSA-N	CCCC(C)C1(CC)C(=O)NC(=S)NC1=O	chembl_approved	CHEMBL441	CC BY-SA 3.0	2026-09-25	242.34	1.35	2	3	58.2	4	16	34	1	0.727	0	0	1	
IUVCFHHAEHNCFT-INIZCTEOSA-N	CC(C)Oc1ccc(-c2nn([C@@H](C)c3oc4ccc(F)cc4c(=O)c3-c3cccc(F)c3)c3ncnc(N)c23)cc1F	chembl_approved	CHEMBL3948730	CC BY-SA 3.0	2026-09-25	571.56	6.663	1	7	109.06	6	42	66	6	0.161	0	2	0	chembl_approved:CHEMBL3989869
IUWVALYLNVXWKX-UHFFFAOYSA-N	CCCCOC(=O)c1ccc(N)cc1	chembl_approved	CHEMBL127516	CC BY-SA 3.0	2026-09-25	193.25	2.226	1	3	52.32	4	14	29	1	0.364	0	0	1	
IVBHGBMCVLDMKU-GXNBUGAJSA-M	CCN1CCN(C(=O)N[C@@H](C(=O)N[C@@H]2C(=O)N3[C@@H]2SC(C)(C)[C@@H]3C(=O)[O-])c2ccccc2)C(=O)C1=O	chembl_approved	CHEMBL1200820	CC BY-SA 3.0	2026-09-25	516.56	-1.575	2	8	159.26	6	36	62	4	0.478	0	1	0	
IVBHGBMCVLDMKU-GXNBUGAJSA-N	CCN1CCN(C(=O)N[C@@H](C(=O)N[C@@H]2C(=O)N3[C@@H]2SC(C)(C)[C@@H]3C(=O)O)c2ccccc2)C(=O)C1=O	chembl_approved	CHEMBL702	CC BY-SA 3.0	2026-09-25	517.56	-0.24	3	7	156.43	6	36	63	4	0.478	0	1	0	
IVTVGDXNLFLDRM-HNNXBMFYSA-N	Cc1nc(=O)c2cc(CN(C)c3ccc(C(=O)N[C@@H](CCC(=O)O)C(=O)O)s3)ccc2[nH]1	chembl_approved	CHEMBL225071	CC BY-SA 3.0	2026-09-25	458.5	1.977	4	7	152.69	9	32	54	3	0.286	0	0	0	
IVVNZDGDKPTYHK-UHFFFAOYSA-N	CC(N/C(=N\C#N)Nc1ccncc1)C(C)(C)C	chembl_approved	CHEMBL1159	CC BY-SA 3.0	2026-09-25	245.33	2.355	2	3	73.1	2	18	37	1	0.462	0	0	1	chembl_approved:CHEMBL1200338
IWEYORMWCXRHEA-VDWJNHBNSA-M	COc1ccc2c(O[C@@H]3C[C@H]4C(=O)N[C@]5(C(=O)[N-]S(=O)(=O)C6CC6)C[C@H]5/C=C\CCCCN(C)C(=O)[C@@H]4C3)cc(-c3nc(C(C)C)cs3)nc2c1C	chembl_approved	CHEMBL3137358	CC BY-SA 3.0	2026-09-25	748.95	6.038	1	10	158.96	8	52	98	7	0.553	0	2	0	
IWKXDMQDITUYRK-KUBHLMPHSA-N	O=c1[nH]cnc2c([C@@H]3N[C@H](CO)[C@@H](O)[C@H]3O)c[nH]c12	chembl_approved	CHEMBL218291	CC BY-SA 3.0	2026-09-25	266.26	-2.022	6	6	134.26	2	19	33	3	0.455	0	1	0	chembl_approved:CHEMBL550755
IWUCXVSUMQZMFG-AFCXAGJDSA-N	NC(=O)c1ncn([C@@H]2O[C@H](CO)[C@@H](O)[C@H]2O)n1	chembl_approved	CHEMBL1643	CC BY-SA 3.0	2026-09-25	244.21	-3.011	4	7	143.72	3	17	29	2	0.625	0	0	0	
IWVCMVBTMGNXQD-PXOLEDIWSA-N	CN(C)[C@@H]1C(O)=C(C(N)=O)C(=O)[C@@]2(O)C(O)=C3C(=O)c4c(O)cccc4[C@@](C)(O)[C@H]3[C@H](O)[C@@H]12	chembl_approved	CHEMBL1517	CC BY-SA 3.0	2026-09-25	460.44	-1.244	7	10	201.85	2	33	57	4	0.409	0	1	0	chembl_approved:CHEMBL1607480
IWYJYHUNXVAVAA-OAHLLOKOSA-N	Cn1c(=O)cc(N2CCC[C@@H](N)C2)n(Cc2cc(F)ccc2C#N)c1=O	chembl_approved	CHEMBL1650443	CC BY-SA 3.0	2026-09-25	357.39	0.534	1	5	97.05	3	26	46	3	0.389	0	0	0	chembl_approved:CHEMBL2105754
IXHBTMCLRNMKHZ-LBPRGKRZSA-N	CC(C)(C)NC[C@H](O)COc1cccc2c1CCCC2=O	chembl_approved	CHEMBL1201177	CC BY-SA 3.0	2026-09-25	291.39	2.333	2	4	58.56	5	21	46	2	0.588	0	0	0	chembl_approved:CHEMBL1201237
IXOXBSCIXZEQEQ-UHTZMRCNSA-N	COc1nc(N)nc2c1ncn2[C@@H]1O[C@H](CO)[C@@H](O)[C@@H]1O	chembl_approved	CHEMBL1201112	CC BY-SA 3.0	2026-09-25	297.27	-1.971	4	9	148.77	3	21	36	3	0.545	0	0	0	
IXTMWRCNAAVVAI-UHFFFAOYSA-N	CN(CCOc1ccc(NS(C)(=O)=O)cc1)CCc1ccc(NS(C)(=O)=O)cc1	chembl_approved	CHEMBL473	CC BY-SA 3.0	2026-09-25	441.58	1.983	2	6	104.81	11	29	56	2	0.368	0	0	0	
IYDYFVUFSPQPPV-PEXOCOHZSA-N	CN[C@@H]1[C@@H](O)[C@@H](O[C@@H]2[C@@H](O)[C@H](O[C@H]3OC(CNCCO)=CC[C@H]3N)[C@@H](N)C[C@H]2NC(=O)[C@@H](O)CCN)OC[C@]1(C)O	chembl_approved	CHEMBL1650559	CC BY-SA 3.0	2026-09-25	592.69	-5.361	11	15	269.29	13	41	89	3	0.88	0	3	0	chembl_approved:CHEMBL2364623
IYIKLHRQXLHMJQ-UHFFFAOYSA-N	CCCCc1oc2ccccc2c1C(=O)c1cc(I)c(OCCN(CC)CC)c(I)c1	chembl_approved	CHEMBL633	CC BY-SA 3.0	2026-09-25	645.32	6.936	0	4	42.68	11	31	60	3	0.4	0	2	0	chembl_approved:CHEMBL1083993
IYVFNTXFRYQLRP-VVSTWUKXSA-N	C[C@@H]1O[C@@H](OC[C@H]2O[C@@H](Oc3c(-c4ccc(OCCO)c(OCCO)c4)oc4cc(OCCO)cc(O)c4c3=O)[C@H](O)[C@@H](O)[C@@H]2O)[C@H](O)[C@H](O)[C@H]1O	chembl_approved	CHEMBL3182320	CC BY-SA 3.0	2026-09-25	742.68	-2.691	10	19	297.12	15	52	94	5	0.545	0	3	0	
IZEKFCXSFNUWAM-UHFFFAOYSA-N	OCCN(CCO)c1nc(N2CCCCC2)c2nc(N(CCO)CCO)nc(N3CCCCC3)c2n1	chembl_approved	CHEMBL932	CC BY-SA 3.0	2026-09-25	504.64	-0.018	4	12	145.44	12	36	76	4	0.75	0	2	0	
JAPHQRWPEGVNBT-UTUOFQBUSA-N	N[C@@H](C(=O)N[C@@H]1C(=O)N2C(C(=O)O)=C(Cl)CC[C@H]12)c1ccccc1	chembl_approved	CHEMBL1013	CC BY-SA 3.0	2026-09-25	349.77	0.711	3	4	112.73	4	24	40	3	0.312	0	0	0	chembl_approved:CHEMBL1200610
JAQUASYNZVUNQP-USXIJHARSA-N	CN1CC[C@]23CCCC[C@H]2[C@H]1Cc1ccc(O)cc13	chembl_approved	CHEMBL592	CC BY-SA 3.0	2026-09-25	257.38	3.08	1	2	23.47	0	19	42	4	0.647	0	0	0	chembl_approved:CHEMBL3989768
JAUOIFJMECXRGI-UHFFFAOYSA-N	Clc1ccc2c(c1)CCc1cccnc1C2=C1CCNCC1	chembl_approved	CHEMBL1172	CC BY-SA 3.0	2026-09-25	310.83	4.019	1	2	24.92	0	22	41	4	0.316	0	0	0	
JBIMVDZLSHOPLA-LSCVHKIXSA-N	CN(C)CC/C=C1/c2ccccc2COc2ccc(CC(=O)O)cc21	chembl_approved	CHEMBL1719	CC BY-SA 3.0	2026-09-25	337.42	3.59	1	3	49.77	5	25	48	3	0.286	0	0	0	chembl_approved:CHEMBL1189432
JBIWCJUYHHGXTC-AKNGSSGZSA-N	C[C@H]1c2cccc(O)c2C(=O)C2=C(O)[C@]3(O)C(=O)C(C(N)=O)=C(O)[C@@H](N(C)C)[C@@H]3[C@@H](O)[C@@H]21	chembl_approved	CHEMBL1433	CC BY-SA 3.0	2026-09-25	444.44	-0.348	6	9	181.62	2	32	56	4	0.409	0	1	0	chembl_approved:CHEMBL1200699
JBKPUQTUERUYQE-UHFFFAOYSA-O	C[n+]1ccccc1/C=N/O	chembl_approved	CHEMBL748	CC BY-SA 3.0	2026-09-25	137.16	0.319	1	2	36.47	1	10	19	1	0.143	0	0	1	chembl_approved:CHEMBL1420
JBMKAUGHUNFTOL-UHFFFAOYSA-N	NS(=O)(=O)c1cc2c(cc1Cl)N=CNS2(=O)=O	chembl_approved	CHEMBL842	CC BY-SA 3.0	2026-09-25	295.73	-0.061	2	5	118.69	1	17	23	2	0.0	0	0	0	
JCCNYMKQOSZNPW-UHFFFAOYSA-N	CCOC(=O)N1CCC(=C2c3ccc(Cl)cc3CCc3cccnc32)CC1	chembl_approved	CHEMBL998	CC BY-SA 3.0	2026-09-25	382.89	4.888	0	3	42.43	1	27	50	4	0.364	0	0	0	
JCKYGMPEJWAADB-UHFFFAOYSA-N	O=C(O)CCCc1ccc(N(CCCl)CCCl)cc1	chembl_approved	CHEMBL515	CC BY-SA 3.0	2026-09-25	304.22	3.378	1	2	40.54	9	19	38	1	0.5	1	0	0	
JCQLYHFGKNRPGE-FCVZTGTOSA-N	OC[C@H]1O[C@@H](O[C@@H]2[C@@H](CO)O[C@](O)(CO)[C@H]2O)[C@H](O)[C@@H](O)[C@H]1O	chembl_approved	CHEMBL296306	CC BY-SA 3.0	2026-09-25	342.3	-5.396	8	11	189.53	5	23	45	2	1.0	0	2	0	
JCRIVQIOJSSCQD-UHFFFAOYSA-N	CNC(C)CC1CCCCC1	chembl_approved	CHEMBL2105275	CC BY-SA 3.0	2026-09-25	155.28	2.565	1	1	12.03	3	11	32	1	1.0	0	0	1	
JDOZJEUDSLGTLU-VWUMJDOOSA-L	C[C@]12C=CC(=O)C=C1CC[C@@H]1[C@@H]2[C@@H](O)C[C@@]2(C)[C@H]1CC[C@]2(O)C(=O)COP(=O)([O-])[O-]	chembl_approved	CHEMBL1201014	CC BY-SA 3.0	2026-09-25	438.41	0.411	2	8	147.02	4	30	57	4	0.714	0	0	0	
JDOZJEUDSLGTLU-VWUMJDOOSA-N	C[C@]12C=CC(=O)C=C1CC[C@@H]1[C@@H]2[C@@H](O)C[C@@]2(C)[C@H]1CC[C@]2(O)C(=O)COP(=O)(O)O	chembl_approved	CHEMBL1201231	CC BY-SA 3.0	2026-09-25	440.43	1.675	4	6	141.36	4	30	59	4	0.714	0	0	0	
JDUBGYFRJFOXQC-KRWDZBQOSA-N	NC1(C(=O)N[C@@H](CCO)c2ccc(Cl)cc2)CCN(c2nc[nH]c3nccc2-3)CC1	chembl_approved	CHEMBL2325741	CC BY-SA 3.0	2026-09-25	428.92	2.1	4	6	120.16	6	30	55	4	0.381	0	0	0	
JEECQCWWSTZDCK-IQZGDKDPSA-N	CN(C)c1cc(CNCC(C)(C)C)c(O)c2c1C[C@H]1C[C@H]3[C@H](N(C)C)C(O)=C(C(N)=O)C(=O)[C@@]3(O)C(O)=C1C2=O	chembl_approved	CHEMBL1689772	CC BY-SA 3.0	2026-09-25	556.66	1.322	6	10	176.66	6	40	80	4	0.552	1	2	0	chembl_approved:CHEMBL2103854
JEJBJBKVPOWOQK-UHFFFAOYSA-N	CC[N+](C)(C)C(C)CC(c1ccccc1)c1ccccc1	chembl_approved	CHEMBL2106122	CC BY-SA 3.0	2026-09-25	282.45	4.693	0	0	0.0	6	21	49	2	0.4	0	0	0	chembl_approved:CHEMBL2110805
JEYCTXHKTXCGPB-UHFFFAOYSA-N	Cc1ccccc1-n1c(C)nc2ccccc2c1=O	chembl_approved	CHEMBL282052	CC BY-SA 3.0	2026-09-25	250.3	3.003	0	2	34.89	1	19	33	3	0.125	0	0	0	chembl_approved:CHEMBL2106829
JFIOVJDNOJYLKP-UHFFFAOYSA-L	[O-]c1c(Cl)cc(Cl)cc1Sc1cc(Cl)cc(Cl)c1[O-]	chembl_approved	CHEMBL1447476	CC BY-SA 3.0	2026-09-25	354.04	4.599	0	3	46.12	2	19	23	2	0.0	0	0	0	
JFIOVJDNOJYLKP-UHFFFAOYSA-N	Oc1c(Cl)cc(Cl)cc1Sc1cc(Cl)cc(Cl)c1O	chembl_approved	CHEMBL290106	CC BY-SA 3.0	2026-09-25	356.06	5.863	2	3	40.46	2	19	25	2	0.0	0	1	0	
JFJZZMVDLULRGK-URLMMPGGSA-O	COc1cc2c3cc1Oc1cc(ccc1O)C[C@@H]1c4c(cc(OC)c(O)c4Oc4ccc(cc4)C[C@@H]3N(C)CC2)CC[N+]1(C)C	chembl_approved	CHEMBL339427	CC BY-SA 3.0	2026-09-25	609.74	6.701	2	7	80.62	2	45	86	8	0.351	0	2	0	chembl_approved:CHEMBL3989821
JFNWFXVFBDDWCX-UHFFFAOYSA-N	CC(=O)N(c1onc(C)c1C)S(=O)(=O)c1ccc(N)cc1	chembl_approved	CHEMBL1200910	CC BY-SA 3.0	2026-09-25	309.35	1.615	1	6	106.5	3	21	36	2	0.231	0	0	0	
JFOZKMSJYSPYLN-QHCPKHFHSA-N	CS(=O)(=O)c1cccc(C[C@H](NC(=O)c2c(Cl)cc3c(c2Cl)CCN(C(=O)c2ccc4ccoc4c2)C3)C(=O)O)c1	chembl_approved	CHEMBL2048028	CC BY-SA 3.0	2026-09-25	615.49	4.767	2	6	133.99	7	41	65	5	0.207	0	1	0	
JFPVXVDWJQMJEE-IZRZKJBUSA-M	CO/N=C(\C(=O)N[C@@H]1C(=O)N2C(C(=O)[O-])=C(COC(N)=O)CS[C@H]12)c1ccco1	chembl_approved	CHEMBL2146124	CC BY-SA 3.0	2026-09-25	423.38	-1.871	2	10	176.59	7	29	44	3	0.312	0	0	0	
JFPVXVDWJQMJEE-IZRZKJBUSA-N	CO/N=C(\C(=O)N[C@@H]1C(=O)N2C(C(=O)O)=C(COC(N)=O)CS[C@H]12)c1ccco1	chembl_approved	CHEMBL1436	CC BY-SA 3.0	2026-09-25	424.39	-0.536	3	9	173.76	7	29	45	3	0.312	0	0	0	
JFRLWWDJCFYFSU-UHFFFAOYSA-N	CN(C)CCCC1c2ccccc2Nc2ccc(Cl)cc21	chembl_approved	CHEMBL1615350	CC BY-SA 3.0	2026-09-25	300.83	4.871	1	2	15.27	4	21	42	3	0.333	0	0	0	chembl_approved:CHEMBL2104136
JFVZFKDSXNQEJW-CQSZACIVSA-N	CC(C)OC(=O)OCOP(=O)(CO[C@H](C)Cn1cnc2c(N)ncnc21)OCOC(=O)OC(C)C	chembl_approved	CHEMBL1486	CC BY-SA 3.0	2026-09-25	519.45	3.036	1	14	185.44	13	35	65	2	0.632	0	2	0	chembl_approved:CHEMBL1538;chembl_approved:CHEMBL6068332;chembl_approved:CHEMBL6068341
JFXBEKISTKFVAB-AJQTZOPKSA-N	COc1ccc2cc1Oc1cc3c(cc1OC)CC[N+](C)(C)[C@H]3Cc1ccc(cc1)Oc1c(OC)c(OC)cc3c1[C@@H](C2)[N+](C)(C)CC3	chembl_approved	CHEMBL1259	CC BY-SA 3.0	2026-09-25	652.83	7.452	0	6	55.38	4	48	96	8	0.4	0	2	0	chembl_approved:CHEMBL1739
JGCMEBMXRHSZKX-UHFFFAOYSA-N	CCCNS(=O)(=O)Nc1ncnc(OCCOc2ncc(Br)cn2)c1-c1ccc(Br)cc1	chembl_approved	CHEMBL2103873	CC BY-SA 3.0	2026-09-25	588.28	3.573	2	8	128.22	11	32	52	3	0.263	0	1	0	
JGMOKGBVKVMRFX-HQZYFCCVSA-N	CC(=O)[C@H]1CC[C@H]2[C@@H]3C=CC4=CC(=O)CC[C@@]4(C)[C@@H]3CC[C@]12C	chembl_approved	CHEMBL1200853	CC BY-SA 3.0	2026-09-25	312.45	4.5	0	2	34.14	1	23	51	4	0.714	0	0	0	
JGPMMRGNQUBGND-UHFFFAOYSA-N	COC1=C(OC)C(=O)C(CCCCCCCCCCO)=C(C)C1=O	chembl_approved	CHEMBL252556	CC BY-SA 3.0	2026-09-25	338.44	3.462	1	5	72.83	12	24	54	1	0.684	1	0	0	
JGRXMPYUTJLTKT-UHFFFAOYSA-N	O=C(O)CNC(=O)c1ncc(-c2cccc(Cl)c2)cc1O	chembl_approved	CHEMBL3646221	CC BY-SA 3.0	2026-09-25	306.71	1.922	3	4	99.52	4	21	32	2	0.071	0	0	0	
JGSARLDLIJGVTE-MBNYWOFBSA-M	CC1(C)S[C@@H]2[C@H](NC(=O)Cc3ccccc3)C(=O)N2[C@H]1C(=O)[O-]	chembl_approved	CHEMBL1126	CC BY-SA 3.0	2026-09-25	333.39	-0.474	1	5	89.54	4	23	40	3	0.438	0	0	0	chembl_approved:CHEMBL1223
JGSARLDLIJGVTE-MBNYWOFBSA-N	CC1(C)S[C@@H]2[C@H](NC(=O)Cc3ccccc3)C(=O)N2[C@H]1C(=O)O	chembl_approved	CHEMBL29	CC BY-SA 3.0	2026-09-25	334.4	0.861	2	4	86.71	4	23	41	3	0.438	0	0	0	chembl_approved:CHEMBL1200936;chembl_approved:CHEMBL1628385;chembl_approved:CHEMBL3989515
JGWRKYUXBBNENE-UHFFFAOYSA-N	FC(F)(F)c1ccc(CNc2ccc(Cc3c[nH]c4ncc(Cl)cc34)cn2)cn1	chembl_approved	CHEMBL3813873	CC BY-SA 3.0	2026-09-25	417.82	5.228	2	4	66.49	5	29	44	4	0.15	0	1	0	chembl_approved:CHEMBL3989973
JHFNIHVVXRKLEF-DCZLAGFPSA-N	Cn1c(N)c(NC(=O)NCCN)c[n+]1CC1=C(C(=O)O)N2C(=O)[C@@H](NC(=O)/C(=N\OC(C)(C)C(=O)[O-])c3nsc(N)n3)[C@H]2SC1	chembl_approved	CHEMBL1213250	CC BY-SA 3.0	2026-09-25	666.7	-3.903	7	15	302.21	12	45	75	4	0.435	0	3	0	chembl_approved:CHEMBL2103872
JIRBAUWICKGBFE-MNRDOXJOSA-M	CC1(C)S[C@@H]2[C@H](NC(=O)C(C(=O)Oc3ccc4c(c3)CCC4)c3ccccc3)C(=O)N2[C@H]1C(=O)[O-]	chembl_approved	CHEMBL1200991	CC BY-SA 3.0	2026-09-25	493.56	1.161	1	7	115.84	6	35	60	5	0.385	0	0	0	
JIRBAUWICKGBFE-MNRDOXJOSA-N	CC1(C)S[C@@H]2[C@H](NC(=O)C(C(=O)Oc3ccc4c(c3)CCC4)c3ccccc3)C(=O)N2[C@H]1C(=O)O	chembl_approved	CHEMBL1596	CC BY-SA 3.0	2026-09-25	494.57	2.496	2	6	113.01	6	35	61	5	0.385	0	0	0	
JIVPVXMEBJLZRO-UHFFFAOYSA-N	NS(=O)(=O)c1cc(C2(O)NC(=O)c3ccccc32)ccc1Cl	chembl_approved	CHEMBL1055	CC BY-SA 3.0	2026-09-25	338.77	0.924	3	4	109.49	2	22	33	3	0.071	0	0	0	
JIVZKJJQOZQXQB-UHFFFAOYSA-N	c1ccc(CC2=NCCN2)cc1	chembl_approved	CHEMBL770	CC BY-SA 3.0	2026-09-25	160.22	1.231	1	2	24.39	2	12	24	2	0.3	0	0	1	chembl_approved:CHEMBL1689
JJCFRYNCJDLXIK-UHFFFAOYSA-N	CN1CCC(=C2c3ccccc3C=Cc3ccccc32)CC1	chembl_approved	CHEMBL516	CC BY-SA 3.0	2026-09-25	287.41	4.698	0	1	3.24	0	22	43	4	0.238	0	0	0	chembl_approved:CHEMBL1716
JJVAPHYEOZSKJZ-JGCGQSQUSA-N	Cc1cc(C[C@@H](NC(=O)N2CCC(c3cc4ccccc4[nH]c3=O)CC2)C(=O)N2CCN(C3CCN(C)CC3)CC2)cc2cn[nH]c12	chembl_approved	CHEMBL2397415	CC BY-SA 3.0	2026-09-25	638.82	3.452	3	6	120.67	6	47	93	7	0.5	0	1	0	chembl_approved:CHEMBL4650220
JKKFKPJIXZFSSB-CBZIJGRNSA-N	C[C@]12CC[C@@H]3c4ccc(OS(=O)(=O)O)cc4CC[C@H]3[C@@H]1CCC2=O	chembl_approved	CHEMBL494753	CC BY-SA 3.0	2026-09-25	350.44	3.293	1	4	80.67	2	24	46	4	0.611	0	0	0	chembl_approved:CHEMBL1200980
JKOQGQFVAUAYPM-UHFFFAOYSA-N	NCCCNCCSP(=O)(O)O	chembl_approved	CHEMBL1006	CC BY-SA 3.0	2026-09-25	214.23	-0.249	4	4	95.58	7	12	27	0	1.0	0	0	0	
JKVNJTYHRABHIY-WXVUKLJWSA-N	COc1ccc2c3c1O[C@H]1C[C@@H](OC(=O)c4ccccc4)C=C[C@@]31CCN(C)C2	chembl_approved	CHEMBL5095056	CC BY-SA 3.0	2026-09-25	391.47	3.715	0	5	48.0	3	29	54	5	0.375	0	0	0	chembl_approved:CHEMBL6068431
JKWKMORAXJQQSR-MOPIKTETSA-N	CCCCCCCCCC(=O)O[C@H]1CC[C@H]2[C@@H]3CCC4=CC(=O)CC[C@@H]4[C@H]3CC[C@]12C	chembl_approved	CHEMBL1200946	CC BY-SA 3.0	2026-09-25	428.66	7.181	0	3	43.37	9	31	75	4	0.857	0	1	0	
JLGKQTAYUIMGRK-UHFFFAOYSA-N	Clc1ccc(C(Cn2ccnc2)OCc2csc3c(Cl)cccc23)c(Cl)c1	chembl_approved	CHEMBL1200725	CC BY-SA 3.0	2026-09-25	437.78	7.016	0	3	27.05	6	27	42	4	0.15	0	1	0	chembl_approved:CHEMBL1201196
JLICHNCFTLFZJN-UHFFFAOYSA-N	CCC1(c2cccc(O)c2)CCCCN(C)C1	chembl_approved	CHEMBL314437	CC BY-SA 3.0	2026-09-25	233.35	3.156	1	2	23.47	2	17	40	2	0.6	0	0	0	chembl_approved:CHEMBL1477274
JLKIGFTWXXRPMT-UHFFFAOYSA-N	Cc1cc(NS(=O)(=O)c2ccc(N)cc2)no1	chembl_approved	CHEMBL443	CC BY-SA 3.0	2026-09-25	253.28	1.366	2	5	98.22	3	17	28	2	0.1	0	0	0	
JLMHZVYLAQPMOZ-UHFFFAOYSA-N	CNC(=S)NCO	chembl_approved	CHEMBL2106441	CC BY-SA 3.0	2026-09-25	120.18	-0.97	3	2	44.29	1	7	15	0	0.667	0	0	1	
JLQNHALFVCURHW-UHFFFAOYSA-N	S1SSSSSSS1	chembl_approved	CHEMBL1235452	CC BY-SA 3.0	2026-09-25	256.54	5.186	0	8	0.0	0	8	8	1	0.0	0	1	0	
JLRGJRBPOGGCBT-UHFFFAOYSA-M	CCCCNC(=O)[N-]S(=O)(=O)c1ccc(C)cc1	chembl_approved	CHEMBL1200874	CC BY-SA 3.0	2026-09-25	269.35	2.567	1	3	77.34	5	18	35	1	0.417	0	0	1	
JLRGJRBPOGGCBT-UHFFFAOYSA-N	CCCCNC(=O)NS(=O)(=O)c1ccc(C)cc1	chembl_approved	CHEMBL782	CC BY-SA 3.0	2026-09-25	270.35	1.783	2	3	75.27	5	18	36	1	0.417	0	0	1	
JLYXXMFPNIAWKQ-GNIYUCBRSA-N	Cl[C@H]1[C@H](Cl)[C@@H](Cl)[C@@H](Cl)[C@H](Cl)[C@H]1Cl	chembl_approved	CHEMBL15891	CC BY-SA 3.0	2026-09-25	290.83	3.644	0	0	0.0	0	12	18	1	1.0	0	0	0	
JMBQKKAJIKAWKF-UHFFFAOYSA-N	CCC1(c2ccccc2)CCC(=O)NC1=O	chembl_approved	CHEMBL1102	CC BY-SA 3.0	2026-09-25	217.27	1.771	1	2	46.17	2	16	31	2	0.385	0	0	1	
JMOVFFLYGIQXMM-UHFFFAOYSA-N	Cc1cc(Br)c(O)c2ncccc12	chembl_approved	CHEMBL1788385	CC BY-SA 3.0	2026-09-25	238.08	3.011	1	2	33.12	0	13	21	2	0.1	0	0	0	
JNMRHUJNCSQMMB-UHFFFAOYSA-N	Nc1ccc(S(=O)(=O)Nc2nccs2)cc1	chembl_approved	CHEMBL437	CC BY-SA 3.0	2026-09-25	255.32	1.526	2	5	85.08	3	16	25	2	0.0	0	0	0	
JNTOCHDNEULJHD-UHFFFAOYSA-M	Nc1nc([O-])c2ncn(CCC(CO)CO)c2n1	chembl_approved	CHEMBL2079793	CC BY-SA 3.0	2026-09-25	252.25	-1.527	3	7	133.14	5	18	32	2	0.5	0	0	0	
JNTOCHDNEULJHD-UHFFFAOYSA-N	Nc1nc(O)c2ncn(CCC(CO)CO)c2n1	chembl_approved	CHEMBL1540	CC BY-SA 3.0	2026-09-25	253.26	-0.895	4	7	130.31	5	18	33	2	0.5	0	0	0	
JOATXPAWOHTVSZ-UHFFFAOYSA-N	CCN(CC)C(=O)Nc1ccc(OCC(O)CNC(C)(C)C)c(C(C)=O)c1	chembl_approved	CHEMBL27810	CC BY-SA 3.0	2026-09-25	379.5	2.891	3	5	90.9	9	27	60	1	0.6	0	0	0	chembl_approved:CHEMBL1742424
JOFWLTCLBGQGBO-UHFFFAOYSA-N	Cc1nnc2n1-c1ccc(Cl)cc1C(c1ccccc1Cl)=NC2	chembl_approved	CHEMBL646	CC BY-SA 3.0	2026-09-25	343.22	4.234	0	3	43.07	1	23	35	4	0.118	0	0	0	
JOLJIIDDOBNFHW-UHFFFAOYSA-N	CCCCCCOc1nsnc1C1=CCCN(C)C1	chembl_approved	CHEMBL21536	CC BY-SA 3.0	2026-09-25	281.43	3.216	0	5	38.25	7	19	42	2	0.714	0	0	0	chembl_approved:CHEMBL2336050
JOOXLOJCABQBSG-UHFFFAOYSA-N	Cc1cnc(Nc2ccc(OCCN3CCCC3)cc2)nc1Nc1cccc(S(=O)(=O)NC(C)(C)C)c1	chembl_approved	CHEMBL1287853	CC BY-SA 3.0	2026-09-25	524.69	4.824	3	8	108.48	10	37	73	4	0.407	0	1	0	chembl_approved:CHEMBL4297216
JOYRKODLDBILNP-UHFFFAOYSA-N	CCOC(N)=O	chembl_approved	CHEMBL462547	CC BY-SA 3.0	2026-09-25	89.09	0.102	1	2	52.32	1	6	13	0	0.667	0	0	1	
JPGQOUSTVILISH-UHFFFAOYSA-N	FC(F)OC(F)(F)C(F)Cl	chembl_approved	CHEMBL1257	CC BY-SA 3.0	2026-09-25	184.49	2.353	0	1	9.23	3	10	12	0	1.0	0	0	1	
JPGUEMQIAGJQSJ-UHFFFAOYSA-N	CC(=O)Oc1ccc(C2(c3ccc(OC(C)=O)cc3)C(=O)N(C(C)=O)c3ccccc32)cc1	chembl_approved	CHEMBL1909288	CC BY-SA 3.0	2026-09-25	443.46	3.765	0	6	89.98	4	33	54	4	0.154	0	0	0	
JQSHBVHOMNKWFT-DTORHVGOSA-N	c1cnc2cc3c(cc2n1)[C@@H]1CNC[C@H]3C1	chembl_approved	CHEMBL1076903	CC BY-SA 3.0	2026-09-25	211.27	1.804	1	3	37.81	0	16	29	4	0.385	0	0	1	chembl_approved:CHEMBL6067972
JQXXHWHPUNPDRT-WLSIYKJHSA-N	CO[C@H]1/C=C/O[C@@]2(C)Oc3c(C)c(O)c4c(O)c(c(/C=N/N5CCN(C)CC5)c(O)c4c3C2=O)NC(=O)/C(C)=C\C=C\[C@H](C)[C@H](O)[C@@H](C)[C@@H](O)[C@@H](C)[C@H](OC(C)=O)[C@@H]1C	chembl_approved	CHEMBL374478	CC BY-SA 3.0	2026-09-25	822.95	4.335	6	15	220.15	4	59	117	6	0.535	1	3	0	
JRTIDHTUMYMPRU-UHFFFAOYSA-N	CCCN(CCC)C(=O)Cc1c(-c2ccc(Cl)cc2)nc2ccc(Cl)cn12	chembl_approved	CHEMBL54349	CC BY-SA 3.0	2026-09-25	404.34	5.499	0	2	37.61	7	27	50	3	0.333	0	1	0	
JRURYQJSLYLRLN-BJMVGYQFSA-N	CCN(CC)C(=O)/C(C#N)=C/c1cc(O)c(O)c([N+](=O)[O-])c1	chembl_approved	CHEMBL953	CC BY-SA 3.0	2026-09-25	305.29	1.781	2	6	127.7	5	22	37	1	0.286	1	0	0	
JRWZLRBJNMZMFE-UHFFFAOYSA-N	CC(CCc1ccc(O)cc1)NCCc1ccc(O)c(O)c1	chembl_approved	CHEMBL926	CC BY-SA 3.0	2026-09-25	301.39	2.957	4	4	72.72	7	22	45	2	0.333	1	0	0	chembl_approved:CHEMBL1200418
JSDRRTOADPPCHY-HSQYWUDLSA-N	CCOC(=O)[C@H](CCc1ccccc1)N[C@@H](C)C(=O)N1Cc2ccccc2C[C@H]1C(=O)O	chembl_approved	CHEMBL1592	CC BY-SA 3.0	2026-09-25	438.52	2.567	2	5	95.94	9	32	62	3	0.4	0	0	0	chembl_approved:CHEMBL1201011
JSWZEAMFRNKZNL-UHFFFAOYSA-N	Cc1[nH]cnc1CN1CCc2c(c3ccccc3n2C)C1=O	chembl_approved	CHEMBL1110	CC BY-SA 3.0	2026-09-25	294.36	2.408	1	2	53.92	2	22	40	4	0.294	0	0	1	chembl_approved:CHEMBL1200885
JSZILQVIPPROJI-UHFFFAOYSA-N	CCN(CC)C(=O)C1CN2CCc3cc(OC)c(OC)cc3C2CC1OC(C)=O	chembl_approved	CHEMBL1200707	CC BY-SA 3.0	2026-09-25	404.51	2.423	0	6	68.31	6	29	61	3	0.636	0	0	0	chembl_approved:CHEMBL1201250
JTEGQNOMFQHVDC-NKWVEPMBSA-N	Nc1ccn([C@@H]2CS[C@H](CO)O2)c(=O)n1	chembl_approved	CHEMBL141	CC BY-SA 3.0	2026-09-25	229.26	-0.594	2	6	90.37	2	15	26	2	0.5	0	0	0	
JTNHOVZOOVVGHI-UHFFFAOYSA-J	Cc1cc(OP(=O)([O-])[O-])c2ccccc2c1OP(=O)([O-])[O-]	chembl_approved	CHEMBL3989728	CC BY-SA 3.0	2026-09-25	330.13	-0.437	0	8	144.84	4	21	29	2	0.091	0	0	0	
JTNHOVZOOVVGHI-UHFFFAOYSA-N	Cc1cc(OP(=O)(O)O)c2ccccc2c1OP(=O)(O)O	chembl_approved	CHEMBL1201348	CC BY-SA 3.0	2026-09-25	334.16	2.091	4	4	133.52	4	21	33	2	0.091	0	0	0	
JTPUMZTWMWIVPA-UHFFFAOYSA-O	CC(C)[N+](C)(CCC(C(N)=O)(c1ccccc1)c1ccccc1)C(C)C	chembl_approved	CHEMBL1200347	CC BY-SA 3.0	2026-09-25	353.53	4.112	1	1	43.09	8	26	59	2	0.435	0	0	0	chembl_approved:CHEMBL1201232
JTTAUPUMOLRVRA-UHFFFAOYSA-N	CN(C)CCCN1c2ccccc2Sc2cccnc21	chembl_approved	CHEMBL2107124	CC BY-SA 3.0	2026-09-25	285.42	3.636	0	4	19.37	4	20	39	3	0.312	0	0	0	chembl_approved:CHEMBL2111030
JTWOMNBEOCYFNV-NFFDBFGFSA-M	CC1(C)S[C@@H]2[C@H](NC(=O)[C@H](NC(=O)N3CCNC3=O)c3ccccc3)C(=O)N2[C@H]1C(=O)[O-]	chembl_approved	CHEMBL1201041	CC BY-SA 3.0	2026-09-25	460.49	-1.24	3	7	150.98	5	32	54	4	0.45	0	0	0	
JTWOMNBEOCYFNV-NFFDBFGFSA-N	CC1(C)S[C@@H]2[C@H](NC(=O)[C@H](NC(=O)N3CCNC3=O)c3ccccc3)C(=O)N2[C@H]1C(=O)O	chembl_approved	CHEMBL1537	CC BY-SA 3.0	2026-09-25	461.5	0.094	4	6	148.15	5	32	55	4	0.45	0	0	0	
JTZZSQYMACOLNN-VDWJNHBNSA-N	COc1ccc2c(O[C@@H]3C[C@H]4C(=O)N[C@]5(C(=O)NS(=O)(=O)C6CC6)C[C@H]5/C=C\CCCCN(C)C(=O)[C@@H]4C3)cc(-c3nc(C(C)C)cs3)nc2c1C	chembl_approved	CHEMBL501849	CC BY-SA 3.0	2026-09-25	749.96	5.254	2	10	156.89	8	52	99	7	0.553	0	2	0	
JUKPWJGBANNWMW-VWBFHTRKSA-N	COC(=O)[C@@H]1CC2=CC(=O)CC[C@]2(C)[C@@]23O[C@@H]2C[C@@]2(C)[C@@H](CC[C@@]24CCC(=O)O4)[C@H]13	chembl_approved	CHEMBL1095097	CC BY-SA 3.0	2026-09-25	414.5	3.125	0	6	82.2	1	30	60	6	0.792	0	0	0	
JURKNVYFZMSNLP-UHFFFAOYSA-N	CN(C)CCC=C1c2ccccc2C=Cc2ccccc21	chembl_approved	CHEMBL669	CC BY-SA 3.0	2026-09-25	275.4	4.554	0	1	3.24	3	21	42	3	0.2	0	0	0	chembl_approved:CHEMBL1200636
JUUFBMODXQKSTD-UHFFFAOYSA-N	CCOC(=O)Nc1ccc(NCc2ccc(F)cc2)nc1N	chembl_approved	CHEMBL255044	CC BY-SA 3.0	2026-09-25	304.33	2.983	3	5	89.27	5	22	39	2	0.2	0	0	0	
JUZNIMUFDBIJCM-ANEDZVCMSA-M	C[C@@H](O)[C@H]1C(=O)N2C(C(=O)[O-])=C(S[C@@H]3CN[C@H](C(=O)Nc4cccc(C(=O)O)c4)C3)[C@H](C)[C@H]12	chembl_approved	CHEMBL1232	CC BY-SA 3.0	2026-09-25	474.52	-0.394	4	8	159.1	7	33	57	4	0.455	0	0	0	
JUZNIMUFDBIJCM-ANEDZVCMSA-N	C[C@@H](O)[C@H]1C(=O)N2C(C(=O)O)=C(S[C@@H]3CN[C@H](C(=O)Nc4cccc(C(=O)O)c4)C3)[C@H](C)[C@H]12	chembl_approved	CHEMBL1359	CC BY-SA 3.0	2026-09-25	475.52	0.941	5	7	156.27	7	33	58	4	0.455	0	0	0	
JUZYLCPPVHEVSV-LJQANCHMSA-N	COc1cc2c(cc1Cc1cccc(Cl)c1F)c(=O)c(C(=O)O)cn2[C@H](CO)C(C)C	chembl_approved	CHEMBL204656	CC BY-SA 3.0	2026-09-25	447.89	4.281	2	4	88.76	7	31	54	3	0.304	0	0	0	
JVHXJTBJCFBINQ-ADAARDCZSA-N	CCOc1ccc(Cc2cc([C@@H]3O[C@H](CO)[C@@H](O)[C@H](O)[C@H]3O)ccc2Cl)cc1	chembl_approved	CHEMBL429910	CC BY-SA 3.0	2026-09-25	408.88	1.844	4	6	99.38	6	28	53	3	0.429	0	0	0	chembl_approved:CHEMBL2103802
JVLBPIPGETUEET-GAAHOAFPSA-O	C[N+]1(CC2CC2)CC[C@]23c4c5ccc(O)c4O[C@H]2C(=O)CC[C@@]3(O)[C@H]1C5	chembl_approved	CHEMBL1186579	CC BY-SA 3.0	2026-09-25	356.44	1.67	2	4	66.76	2	26	52	6	0.667	0	0	0	chembl_approved:CHEMBL1201770
JVTAAEKCZFNVCJ-UHFFFAOYSA-M	CC(O)C(=O)[O-]	chembl_approved	CHEMBL1357	CC BY-SA 3.0	2026-09-25	89.07	-1.883	1	3	60.36	1	6	11	0	0.667	0	0	1	chembl_approved:CHEMBL1200664
JVTAAEKCZFNVCJ-UHFFFAOYSA-N	CC(O)C(=O)O	chembl_approved	CHEMBL1200559	CC BY-SA 3.0	2026-09-25	90.08	-0.548	2	2	57.53	1	6	12	0	0.667	0	0	1	chembl_approved:CHEMBL1200747
JWBOIMRXGHLCPP-UHFFFAOYSA-N	Clc1ccc(C(c2ccccc2Cl)C(Cl)Cl)cc1	chembl_approved	CHEMBL1670	CC BY-SA 3.0	2026-09-25	320.05	5.929	0	0	0.0	3	18	28	2	0.143	0	1	0	
JWCSIUVGFCSJCK-CAVRMKNVSA-L	CO[C@@]1(NC(=O)C(C(=O)[O-])c2ccc(O)cc2)C(=O)N2C(C(=O)[O-])=C(CSc3nnnn3C)CO[C@@H]21	chembl_approved	CHEMBL1200357	CC BY-SA 3.0	2026-09-25	518.46	-3.797	2	13	211.96	9	36	54	4	0.35	0	2	0	
JWCSIUVGFCSJCK-CAVRMKNVSA-N	CO[C@@]1(NC(=O)C(C(=O)O)c2ccc(O)cc2)C(=O)N2C(C(=O)O)=C(CSc3nnnn3C)CO[C@@H]21	chembl_approved	CHEMBL74632	CC BY-SA 3.0	2026-09-25	520.48	-1.128	4	11	206.3	9	36	56	4	0.35	0	2	0	
JWDYCNIAQWPBHD-UHFFFAOYSA-N	Cc1ccccc1OCC(O)CO	chembl_approved	CHEMBL229128	CC BY-SA 3.0	2026-09-25	182.22	0.727	2	3	49.69	4	13	27	1	0.4	0	0	1	
JWHAUXFOSRPERK-UHFFFAOYSA-N	CCCNCC(O)COc1ccccc1C(=O)CCc1ccccc1	chembl_approved	CHEMBL631	CC BY-SA 3.0	2026-09-25	341.45	3.241	2	4	58.56	11	25	52	2	0.381	0	0	0	chembl_approved:CHEMBL1201063
JWHYSEDOYMYMNM-QGZVFWFLSA-N	CCO[C@H](COc1ccc(C(F)(F)F)cc1)CSc1ccc(OCC(=O)O)c(C)c1	chembl_approved	CHEMBL230158	CC BY-SA 3.0	2026-09-25	444.47	5.053	1	5	64.99	11	30	53	2	0.381	0	1	0	chembl_approved:CHEMBL3989960
JWJOTENAMICLJG-QWBYCMEYSA-N	C[C@]12C=CC(=O)N[C@@H]1CC[C@@H]1[C@@H]2CC[C@]2(C)[C@@H](C(=O)Nc3cc(C(F)(F)F)ccc3C(F)(F)F)CC[C@@H]12	chembl_approved	CHEMBL1200969	CC BY-SA 3.0	2026-09-25	528.54	6.576	2	2	58.2	2	37	67	5	0.63	0	2	0	
JWNPDZNEKVCWMY-VQHVLOKHSA-N	CCOc1cc2ncc(C#N)c(Nc3ccc(OCc4ccccn4)c(Cl)c3)c2cc1NC(=O)/C=C/CN(C)C	chembl_approved	CHEMBL180022	CC BY-SA 3.0	2026-09-25	557.05	5.932	2	8	112.4	11	40	69	4	0.2	0	2	0	chembl_approved:CHEMBL3989921
JWPGJSVJDAJRLW-UHFFFAOYSA-N	N=C(N)N1CCc2ccccc2C1	chembl_approved	CHEMBL169901	CC BY-SA 3.0	2026-09-25	175.23	0.938	2	1	53.11	0	13	26	2	0.3	0	0	1	chembl_approved:CHEMBL1593558
JWRMHDSINXPDHB-OJAGFMMFSA-N	C[C@@H]1C[C@H]2[C@@H]3C[C@H](F)C4=CC(=O)C=C[C@]4(C)[C@@]3(F)[C@@H](O)C[C@]2(C)[C@@]1(O)C(=O)COC(=O)C(C)(C)C	chembl_approved	CHEMBL1200877	CC BY-SA 3.0	2026-09-25	494.58	3.441	2	6	100.9	3	35	71	4	0.741	0	0	0	
JWUBBDSIWDLEOM-DTOXIADCSA-N	C=C1CC[C@H](O)C/C1=C/C=C1\CCC[C@]2(C)[C@@H]([C@H](C)CCCC(C)(C)O)CC[C@@H]12	chembl_approved	CHEMBL1040	CC BY-SA 3.0	2026-09-25	400.65	6.734	2	2	40.46	6	29	73	3	0.778	0	1	0	chembl_approved:CHEMBL3544909
JWZZKOKVBUJMES-UHFFFAOYSA-N	CC(C)NCC(O)c1ccc(O)c(O)c1	chembl_approved	CHEMBL434	CC BY-SA 3.0	2026-09-25	211.26	1.129	4	4	72.72	4	15	32	1	0.455	1	0	0	chembl_approved:CHEMBL1711;chembl_approved:CHEMBL3989521
JXDFEQONERDKSS-UHFFFAOYSA-N	NCCc1cc[nH]n1	chembl_approved	CHEMBL1200949	CC BY-SA 3.0	2026-09-25	111.15	-0.089	2	2	54.7	2	8	17	1	0.4	0	0	1	chembl_approved:CHEMBL1201323
JXLYSJRDGCGARV-CFWMRBGOSA-N	CC[C@]1(O)C[C@@H]2CN(CCc3c([nH]c4ccccc34)[C@@](C(=O)OC)(c3cc4c(cc3OC)N(C)[C@H]3[C@@](O)(C(=O)OC)[C@H](OC(C)=O)[C@]5(CC)C=CCN6CC[C@]43[C@@H]65)C2)C1	chembl_approved	CHEMBL159	CC BY-SA 3.0	2026-09-25	810.99	3.991	3	12	154.1	7	59	117	9	0.587	0	2	0	chembl_approved:CHEMBL378544
JXSJBGJIGXNWCI-UHFFFAOYSA-N	CCOC(=O)CC(SP(=S)(OC)OC)C(=O)OCC	chembl_approved	CHEMBL1200468	CC BY-SA 3.0	2026-09-25	330.36	2.122	0	8	71.06	9	19	38	0	0.8	0	0	0	
JXZZEXZZKAWDSP-UHFFFAOYSA-N	O=C(NC1CCN(CCc2c[nH]c3ccccc23)CC1)c1ccccc1	chembl_approved	CHEMBL279516	CC BY-SA 3.0	2026-09-25	347.46	3.605	2	2	48.13	5	26	51	4	0.318	0	0	0	chembl_approved:CHEMBL2104941
JYGXADMDTFJGBT-VWUMJDOOSA-N	C[C@]12CCC(=O)C=C1CC[C@@H]1[C@@H]2[C@@H](O)C[C@@]2(C)[C@H]1CC[C@]2(O)C(=O)CO	chembl_approved	CHEMBL389621	CC BY-SA 3.0	2026-09-25	362.47	1.782	3	5	94.83	2	26	56	4	0.81	0	0	0	
JYTNQNCOQXFQPK-MRXNPFEDSA-N	Cc1ccc(-n2nccn2)c(C(=O)N2CCN(c3nc4cc(Cl)ccc4o3)CC[C@H]2C)c1	chembl_approved	CHEMBL1083659	CC BY-SA 3.0	2026-09-25	450.93	4.111	0	6	80.29	3	32	55	5	0.304	0	0	0	
JYTUSYBCFIZPBE-AMTLMPIISA-M	O=C([O-])[C@H](O)[C@@H](O)[C@H](O[C@@H]1O[C@H](CO)[C@H](O)[C@H](O)[C@H]1O)[C@H](O)CO	chembl_approved	CHEMBL2104594	CC BY-SA 3.0	2026-09-25	357.29	-7.004	8	12	220.43	8	24	45	1	0.917	0	2	0	chembl_approved:CHEMBL2219740
JZCPYUJPEARBJL-UHFFFAOYSA-N	Cc1c(C(=O)NN2CCCCC2)nn(-c2ccc(Cl)cc2Cl)c1-c1ccc(Cl)cc1	chembl_approved	CHEMBL111	CC BY-SA 3.0	2026-09-25	463.8	5.939	1	3	50.16	4	30	51	4	0.273	0	1	0	
JZQKKSLKJUAGIC-UHFFFAOYSA-N	CC(C)NCC(O)COc1cccc2[nH]ccc12	chembl_approved	CHEMBL500	CC BY-SA 3.0	2026-09-25	248.33	1.906	3	3	57.28	6	18	38	2	0.429	0	0	1	
JZRWCGZRTZMZEH-UHFFFAOYSA-N	Cc1ncc(C[n+]2csc(CCO)c2C)c(N)n1	chembl_approved	CHEMBL1547	CC BY-SA 3.0	2026-09-25	265.36	0.608	2	5	75.91	4	18	35	2	0.417	0	0	0	chembl_approved:CHEMBL1588;chembl_approved:CHEMBL1200941
JZUFKLXOESDKRF-UHFFFAOYSA-N	NS(=O)(=O)c1cc2c(cc1Cl)NCNS2(=O)=O	chembl_approved	CHEMBL435	CC BY-SA 3.0	2026-09-25	297.75	-0.351	3	5	118.36	1	17	25	2	0.143	0	0	0	
KAQKFAOMNZTLHT-OZUDYXHBSA-M	CCCCC[C@H](O)/C=C/[C@@H]1[C@H]2C/C(=C/CCCC(=O)[O-])O[C@H]2C[C@H]1O	chembl_approved	CHEMBL962	CC BY-SA 3.0	2026-09-25	351.46	2.074	2	5	89.82	10	25	56	2	0.75	0	0	0	
KAQKFAOMNZTLHT-OZUDYXHBSA-N	CCCCC[C@H](O)/C=C/[C@@H]1[C@H]2C/C(=C/CCCC(=O)O)O[C@H]2C[C@H]1O	chembl_approved	CHEMBL1139	CC BY-SA 3.0	2026-09-25	352.47	3.409	3	4	86.99	10	25	57	2	0.75	0	0	0	
KASDHRXLYQOAKZ-XDSKOBMDSA-N	CC[C@@H]1/C=C(\C)C[C@H](C)C[C@H](OC)[C@H]2O[C@@](O)(C(=O)C(=O)N3CCCC[C@H]3C(=O)O[C@H](/C(C)=C/[C@@H]3CC[C@H](Cl)[C@H](OC)C3)[C@H](C)[C@@H](O)CC1=O)[C@H](C)C[C@@H]2OC	chembl_approved	CHEMBL1200686	CC BY-SA 3.0	2026-09-25	810.47	5.719	2	11	158.13	6	56	124	4	0.814	0	3	0	
KBOPZPXVLCULAV-UHFFFAOYSA-N	Nc1ccc(O)c(C(=O)O)c1	chembl_approved	CHEMBL704	CC BY-SA 3.0	2026-09-25	153.14	0.673	3	3	83.55	1	11	18	1	0.0	0	0	1	
KBUZBQVCBVDWKX-UHFFFAOYSA-N	CCOCCn1c(N2CCCN(C)CC2)nc2ccccc21	chembl_approved	CHEMBL594	CC BY-SA 3.0	2026-09-25	302.42	2.215	0	4	33.53	5	22	48	3	0.588	0	0	0	chembl_approved:CHEMBL2103739
KCLANYCVBBTKTO-UHFFFAOYSA-N	CCCOc1ccc(C(=O)OCCN(CC)CC)cc1N	chembl_approved	CHEMBL1196	CC BY-SA 3.0	2026-09-25	294.39	2.556	1	5	64.79	9	21	47	1	0.562	0	0	0	chembl_approved:CHEMBL1200464
KCXVZYZYPLLWCC-UHFFFAOYSA-J	O=C([O-])CN(CCN(CC(=O)[O-])CC(=O)[O-])CC(=O)[O-]	chembl_approved	CHEMBL1200375	CC BY-SA 3.0	2026-09-25	288.21	-7.41	0	10	167.0	11	20	32	0	0.6	0	0	0	chembl_approved:CHEMBL3989522
KCXVZYZYPLLWCC-UHFFFAOYSA-L	O=C([O-])CN(CCN(CC(=O)[O-])CC(=O)O)CC(=O)O	chembl_approved	CHEMBL1749	CC BY-SA 3.0	2026-09-25	290.23	-4.741	2	8	161.34	11	20	34	0	0.6	0	0	0	chembl_approved:CHEMBL3989507
KDGFLJKFZUIJMX-UHFFFAOYSA-N	CCc1cc2c(cc1N1CCC(N3CCOCC3)CC1)C(C)(C)c1[nH]c3cc(C#N)ccc3c1C2=O	chembl_approved	CHEMBL1738797	CC BY-SA 3.0	2026-09-25	482.63	4.773	1	5	72.36	3	36	70	6	0.467	0	0	0	chembl_approved:CHEMBL3707320
KDLLNMRYZGUVMA-ZXXIGWHRSA-N	C[C@]12CC[C@@H]3c4ccc(O)cc4CC[C@H]3[C@@H]1C[C@@H](F)[C@@H]2O	chembl_approved	CHEMBL1627367	CC BY-SA 3.0	2026-09-25	290.38	3.557	2	2	40.46	0	21	44	4	0.667	0	0	0	
KDLLNMRYZGUVMA-ZYMZXAKXSA-N	C[C@]12CC[C@@H]3c4ccc(O)cc4CC[C@H]3[C@@H]1C[C@@H]([18F])[C@@H]2O	chembl_approved	CHEMBL4594261	CC BY-SA 3.0	2026-09-25	289.38	3.557	2	2	40.46	0	21	44	4	0.667	0	0	0	
KDLNOQQQEBKBQM-HDFGVWRLSA-N	CC(=O)O[C@]1(C(C)=O)CCC2[C@@H]3C[C@H](C)C4=CCCC[C@]4(C)[C@H]3CC[C@@]21C	chembl_approved	CHEMBL2104489	CC BY-SA 3.0	2026-09-25	372.55	5.476	0	3	43.37	2	27	63	4	0.833	0	1	0	
KDLRVYVGXIQJDK-AWPVFWJPSA-N	CCC[C@@H]1C[C@@H](C(=O)N[C@@H]([C@H]2O[C@H](SC)[C@H](O)[C@@H](O)[C@H]2O)[C@H](C)Cl)N(C)C1	chembl_approved	CHEMBL1753	CC BY-SA 3.0	2026-09-25	424.99	0.39	4	7	102.26	7	27	60	2	0.944	0	0	0	chembl_approved:CHEMBL1200588
KDYFGRWQOYBRFD-UHFFFAOYSA-M	O=C([O-])CCC(=O)O	chembl_approved	CHEMBL1200345	CC BY-SA 3.0	2026-09-25	117.08	-1.399	1	3	77.43	3	8	13	0	0.5	0	0	1	
KEIPNCCJPRMIAX-HNNXBMFYSA-N	C=CC(=O)N1CC[C@H](n2nc(C#Cc3cc(OC)cc(OC)c3)c3c(N)ncnc32)C1	chembl_approved	CHEMBL3701238	CC BY-SA 3.0	2026-09-25	418.46	1.785	1	7	108.39	4	31	53	4	0.273	0	0	0	
KEJCWVGMRLCZQQ-YJBYXUATSA-N	CO/N=C(\C(=O)N[C@@H]1C(=O)N2C(C(=O)OC(C)OC(C)=O)=C(COC(N)=O)CS[C@H]12)c1ccco1	chembl_approved	CHEMBL1095930	CC BY-SA 3.0	2026-09-25	510.48	-0.168	2	12	189.06	9	35	57	3	0.4	0	2	0	
KEJXLQUPYHWCNM-UHFFFAOYSA-N	CCCOC(=O)Cc1ccc(OCC(=O)N(CC)CC)c(OC)c1	chembl_approved	CHEMBL2105345	CC BY-SA 3.0	2026-09-25	337.42	2.438	0	5	65.07	10	24	51	1	0.556	0	0	0	
KFQYTPMOWPVWEJ-INIZCTEOSA-N	CCCN(CCc1cccs1)[C@H]1CCc2c(O)cccc2C1	chembl_approved	CHEMBL1303	CC BY-SA 3.0	2026-09-25	315.48	4.266	1	3	23.47	6	22	47	3	0.474	0	0	0	
KGFYHTZWPPHNLQ-AWEZNQCLSA-N	O=C(NC[C@H]1CN(c2ccc(N3CCOCC3=O)cc2)C(=O)O1)c1ccc(Cl)s1	chembl_approved	CHEMBL198362	CC BY-SA 3.0	2026-09-25	435.89	2.52	1	6	88.18	5	29	47	4	0.316	0	0	0	
KHOITXIGCFIULA-UHFFFAOYSA-N	CC(=O)Oc1ccc(C(c2ccc(OC(C)=O)cc2)c2ccccn2)cc1	chembl_approved	CHEMBL942	CC BY-SA 3.0	2026-09-25	361.4	4.112	0	5	65.49	5	27	46	3	0.136	0	0	0	
KHPKQFYUPIUARC-UHFFFAOYSA-N	Cc1ccc(Nc2c(F)cccc2Cl)c(CC(=O)O)c1	chembl_approved	CHEMBL404108	CC BY-SA 3.0	2026-09-25	293.73	4.158	2	2	49.33	4	20	33	2	0.133	0	0	0	
KIHYPELVXPAIDH-HNSNBQBZSA-N	CCc1cc(/C(C)=N/OCc2ccc(C3CCCCC3)c(C(F)(F)F)c2)ccc1CN1CC(C(=O)O)C1	chembl_approved	CHEMBL2336071	CC BY-SA 3.0	2026-09-25	516.6	6.773	1	4	62.13	9	37	72	4	0.517	0	2	0	chembl_approved:CHEMBL4298150
KIQQMECNKUGGKA-NMYWJIRASA-N	C#C[C@]1(OC(C)=O)CC[C@H]2[C@@H]3CCC4=C/C(=N/O)CC[C@@H]4[C@H]3CC[C@@]21CC	chembl_approved	CHEMBL1200934	CC BY-SA 3.0	2026-09-25	369.51	4.715	1	4	58.89	2	27	58	4	0.739	0	0	0	
KJADKKWYZYXHBB-XBWDGYHZSA-N	CC1(C)O[C@@H]2[C@@H](CO[C@@]3(COS(N)(=O)=O)OC(C)(C)O[C@@H]23)O1	chembl_approved	CHEMBL220492	CC BY-SA 3.0	2026-09-25	339.37	-0.395	1	8	115.54	3	22	43	3	1.0	0	0	0	
KJFBVJALEQWJBS-XUXIUFHCSA-N	CC(C)Nc1nc2cc(Cl)c(Cl)cc2n1[C@H]1O[C@@H](CO)[C@H](O)[C@@H]1O	chembl_approved	CHEMBL515408	CC BY-SA 3.0	2026-09-25	376.24	1.775	4	6	99.77	4	24	43	3	0.533	0	0	0	
KJFMBFZCATUALV-UHFFFAOYSA-N	O=C1OC(c2ccc(O)cc2)(c2ccc(O)cc2)c2ccccc21	chembl_approved	CHEMBL63857	CC BY-SA 3.0	2026-09-25	318.33	3.56	2	4	66.76	2	24	38	4	0.05	0	0	0	
KJHKTHWMRKYKJE-SUGCFTRWSA-N	Cc1cccc(C)c1OCC(=O)N[C@@H](Cc1ccccc1)[C@@H](O)C[C@H](Cc1ccccc1)NC(=O)[C@H](C(C)C)N1CCCNC1=O	chembl_approved	CHEMBL729	CC BY-SA 3.0	2026-09-25	628.81	4.328	4	5	120.0	15	46	94	4	0.432	0	1	0	
KJONHKAYOJNZEC-UHFFFAOYSA-N	O=C1CN=C(c2ccccc2)c2cc([N+](=O)[O-])ccc2N1	chembl_approved	CHEMBL13209	CC BY-SA 3.0	2026-09-25	281.27	2.384	1	4	84.6	2	21	32	3	0.067	0	0	0	
KKGQTZUTZRNORY-UHFFFAOYSA-N	CCCCCCCCc1ccc(CCC(N)(CO)CO)cc1	chembl_approved	CHEMBL314854	CC BY-SA 3.0	2026-09-25	307.48	3.204	3	3	66.48	12	22	55	1	0.684	0	0	0	chembl_approved:CHEMBL544665;chembl_approved:CHEMBL5095050
KKHPNPMTPORSQE-UHFFFAOYSA-N	CN(C)CCOC(C)(c1ccccc1)c1ccc(Cl)cc1	chembl_approved	CHEMBL2105980	CC BY-SA 3.0	2026-09-25	303.83	4.182	0	2	12.47	6	21	43	2	0.333	0	0	0	chembl_approved:CHEMBL2110774
KKZJGLLVHKMTCM-UHFFFAOYSA-N	O=C1c2c(O)ccc(O)c2C(=O)c2c(NCCNCCO)ccc(NCCNCCO)c21	chembl_approved	CHEMBL58	CC BY-SA 3.0	2026-09-25	444.49	-0.139	8	10	163.18	12	32	60	3	0.364	1	1	0	chembl_approved:CHEMBL1417019
KLBQZWRITKRQQV-UHFFFAOYSA-N	CSc1ccc2c(c1)N(CCC1CCCCN1C)c1ccccc1S2	chembl_approved	CHEMBL479	CC BY-SA 3.0	2026-09-25	370.59	5.886	0	4	6.48	4	25	51	4	0.429	0	1	0	chembl_approved:CHEMBL1200916
KLDXJTOLSGUMSJ-JGWLITMVSA-N	O[C@@H]1CO[C@H]2[C@@H]1OC[C@@H]2O	chembl_approved	CHEMBL1200660	CC BY-SA 3.0	2026-09-25	146.14	-1.494	2	4	58.92	0	10	20	2	1.0	0	0	0	
KLOHYVOVXOUKQI-UHFFFAOYSA-N	CN1CCC(N(Cc2cccs2)c2ccccc2)CC1	chembl_approved	CHEMBL2105458	CC BY-SA 3.0	2026-09-25	286.44	3.849	0	3	6.48	4	20	42	3	0.412	0	0	0	
KLPWJLBORRMFGK-UHFFFAOYSA-N	CCc1c(C)[nH]c2c1C(=O)C(CN1CCOCC1)CC2	chembl_approved	CHEMBL460	CC BY-SA 3.0	2026-09-25	276.38	1.963	1	3	45.33	3	20	44	3	0.688	0	0	1	chembl_approved:CHEMBL1200419
KLZWOWYOHUKJIG-BPUTZDHNSA-N	CCOC(=O)[C@H](CCc1ccccc1)N[C@@H](C)C(=O)N1C(=O)N(C)C[C@H]1C(=O)O	chembl_approved	CHEMBL317094	CC BY-SA 3.0	2026-09-25	405.45	0.876	2	6	116.25	9	29	56	2	0.5	0	0	0	
KNAHARQHSZJURB-UHFFFAOYSA-N	CCCc1cc(=O)[nH]c(=S)[nH]1	chembl_approved	CHEMBL1518	CC BY-SA 3.0	2026-09-25	170.24	1.385	2	2	48.65	2	11	21	1	0.429	0	0	1	
KNHUKKLJHYUCFP-UHFFFAOYSA-N	CCOC(=O)C(C)(C)Oc1ccc(Cl)cc1	chembl_approved	CHEMBL565	CC BY-SA 3.0	2026-09-25	242.7	3.061	0	3	35.53	4	16	31	1	0.417	0	0	0	
KNWNQAWYVGYXNR-UHFFFAOYSA-N	COCCCOc1ccnc(C[S+]([O-])c2nc3ccccc3[n-]2)c1C	chembl_approved	CHEMBL1200930	CC BY-SA 3.0	2026-09-25	358.44	2.619	0	5	81.4	8	25	45	3	0.333	0	0	0	
KOHIRBRYDXPAMZ-UHFFFAOYSA-N	OC(CNCC(O)C1CCc2cc(F)ccc2O1)C1CCc2cc(F)ccc2O1	chembl_approved	CHEMBL434394	CC BY-SA 3.0	2026-09-25	405.44	2.364	3	5	70.95	6	29	54	4	0.455	0	0	0	chembl_approved:CHEMBL1201731
KORNTPPJEAJQIU-KJXAQDMKSA-N	C=CCN1C[C@H](C(=O)N(CCCN(C)C)C(=O)NCC)C[C@@H]2c3cccc4[nH]cc(c34)C[C@H]21	chembl_approved	CHEMBL1201087	CC BY-SA 3.0	2026-09-25	451.62	3.194	2	4	71.68	8	33	70	4	0.538	0	0	0	
KPBZROQVTHLCDU-UHFFFAOYSA-N	CCCC(=O)OCOC(=O)C1=C(C)NC(C)=C(C(=O)OC)C1c1cccc(Cl)c1Cl	chembl_approved	CHEMBL1237132	CC BY-SA 3.0	2026-09-25	456.32	4.245	1	7	90.93	7	30	53	2	0.381	0	0	0	
KPJZHOPZRAFDTN-ZRGWGRIASA-N	CC[C@@H](CO)NC(=O)[C@@H]1C=C2c3cccc4c3c(cn4C)C[C@H]2N(C)C1	chembl_approved	CHEMBL1065	CC BY-SA 3.0	2026-09-25	353.47	1.935	2	3	57.5	4	26	53	4	0.476	1	0	0	chembl_approved:CHEMBL1200938
KPQZUUQMTUIKBP-UHFFFAOYSA-N	Cc1ncc([N+](=O)[O-])n1CC(C)O	chembl_approved	CHEMBL498847	CC BY-SA 3.0	2026-09-25	185.18	0.481	1	4	81.19	3	13	24	1	0.571	0	0	0	
KPSRODZRAIWAKH-UHFFFAOYSA-N	CC(C)(Oc1ccc(C2CC2(Cl)Cl)cc1)C(=O)O	chembl_approved	CHEMBL557555	CC BY-SA 3.0	2026-09-25	289.16	3.59	1	2	46.53	4	18	32	2	0.462	0	0	0	
KPVIXBKIJXZQJX-FCEONZPQSA-N	C=C[C@]1(C)C[C@@H](OC(=O)CS[C@@H]2CC[C@@H](N)C[C@H]2O)[C@]2(C)[C@H](C)CC[C@]3(CCC(=O)[C@H]32)[C@@H](C)[C@@H]1O	chembl_approved	CHEMBL3291398	CC BY-SA 3.0	2026-09-25	507.74	3.867	3	7	109.85	5	35	80	4	0.857	0	1	0	chembl_approved:CHEMBL3545309
KPWSJANDNDDRMB-QAQDUYKDSA-N	CN(C)C(=O)N[C@H]1CC[C@H](CCN2CCN(c3cccc(Cl)c3Cl)CC2)CC1	chembl_approved	CHEMBL2024517	CC BY-SA 3.0	2026-09-25	427.42	4.336	1	3	38.82	5	28	60	3	0.667	0	0	0	chembl_approved:CHEMBL2028019
KPYSYYIEGFHWSV-UHFFFAOYSA-N	NCC(CC(=O)O)c1ccc(Cl)cc1	chembl_approved	CHEMBL701	CC BY-SA 3.0	2026-09-25	213.66	1.857	2	2	63.32	4	14	26	1	0.3	0	0	1	
KQKPFRSPSRPDEB-UHFFFAOYSA-N	CNS(=O)(=O)Cc1ccc2[nH]cc(CCN(C)C)c2c1	chembl_approved	CHEMBL128	CC BY-SA 3.0	2026-09-25	295.41	1.321	2	3	65.2	6	20	41	2	0.429	0	0	1	chembl_approved:CHEMBL1201150
KQPKPCNLIDLUMF-UHFFFAOYSA-M	C=CCC1(C(C)CCC)C(=O)[N-]C(=O)NC1=O	chembl_approved	CHEMBL1200903	CC BY-SA 3.0	2026-09-25	237.28	2.135	1	3	77.34	5	17	34	1	0.583	0	0	1	
KQPKPCNLIDLUMF-UHFFFAOYSA-N	C=CCC1(C(C)CCC)C(=O)NC(=O)NC1=O	chembl_approved	CHEMBL447	CC BY-SA 3.0	2026-09-25	238.29	1.351	2	3	75.27	5	17	35	1	0.583	0	0	1	
KQXKVJAGOJTNJS-HNNXBMFYSA-N	CC(C)(C)NC[C@H](O)COc1ccccc1C1CCCC1	chembl_approved	CHEMBL1290	CC BY-SA 3.0	2026-09-25	291.44	3.472	2	3	41.49	6	21	50	2	0.667	0	0	0	chembl_approved:CHEMBL2361370
KRKNYBCHXYNGOX-UHFFFAOYSA-K	O=C([O-])CC(O)(CC(=O)[O-])C(=O)[O-]	chembl_approved	CHEMBL1355	CC BY-SA 3.0	2026-09-25	189.1	-5.253	1	7	140.62	5	13	18	0	0.5	0	0	0	chembl_approved:CHEMBL1200458;chembl_approved:CHEMBL1201170;chembl_approved:CHEMBL2103738;chembl_approved:CHEMBL3989480;chembl_approved:CHEMBL3989822
KRKNYBCHXYNGOX-UHFFFAOYSA-N	O=C(O)CC(O)(CC(=O)O)C(=O)O	chembl_approved	CHEMBL1261	CC BY-SA 3.0	2026-09-25	192.12	-1.248	4	4	132.13	5	13	21	0	0.5	0	0	0	chembl_approved:CHEMBL3989678;chembl_approved:CHEMBL3990694
KRMDCWKBEZIMAB-UHFFFAOYSA-N	CN(C)CCC=C1c2ccccc2CCc2ccccc21	chembl_approved	CHEMBL629	CC BY-SA 3.0	2026-09-25	277.41	4.169	0	1	3.24	3	21	44	3	0.3	1	0	0	chembl_approved:CHEMBL1200964
KRNAOFGYEFKHPB-ANJVHQHFSA-N	N[C@@H]1c2cccnc2[C@H](OC(=O)N2CCC(n3c(=O)[nH]c4ncccc43)CC2)CC[C@H]1c1cccc(F)c1F	chembl_approved	CHEMBL2178422	CC BY-SA 3.0	2026-09-25	534.57	4.49	2	6	119.13	3	39	67	6	0.357	0	1	0	chembl_approved:CHEMBL2364629
KSCFJBIXMNOVSH-UHFFFAOYSA-N	Cn1c(=O)c2c(ncn2CC(O)CO)n(C)c1=O	chembl_approved	CHEMBL1752	CC BY-SA 3.0	2026-09-25	254.25	-2.213	2	5	102.28	3	18	32	2	0.5	0	0	0	
KSGXQBZTULBEEQ-UHFFFAOYSA-N	CCCCCCOC(=O)NC(=N)c1ccc(NCc2nc3cc(C(=O)N(CCC(=O)OCC)c4ccccn4)ccc3n2C)cc1	chembl_approved	CHEMBL539697	CC BY-SA 3.0	2026-09-25	627.75	5.812	3	9	151.53	15	46	87	4	0.353	0	2	0	chembl_approved:CHEMBL1615369
KSMAGQUYOIHWFS-UHFFFAOYSA-N	CC(Oc1c(Cl)cccc1Cl)C1=NCCN1	chembl_approved	CHEMBL17860	CC BY-SA 3.0	2026-09-25	259.14	2.762	1	3	33.62	3	16	28	2	0.364	0	0	1	chembl_approved:CHEMBL1788132
KTAPWKXZMODIJZ-UHFFFAOYSA-N	Cn1cnc([N+](=O)[O-])c1Sc1ncnc2nc[n-]c12	chembl_approved	CHEMBL1200400	CC BY-SA 3.0	2026-09-25	276.26	0.775	0	7	113.73	3	19	25	3	0.111	0	0	0	
KTEIFNKAUNYNJU-GFCCVEGCSA-N	C[C@@H](Oc1cc(-c2cnn(C3CCNCC3)c2)cnc1N)c1c(Cl)ccc(F)c1Cl	chembl_approved	CHEMBL601719	CC BY-SA 3.0	2026-09-25	450.35	5.038	2	5	77.99	5	30	52	4	0.333	0	1	0	
KTHVBAZBLKXIHZ-UHFFFAOYSA-N	CCN1CCCC(OC(=O)C(c2ccccc2)c2ccccc2)C1	chembl_approved	CHEMBL1511957	CC BY-SA 3.0	2026-09-25	323.44	3.846	0	3	29.54	5	24	49	3	0.381	0	0	0	chembl_approved:CHEMBL1623992
KTOYYUONFQWSMW-UHFFFAOYSA-N	CCCCCCCCCCCCCCCC(=O)OCCC1CCN(CCCN2c3ccccc3Sc3ccc(S(=O)(=O)N(C)C)cc32)CC1	chembl_approved	CHEMBL2106439	CC BY-SA 3.0	2026-09-25	714.1	10.056	0	7	70.16	23	49	112	4	0.675	0	2	0	
KTUFNOKKBVMGRW-UHFFFAOYSA-N	Cc1ccc(NC(=O)c2ccc(CN3CCN(C)CC3)cc2)cc1Nc1nccc(-c2cccnc2)n1	chembl_approved	CHEMBL941	CC BY-SA 3.0	2026-09-25	493.62	4.59	2	7	86.28	7	37	68	5	0.241	0	0	0	chembl_approved:CHEMBL1642
KUCQYCKVKVOKAY-CTYIDZIISA-N	O=C1C(O)=C([C@H]2CC[C@H](c3ccc(Cl)cc3)CC2)C(=O)c2ccccc21	chembl_approved	CHEMBL1450	CC BY-SA 3.0	2026-09-25	366.84	5.505	1	3	54.37	2	26	45	4	0.273	1	1	0	
KUVIULQEHSCUHY-XYWKZLDCSA-N	CCC(=O)OCC(=O)[C@@]1(OC(=O)CC)[C@@H](C)C[C@H]2[C@@H]3CCC4=CC(=O)C=C[C@]4(C)[C@@]3(Cl)[C@@H](O)C[C@@]21C	chembl_approved	CHEMBL1200500	CC BY-SA 3.0	2026-09-25	521.05	4.087	1	7	106.97	6	36	73	4	0.714	0	1	0	
KVHHQGIIZCJATJ-UHFFFAOYSA-N	CC(CN(C)C)C(C)(O)Cc1ccc(Cl)cc1	chembl_approved	CHEMBL1474889	CC BY-SA 3.0	2026-09-25	255.79	2.831	1	2	23.47	5	17	39	1	0.571	0	0	1	
KVJXBPDAXMEYOA-CXANFOAXSA-N	C[C@]12CC[C@H]3[C@@H](CC[C@@]45O[C@@H]4C(O)=C(C#N)C[C@]35C)[C@@H]1CC[C@@H]2O	chembl_approved	CHEMBL1200907	CC BY-SA 3.0	2026-09-25	329.44	3.467	2	4	76.78	0	24	51	5	0.85	0	0	0	
KVSKGMLNBAPGKH-UHFFFAOYSA-N	O=C(Nc1ccc(Br)cc1)c1cc(Br)cc(Br)c1O	chembl_approved	CHEMBL24944	CC BY-SA 3.0	2026-09-25	449.92	4.932	2	2	49.33	2	19	27	2	0.0	0	0	0	
KVWDHTXUZHCGIO-UHFFFAOYSA-N	Cc1cc2c(s1)Nc1ccccc1N=C2N1CCN(C)CC1	chembl_approved	CHEMBL715	CC BY-SA 3.0	2026-09-25	312.44	3.439	1	5	30.87	0	22	42	4	0.353	0	0	0	
KWGRBVOPPLSCSI-WCBMZHEXSA-N	CN[C@@H](C)[C@@H](O)c1ccccc1	chembl_approved	CHEMBL1590	CC BY-SA 3.0	2026-09-25	165.24	1.328	2	2	32.26	3	12	27	1	0.4	0	0	1	chembl_approved:CHEMBL1200724;chembl_approved:CHEMBL3989855
KWGRBVOPPLSCSI-WPRPVWTQSA-N	CN[C@@H](C)[C@H](O)c1ccccc1	chembl_approved	CHEMBL211456	CC BY-SA 3.0	2026-09-25	165.24	1.328	2	2	32.26	3	12	27	1	0.4	0	0	1	chembl_approved:CHEMBL1523964;chembl_approved:CHEMBL2146102
KWIUHFFTVRNATP-UHFFFAOYSA-N	C[N+](C)(C)CC(=O)[O-]	chembl_approved	CHEMBL3833335	CC BY-SA 3.0	2026-09-25	117.15	-1.557	0	2	40.13	2	8	19	0	0.8	0	0	1	
KWIUHFFTVRNATP-UHFFFAOYSA-O	C[N+](C)(C)CC(=O)O	chembl_approved	CHEMBL95889	CC BY-SA 3.0	2026-09-25	118.16	-0.223	1	1	37.3	2	8	20	0	0.8	0	0	1	
KWMLJOLKUYYJFJ-GASJEMHNSA-M	O=C([O-])C(O)[C@H](O)[C@@H](O)[C@H](O)[C@H](O)CO	chembl_approved	CHEMBL1237066	CC BY-SA 3.0	2026-09-25	225.17	-5.467	6	8	161.51	6	15	28	0	0.857	0	1	0	
KWTSXDURSIMDCE-MRVPVSSYSA-N	C[C@@H](N)Cc1ccccc1	chembl_approved	CHEMBL19393	CC BY-SA 3.0	2026-09-25	135.21	1.576	1	1	26.02	2	10	23	1	0.333	0	0	1	
KWTSXDURSIMDCE-QMMMGPOBSA-N	C[C@H](N)Cc1ccccc1	chembl_approved	CHEMBL612	CC BY-SA 3.0	2026-09-25	135.21	1.576	1	1	26.02	2	10	23	1	0.333	0	0	1	chembl_approved:CHEMBL1200782;chembl_approved:CHEMBL3544971
KWTSXDURSIMDCE-UHFFFAOYSA-N	CC(N)Cc1ccccc1	chembl_approved	CHEMBL405	CC BY-SA 3.0	2026-09-25	135.21	1.576	1	1	26.02	2	10	23	1	0.333	0	0	1	chembl_approved:CHEMBL501;chembl_approved:CHEMBL1200377;chembl_approved:CHEMBL1200387;chembl_approved:CHEMBL5095048;chembl_approved:CHEMBL5095505
KWTWDQCKEHXFFR-SMDDNHRTSA-N	CC[C@@H](c1cccc(O)c1)[C@@H](C)CN(C)C	chembl_approved	CHEMBL1201776	CC BY-SA 3.0	2026-09-25	221.34	3.084	1	2	23.47	5	16	39	1	0.571	0	0	0	chembl_approved:CHEMBL1201777
KXGVEGMKQFWNSR-LLQZFEROSA-N	C[C@H](CCC(=O)O)[C@H]1CC[C@H]2[C@@H]3CC[C@@H]4C[C@H](O)CC[C@]4(C)[C@H]3C[C@H](O)[C@]12C	chembl_approved	CHEMBL406393	CC BY-SA 3.0	2026-09-25	392.58	4.478	3	3	77.76	4	28	68	4	0.958	0	0	0	
KXNPVXPOPUZYGB-IOVMHBDKSA-N	CC1CNc2c(cccc2S(=O)(=O)N[C@@H](CCCNC(=N)N)C(=O)N2CC[C@@H](C)C[C@@H]2C(=O)O)C1	chembl_approved	CHEMBL1166	CC BY-SA 3.0	2026-09-25	508.65	0.913	6	6	177.71	9	35	71	3	0.609	0	2	0	
KXRZBTAEDBELFD-UHFFFAOYSA-N	COc1nccnc1NS(=O)(=O)c1ccc(N)cc1	chembl_approved	CHEMBL1525826	CC BY-SA 3.0	2026-09-25	280.31	0.868	2	6	107.2	4	19	31	2	0.091	0	0	0	
KYBOHGVERHWSSV-VNIVIJDLSA-N	CCCCC(C)(C)[C@H](O)/C=C/[C@H]1[C@H](O)CC(=O)[C@@H]1CCCC/C=C/C(=O)OC	chembl_approved	CHEMBL1908315	CC BY-SA 3.0	2026-09-25	394.55	3.976	2	5	83.83	12	28	66	1	0.739	0	0	0	
KYWCWBXGRWWINE-UHFFFAOYSA-N	COc1ccc(C(=O)NCc2cccnc2)cc1C(=O)NCc1cccnc1	chembl_approved	CHEMBL1257015	CC BY-SA 3.0	2026-09-25	376.42	2.345	2	5	93.21	7	28	48	3	0.143	0	0	0	
KYYIDSXMWOZKMP-UHFFFAOYSA-N	CN(C)CC(c1ccc(O)cc1)C1(O)CCCCC1	chembl_approved	CHEMBL1118	CC BY-SA 3.0	2026-09-25	263.38	2.733	2	3	43.7	4	19	44	2	0.625	0	0	1	chembl_approved:CHEMBL1201728;chembl_approved:CHEMBL3989861
KZUIYQJTUIACIG-YBZCJVABSA-N	CC(=O)[C@@]1(O)CC[C@H]2[C@@H]3C=C(C)C4=CC(=O)CC[C@@H]4[C@H]3CC[C@@]21C	chembl_approved	CHEMBL2105722	CC BY-SA 3.0	2026-09-25	328.45	3.614	1	3	54.37	1	24	52	4	0.714	0	0	0	
LAYLQVBQIBQVLL-UHFFFAOYSA-N	CCOC(=O)CCCCCCCCC(C)c1ccc(I)cc1	chembl_approved	CHEMBL951	CC BY-SA 3.0	2026-09-25	416.34	6.079	0	2	26.3	11	22	51	1	0.632	0	1	0	
LBHIOVVIQHSOQN-UHFFFAOYSA-N	O=C(NCCO[N+](=O)[O-])c1cccnc1	chembl_approved	CHEMBL284906	CC BY-SA 3.0	2026-09-25	211.18	0.02	1	5	94.36	5	15	24	1	0.25	0	0	0	
LBHLFPGPEGDCJG-UHFFFAOYSA-N	COc1cc(C)c2c(Oc3cccc(C(F)(F)F)c3)c(OC)cc(NC(C)CCCN)c2n1	chembl_approved	CHEMBL298470	CC BY-SA 3.0	2026-09-25	463.5	5.911	2	6	78.63	9	33	61	3	0.375	0	1	0	chembl_approved:CHEMBL2364635
LCDDAGSJHKEABN-MLGOLLRUSA-N	CC(C)(C)OC[C@@H]1C(=O)NCCN1C(=O)C[C@H](N)Cc1cc(F)c(F)cc1F	chembl_approved	CHEMBL1779710	CC BY-SA 3.0	2026-09-25	401.43	1.506	2	4	84.66	6	28	54	2	0.579	0	0	0	
LCQLHJZYVOQKHU-VKHMYHEASA-N	NC(=O)N[C@@H](CCC(=O)O)C(=O)O	chembl_approved	CHEMBL1201780	CC BY-SA 3.0	2026-09-25	190.16	-1.027	4	3	129.72	5	13	23	0	0.5	0	0	0	
LCTZPQRFOZKZNK-UHFFFAOYSA-N	C[N+]1(C)CCC(=C(c2ccccc2)c2ccccc2)CC1	chembl_approved	CHEMBL1200880	CC BY-SA 3.0	2026-09-25	278.42	4.359	0	0	0.0	2	21	45	3	0.3	0	0	0	chembl_approved:CHEMBL1201340
LDCRTTXIJACKKU-ONEGZZNKSA-N	COC(=O)/C=C/C(=O)OC	chembl_approved	CHEMBL2107333	CC BY-SA 3.0	2026-09-25	144.13	-0.111	0	4	52.6	2	10	18	0	0.333	0	0	0	
LDEKQSIMHVQZJK-CAQYMETFSA-N	CC(C)OC(=O)[C@H](C)N[P@](=O)(CO[C@H](C)Cn1cnc2c(N)ncnc21)Oc1ccccc1	chembl_approved	CHEMBL2107825	CC BY-SA 3.0	2026-09-25	476.47	2.973	2	9	143.48	11	33	62	3	0.429	0	0	0	chembl_approved:CHEMBL2364637
LDMWSLGGVTVJPG-UHFFFAOYSA-N	Cc1cc(-c2ccccc2)nnc1NCCN1CCOCC1	chembl_approved	CHEMBL278819	CC BY-SA 3.0	2026-09-25	298.39	2.196	1	5	50.28	5	22	44	3	0.412	0	0	0	chembl_approved:CHEMBL1364551
LDXDSHIEDAPSSA-OAHLLOKOSA-N	O=C(O)CCn1c2c(c3ccccc31)C[C@H](NS(=O)(=O)c1ccc(F)cc1)CC2	chembl_approved	CHEMBL361812	CC BY-SA 3.0	2026-09-25	416.47	3.091	2	3	88.4	6	29	50	4	0.286	1	0	0	
LDXYBEHACFJIEL-HNNXBMFYSA-N	Cc1cc2ncc(C(=O)NCC(C)(C)NCC(=O)N3CCC[C@H]3C#N)cn2n1	chembl_approved	CHEMBL1929396	CC BY-SA 3.0	2026-09-25	383.46	0.65	2	6	115.42	6	28	53	3	0.526	0	0	0	
LEBVLXFERQHONN-INIZCTEOSA-N	CCCCN1CCCC[C@H]1C(=O)Nc1c(C)cccc1C	chembl_approved	CHEMBL1200749	CC BY-SA 3.0	2026-09-25	288.44	3.897	1	2	32.34	5	21	49	2	0.611	0	0	0	chembl_approved:CHEMBL1201193
LEBVLXFERQHONN-UHFFFAOYSA-N	CCCCN1CCCCC1C(=O)Nc1c(C)cccc1C	chembl_approved	CHEMBL1098	CC BY-SA 3.0	2026-09-25	288.44	3.897	1	2	32.34	5	21	49	2	0.611	0	0	0	chembl_approved:CHEMBL1200396
LENZDBCJOHFCAS-UHFFFAOYSA-N	NC(CO)(CO)CO	chembl_approved	CHEMBL1200391	CC BY-SA 3.0	2026-09-25	121.14	-2.339	4	4	86.71	3	8	19	0	1.0	0	0	0	
LERNTVKEWCAPOY-DZZGSBJMSA-N	C[N+]1(C)[C@@H]2C[C@@H](OC(=O)C(O)(c3cccs3)c3cccs3)C[C@H]1[C@@H]1O[C@@H]12	chembl_approved	CHEMBL1900528	CC BY-SA 3.0	2026-09-25	392.52	2.346	1	6	59.06	4	26	48	5	0.526	0	0	0	chembl_approved:CHEMBL3545181
LEROTMJVBFSIMP-UHFFFAOYSA-N	CCC(C)C(C)(COC(N)=O)COC(N)=O	chembl_approved	CHEMBL1200922	CC BY-SA 3.0	2026-09-25	232.28	1.229	2	4	104.64	6	16	36	0	0.8	0	0	0	
LEZWWPYKPKIXLL-UHFFFAOYSA-N	Clc1ccc(COC(Cn2ccnc2)c2ccc(Cl)cc2Cl)cc1	chembl_approved	CHEMBL808	CC BY-SA 3.0	2026-09-25	381.69	5.801	0	2	27.05	6	24	39	3	0.167	0	1	0	chembl_approved:CHEMBL1201049
LFQDNHWZDQTITF-UHFFFAOYSA-N	OB1OCc2cc(F)ccc21	chembl_approved	CHEMBL443052	CC BY-SA 3.0	2026-09-25	151.93	0.043	1	2	29.46	0	11	17	2	0.143	0	0	1	
LGLFFNDHMLKUMI-UHFFFAOYSA-N	CN(C)c1ccc(C(=C2C=CC(=[N+](C)C)C=C2)c2ccc(N(C)C)cc2)cc1	chembl_approved	CHEMBL64894	CC BY-SA 3.0	2026-09-25	372.54	4.46	0	2	9.49	4	28	58	3	0.24	1	0	0	chembl_approved:CHEMBL459265
LHHCSNFAOIFYRV-DOVBMPENSA-N	CC(C)(C)NC(=O)N[C@H](C(=O)N1C[C@H]2[C@@H]([C@H]1C(=O)NC(CC1CCC1)C(=O)C(N)=O)C2(C)C)C(C)(C)C	chembl_approved	CHEMBL218394	CC BY-SA 3.0	2026-09-25	519.69	1.711	4	5	150.7	8	37	82	3	0.815	0	1	0	
LIAWQASKBFCRNR-UHFFFAOYSA-N	CCOc1ccc(NC(=O)CC(C)O)cc1	chembl_approved	CHEMBL1697856	CC BY-SA 3.0	2026-09-25	223.27	1.795	2	3	58.56	5	16	33	1	0.417	0	0	1	
LIENCHBZNNMNKG-OJFNHCPVSA-N	CC(C)(C)[C@H](NC(=O)C(F)(F)F)C(=O)N1C[C@H]2[C@@H]([C@H]1C(=O)N[C@H](C#N)C[C@@H]1CCNC1=O)C2(C)C	chembl_approved	CHEMBL4802135	CC BY-SA 3.0	2026-09-25	499.53	1.097	3	5	131.4	6	35	67	3	0.783	0	0	0	
LIOLIMKSCNQPLV-UHFFFAOYSA-N	CNC(=O)c1ccc(-c2cnc3ncc(Cc4ccc5ncccc5c4)n3n2)cc1F	chembl_approved	CHEMBL3188267	CC BY-SA 3.0	2026-09-25	412.43	3.429	1	5	85.07	4	31	48	5	0.087	0	0	0	chembl_approved:CHEMBL3989937
LIQODXNTTZAGID-OCBXBXKTSA-N	COc1cc([C@@H]2c3cc4c(cc3[C@@H](O[C@@H]3O[C@@H]5CO[C@@H](C)O[C@H]5[C@H](O)[C@H]3O)[C@H]3COC(=O)[C@H]23)OCO4)cc(OC)c1OP(=O)(O)O	chembl_approved	CHEMBL1200645	CC BY-SA 3.0	2026-09-25	668.54	1.104	4	14	207.36	7	46	79	7	0.552	0	2	0	
LIRCDOVJWUGTMW-ZWNOBZJWSA-M	O=C([O-])CCC(=O)OC[C@@H](NC(=O)C(Cl)Cl)[C@H](O)c1ccc([N+](=O)[O-])cc1	chembl_approved	CHEMBL1200729	CC BY-SA 3.0	2026-09-25	422.2	-0.01	2	8	158.9	10	27	42	1	0.4	0	0	0	
LIRCDOVJWUGTMW-ZWNOBZJWSA-N	O=C(O)CCC(=O)OC[C@@H](NC(=O)C(Cl)Cl)[C@H](O)c1ccc([N+](=O)[O-])cc1	chembl_approved	CHEMBL1201281	CC BY-SA 3.0	2026-09-25	423.21	1.325	3	7	156.07	10	27	43	1	0.4	0	0	0	
LIRYPHYGHXZJBZ-UHFFFAOYSA-N	CC(=O)Nc1cccc(-n2c(=O)n(C3CC3)c(=O)c3c(Nc4ccc(I)cc4F)n(C)c(=O)c(C)c32)c1	chembl_approved	CHEMBL2103875	CC BY-SA 3.0	2026-09-25	615.4	3.94	2	5	107.13	5	37	60	5	0.231	0	1	0	chembl_approved:CHEMBL2105741
LJVAJPDWBABPEJ-PNUFFHFMSA-N	CC[C@H]1OC(=O)[C@H](C)C(=O)[C@H](C)[C@@H](O[C@@H]2O[C@H](C)C[C@H](N(C)C)[C@H]2O)[C@](C)(OC)C[C@@H](C)C(=O)[C@H](C)[C@H]2N(CCCCn3cnc(-c4cccnc4)c3)C(=O)O[C@]12C	chembl_approved	CHEMBL1136	CC BY-SA 3.0	2026-09-25	812.02	4.929	1	13	171.85	11	58	123	5	0.721	0	2	0	
LKAJKIOFIWVMDJ-IYRCEVNGSA-N	C[C@]12Cc3c[nH]nc3C[C@@H]1CC[C@@H]1[C@@H]2CC[C@@]2(C)[C@H]1CC[C@]2(C)O	chembl_approved	CHEMBL2079587	CC BY-SA 3.0	2026-09-25	328.5	4.118	2	2	48.91	0	24	56	5	0.857	0	0	0	
LKCWBDHBTVXHDL-RMDFUYIESA-N	NCC[C@H](O)C(=O)N[C@@H]1C[C@H](N)[C@@H](O[C@H]2O[C@H](CN)[C@@H](O)[C@H](O)[C@H]2O)[C@H](O)[C@H]1O[C@H]1O[C@H](CO)[C@@H](O)[C@H](N)[C@H]1O	chembl_approved	CHEMBL177	CC BY-SA 3.0	2026-09-25	585.61	-8.424	13	17	331.94	10	40	83	3	0.955	0	3	0	chembl_approved:CHEMBL4208954
LKJPYSCBVHEWIU-UHFFFAOYSA-N	CC(O)(CS(=O)(=O)c1ccc(F)cc1)C(=O)Nc1ccc(C#N)c(C(F)(F)F)c1	chembl_approved	CHEMBL409	CC BY-SA 3.0	2026-09-25	430.38	2.88	2	5	107.26	5	29	43	2	0.222	0	0	0	
LKYQLAWMNBFNJT-UHFFFAOYSA-N	CCOC(=O)C1(c2ccccc2)CCN(CCc2ccc(N)cc2)CC1	chembl_approved	CHEMBL1200543	CC BY-SA 3.0	2026-09-25	352.48	3.408	1	4	55.56	6	26	54	3	0.409	1	0	0	chembl_approved:CHEMBL1201047;chembl_approved:CHEMBL1201347
LLPOLZWFYMWNKH-CMKMFDCUSA-N	COc1ccc2c3c1O[C@H]1C(=O)CC[C@H]4[C@@H](C2)N(C)CC[C@]314	chembl_approved	CHEMBL1457	CC BY-SA 3.0	2026-09-25	299.37	1.933	0	4	38.77	1	22	43	5	0.611	0	0	0	chembl_approved:CHEMBL3989677
LMEKQMALGUDUQG-UHFFFAOYSA-N	Cn1cnc([N+](=O)[O-])c1Sc1ncnc2[nH]cnc12	chembl_approved	CHEMBL1542	CC BY-SA 3.0	2026-09-25	277.27	1.146	1	7	115.42	3	19	26	3	0.111	0	0	0	
LMJSLTNSBFUCMU-UHFFFAOYSA-N	NS(=O)(=O)c1cc2c(cc1Cl)NC(C(Cl)Cl)NS2(=O)=O	chembl_approved	CHEMBL1054	CC BY-SA 3.0	2026-09-25	380.66	0.821	3	5	118.36	2	20	28	2	0.25	0	0	0	
LMOINURANNBYCM-UHFFFAOYSA-N	CC(C)NCC(O)c1cc(O)cc(O)c1	chembl_approved	CHEMBL776	CC BY-SA 3.0	2026-09-25	211.26	1.129	4	4	72.72	4	15	32	1	0.455	0	0	0	chembl_approved:CHEMBL1568057
LNEPOXFFQSENCJ-UHFFFAOYSA-N	O=C(CCCN1CCC(O)(c2ccc(Cl)cc2)CC1)c1ccc(F)cc1	chembl_approved	CHEMBL54	CC BY-SA 3.0	2026-09-25	375.87	4.426	1	3	40.54	6	26	49	3	0.381	0	0	0	chembl_approved:CHEMBL4297147
LNPDTQAFDNKSHK-UHFFFAOYSA-N	Cc1onc(-c2ccccc2)c1-c1ccc(S(N)(=O)=O)cc1	chembl_approved	CHEMBL865	CC BY-SA 3.0	2026-09-25	314.37	2.964	1	4	86.19	3	22	36	3	0.062	0	0	0	
LOMMPXLFBTZENJ-ZACQAIPSSA-N	CS(=O)(=O)c1ccc(Oc2cc(F)cc(C#N)c2)c2c1[C@H](O)[C@H](F)[C@@H]2F	chembl_approved	CHEMBL4585668	CC BY-SA 3.0	2026-09-25	383.35	3.289	1	5	87.39	3	26	38	3	0.235	0	0	0	
LOUPRKONTZGTKE-LHHVKLHASA-N	C=C[C@H]1CN2CC[C@H]1C[C@@H]2[C@@H](O)c1ccnc2ccc(OC)cc12	chembl_approved	CHEMBL1294	CC BY-SA 3.0	2026-09-25	324.42	3.173	1	4	45.59	4	24	48	5	0.45	0	0	0	chembl_approved:CHEMBL1200437;chembl_approved:CHEMBL3707183
LOUPRKONTZGTKE-WZBLMQSHSA-N	C=C[C@H]1CN2CC[C@H]1C[C@H]2[C@H](O)c1ccnc2ccc(OC)cc12	chembl_approved	CHEMBL170	CC BY-SA 3.0	2026-09-25	324.42	3.173	1	4	45.59	4	24	48	5	0.45	0	0	0	chembl_approved:CHEMBL2359966
LOVMMUBRQUFEAH-UIEAZXIASA-N	O=C(CCC/C=C\C[C@@H]1[C@@H](CC[C@@H](O)CCc2ccccc2)[C@H](O)C[C@@H]1O)OCCCCO[N+](=O)[O-]	chembl_approved	CHEMBL2364612	CC BY-SA 3.0	2026-09-25	507.62	3.767	3	8	139.36	18	36	77	2	0.667	0	1	0	
LPAUOXUZGSBGDU-STDDISTJSA-N	CCC/N=C1\S/C(=C\c2ccc(OC[C@H](O)CO)c(Cl)c2)C(=O)N1c1ccccc1C	chembl_approved	CHEMBL1096146	CC BY-SA 3.0	2026-09-25	460.98	4.267	2	6	82.36	8	31	56	3	0.304	0	0	0	
LPQZKKCYTLCDGQ-WEDXCCLWSA-M	C[C@]1(Cn2ccnn2)[C@H](C(=O)[O-])N2C(=O)C[C@H]2S1(=O)=O	chembl_approved	CHEMBL1439	CC BY-SA 3.0	2026-09-25	299.29	-2.858	0	7	125.29	3	20	31	3	0.6	0	0	0	
LPQZKKCYTLCDGQ-WEDXCCLWSA-N	C[C@]1(Cn2ccnn2)[C@H](C(=O)O)N2C(=O)C[C@H]2S1(=O)=O	chembl_approved	CHEMBL404	CC BY-SA 3.0	2026-09-25	300.3	-1.523	1	6	122.46	3	20	32	3	0.6	0	0	0	
LQBVNQSMGBZMKD-UHFFFAOYSA-N	CC1(C)CCC(CN2CCN(c3ccc(C(=O)NS(=O)(=O)c4ccc(NCC5CCOCC5)c([N+](=O)[O-])c4)c(Oc4cnc5[nH]ccc5c4)c3)CC2)=C(c2ccc(Cl)cc2)C1	chembl_approved	CHEMBL3137309	CC BY-SA 3.0	2026-09-25	868.46	8.66	3	11	172.03	13	61	111	8	0.378	0	3	0	
LQCLVBQBTUVCEQ-QTFUVMRISA-N	CO[C@H]1C[C@H](O[C@H]2[C@H](C)[C@@H](O[C@@H]3O[C@H](C)C[C@H](N(C)C)[C@H]3OC(C)=O)[C@@H](C)C[C@@]3(CO3)C(=O)[C@H](C)[C@@H](OC(C)=O)[C@@H](C)[C@@H](C)OC(=O)[C@@H]2C)O[C@@H](C)[C@@H]1OC(C)=O	chembl_approved	CHEMBL564085	CC BY-SA 3.0	2026-09-25	813.98	3.621	0	16	184.19	9	57	124	4	0.878	0	2	0	
LQOLIRLGBULYKD-JKIFEVAISA-M	Cc1onc(-c2ccccc2Cl)c1C(=O)N[C@@H]1C(=O)N2[C@@H]1SC(C)(C)[C@@H]2C(=O)[O-]	chembl_approved	CHEMBL1200388	CC BY-SA 3.0	2026-09-25	434.88	1.214	1	7	115.57	4	29	46	4	0.368	0	0	0	
LQOLIRLGBULYKD-JKIFEVAISA-N	Cc1onc(-c2ccccc2Cl)c1C(=O)N[C@@H]1C(=O)N2[C@@H]1SC(C)(C)[C@@H]2C(=O)O	chembl_approved	CHEMBL891	CC BY-SA 3.0	2026-09-25	435.89	2.549	2	6	112.74	4	29	47	4	0.368	0	0	0	
LRJOMUJRLNCICJ-JZYPGELDSA-N	CC(=O)OCC(=O)[C@@]1(O)CC[C@H]2[C@@H]3CCC4=CC(=O)C=C[C@]4(C)[C@H]3[C@@H](O)C[C@@]21C	chembl_approved	CHEMBL1152	CC BY-SA 3.0	2026-09-25	402.49	2.128	2	6	100.9	3	29	59	4	0.696	0	0	0	
LRWSFOSWNAQHHW-UHFFFAOYSA-N	CCCCCCC(=O)OCCN1CCN(CCCN2c3ccccc3Sc3ccc(C(F)(F)F)cc32)CC1	chembl_approved	CHEMBL1200951	CC BY-SA 3.0	2026-09-25	549.7	6.829	0	6	36.02	12	38	76	4	0.552	0	2	0	
LRXXRIXDSAEIOR-UHFFFAOYSA-N	CC(Cc1ccccc1)NCc1ccccc1Cl	chembl_approved	CHEMBL1213251	CC BY-SA 3.0	2026-09-25	259.78	4.061	1	1	12.03	5	18	36	2	0.25	0	0	0	
LSLYOANBFKQKPT-UHFFFAOYSA-N	CC(Cc1ccc(O)cc1)NCC(O)c1cc(O)cc(O)c1	chembl_approved	CHEMBL32800	CC BY-SA 3.0	2026-09-25	303.36	2.058	5	5	92.95	6	22	43	2	0.294	0	0	0	
LSQZJLSUYDQPKJ-NJBDSQKTSA-N	CC1(C)S[C@@H]2[C@H](NC(=O)[C@H](N)c3ccc(O)cc3)C(=O)N2[C@H]1C(=O)O	chembl_approved	CHEMBL1082	CC BY-SA 3.0	2026-09-25	365.41	0.024	4	6	132.96	4	25	44	3	0.438	0	0	0	
LTINPJMVDKPJJI-UHFFFAOYSA-N	CC(I)C1OCC(CO)O1	chembl_approved	CHEMBL2105827	CC BY-SA 3.0	2026-09-25	258.06	0.544	1	3	38.69	2	10	21	1	1.0	0	0	1	
LTINZAODLRIQIX-FBXRGJNPSA-N	COCC1=C(C(=O)OC(C)OC(=O)OC(C)C)N2C(=O)[C@@H](NC(=O)/C(=N\OC)c3csc(N)n3)[C@H]2SC1	chembl_approved	CHEMBL1201016	CC BY-SA 3.0	2026-09-25	557.61	0.827	2	14	180.97	10	37	64	3	0.524	0	2	0	
LTMHDMANZUZIPE-PUGKRICDSA-N	C[C@H]1O[C@@H](O[C@H]2[C@@H](O)C[C@H](O[C@H]3[C@@H](O)C[C@H](O[C@H]4CC[C@@]5(C)[C@H](CC[C@@H]6[C@@H]5C[C@@H](O)[C@]5(C)[C@@H](C7=CC(=O)OC7)CC[C@]65O)C4)O[C@@H]3C)O[C@@H]2C)C[C@H](O)[C@@H]1O	chembl_approved	CHEMBL1751	CC BY-SA 3.0	2026-09-25	780.95	2.218	6	14	203.06	7	55	119	8	0.927	0	3	0	
LTXREWYXXSTFRX-QGZVFWFLSA-N	CC#CCn1c(N2CCC[C@@H](N)C2)nc2c1c(=O)n(Cc1nc(C)c3ccccc3n1)c(=O)n2C	chembl_approved	CHEMBL237500	CC BY-SA 3.0	2026-09-25	472.55	1.147	1	7	116.86	4	35	63	5	0.4	0	0	0	
LUALIOATIOESLM-UHFFFAOYSA-N	N#Cc1ccc2c(c1)N(CCCN1CCC(O)CC1)c1ccccc1S2	chembl_approved	CHEMBL251940	CC BY-SA 3.0	2026-09-25	365.5	4.008	1	5	50.5	4	26	49	4	0.381	0	0	0	
LUBHDINQXIHVLS-UHFFFAOYSA-N	COc1ccc2c(C(=S)N(C)CC(=O)O)cccc2c1C(F)(F)F	chembl_approved	CHEMBL436	CC BY-SA 3.0	2026-09-25	357.35	3.559	1	3	49.77	4	24	38	2	0.25	0	0	0	
LUKZNWIVRBCLON-GXOBDPJESA-N	CC(C)C(=O)OCC(=O)[C@@]12O[C@H](C3CCCCC3)O[C@@H]1C[C@H]1[C@@H]3CCC4=CC(=O)C=C[C@]4(C)[C@H]3[C@@H](O)C[C@@]12C	chembl_approved	CHEMBL2040682	CC BY-SA 3.0	2026-09-25	540.7	4.704	1	7	99.13	5	39	83	6	0.781	0	1	0	
LUMAEVHDZXIGEP-UHFFFAOYSA-N	CC(Cc1ccc2c(c1)OCO2)NCC(O)c1ccc(O)c(O)c1	chembl_approved	CHEMBL1200893	CC BY-SA 3.0	2026-09-25	331.37	2.081	4	6	91.18	6	24	45	3	0.333	1	0	0	chembl_approved:CHEMBL1201273
LUMKNAVTFCDUIE-VHXPQNKSSA-N	OCCOc1ccc(/C(=C(/CCCl)c2ccccc2)c2ccccc2)cc1	chembl_approved	CHEMBL2105395	CC BY-SA 3.0	2026-09-25	378.9	5.646	1	2	29.46	8	27	50	3	0.167	0	1	0	
LUZRJRNZXALNLM-JGRZULCMSA-N	CN1C[C@H](C(=O)N[C@]2(C)O[C@@]3(O)[C@@H]4CCCN4C(=O)[C@H](Cc4ccccc4)N3C2=O)C[C@@H]2c3cccc4[nH]cc(c34)C[C@H]21	chembl_approved	CHEMBL1732	CC BY-SA 3.0	2026-09-25	583.69	2.081	3	6	118.21	4	43	80	8	0.485	0	1	0	chembl_approved:CHEMBL1200517
LVWZTYCIRDMTEY-UHFFFAOYSA-M	Cc1c(N(C)CS(=O)(=O)[O-])c(=O)n(-c2ccccc2)n1C	chembl_approved	CHEMBL3989803	CC BY-SA 3.0	2026-09-25	310.36	0.423	0	5	87.37	4	21	37	2	0.308	0	0	0	
LVWZTYCIRDMTEY-UHFFFAOYSA-N	Cc1c(N(C)CS(=O)(=O)O)c(=O)n(-c2ccccc2)n1C	chembl_approved	CHEMBL461522	CC BY-SA 3.0	2026-09-25	311.36	0.766	1	4	84.54	4	21	38	2	0.308	0	0	0	
LVXJQMNHJWSHET-AATRIKPKSA-N	COc1cc2ncnc(Nc3ccc(F)c(Cl)c3)c2cc1NC(=O)/C=C/CN1CCCCC1	chembl_approved	CHEMBL2105719	CC BY-SA 3.0	2026-09-25	469.95	5.155	2	6	79.38	7	33	58	4	0.292	0	1	0	chembl_approved:CHEMBL2110732
LWAFSWPYPHEXKX-UHFFFAOYSA-N	CC(C)(C)NCC(O)COc1cccc2c1CCC(=O)N2	chembl_approved	CHEMBL839	CC BY-SA 3.0	2026-09-25	292.38	1.699	3	4	70.59	5	21	45	2	0.562	0	0	0	chembl_approved:CHEMBL1201002
LWQQLNNNIPYSNX-UROSTWAQSA-N	C=C1/C(=C\C=C2/CCC[C@]3(C)[C@@H]([C@H](C)/C=C/[C@@H](O)C4CC4)CC[C@@H]23)C[C@@H](O)C[C@@H]1O	chembl_approved	CHEMBL1200666	CC BY-SA 3.0	2026-09-25	412.61	5.091	3	3	60.69	5	30	70	4	0.704	0	1	0	
LXBIFEVIBLOUGU-DPYQTVNSSA-N	OC[C@H]1NC[C@H](O)[C@@H](O)[C@H]1O	chembl_approved	CHEMBL110458	CC BY-SA 3.0	2026-09-25	163.17	-2.967	5	5	92.95	1	11	24	1	1.0	0	0	0	chembl_approved:CHEMBL2107355
LXMSZDCAJNLERA-ZHYRCANASA-N	CC(=O)S[C@@H]1CC2=CC(=O)CC[C@]2(C)[C@H]2CC[C@@]3(C)[C@@H](CC[C@@]34CCC(=O)O4)[C@H]12	chembl_approved	CHEMBL1393	CC BY-SA 3.0	2026-09-25	416.58	4.852	0	5	60.44	1	29	61	5	0.792	0	0	0	
LXNHXLLTXMVWPM-UHFFFAOYSA-N	Cc1ncc(CO)c(CO)c1O	chembl_approved	CHEMBL1364	CC BY-SA 3.0	2026-09-25	169.18	0.08	3	4	73.58	2	12	23	1	0.375	0	0	0	chembl_approved:CHEMBL1200756
LYPFDBRUNKHDGX-UHFFFAOYSA-N	Oc1cccc(-c2c3nc(c(-c4cccc(O)c4)c4ccc([nH]4)c(-c4cccc(O)c4)c4nc(c(-c5cccc(O)c5)c5ccc2[nH]5)CC4)C=C3)c1	chembl_approved	CHEMBL500576	CC BY-SA 3.0	2026-09-25	680.76	9.761	6	6	138.28	4	52	84	9	0.045	0	3	0	
LZCDAPDGXCYOEH-UHFFFAOYSA-N	COc1ccc(-c2ccc3cc(C(=O)O)ccc3c2)cc1C12CC3CC(CC(C3)C1)C2	chembl_approved	CHEMBL1265	CC BY-SA 3.0	2026-09-25	412.53	6.681	1	2	46.53	4	31	59	7	0.393	0	1	0	
LZCOQTDXKCNBEE-IKIFYQGPSA-N	C[N+]1(C)[C@@H]2C[C@@H](OC(=O)[C@H](CO)c3ccccc3)C[C@H]1[C@@H]1O[C@@H]12	chembl_approved	CHEMBL376897	CC BY-SA 3.0	2026-09-25	318.39	1.063	1	4	59.06	4	23	47	4	0.611	0	0	0	chembl_approved:CHEMBL1354199
LZFZMUMEGBBDTC-QEJZJMRPSA-N	C[C@H](N[C@@H](CCc1ccccc1)C(=O)O)C(=O)N1CCC[C@H]1C(=O)O	chembl_approved	CHEMBL577	CC BY-SA 3.0	2026-09-25	348.4	1.126	3	4	106.94	8	25	49	2	0.5	0	0	0	chembl_approved:CHEMBL3989406
LZPZPHGJDAGEJZ-AKAIJSEGSA-N	CNC(=O)c1cnn(-c2nc(N)c3ncn([C@@H]4O[C@H](CO)[C@@H](O)[C@H]4O)c3n2)c1	chembl_approved	CHEMBL317052	CC BY-SA 3.0	2026-09-25	390.36	-2.435	5	10	186.46	4	28	46	4	0.4	0	0	0	chembl_approved:CHEMBL3989695
MAEIEVLCKWDQJH-UHFFFAOYSA-N	CCCCNc1cc(C(=O)O)cc(S(N)(=O)=O)c1Oc1ccccc1	chembl_approved	CHEMBL1072	CC BY-SA 3.0	2026-09-25	364.42	3.037	3	5	118.72	8	25	45	2	0.235	0	0	0	
MAFMQEKGGFWBAB-UHFFFAOYSA-N	CCCCNc1ccc(C(=O)OCCOCCOCCOCCOCCOCCOCCOCCOCCOC)cc1	chembl_approved	CHEMBL1374379	CC BY-SA 3.0	2026-09-25	603.75	2.835	1	12	121.4	32	42	95	1	0.767	0	2	0	
MBBCVAKAJPKAKM-UHFFFAOYSA-N	O=C(NC1CCN(CCCCC2(C(=O)NCC(F)(F)F)c3ccccc3-c3ccccc32)CC1)c1ccccc1-c1ccc(C(F)(F)F)cc1	chembl_approved	CHEMBL354541	CC BY-SA 3.0	2026-09-25	693.73	8.382	2	3	61.44	10	50	87	6	0.333	0	2	0	chembl_approved:CHEMBL2105662
MBBZMMPHUWSWHV-BDVNFPICSA-N	CNC[C@H](O)[C@@H](O)[C@H](O)[C@H](O)CO	chembl_approved	CHEMBL1200570	CC BY-SA 3.0	2026-09-25	195.21	-3.358	6	6	113.18	6	13	30	0	1.0	0	1	0	
MBGGBVCUIVRRBF-UHFFFAOYSA-N	O=C1C(CC[S+]([O-])c2ccccc2)C(=O)N(c2ccccc2)N1c1ccccc1	chembl_approved	CHEMBL832	CC BY-SA 3.0	2026-09-25	404.49	3.796	0	3	63.68	6	29	49	4	0.13	1	0	0	
MBOMYENWWXQSNW-AWEZNQCLSA-N	CC(C)C[C@H](NC(=O)CNC(=O)c1cc(Cl)ccc1Cl)B1OC(=O)C(CC(=O)O)(CC(=O)O)O1	chembl_approved	CHEMBL3545432	CC BY-SA 3.0	2026-09-25	517.13	1.543	4	7	168.33	11	34	57	2	0.45	0	1	0	
MBUVEWMHONZEQD-UHFFFAOYSA-N	CN1CCCC(n2nc(Cc3ccc(Cl)cc3)c3ccccc3c2=O)CC1	chembl_approved	CHEMBL639	CC BY-SA 3.0	2026-09-25	381.91	4.298	0	3	38.13	3	27	51	4	0.364	0	0	0	chembl_approved:CHEMBL1200809
MBWXNTAXLNYFJB-NKFFZRIASA-N	CC1=C(C/C=C(\C)CCC[C@H](C)CCC[C@H](C)CCCC(C)C)C(=O)c2ccccc2C1=O	chembl_approved	CHEMBL1550	CC BY-SA 3.0	2026-09-25	450.71	9.158	0	2	34.14	14	33	79	2	0.613	1	1	0	
MCGSCOLBFJQGHM-SCZZXKLOSA-N	Nc1nc(NC2CC2)c2ncn([C@H]3C=C[C@@H](CO)C3)c2n1	chembl_approved	CHEMBL1380	CC BY-SA 3.0	2026-09-25	286.34	1.092	3	6	101.88	4	21	39	4	0.5	0	0	0	chembl_approved:CHEMBL4303288
MCIACXAZCBVDEE-CUUWFGFTSA-N	CCOc1ccc(Cc2cc([C@]34OC[C@](CO)(O3)[C@@H](O)[C@H](O)[C@H]4O)ccc2Cl)cc1	chembl_approved	CHEMBL1770248	CC BY-SA 3.0	2026-09-25	436.89	1.356	4	7	108.61	6	30	55	4	0.455	0	0	0	chembl_approved:CHEMBL5315054
MDKGKXOCJGEUJW-UHFFFAOYSA-N	CC(C(=O)O)c1ccc(C(=O)c2cccs2)cc1	chembl_approved	CHEMBL956	CC BY-SA 3.0	2026-09-25	260.31	3.167	1	3	54.37	4	18	30	2	0.143	0	0	0	
MDMTUGIZSFHDIC-UHFFFAOYSA-N	CCCCc1nc(Cl)c(CO)n1Cc1ccc(-c2ccccc2-c2nnn[n-]2)cc1	chembl_approved	CHEMBL995	CC BY-SA 3.0	2026-09-25	421.91	3.896	1	5	90.82	8	30	52	4	0.273	0	0	0	
MDSQOJYHHZBZKA-GBXCKJPGSA-N	CCOC(=O)[C@@H](N)Cc1ccc(-c2cc(O[C@H](c3ccc(Cl)cc3-n3ccc(C)n3)C(F)(F)F)nc(N)n2)cc1	chembl_approved	CHEMBL2105695	CC BY-SA 3.0	2026-09-25	574.99	4.989	2	8	131.17	9	40	66	4	0.259	0	1	0	chembl_approved:CHEMBL3348963
MECHNRXZTMCUDQ-RKHKHRCZSA-N	C=C1CC[C@H](O)C/C1=C/C=C1\CCC[C@]2(C)[C@@H]([C@H](C)/C=C/[C@H](C)C(C)C)CC[C@@H]12	chembl_approved	CHEMBL1536	CC BY-SA 3.0	2026-09-25	396.66	7.641	1	1	20.23	5	29	73	3	0.714	0	1	0	
METKIMKYRPQLGS-UHFFFAOYSA-N	CC(C)NCC(O)COc1ccc(CC(N)=O)cc1	chembl_approved	CHEMBL24	CC BY-SA 3.0	2026-09-25	266.34	0.452	3	4	84.58	8	19	41	1	0.5	0	0	0	
METQSPRSQINEEU-HXCATZOESA-N	C[C@]12CCC(=O)C=C1[C@@H]1C[C@@H]1[C@H]1[C@@H]3[C@@H]4C[C@@H]4[C@@]4(CCC(=O)O4)[C@@]3(C)CC[C@@H]12	chembl_approved	CHEMBL1509	CC BY-SA 3.0	2026-09-25	366.5	4.306	0	3	43.37	0	27	57	7	0.833	0	0	0	
MEZLKOACVSPNER-GFCCVEGCSA-N	C#CCN(C)[C@H](C)Cc1ccccc1	chembl_approved	CHEMBL972	CC BY-SA 3.0	2026-09-25	187.29	2.183	0	1	3.24	4	14	31	1	0.385	0	0	1	chembl_approved:CHEMBL1200904
MFBCDACCJCDGBA-UHFFFAOYSA-N	CC(C)(C)c1cc(-c2cc(-c3ccc(C(=O)O)cc3)ccc2OCCO)ccc1N1CCCC1	chembl_approved	CHEMBL3707313	CC BY-SA 3.0	2026-09-25	459.59	5.988	2	4	70.0	7	34	67	4	0.345	0	1	0	
MFDFERRIHVXMIY-UHFFFAOYSA-N	CCN(CC)CCOC(=O)c1ccc(N)cc1	chembl_approved	CHEMBL569	CC BY-SA 3.0	2026-09-25	236.31	1.767	1	4	55.56	6	17	37	1	0.462	0	0	0	chembl_approved:CHEMBL1200841
MFFMDFFZMYYVKS-SECBINFHSA-N	N[C@@H](CC(=O)N1CCn2c(nnc2C(F)(F)F)C1)Cc1cc(F)c(F)cc1F	chembl_approved	CHEMBL1422	CC BY-SA 3.0	2026-09-25	407.32	2.016	1	4	77.04	4	28	43	3	0.438	0	0	0	chembl_approved:CHEMBL1201174;chembl_approved:CHEMBL5315049;chembl_approved:CHEMBL6068334
MFOCDFTXLCYLKU-CMPLNLGQSA-N	C[C@H]1[C@H](c2ccccc2)OCCN1C	chembl_approved	CHEMBL1615439	CC BY-SA 3.0	2026-09-25	191.27	2.078	0	2	12.47	1	14	31	2	0.5	0	0	1	chembl_approved:CHEMBL2062163
MFWNKCLOYSRHCJ-UHFFFAOYSA-N	CN1C2CCCC1CC(NC(=O)c1nn(C)c3ccccc13)C2	chembl_approved	CHEMBL289469	CC BY-SA 3.0	2026-09-25	312.42	2.318	1	3	50.16	2	23	47	4	0.556	0	0	0	chembl_approved:CHEMBL1237080
MHIGBKBJSQVXNH-IWVLMIASSA-N	C=C1c2cccc(O)c2C(=O)C2=C(O)[C@]3(O)C(=O)C(C(N)=O)=C(O)[C@@H](N(C)C)[C@@H]3[C@@H](O)[C@H]12	chembl_approved	CHEMBL249837	CC BY-SA 3.0	2026-09-25	442.42	-0.438	6	9	181.62	2	32	54	4	0.318	0	1	0	chembl_approved:CHEMBL2146123
MHWLWQUZZRMNGJ-UHFFFAOYSA-N	CCn1cc(C(=O)O)c(=O)c2ccc(C)nc21	chembl_approved	CHEMBL5	CC BY-SA 3.0	2026-09-25	232.24	1.423	1	3	72.19	2	17	29	2	0.25	0	0	1	
MINDHVHHQZYEEK-HBBNESRFSA-N	C/C(=C\C(=O)OCCCCCCCCC(=O)O)C[C@@H]1OC[C@H](C[C@@H]2O[C@H]2[C@@H](C)[C@H](C)O)[C@@H](O)[C@H]1O	chembl_approved	CHEMBL719	CC BY-SA 3.0	2026-09-25	500.63	2.593	4	8	146.05	16	35	79	2	0.846	0	1	0	
MIQPIUSUKVNLNT-UHFFFAOYSA-N	Cc1ccc(C(=O)c2cc(O)c(O)c([N+](=O)[O-])c2)cc1	chembl_approved	CHEMBL1324	CC BY-SA 3.0	2026-09-25	273.24	2.545	2	5	100.67	3	20	31	2	0.071	1	0	0	
MITFXPHMIHQXPI-UHFFFAOYSA-N	CC(C(=O)O)c1ccc2oc(-c3ccc(Cl)cc3)nc2c1	chembl_approved	CHEMBL340978	CC BY-SA 3.0	2026-09-25	301.73	4.336	1	3	63.33	3	21	33	3	0.125	0	0	0	
MIWWSGDADVMLTG-UHFFFAOYSA-N	CSc1ccc(OCc2ncc([N+](=O)[O-])n2C)cc1	chembl_approved	CHEMBL1631694	CC BY-SA 3.0	2026-09-25	279.32	2.629	0	5	70.19	5	19	32	2	0.25	0	0	0	
MJFJKKXQDNNUJF-UHFFFAOYSA-N	CN1CCCC(CC2c3ccccc3Sc3ccccc32)C1	chembl_approved	CHEMBL1200426	CC BY-SA 3.0	2026-09-25	309.48	5.015	0	2	3.24	2	22	45	4	0.4	0	1	0	chembl_approved:CHEMBL1201342
MJIHNNLFOKEZEW-RUZDIDTESA-N	Cc1c(OCC(F)(F)F)ccnc1C[S@@+]([O-])c1nc2ccccc2[nH]1	chembl_approved	CHEMBL1201863	CC BY-SA 3.0	2026-09-25	369.37	3.515	1	4	73.86	5	25	39	3	0.25	0	0	0	
MJIHNNLFOKEZEW-UHFFFAOYSA-N	Cc1c(OCC(F)(F)F)ccnc1C[S+]([O-])c1nc2ccccc2[nH]1	chembl_approved	CHEMBL480	CC BY-SA 3.0	2026-09-25	369.37	3.515	1	4	73.86	5	25	39	3	0.25	0	0	0	
MJJALKDDGIKVBE-UHFFFAOYSA-N	CC(C)(C)c1ccc(C(=O)CCCN2CCC(OC(c3ccccc3)c3ccccc3)CC2)cc1	chembl_approved	CHEMBL305660	CC BY-SA 3.0	2026-09-25	469.67	7.218	0	3	29.54	9	35	74	4	0.406	0	1	0	
MJUVRTYWUMPBTR-MRXNPFEDSA-N	CC(C)(CO)c1cc2cc(NC(=O)C3(c4ccc5c(c4)OC(F)(F)O5)CC3)c(F)cc2n1C[C@@H](O)CO	chembl_approved	CHEMBL3544914	CC BY-SA 3.0	2026-09-25	520.5	3.395	4	6	113.18	8	37	64	5	0.423	0	1	0	
MJVAVZPDRWSRRC-UHFFFAOYSA-N	CC1=CC(=O)c2ccccc2C1=O	chembl_approved	CHEMBL590	CC BY-SA 3.0	2026-09-25	172.18	2.012	0	2	34.14	0	13	21	2	0.091	1	0	1	
MKDALIOACIEUJM-XCFCBFDASA-N	CC[C@@H]1[C@@H]2CN(C(=O)[C@H](C(C)(C)C)NC(=O)O[C@@H]3C[C@H]3CCCCC(F)(F)c3nc4ccc(OC)cc4nc3O2)[C@@H]1C(=O)N[C@]1(C(=O)NS(=O)(=O)C2(C)CC2)C[C@H]1C(C)C	chembl_approved	CHEMBL3707372	CC BY-SA 3.0	2026-09-25	861.02	5.347	3	11	195.22	8	60	118	7	0.714	0	3	0	
MKJIEFSOBYUXJB-LIJFRPJRSA-N	[2H]C([2H])([2H])Oc1cc2c(cc1OC([2H])([2H])[2H])C1CC(=O)C(CC(C)C)CN1CC2	chembl_approved	CHEMBL3137326	CC BY-SA 3.0	2026-09-25	323.47	3.238	0	4	38.77	4	23	50	3	0.632	0	0	0	
MKJIEFSOBYUXJB-UHFFFAOYSA-N	COc1cc2c(cc1OC)C1CC(=O)C(CC(C)C)CN1CC2	chembl_approved	CHEMBL117785	CC BY-SA 3.0	2026-09-25	317.43	3.238	0	4	38.77	4	23	50	3	0.632	0	0	0	
MKMPWKUAHLTIBJ-ISTRZQFTSA-N	CS(=O)(=O)n1cc2c(n1)CN([C@H]1CO[C@H](c3cc(F)ccc3F)[C@@H](N)C1)C2	chembl_approved	CHEMBL2105762	CC BY-SA 3.0	2026-09-25	398.44	1.142	1	6	90.45	3	27	47	4	0.471	0	0	0	
MKPLKVHSHYCHOC-AHTXBMBWSA-N	CC(C)OC(=O)CCC/C=C\C[C@@H]1[C@@H](/C=C/[C@@H](O)COc2cccc(C(F)(F)F)c2)[C@H](O)C[C@@H]1O	chembl_approved	CHEMBL1200799	CC BY-SA 3.0	2026-09-25	500.55	4.427	3	6	96.22	12	35	70	2	0.577	0	1	0	
MKUXAQIIEYXACX-UHFFFAOYSA-M	Nc1nc([O-])c2ncn(COCCO)c2n1	chembl_approved	CHEMBL1200380	CC BY-SA 3.0	2026-09-25	224.2	-1.551	2	7	122.14	4	16	26	2	0.375	0	0	0	
MKUXAQIIEYXACX-UHFFFAOYSA-N	Nc1nc2c(ncn2COCCO)c(=O)[nH]1	chembl_approved	CHEMBL184	CC BY-SA 3.0	2026-09-25	225.21	-1.332	3	6	119.05	4	16	27	2	0.375	0	0	0	
MKXKFYHWDHIYRV-UHFFFAOYSA-N	CC(C)C(=O)Nc1ccc([N+](=O)[O-])c(C(F)(F)F)c1	chembl_approved	CHEMBL806	CC BY-SA 3.0	2026-09-25	276.21	3.208	1	3	72.24	3	19	30	1	0.364	0	0	0	
MKXZASYAUGDDCJ-NJAFHUGGSA-N	COc1ccc2c(c1)[C@]13CCCC[C@@H]1[C@H](C2)N(C)CC3	chembl_approved	CHEMBL52440	CC BY-SA 3.0	2026-09-25	271.4	3.383	0	2	12.47	1	20	45	4	0.667	0	0	0	chembl_approved:CHEMBL1256818
MLBVMOWEQCZNCC-OEMFJLHTSA-L	CC(C)CN(C[C@@H](OP(=O)([O-])[O-])[C@H](Cc1ccccc1)NC(=O)O[C@H]1CCOC1)S(=O)(=O)c1ccc(N)cc1	chembl_approved	CHEMBL1200734	CC BY-SA 3.0	2026-09-25	583.6	1.256	2	10	183.38	13	39	73	3	0.48	0	1	0	
MLBVMOWEQCZNCC-OEMFJLHTSA-N	CC(C)CN(C[C@@H](OP(=O)(O)O)[C@H](Cc1ccccc1)NC(=O)O[C@H]1CCOC1)S(=O)(=O)c1ccc(N)cc1	chembl_approved	CHEMBL1664	CC BY-SA 3.0	2026-09-25	585.62	2.52	4	8	177.72	13	39	75	3	0.48	0	1	0	
MLDQJTXFUGDVEO-UHFFFAOYSA-N	CNC(=O)c1cc(Oc2ccc(NC(=O)Nc3ccc(Cl)c(C(F)(F)F)c3)cc2)ccn1	chembl_approved	CHEMBL1336	CC BY-SA 3.0	2026-09-25	464.83	5.55	3	4	92.35	5	32	48	3	0.095	0	1	0	chembl_approved:CHEMBL1200485
MLKXDPUZXIRXEP-MFOYZWKCSA-N	CC1=C(CC(=O)O)c2cc(F)ccc2/C1=C\c1ccc([S+](C)[O-])cc1	chembl_approved	CHEMBL15770	CC BY-SA 3.0	2026-09-25	356.42	4.366	1	2	60.36	4	25	42	3	0.15	0	0	0	
MLSQGNCUYAMAHD-ITNVBOSISA-N	CC(C)(C)[C@@H]1NC(=O)O[C@@H]2CCC[C@H]2OC/C=C/C(F)(F)c2nc3ccccc3nc2O[C@@H]2C[C@@H](C(=O)N[C@]3(C(=O)NS(=O)(=O)C4(C)CC4)C[C@H]3C(F)F)N(C2)C1=O	chembl_approved	CHEMBL3545363	CC BY-SA 3.0	2026-09-25	838.88	3.857	3	11	195.22	6	58	104	7	0.632	0	2	0	
MLYYVTUWGNIJIB-BXKDBHETSA-M	Cc1nnc(SCC2=C(C(=O)[O-])N3C(=O)[C@@H](NC(=O)Cn4cnnn4)[C@H]3SC2)s1	chembl_approved	CHEMBL1200523	CC BY-SA 3.0	2026-09-25	453.51	-1.971	1	12	158.92	7	29	42	4	0.429	0	1	0	
MLYYVTUWGNIJIB-BXKDBHETSA-N	Cc1nnc(SCC2=C(C(=O)O)N3C(=O)[C@@H](NC(=O)Cn4cnnn4)[C@H]3SC2)s1	chembl_approved	CHEMBL1435	CC BY-SA 3.0	2026-09-25	454.52	-0.636	2	11	156.09	7	29	43	4	0.429	0	1	0	
MNDBXUUTURYVHR-UHFFFAOYSA-N	O=C(Nc1c(Cl)cncc1Cl)c1ccc(OC(F)F)c(OCC2CC2)c1	chembl_approved	CHEMBL193240	CC BY-SA 3.0	2026-09-25	403.21	5.031	1	4	60.45	7	26	40	3	0.294	0	1	0	
MNHNIVNAFBSLLX-UHFFFAOYSA-N	Cc1cccc(C)c1N(CC(=O)Nc1ccc(-c2ncon2)cc1)C(=O)C1CCS(=O)(=O)CC1	chembl_approved	CHEMBL4297592	CC BY-SA 3.0	2026-09-25	482.56	3.15	1	7	122.47	6	34	60	4	0.333	0	0	0	
MNJVRJDLRVPLFE-UHFFFAOYSA-N	Cc1ccc(-c2ncc(Cl)cc2-c2ccc(S(C)(=O)=O)cc2)cn1	chembl_approved	CHEMBL416146	CC BY-SA 3.0	2026-09-25	358.85	4.176	0	4	59.92	3	24	39	3	0.111	0	0	0	
MOYGZHXDRJNJEP-UHFFFAOYSA-N	CC(C)(C)c1ccc(CN2CCN(C(c3ccccc3)c3ccc(Cl)cc3)CC2)cc1	chembl_approved	CHEMBL1201271	CC BY-SA 3.0	2026-09-25	433.04	6.545	0	2	6.48	5	31	64	4	0.357	0	1	0	chembl_approved:CHEMBL2360580
MOYKHGMNXAOIAT-JGWLITMVSA-N	O=[N+]([O-])O[C@H]1CO[C@H]2[C@@H]1OC[C@H]2O[N+](=O)[O-]	chembl_approved	CHEMBL6622	CC BY-SA 3.0	2026-09-25	236.14	-1.062	0	8	123.2	4	16	24	2	1.0	0	0	0	
MPBVHIBUJCELCL-UHFFFAOYSA-M	CCCCCN(C)CCC(O)(P(=O)([O-])O)P(=O)(O)O	chembl_approved	CHEMBL3989569	CC BY-SA 3.0	2026-09-25	318.22	-0.132	4	5	141.36	9	19	41	0	1.0	0	0	0	
MPBVHIBUJCELCL-UHFFFAOYSA-N	CCCCCN(C)CCC(O)(P(=O)(O)O)P(=O)(O)O	chembl_approved	CHEMBL997	CC BY-SA 3.0	2026-09-25	319.23	0.5	5	4	138.53	9	19	42	0	1.0	0	0	0	
MPIPASJGOJYODL-UHFFFAOYSA-N	Clc1ccc(C(Cn2ccnc2)OCc2c(Cl)cccc2Cl)c(Cl)c1	chembl_approved	CHEMBL1571863	CC BY-SA 3.0	2026-09-25	416.14	6.455	0	2	27.05	6	25	39	3	0.167	0	1	0	
MQHLMHIZUIDKOO-AYHJJNSGSA-N	CCC(C)(C)c1ccc(CC(C)CN2C[C@@H](C)O[C@@H](C)C2)cc1	chembl_approved	CHEMBL489411	CC BY-SA 3.0	2026-09-25	317.52	4.662	0	2	12.47	6	23	58	2	0.714	0	0	0	
MQJKPEGWNLWLTK-UHFFFAOYSA-N	Nc1ccc(S(=O)(=O)c2ccc(N)cc2)cc1	chembl_approved	CHEMBL1043	CC BY-SA 3.0	2026-09-25	248.31	1.684	2	4	86.18	2	17	29	2	0.0	0	0	0	
MQOBSOSZFYZQOK-UHFFFAOYSA-M	CC(C)(Oc1ccc(C(=O)c2ccc(Cl)cc2)cc1)C(=O)[O-]	chembl_approved	CHEMBL1201745	CC BY-SA 3.0	2026-09-25	317.75	2.478	0	4	66.43	5	22	36	2	0.176	0	0	0	
MQOBSOSZFYZQOK-UHFFFAOYSA-N	CC(C)(Oc1ccc(C(=O)c2ccc(Cl)cc2)cc1)C(=O)O	chembl_approved	CHEMBL981	CC BY-SA 3.0	2026-09-25	318.76	3.813	1	3	63.6	5	22	37	2	0.176	0	0	0	
MQTOSJVFKKJCRP-BICOPXKESA-N	CC[C@H]1OC(=O)[C@H](C)[C@@H](O[C@H]2C[C@@](C)(OC)[C@@H](O)[C@H](C)O2)[C@H](C)[C@@H](O[C@@H]2O[C@H](C)C[C@H](N(C)C)[C@H]2O)[C@](C)(O)C[C@@H](C)CN(C)[C@H](C)[C@@H](O)[C@]1(C)O	chembl_approved	CHEMBL529	CC BY-SA 3.0	2026-09-25	749.0	1.901	5	14	180.08	7	52	124	3	0.974	0	2	0	
MRBDMNSDAVCSSF-UHFFFAOYSA-N	Cc1ccc(N(CC2=NCCN2)c2cccc(O)c2)cc1	chembl_approved	CHEMBL597	CC BY-SA 3.0	2026-09-25	281.36	2.84	2	4	47.86	4	21	40	3	0.235	0	0	0	chembl_approved:CHEMBL1200873
MSWZFWKMSRAUBD-IVMDWMLBSA-N	N[C@H]1C(O)O[C@H](CO)[C@@H](O)[C@@H]1O	chembl_approved	CHEMBL493287	CC BY-SA 3.0	2026-09-25	179.17	-3.255	5	6	116.17	1	12	25	1	1.0	0	0	0	chembl_approved:CHEMBL1707007;chembl_approved:CHEMBL3989750
MSYKRHVOOPPJKU-BDAKNGLRSA-N	CCC[C@@H]1CC(=O)N([C@@H](CC)C(N)=O)C1	chembl_approved	CHEMBL607400	CC BY-SA 3.0	2026-09-25	212.29	0.899	1	2	63.4	5	15	35	1	0.818	0	0	1	
MTCUAOILFDZKCO-UHFFFAOYSA-N	C[N+](C)(C)CCCCCCCCCC[N+](C)(C)C	chembl_approved	CHEMBL1134	CC BY-SA 3.0	2026-09-25	258.49	3.52	0	0	0.0	11	18	56	0	1.0	0	0	0	chembl_approved:CHEMBL1190
MUCZHBLJLSDCSD-UHFFFAOYSA-N	CC(C)OP(=O)(F)OC(C)C	chembl_approved	CHEMBL1025	CC BY-SA 3.0	2026-09-25	184.15	2.914	0	3	35.53	4	11	25	0	1.0	0	0	1	
MUGXRYIUWFITCP-PGRDOPGGSA-N	Cc1ncc(OC[C@@]2(c3cccc(F)c3)C[C@H]2C(=O)Nc2ccc(F)cn2)c(C)n1	chembl_approved	CHEMBL3545367	CC BY-SA 3.0	2026-09-25	410.42	3.742	1	5	77.0	6	30	50	4	0.273	0	0	0	
MUMGGOZAMZWBJJ-DYKIIFRCSA-N	C[C@]12CC[C@H]3[C@@H](CCC4=CC(=O)CC[C@@]43C)[C@@H]1CC[C@@H]2O	chembl_approved	CHEMBL386630	CC BY-SA 3.0	2026-09-25	288.43	3.879	1	2	37.3	0	21	49	4	0.842	0	0	0	
MUQNGPZZQDCDFT-JNQJZLCISA-N	CC1(C)O[C@@H]2C[C@H]3[C@@H]4CCC5=CC(=O)CC[C@]5(C)[C@@]4(F)[C@@H](O)C[C@]3(C)[C@]2(C(=O)CCl)O1	chembl_approved	CHEMBL1200845	CC BY-SA 3.0	2026-09-25	454.97	3.889	1	5	72.83	2	31	63	5	0.833	0	0	0	
MUTNCGKQJGXKEM-UHFFFAOYSA-N	CC1(C)CCC(C)(C)c2cc(NC(=O)c3ccc(C(=O)O)cc3)ccc21	chembl_approved	CHEMBL25202	CC BY-SA 3.0	2026-09-25	351.45	4.986	2	2	66.4	3	26	51	3	0.364	0	0	0	
MVFGUOIZUNYYSO-UHFFFAOYSA-N	CCCNC(C)C(=O)Nc1ccccc1C	chembl_approved	CHEMBL1194	CC BY-SA 3.0	2026-09-25	220.32	2.322	2	2	41.13	5	16	36	1	0.462	0	0	1	chembl_approved:CHEMBL1200586
MVGWUTBTXDYMND-QGZVFWFLSA-N	O=C(O)C[C@H]1CCc2c1[nH]c1ccc(OCc3ccc(C4CCCC4)c(C(F)(F)F)c3)cc21	chembl_approved	CHEMBL3358920	CC BY-SA 3.0	2026-09-25	457.49	6.928	2	2	62.32	6	33	59	5	0.423	0	1	0	chembl_approved:CHEMBL3989933
MVRHVFSOIWFBTE-INIZCTEOSA-N	Cc1nn(C)cc1S(=O)(=O)NC(=O)c1ccc(-n2ccc(OCC(C)(C)C(F)(F)F)n2)nc1N1C[C@@H](C)CC1(C)C	chembl_approved	CHEMBL4298128	CC BY-SA 3.0	2026-09-25	597.66	4.02	1	8	124.24	8	41	75	4	0.538	0	1	0	
MVWVFYHBGMAFLY-UHFFFAOYSA-N	O=C1Cc2cc(CCN3CCN(c4nsc5ccccc45)CC3)c(Cl)cc2N1	chembl_approved	CHEMBL708	CC BY-SA 3.0	2026-09-25	412.95	3.809	1	5	48.47	4	28	49	5	0.333	0	0	0	chembl_approved:CHEMBL1375743;chembl_approved:CHEMBL3989833
MWKYMZXCGYXLPL-ZDUSSCGKSA-N	CCC(=O)N1CC[C@H](Nc2ncnc3c2CN(c2cnc(OC)c(C(F)(F)F)c2)CC3)C1	chembl_approved	CHEMBL3643413	CC BY-SA 3.0	2026-09-25	450.47	2.885	1	7	83.48	5	32	57	4	0.524	0	0	0	chembl_approved:CHEMBL3989909
MWLSOWXNZPKENC-UHFFFAOYSA-N	CC(c1cc2ccccc2s1)N(O)C(N)=O	chembl_approved	CHEMBL93	CC BY-SA 3.0	2026-09-25	236.3	2.732	2	3	66.56	2	16	28	2	0.182	0	0	1	
MWQCHHACWWAQLJ-UHFFFAOYSA-N	O=C1CN=C(c2ccccc2)c2cc(Cl)ccc2N1CC1CC1	chembl_approved	CHEMBL969	CC BY-SA 3.0	2026-09-25	324.81	3.934	0	2	32.67	3	23	40	4	0.263	0	0	0	
MWTBKTRZPHJQLH-UHFFFAOYSA-N	CN1CCC(=C2c3ccccc3CCn3c(C=O)cnc32)CC1	chembl_approved	CHEMBL1201747	CC BY-SA 3.0	2026-09-25	307.4	2.779	0	3	38.13	1	23	44	4	0.368	1	0	0	
MXJWRABVEGLYDG-UHFFFAOYSA-N	CCCCOc1ccc(CC(=O)NO)cc1	chembl_approved	CHEMBL94394	CC BY-SA 3.0	2026-09-25	223.27	1.913	2	3	58.56	6	16	33	1	0.417	0	0	1	
MXUNKHLAEDCYJL-UHFFFAOYSA-N	Cc1cccc(N2CC(CO)OC2=O)c1	chembl_approved	CHEMBL18116	CC BY-SA 3.0	2026-09-25	207.23	1.313	1	3	49.77	2	15	28	2	0.364	0	0	1	
MYSWGUAQZAJSOK-UHFFFAOYSA-N	O=C(O)c1cn(C2CC2)c2cc(N3CCNCC3)c(F)cc2c1=O	chembl_approved	CHEMBL8	CC BY-SA 3.0	2026-09-25	331.35	1.583	2	4	74.57	3	24	42	4	0.412	0	0	0	chembl_approved:CHEMBL1202
MYWUZJCMWCOHBA-VIFPVBQESA-N	CN[C@@H](C)Cc1ccccc1	chembl_approved	CHEMBL1200952	CC BY-SA 3.0	2026-09-25	149.24	1.837	1	1	12.03	3	11	26	1	0.4	0	0	1	chembl_approved:CHEMBL1201201
MYYIMZRZXIQBGI-HVIRSNARSA-N	C[C@]12C=CC(=O)C=C1[C@@H](F)C[C@@H]1[C@@H]2[C@@H](O)C[C@@]2(C)[C@H]1CC[C@]2(O)C(=O)CO	chembl_approved	CHEMBL1200774	CC BY-SA 3.0	2026-09-25	378.44	1.506	3	5	94.83	2	27	54	4	0.714	0	0	0	
MZXXONIZWOBROX-DEOSSOPVSA-N	COc1ccc2[n-]c([S@@+]([O-])Cc3ncc(C)c(OC)c3C)nc2c1	chembl_approved	CHEMBL1200470	CC BY-SA 3.0	2026-09-25	344.42	2.529	0	5	81.4	5	24	42	3	0.294	0	0	0	chembl_approved:CHEMBL2146140
MZXXONIZWOBROX-UHFFFAOYSA-N	COc1ccc2[n-]c([S+]([O-])Cc3ncc(C)c(OC)c3C)nc2c1	chembl_approved	CHEMBL1567328	CC BY-SA 3.0	2026-09-25	344.42	2.529	0	5	81.4	5	24	42	3	0.294	0	0	0	
NASXCEITKQITLD-UHFFFAOYSA-N	O=C1c2ccccc2C(=O)C1c1ccc(F)cc1	chembl_approved	CHEMBL24924	CC BY-SA 3.0	2026-09-25	240.23	2.989	0	2	34.14	1	18	27	3	0.067	1	0	1	
NAVMQTYZDKMPEU-UHFFFAOYSA-N	C=C(c1ccc(C(=O)O)cc1)c1cc2c(cc1C)C(C)(C)CCC2(C)C	chembl_approved	CHEMBL1023	CC BY-SA 3.0	2026-09-25	348.49	6.104	1	1	37.3	3	26	54	3	0.375	0	1	0	
NBGABHGMJVIVBW-QHCPKHFHSA-N	COc1ccc(-n2nccn2)c(C(=O)N2CCC[C@@]2(C)c2nc3c(C)c(Cl)ccc3[nH]2)c1	chembl_approved	CHEMBL4297590	CC BY-SA 3.0	2026-09-25	450.93	4.265	1	5	88.93	4	32	55	5	0.304	0	0	0	chembl_approved:CHEMBL4650216
NBPVNGWRLGHULH-JKOUTOBWSA-N	CCC(CC)C(=O)OCOC(=O)C1=C(S[C@H]2CC[S+]([O-])C2)S[C@@H]2[C@@H]([C@@H](C)O)C(=O)N12	chembl_approved	CHEMBL4594246	CC BY-SA 3.0	2026-09-25	477.63	1.802	1	9	116.2	9	30	57	3	0.737	0	0	0	
NBQKINXMPLXUET-UHFFFAOYSA-N	O=C(Nc1cccc2c(=O)cc(-c3nnn[nH]3)oc12)c1ccc(OCCCCc2ccccc2)cc1	chembl_approved	CHEMBL21333	CC BY-SA 3.0	2026-09-25	481.51	4.627	2	7	123.0	9	36	59	5	0.148	0	0	0	
NBRBXGKOEOGLOI-UHFFFAOYSA-M	COc1c(-c2ccc3cc(NS(C)(=O)=O)ccc3c2)cc(-n2ccc(=O)[n-]c2=O)cc1C(C)(C)C	chembl_approved	CHEMBL3544985	CC BY-SA 3.0	2026-09-25	492.58	3.653	1	5	108.57	5	35	61	4	0.231	0	0	0	
NBRBXGKOEOGLOI-UHFFFAOYSA-N	COc1c(-c2ccc3cc(NS(C)(=O)=O)ccc3c2)cc(-n2ccc(=O)[nH]c2=O)cc1C(C)(C)C	chembl_approved	CHEMBL3137312	CC BY-SA 3.0	2026-09-25	493.59	4.024	2	5	110.26	5	35	62	4	0.231	0	0	0	
NCDNCNXCDXHOMX-XGKFQTDJSA-N	CC(C)c1nc(CN(C)C(=O)N[C@H](C(=O)N[C@@H](Cc2ccccc2)C[C@H](O)[C@H](Cc2ccccc2)NC(=O)OCc2cncs2)C(C)C)cs1	chembl_approved	CHEMBL163	CC BY-SA 3.0	2026-09-25	720.96	5.905	4	9	145.78	17	50	98	4	0.432	0	2	0	
NCEXYHBECQHGNR-QZQOTICOSA-N	O=C(O)c1cc(/N=N/c2ccc(S(=O)(=O)Nc3ccccn3)cc2)ccc1O	chembl_approved	CHEMBL421	CC BY-SA 3.0	2026-09-25	398.4	3.702	3	7	141.31	6	28	42	3	0.0	1	0	0	
NCLGDOBQAWBXRA-PGRDOPGGSA-N	Cc1ccn(-c2cc(Cl)ccc2[C@@H](Oc2cc(-c3ccc(C[C@H](N)C(=O)O)cc3)nc(N)n2)C(F)(F)F)n1	chembl_approved	CHEMBL2103855	CC BY-SA 3.0	2026-09-25	546.94	4.51	3	7	142.17	8	38	60	4	0.2	0	1	0	
NCNRHFGMJRPRSK-MDZDMXLPSA-N	O=C(/C=C/c1cccc(S(=O)(=O)Nc2ccccc2)c1)NO	chembl_approved	CHEMBL408513	CC BY-SA 3.0	2026-09-25	318.35	2.006	3	4	95.5	5	22	36	2	0.0	0	0	0	
NCWZOASIUQVOFA-FWZJPQCDSA-N	CNc1ccc(/C=C/c2ccc(OCCOCCOCC[18F])cc2)cc1	chembl_approved	CHEMBL566752	CC BY-SA 3.0	2026-09-25	358.44	4.28	1	4	39.72	12	26	52	2	0.333	0	0	0	
NCWZOASIUQVOFA-NSCUHMNNSA-N	CNc1ccc(/C=C/c2ccc(OCCOCCOCCF)cc2)cc1	chembl_approved	CHEMBL1908906	CC BY-SA 3.0	2026-09-25	359.44	4.28	1	4	39.72	12	26	52	2	0.333	0	0	0	
NCXMLFZGDNKEPB-FFPOYIOWSA-N	C[C@@H]1C/C=C/C=C/C=C/C=C/[C@H](O[C@@H]2O[C@H](C)[C@@H](O)[C@H](N)[C@@H]2O)C[C@@H]2O[C@](O)(C[C@@H](O)C[C@H]3O[C@@H]3/C=C/C(=O)O1)C[C@H](O)[C@H]2C(=O)O	chembl_approved	CHEMBL1200656	CC BY-SA 3.0	2026-09-25	665.73	0.12	7	13	230.99	3	47	94	4	0.636	0	3	0	
NDAUXUAQIAJITI-LBPRGKRZSA-N	CC(C)(C)NC[C@H](O)c1ccc(O)c(CO)c1	chembl_approved	CHEMBL1002	CC BY-SA 3.0	2026-09-25	239.31	1.306	4	4	72.72	4	17	38	1	0.538	0	0	0	chembl_approved:CHEMBL1201061;chembl_approved:CHEMBL3989693
NDAUXUAQIAJITI-UHFFFAOYSA-N	CC(C)(C)NCC(O)c1ccc(O)c(CO)c1	chembl_approved	CHEMBL714	CC BY-SA 3.0	2026-09-25	239.31	1.306	4	4	72.72	4	17	38	1	0.538	0	0	0	chembl_approved:CHEMBL1441059
NDCUAPJVLWFHHB-UHNVWZDZSA-M	NC(=O)[C@@H]1CC[C@@H]2CN1C(=O)N2OS(=O)(=O)[O-]	chembl_approved	CHEMBL2107817	CC BY-SA 3.0	2026-09-25	264.24	-1.868	1	6	133.07	3	17	27	2	0.714	0	0	0	
NDCUAPJVLWFHHB-UHNVWZDZSA-N	NC(=O)[C@@H]1CC[C@@H]2CN1C(=O)N2OS(=O)(=O)O	chembl_approved	CHEMBL1689063	CC BY-SA 3.0	2026-09-25	265.25	-1.525	2	5	130.24	3	17	28	2	0.714	0	0	0	
NDDAHWYSQHTHNT-UHFFFAOYSA-N	CC1Cc2ccccc2N1NC(=O)c1ccc(Cl)c(S(N)(=O)=O)c1	chembl_approved	CHEMBL406	CC BY-SA 3.0	2026-09-25	365.84	2.083	2	4	92.5	3	24	40	3	0.188	0	0	0	
NDTSRXAMMQDVSW-UHFFFAOYSA-N	NS(=O)(=O)c1cc2c(cc1Cl)N=C(CSCc1ccccc1)NS2(=O)=O	chembl_approved	CHEMBL1201039	CC BY-SA 3.0	2026-09-25	431.95	2.243	2	6	118.69	5	26	40	3	0.133	0	0	0	
NEDPPCHNEOMTJV-UHFFFAOYSA-L	O=S([O-])CNc1ccc(S(=O)(=O)c2ccc(NCS(=O)[O-])cc2)cc1	chembl_approved	CHEMBL1200580	CC BY-SA 3.0	2026-09-25	402.48	1.016	2	8	138.46	8	25	39	2	0.143	0	0	0	
NEDPPCHNEOMTJV-UHFFFAOYSA-N	O=S(O)CNc1ccc(S(=O)(=O)c2ccc(NCS(=O)O)cc2)cc1	chembl_approved	CHEMBL1570	CC BY-SA 3.0	2026-09-25	404.49	1.702	4	6	132.8	8	25	41	2	0.143	0	0	0	
NEMGRZFTLSKBAP-LBPRGKRZSA-N	C[C@H](NCc1ccc(OCc2cccc(F)c2)cc1)C(N)=O	chembl_approved	CHEMBL48582	CC BY-SA 3.0	2026-09-25	302.35	2.368	2	3	64.35	7	22	41	2	0.235	0	0	0	chembl_approved:CHEMBL396778
NEQYWYXGTJDAKR-JTQLQIEISA-N	C[C@H](Nc1ccc(C#N)n(C)c1=O)c1cc2cc(Cl)ccc2[nH]c1=O	chembl_approved	CHEMBL4297610	CC BY-SA 3.0	2026-09-25	354.8	2.925	2	4	90.68	3	25	40	3	0.167	0	0	0	
NETZHAKZCGBWSS-CEDHKZHLSA-N	Oc1ccc2c3c1O[C@H]1[C@@H](O)CC[C@@]4(O)[C@@H](C2)N(CC2CCC2)CC[C@]314	chembl_approved	CHEMBL895	CC BY-SA 3.0	2026-09-25	357.45	1.707	3	5	73.16	2	26	53	6	0.714	0	0	0	chembl_approved:CHEMBL1201132
NEYNJQRKHLUJRU-DZUOILHNSA-N	CSCC[C@H](NC(=O)[C@H](Cc1c[nH]c2ccccc12)NC(=O)CCNC(=O)OC(C)(C)C)C(=O)N[C@@H](CC(=O)O)C(=O)N[C@@H](Cc1ccccc1)C(N)=O	chembl_approved	CHEMBL1328	CC BY-SA 3.0	2026-09-25	767.91	1.52	8	9	250.91	20	54	103	3	0.432	0	2	0	
NFBAXHOPROOJAW-UHFFFAOYSA-N	O=C1c2ccccc2C(=O)C1c1ccccc1	chembl_approved	CHEMBL711	CC BY-SA 3.0	2026-09-25	222.24	2.849	0	2	34.14	1	17	27	3	0.067	1	0	1	
NFDFQCUYFHCNBW-SCGPFSFSSA-N	C/C=C(/C(=C/C)c1ccc(O)cc1)c1ccc(O)cc1	chembl_approved	CHEMBL1018	CC BY-SA 3.0	2026-09-25	266.34	4.605	2	2	40.46	3	20	38	2	0.111	0	0	0	
NFEZZTICAUWDHU-RDTXWAMCSA-N	C=C1CCN([C@H](C)[C@](O)(Cn2cncn2)c2ccc(F)cc2F)CC1	chembl_approved	CHEMBL2103877	CC BY-SA 3.0	2026-09-25	348.4	2.485	1	4	54.18	5	25	47	3	0.444	0	0	0	
NGBFQHCMQULJNZ-UHFFFAOYSA-N	Cc1cccc(Nc2ccncc2S(=O)(=O)NC(=O)NC(C)C)c1	chembl_approved	CHEMBL1148	CC BY-SA 3.0	2026-09-25	348.43	2.53	3	5	100.19	5	24	44	2	0.25	0	0	0	
NHTGHBARYWONDQ-JTQLQIEISA-N	C[C@](N)(Cc1ccc(O)cc1)C(=O)O	chembl_approved	CHEMBL1200862	CC BY-SA 3.0	2026-09-25	195.22	0.737	3	3	83.55	3	14	27	1	0.3	0	0	1	
NHUHCSRWZMLRLA-UHFFFAOYSA-N	Cc1noc(NS(=O)(=O)c2ccc(N)cc2)c1C	chembl_approved	CHEMBL453	CC BY-SA 3.0	2026-09-25	267.31	1.674	2	5	98.22	3	18	31	2	0.182	0	0	0	chembl_approved:CHEMBL1200321
NIJJYAXOARWZEE-UHFFFAOYSA-M	CCCC(CCC)C(=O)[O-]	chembl_approved	CHEMBL433	CC BY-SA 3.0	2026-09-25	143.21	0.953	0	2	40.13	5	10	25	0	0.875	0	0	1	
NIJJYAXOARWZEE-UHFFFAOYSA-N	CCCC(CCC)C(=O)O	chembl_approved	CHEMBL109	CC BY-SA 3.0	2026-09-25	144.21	2.287	1	1	37.3	5	10	26	0	0.875	0	0	1	chembl_approved:CHEMBL2105613
NIVZHWNOUVJHKV-UHFFFAOYSA-N	C/N=C(\NC)NCc1ccccc1	chembl_approved	CHEMBL1201260	CC BY-SA 3.0	2026-09-25	177.25	0.981	2	1	36.42	2	13	28	1	0.3	0	0	1	chembl_approved:CHEMBL2110368
NJBFOOCLYDNZJN-UHFFFAOYSA-N	O=C(CCBr)N1CCN(C(=O)CCBr)CC1	chembl_approved	CHEMBL1585	CC BY-SA 3.0	2026-09-25	356.06	1.227	0	2	40.62	4	16	32	1	0.8	0	0	0	
NJCBUSHGCBERSK-UHFFFAOYSA-N	FC(F)(F)C(F)(F)C(F)(F)C(F)(F)C(F)(F)F	chembl_approved	CHEMBL1899801	CC BY-SA 3.0	2026-09-25	288.03	4.017	0	0	0.0	2	17	17	0	1.0	0	0	0	
NJDRXTDGYFKORP-LLVKDONJSA-N	C[C@H]1NCc2cc(-c3ccc4c(=O)c(C(=O)O)cn(C5CC5)c4c3OC(F)F)ccc21	chembl_approved	CHEMBL215303	CC BY-SA 3.0	2026-09-25	426.42	4.467	2	4	80.56	5	31	51	5	0.304	0	0	0	chembl_approved:CHEMBL3183451
NJKDOADNQSYQEV-UHFFFAOYSA-N	CN(C(=O)CO)c1c(I)c(C(=O)NCC(O)CO)c(I)c(C(=O)NCC(O)CO)c1I	chembl_approved	CHEMBL2107214	CC BY-SA 3.0	2026-09-25	777.09	-1.378	7	8	179.66	10	31	53	1	0.471	0	2	0	
NKANXQFJJICGDU-QPLCGJKRSA-N	CC/C(=C(\c1ccccc1)c1ccc(OCCN(C)C)cc1)c1ccccc1	chembl_approved	CHEMBL83	CC BY-SA 3.0	2026-09-25	371.52	5.996	0	2	12.47	8	28	57	3	0.231	0	1	0	chembl_approved:CHEMBL786
NKHAVTQWNUWKEO-NSCUHMNNSA-N	COC(=O)/C=C/C(=O)O	chembl_approved	CHEMBL589586	CC BY-SA 3.0	2026-09-25	130.1	-0.2	1	3	63.6	2	9	15	0	0.2	0	0	1	
NLORYLAYLIXTID-ISLYRVAYSA-N	CC/C(=C(/CC)c1ccc(OP(=O)(O)O)cc1)c1ccc(OP(=O)(O)O)cc1	chembl_approved	CHEMBL1200598	CC BY-SA 3.0	2026-09-25	428.31	4.36	4	4	133.52	8	28	50	2	0.222	0	0	0	
NLVFBUXFDBBNBW-PBSUHMDJSA-N	NC[C@H]1O[C@H](O[C@H]2[C@H](O)[C@@H](O[C@H]3O[C@H](CO)[C@@H](O)[C@H](N)[C@H]3O)[C@H](N)C[C@@H]2N)[C@H](N)C[C@@H]1O	chembl_approved	CHEMBL1747	CC BY-SA 3.0	2026-09-25	467.52	-6.296	10	14	268.17	6	32	69	3	1.0	0	2	0	
NMDYYWFGPIMTKO-KLCPSUAYSA-N	CC[C@]12C=CCN3CC[C@@]4(c5cc([C@@]6(C(=O)OC)C[C@@H]7C[C@@H](C(C)(F)F)CN(Cc8c6[nH]c6ccccc86)C7)c(OC)cc5N(C)[C@H]4[C@@](O)(C(=O)OC)[C@@H]1OC(C)=O)[C@@H]32	chembl_approved	CHEMBL2105629	CC BY-SA 3.0	2026-09-25	816.94	5.079	2	11	133.87	7	59	113	9	0.578	0	3	0	chembl_approved:CHEMBL2110725
NMLMACJWHPHKGR-NCOIDOBVSA-J	O=c1ccn([C@@H]2O[C@H](COP(=O)([O-])OP(=O)([O-])OP(=O)([O-])OP(=O)([O-])OC[C@H]3O[C@@H](n4ccc(=O)[nH]c4=O)[C@H](O)[C@@H]3O)[C@@H](O)[C@H]2O)c(=O)[nH]1	chembl_approved	CHEMBL1767408	CC BY-SA 3.0	2026-09-25	786.28	-6.718	6	23	415.77	14	49	71	4	0.556	0	3	0	
NMLMACJWHPHKGR-NCOIDOBVSA-N	O=c1ccn([C@@H]2O[C@H](COP(=O)(O)OP(=O)(O)OP(=O)(O)OP(=O)(O)OC[C@H]3O[C@@H](n4ccc(=O)[nH]c4=O)[C@H](O)[C@@H]3O)[C@@H](O)[C@H]2O)c(=O)[nH]1	chembl_approved	CHEMBL221326	CC BY-SA 3.0	2026-09-25	790.31	-4.19	10	19	404.45	14	49	75	4	0.556	0	3	0	
NMTBSNPBIGRZBL-UHFFFAOYSA-N	Cc1nc([N+](=O)[O-])cn1-c1ccc([N+](=O)[O-])cc1	chembl_approved	CHEMBL1909285	CC BY-SA 3.0	2026-09-25	248.2	1.997	0	5	104.1	3	18	26	2	0.1	0	0	0	
NMUSYJAQQFHJEW-KVTDHHQDSA-N	Nc1ncn([C@@H]2O[C@H](CO)[C@@H](O)[C@H]2O)c(=O)n1	chembl_approved	CHEMBL1489	CC BY-SA 3.0	2026-09-25	244.21	-3.168	4	8	143.72	2	17	29	2	0.625	0	0	0	
NNACHAUCXXVJSP-UHFFFAOYSA-N	Clc1ccc(CCCOCCCN2CCCCC2)cc1	chembl_approved	CHEMBL462605	CC BY-SA 3.0	2026-09-25	295.85	4.165	0	2	12.47	8	20	46	2	0.647	0	0	0	chembl_approved:CHEMBL4164059
NNJVILVZKWQKPM-UHFFFAOYSA-N	CCN(CC)CC(=O)Nc1c(C)cccc1C	chembl_approved	CHEMBL79	CC BY-SA 3.0	2026-09-25	234.34	2.584	1	2	32.34	5	17	39	1	0.5	0	0	1	chembl_approved:CHEMBL1200409
NNULBSISHYWZJU-LLKWHZGFSA-M	CO/N=C(\C(=O)N[C@@H]1C(=O)N2C(C(=O)[O-])=CCS[C@H]12)c1csc(N)n1	chembl_approved	CHEMBL1201019	CC BY-SA 3.0	2026-09-25	382.4	-1.89	2	10	150.04	5	25	37	3	0.308	0	0	0	
NNULBSISHYWZJU-LLKWHZGFSA-N	CO/N=C(\C(=O)N[C@@H]1C(=O)N2C(C(=O)O)=CCS[C@H]12)c1csc(N)n1	chembl_approved	CHEMBL528	CC BY-SA 3.0	2026-09-25	383.41	-0.556	3	9	147.21	5	25	38	3	0.308	0	0	0	
NNYBQONXHNTVIJ-UHFFFAOYSA-N	CCc1cccc2c3c([nH]c12)C(CC)(CC(=O)O)OCC3	chembl_approved	CHEMBL622	CC BY-SA 3.0	2026-09-25	287.36	3.383	2	2	62.32	4	21	42	3	0.471	0	0	0	
NOIIUHRQUVNIDD-UHFFFAOYSA-N	O=C(CCNNC(=O)c1ccncc1)NCc1ccccc1	chembl_approved	CHEMBL1256841	CC BY-SA 3.0	2026-09-25	298.35	1.022	3	4	83.12	7	22	40	2	0.188	0	0	0	
NOOLISFMXDJSKH-UHFFFAOYSA-N	CC1CCC(C(C)C)C(O)C1	chembl_approved	CHEMBL256087	CC BY-SA 3.0	2026-09-25	156.27	2.44	1	1	20.23	1	11	31	1	1.0	0	0	1	
NOPFSRXAKWQILS-UHFFFAOYSA-N	CCCCCCCCCCCCCCCCCCCCCCO	chembl_approved	CHEMBL1200453	CC BY-SA 3.0	2026-09-25	326.61	7.801	1	1	20.23	20	23	69	0	1.0	0	1	0	
NOTIQUSPUUHHEH-UXOVVSIBSA-N	CCC(=O)O[C@H]1CC[C@H]2[C@@H]3CC[C@H]4CC(=O)[C@H](C)C[C@]4(C)[C@H]3CC[C@]12C	chembl_approved	CHEMBL1201048	CC BY-SA 3.0	2026-09-25	360.54	5.166	0	3	43.37	2	26	62	4	0.913	0	1	0	
NOYPYLRCIDNJJB-UHFFFAOYSA-N	COc1cc(NCc2ccc3nc(N)nc(N)c3c2C)cc(OC)c1OC	chembl_approved	CHEMBL119	CC BY-SA 3.0	2026-09-25	369.43	2.741	3	8	117.54	6	27	50	3	0.263	1	0	0	chembl_approved:CHEMBL2218878
NOZIJMHMKORZBA-KJCUYJGMSA-N	CCCCCCO[C@@H](C)c1cccc(-c2csc(NC(=O)c3cc(Cl)c(/C=C(\C)C(=O)O)c(Cl)c3)n2)c1OC	chembl_approved	CHEMBL2107831	CC BY-SA 3.0	2026-09-25	591.56	8.524	2	6	97.75	13	39	71	3	0.345	0	2	0	
NPEYATQABYMBPM-UHFFFAOYSA-N	O=[Si](O)O[Si](O)(O)O[Si](=O)O	chembl_approved	CHEMBL2109882	CC BY-SA 3.0	2026-09-25	216.28	-3.745	4	6	133.52	4	11	15	0	0.0	0	0	0	
NPGNOVNWUSPMDP-UTEPHESZSA-N	CC(C)(C)C(=O)OCOC(=O)[C@@H]1N2C(=O)[C@@H](/N=C/N3CCCCCC3)[C@H]2SC1(C)C	chembl_approved	CHEMBL1650818	CC BY-SA 3.0	2026-09-25	439.58	2.412	0	7	88.51	5	30	63	3	0.81	0	0	0	
NPPQSCRMBWNHMW-UHFFFAOYSA-N	CCCC(C)(COC(N)=O)COC(N)=O	chembl_approved	CHEMBL979	CC BY-SA 3.0	2026-09-25	218.25	0.983	2	4	104.64	6	15	33	0	0.778	0	0	0	
NPRHVSBSZMAEIN-UHFFFAOYSA-N	CC[N+](CC)(CC)CCC(O)(c1ccccc1)C1CCCCC1	chembl_approved	CHEMBL1200771	CC BY-SA 3.0	2026-09-25	318.53	4.721	1	1	20.23	8	23	59	2	0.714	0	0	0	chembl_approved:CHEMBL1201354
NPUKDXXFDDZOKR-LLVKDONJSA-N	CCOC(=O)c1cncn1[C@H](C)c1ccccc1	chembl_approved	CHEMBL681	CC BY-SA 3.0	2026-09-25	244.29	2.669	0	3	44.12	4	18	34	2	0.286	0	0	1	
NQDJXKOVJZTUJA-UHFFFAOYSA-N	Cc1ccnc2c1NC(=O)c1cccnc1N2C1CC1	chembl_approved	CHEMBL57	CC BY-SA 3.0	2026-09-25	266.3	2.651	1	4	58.12	1	20	34	4	0.267	0	0	0	
NQPDXQQQCQDHHW-UHFFFAOYSA-N	CSc1nc2cc(Cl)c(Oc3cccc(Cl)c3Cl)cc2[nH]1	chembl_approved	CHEMBL1086440	CC BY-SA 3.0	2026-09-25	359.67	6.037	1	3	37.91	3	21	30	3	0.071	0	1	0	
NRNCYVBFPDDJNE-UHFFFAOYSA-N	NC1=NC(=O)C(c2ccccc2)O1	chembl_approved	CHEMBL1177	CC BY-SA 3.0	2026-09-25	176.17	0.599	1	3	64.68	1	13	21	2	0.111	0	0	1	
NRUKOCRGYNPUPR-QBPJDGROSA-N	COc1cc([C@@H]2c3cc4c(cc3[C@@H](O[C@@H]3O[C@@H]5CO[C@@H](c6cccs6)O[C@H]5[C@H](O)[C@H]3O)[C@H]3COC(=O)[C@H]23)OCO4)cc(OC)c1O	chembl_approved	CHEMBL452231	CC BY-SA 3.0	2026-09-25	656.66	2.753	3	14	160.83	6	46	78	8	0.469	0	2	0	
NSQSAUGJQHDYNO-UHFFFAOYSA-N	CCN(c1cc(-c2ccc(CN3CCOCC3)cc2)cc(C(=O)NCc2c(C)cc(C)[nH]c2=O)c1C)C1CCOCC1	chembl_approved	CHEMBL3414621	CC BY-SA 3.0	2026-09-25	572.75	4.735	2	6	86.9	9	42	86	5	0.471	0	1	0	chembl_approved:CHEMBL4594260
NTEDWGYJNHZKQW-DGMDOPGDSA-N	N[C@]1(C(=O)O)C[C@@H]([18F])C1	chembl_approved	CHEMBL254468	CC BY-SA 3.0	2026-09-25	132.12	-0.1	2	2	63.32	1	9	17	1	0.8	0	0	1	
NTEDWGYJNHZKQW-IWLYVCSRSA-N	N[C@]1(C(=O)O)C[C@@H](F)C1	chembl_approved	CHEMBL1908917	CC BY-SA 3.0	2026-09-25	133.12	-0.1	2	2	63.32	1	9	17	1	0.8	0	0	1	
NTHPAPBPFQJABD-LLVKDONJSA-N	Cn1cc(C(=O)[C@@H]2CCc3[nH]cnc3C2)c2ccccc21	chembl_approved	CHEMBL1643895	CC BY-SA 3.0	2026-09-25	279.34	2.889	1	2	50.68	2	21	38	4	0.294	0	0	1	chembl_approved:CHEMBL3181841
NTHXOOBQLCIOLC-UHFFFAOYSA-N	CC(=O)N(CC(O)CO)c1c(I)c(C(=O)NCC(O)CO)c(I)c(C(=O)NCC(O)CO)c1I	chembl_approved	CHEMBL1200455	CC BY-SA 3.0	2026-09-25	821.14	-1.627	8	9	199.89	12	34	60	1	0.526	0	2	0	
NTJOBXMMWNYJFB-UHFFFAOYSA-N	CCN1CCCC1CNC(=O)c1cc(S(=O)(=O)CC)c(N)cc1OC	chembl_approved	CHEMBL243712	CC BY-SA 3.0	2026-09-25	369.49	1.285	2	6	101.73	7	25	52	2	0.588	0	0	0	
NTYJJOPFIAHURM-UHFFFAOYSA-N	NCCc1c[nH]cn1	chembl_approved	CHEMBL90	CC BY-SA 3.0	2026-09-25	111.15	-0.089	2	2	54.7	2	8	17	1	0.4	0	0	1	chembl_approved:CHEMBL1533310;chembl_approved:CHEMBL3989520
NUKYPUAOHBNCPY-UHFFFAOYSA-N	Nc1ccncc1	chembl_approved	CHEMBL284348	CC BY-SA 3.0	2026-09-25	94.12	0.664	1	2	38.91	0	7	13	1	0.0	0	0	1	
NUNIWXHYABYXKF-UHFFFAOYSA-N	CN(C)CCOC(c1ccccc1)c1ccc(Br)cc1	chembl_approved	CHEMBL1200967	CC BY-SA 3.0	2026-09-25	334.26	4.117	0	2	12.47	6	20	40	2	0.294	0	0	0	chembl_approved:CHEMBL1201245
NWGGKKGAFZIVBJ-UHFFFAOYSA-N	O=C(OCCN1CCN(c2cccc(C(F)(F)F)c2)CC1)c1ccccc1Nc1ccnc2cc(C(F)(F)F)ccc12	chembl_approved	CHEMBL345524	CC BY-SA 3.0	2026-09-25	588.55	6.995	1	6	57.7	7	42	68	5	0.267	0	2	0	
NWIBSHFKIJFRCO-WUDYKRTCSA-N	CO[C@@]12[C@H](COC(N)=O)C3=C(C(=O)C(C)=C(N)C3=O)N1C[C@@H]1N[C@@H]12	chembl_approved	CHEMBL105	CC BY-SA 3.0	2026-09-25	334.33	-1.651	3	8	146.89	3	24	42	4	0.533	1	0	0	
NWIUTZDMDHAVTP-KRWDZBQOSA-N	CC(C)NC[C@H](O)COc1ccc(CCOCC2CC2)cc1	chembl_approved	CHEMBL1200837	CC BY-SA 3.0	2026-09-25	307.43	2.393	2	4	50.72	11	22	51	2	0.667	0	0	0	chembl_approved:CHEMBL1201274
NWIUTZDMDHAVTP-UHFFFAOYSA-N	CC(C)NCC(O)COc1ccc(CCOCC2CC2)cc1	chembl_approved	CHEMBL423	CC BY-SA 3.0	2026-09-25	307.43	2.393	2	4	50.72	11	22	51	2	0.667	0	0	0	chembl_approved:CHEMBL1691
NWVVVBRKAWDGAB-UHFFFAOYSA-N	COc1ccc(O)cc1	chembl_approved	CHEMBL544	CC BY-SA 3.0	2026-09-25	124.14	1.401	1	2	29.46	1	9	17	1	0.143	0	0	1	
NXFFJDQHYLNEJK-CYBMUJFWSA-N	CS(=O)(=O)c1cc(F)cc2c3c(n(Cc4ccc(Cl)cc4)c12)[C@@H](CC(=O)O)CC3	chembl_approved	CHEMBL426559	CC BY-SA 3.0	2026-09-25	435.9	4.39	1	3	76.37	5	29	48	4	0.286	0	0	0	
NXFQHRVNIOXGAQ-YCRREMRBSA-M	O=C1CN(/N=C/c2ccc([N+](=O)[O-])o2)C(=O)[N-]1	chembl_approved	CHEMBL1201000	CC BY-SA 3.0	2026-09-25	237.15	0.858	0	6	120.12	3	17	22	2	0.125	0	0	0	
NXFQHRVNIOXGAQ-YCRREMRBSA-N	O=C1CN(/N=C/c2ccc([N+](=O)[O-])o2)C(=O)N1	chembl_approved	CHEMBL572	CC BY-SA 3.0	2026-09-25	238.16	0.073	1	6	118.05	3	17	23	2	0.125	0	0	0	
NXQKSXLFSAEQCZ-SFHVURJKSA-N	C=CC(=O)N1CCN(c2nc(=O)n(-c3c(C)ccnc3C(C)C)c3nc(-c4c(O)cccc4F)c(F)cc23)[C@@H](C)C1	chembl_approved	CHEMBL4535757	CC BY-SA 3.0	2026-09-25	560.61	4.481	1	7	104.45	5	41	71	5	0.3	0	1	0	
NYMGNSNKLVNMIA-UHFFFAOYSA-N	CC(C)NNC(=O)c1ccncc1	chembl_approved	CHEMBL92401	CC BY-SA 3.0	2026-09-25	179.22	0.724	2	3	54.02	3	13	26	1	0.333	0	0	1	
NYNZQNWKBKUAII-KBXCAEBGSA-N	O=C(Nc1cnn2ccc(N3CCC[C@@H]3c3cc(F)ccc3F)nc12)N1CC[C@H](O)C1	chembl_approved	CHEMBL3889654	CC BY-SA 3.0	2026-09-25	428.44	2.948	2	5	86.0	3	31	53	5	0.381	0	0	0	chembl_approved:CHEMBL3989939
NZCRJKRKKOLAOJ-XRCRFVBUSA-N	CO[C@H]1/C=C/O[C@@]2(C)Oc3c(C)c(O)c4c(O)c(c5c(nc6cc(C)ccn65)c4c3C2=O)NC(=O)/C(C)=C\C=C\[C@H](C)[C@H](O)[C@@H](C)[C@@H](O)[C@@H](C)[C@H](OC(C)=O)[C@@H]1C	chembl_approved	CHEMBL1617	CC BY-SA 3.0	2026-09-25	785.89	6.158	5	12	198.38	2	57	108	6	0.442	0	3	0	
NZUPCNDJBJXXRF-UHFFFAOYSA-O	CC(C[N+](C)(C)C)OC(N)=O	chembl_approved	CHEMBL1482	CC BY-SA 3.0	2026-09-25	161.22	0.176	1	2	52.32	3	11	28	0	0.857	0	0	1	chembl_approved:CHEMBL1768
NZWOPGCLSHLLPA-UHFFFAOYSA-N	CC(=O)OC(C)C[N+](C)(C)C	chembl_approved	CHEMBL978	CC BY-SA 3.0	2026-09-25	160.24	0.644	0	2	26.3	3	11	29	0	0.875	0	0	1	chembl_approved:CHEMBL1200764
NZXKDOXHBHYTKP-UHFFFAOYSA-M	C=CCC1(C(C)C#CCC)C(=O)N=C([O-])N(C)C1=O	chembl_approved	CHEMBL30219	CC BY-SA 3.0	2026-09-25	261.3	0.313	0	3	72.8	3	19	36	1	0.5	0	0	1	
NZXKDOXHBHYTKP-UHFFFAOYSA-N	C=CCC1(C(C)C#CCC)C(=O)NC(=O)N(C)C1=O	chembl_approved	CHEMBL7413	CC BY-SA 3.0	2026-09-25	262.31	1.307	1	3	66.48	3	19	37	1	0.5	0	0	1	
OBDOVFRMEYHSQB-UHFFFAOYSA-N	C=CCNc1nc(NCC=C)nc(N2CCN(C(c3ccc(F)cc3)c3ccc(F)cc3)CC2)n1	chembl_approved	CHEMBL1183717	CC BY-SA 3.0	2026-09-25	477.56	4.257	2	7	69.21	10	35	64	4	0.269	0	0	0	
OBKXEAXTFZPCHS-UHFFFAOYSA-M	O=C([O-])CCCc1ccccc1	chembl_approved	CHEMBL1746	CC BY-SA 3.0	2026-09-25	163.2	0.759	0	2	40.13	4	12	23	1	0.3	0	0	1	
OBKXEAXTFZPCHS-UHFFFAOYSA-N	O=C(O)CCCc1ccccc1	chembl_approved	CHEMBL1469	CC BY-SA 3.0	2026-09-25	164.2	2.094	1	1	37.3	4	12	24	1	0.3	0	0	1	
OBMNJSNZOWALQB-NCQNOWPTSA-N	C=C[C@@H]1C[C@]1(NC(=O)[C@@H]1C[C@@H]2CN1C(=O)[C@H](C(C)(C)C)NC(=O)O[C@@H]1C[C@H]1CCCCCc1nc3ccc(OC)cc3nc1O2)C(=O)NS(=O)(=O)C1CC1	chembl_approved	CHEMBL2063090	CC BY-SA 3.0	2026-09-25	766.92	3.302	3	11	195.22	7	54	104	7	0.632	0	2	0	
OBWASQILIWPZMG-QZMOQZSNSA-N	OC[C@H]1O[C@@H](c2ccc(Cl)c(Cc3ccc(O[C@H]4CCOC4)cc3)c2)[C@H](O)[C@@H](O)[C@@H]1O	chembl_approved	CHEMBL2107830	CC BY-SA 3.0	2026-09-25	450.92	1.613	4	7	108.61	6	31	58	4	0.478	0	0	0	
OBZHEBDUNPOCJG-WBXJDKIVSA-L	CC1(C)[C@@H](OC(=O)CCC(=O)[O-])CC[C@]2(C)[C@H]3C(=O)C=C4[C@@H]5C[C@@](C)(C(=O)[O-])CC[C@]5(C)CC[C@@]4(C)[C@]3(C)CC[C@@H]12	chembl_approved	CHEMBL1697717	CC BY-SA 3.0	2026-09-25	568.75	4.159	0	7	123.63	5	41	89	5	0.824	0	1	0	
OBZHEBDUNPOCJG-WBXJDKIVSA-N	CC1(C)[C@@H](OC(=O)CCC(=O)O)CC[C@]2(C)[C@H]3C(=O)C=C4[C@@H]5C[C@@](C)(C(=O)O)CC[C@]5(C)CC[C@@]4(C)[C@]3(C)CC[C@@H]12	chembl_approved	CHEMBL499915	CC BY-SA 3.0	2026-09-25	570.77	6.828	2	5	117.97	5	41	91	5	0.824	0	2	0	
OCAPBUJLXMYKEJ-UHFFFAOYSA-N	c1ccc(-c2ccc(C(c3ccccc3)n3ccnc3)cc2)cc1	chembl_approved	CHEMBL277535	CC BY-SA 3.0	2026-09-25	310.4	5.188	0	1	17.82	4	24	42	4	0.045	0	1	0	
OCJYIGYOJCODJL-UHFFFAOYSA-N	Cc1cccc(CN2CCN(C(c3ccccc3)c3ccc(Cl)cc3)CC2)c1	chembl_approved	CHEMBL1623	CC BY-SA 3.0	2026-09-25	390.96	5.556	0	2	6.48	5	28	55	4	0.28	0	1	0	chembl_approved:CHEMBL3989555
OCUJLLGVOUDECM-UHFFFAOYSA-N	CNCC(O)c1ccc(OC(=O)C(C)(C)C)c(OC(=O)C(C)(C)C)c1	chembl_approved	CHEMBL1200833	CC BY-SA 3.0	2026-09-25	351.44	2.842	2	6	84.86	5	25	54	1	0.579	0	0	0	chembl_approved:CHEMBL1201262
ODFJOVXVLFUVNQ-UHFFFAOYSA-N	CC(=O)Nc1cc([As](=O)(O)O)ccc1O	chembl_approved	CHEMBL1330792	CC BY-SA 3.0	2026-09-25	275.09	-1.088	4	3	106.86	2	15	25	1	0.125	0	0	0	
ODKNJVUHOIMIIZ-RRKCRQDMSA-N	O=c1[nH]c(=O)n([C@H]2C[C@H](O)[C@@H](CO)O2)cc1F	chembl_approved	CHEMBL917	CC BY-SA 3.0	2026-09-25	246.19	-1.684	3	5	104.55	2	17	28	2	0.556	0	0	0	
ODKSFYDXXFIFQN-BYPYZUCNSA-N	N=C(N)NCCC[C@H](N)C(=O)O	chembl_approved	CHEMBL1200381	CC BY-SA 3.0	2026-09-25	174.2	-1.338	5	3	125.22	5	12	26	0	0.667	0	0	0	
ODQWQRRAPPTVAG-UHFFFAOYSA-N	CN(C)CCC=C1c2ccccc2COc2ccccc21	chembl_approved	CHEMBL1628227	CC BY-SA 3.0	2026-09-25	279.38	3.962	0	2	12.47	3	21	42	3	0.263	0	0	0	chembl_approved:CHEMBL1628234
ODUOJXZPIYUATO-UHFFFAOYSA-N	CC(=O)SCC(Cc1ccccc1)C(=O)NCC(=O)OCc1ccccc1	chembl_approved	CHEMBL2103772	CC BY-SA 3.0	2026-09-25	385.49	2.985	1	5	72.47	9	27	50	2	0.286	0	0	0	
OEKWJQXRCDYSHL-FNOIDJSQSA-N	CCCSc1nc(N[C@@H]2C[C@H]2c2ccc(F)c(F)c2)c2nnn([C@@H]3C[C@H](OCCO)[C@@H](O)[C@H]3O)c2n1	chembl_approved	CHEMBL398435	CC BY-SA 3.0	2026-09-25	522.58	2.014	4	10	138.44	10	36	64	5	0.565	0	1	0	
OELFLUMRDSZNSF-BRWVUGGUSA-N	CC(C)[C@H]1CC[C@H](C(=O)N[C@H](Cc2ccccc2)C(=O)O)CC1	chembl_approved	CHEMBL783	CC BY-SA 3.0	2026-09-25	317.43	3.261	2	2	66.4	6	23	50	2	0.579	0	0	0	
OENHQHLEOONYIE-JLTXGRSLSA-N	CC1=C(/C=C/C(C)=C/C=C/C(C)=C/C=C/C=C(C)/C=C/C=C(C)/C=C/C2=C(C)CCCC2(C)C)C(C)(C)CCC1	chembl_approved	CHEMBL1293	CC BY-SA 3.0	2026-09-25	536.89	12.606	0	0	0.0	10	40	96	2	0.45	0	2	0	
OEXHQOGQTVQTAT-BHIXFJMTSA-N	CC(C)[N+]1(C)[C@@H]2CC[C@H]1C[C@@H](OC(=O)C(CO)c1ccccc1)C2	chembl_approved	CHEMBL1621597	CC BY-SA 3.0	2026-09-25	332.46	2.854	1	3	46.53	5	24	54	3	0.65	0	0	0	chembl_approved:CHEMBL2134724
OEYIOHPDSNJKLS-BJUDXGSMSA-N	C[N+](C)([11CH3])CCO	chembl_approved	CHEMBL2095207	CC BY-SA 3.0	2026-09-25	103.17	-0.315	1	1	20.23	2	7	21	0	1.0	0	0	1	
OEYIOHPDSNJKLS-UHFFFAOYSA-N	C[N+](C)(C)CCO	chembl_approved	CHEMBL920	CC BY-SA 3.0	2026-09-25	104.17	-0.315	1	1	20.23	2	7	21	0	1.0	0	0	1	
OFBIFZUFASYYRE-UHFFFAOYSA-N	CCOC(=O)c1ncn2c1CN(C)C(=O)c1cc(F)ccc1-2	chembl_approved	CHEMBL407	CC BY-SA 3.0	2026-09-25	303.29	1.774	0	4	64.43	2	22	36	3	0.267	0	0	0	
OFCNXPDARWKPPY-UHFFFAOYSA-M	O=c1[n-]cnc2[nH]ncc12	chembl_approved	CHEMBL1200477	CC BY-SA 3.0	2026-09-25	135.11	-0.725	1	3	72.74	0	10	13	2	0.0	0	0	1	
OFCNXPDARWKPPY-UHFFFAOYSA-N	Oc1ncnc2[nH]ncc12	chembl_approved	CHEMBL1467	CC BY-SA 3.0	2026-09-25	136.11	0.058	2	4	74.69	0	10	14	2	0.0	0	0	0	
OFHCOWSQAMBJIW-AVJTYSNKSA-N	C=C1/C(=C\C=C2/CCC[C@]3(C)[C@@H]([C@H](C)CCCC(C)C)CC[C@@H]23)C[C@@H](O)C[C@@H]1O	chembl_approved	CHEMBL1601669	CC BY-SA 3.0	2026-09-25	400.65	6.59	2	2	40.46	6	29	73	3	0.778	0	1	0	
OFPXSFXSNFPTHF-UHFFFAOYSA-M	O=C([O-])CCc1nc(-c2ccccc2)c(-c2ccccc2)o1	chembl_approved	CHEMBL1200463	CC BY-SA 3.0	2026-09-25	292.31	2.691	0	4	66.16	5	22	36	3	0.111	0	0	0	
OFPXSFXSNFPTHF-UHFFFAOYSA-N	O=C(O)CCc1nc(-c2ccccc2)c(-c2ccccc2)o1	chembl_approved	CHEMBL1071	CC BY-SA 3.0	2026-09-25	293.32	4.026	1	3	63.33	5	22	37	3	0.111	0	0	0	
OFVLGDICTFRJMM-WESIUVDSSA-N	CN(C)[C@@H]1C(O)=C(C(N)=O)C(=O)[C@@]2(O)C(O)=C3C(=O)c4c(O)cccc4[C@@](C)(O)[C@H]3C[C@@H]12	chembl_approved	CHEMBL1440	CC BY-SA 3.0	2026-09-25	444.44	-0.214	6	9	181.62	2	32	56	4	0.409	0	1	0	chembl_approved:CHEMBL454950;chembl_approved:CHEMBL1201071
OFZCIYFFPZCNJE-UHFFFAOYSA-N	CCCC(C)(COC(N)=O)COC(=O)NC(C)C	chembl_approved	CHEMBL1233	CC BY-SA 3.0	2026-09-25	260.33	2.023	2	4	90.65	7	18	42	0	0.833	0	0	0	
OFZJKCQENFPZBH-UHFFFAOYSA-N	O=C(Nc1nc(-c2cc(Cl)cs2)c(N2CCN(C3CCCCC3)CC2)s1)c1cnc(N2CCC(C(=O)O)CC2)c(Cl)c1	chembl_approved	CHEMBL2103883	CC BY-SA 3.0	2026-09-25	649.67	6.581	2	9	101.9	7	42	76	6	0.517	0	2	0	chembl_approved:CHEMBL2105758
OGAKLTJNUQRZJU-UHFFFAOYSA-N	OC(CCCN1CCCCC1)(c1ccccc1)c1ccccc1	chembl_approved	CHEMBL936	CC BY-SA 3.0	2026-09-25	309.45	4.189	1	2	23.47	6	23	50	3	0.429	0	0	0	chembl_approved:CHEMBL1529
OGHNVEJMJSYVRP-UHFFFAOYSA-N	COc1ccccc1OCCNCC(O)COc1cccc2[nH]c3ccccc3c12	chembl_approved	CHEMBL723	CC BY-SA 3.0	2026-09-25	406.48	3.738	3	5	75.74	10	30	56	4	0.25	0	0	0	chembl_approved:CHEMBL1201167
OGJPXUAPXNRGGI-UHFFFAOYSA-N	CCn1cc(C(=O)O)c(=O)c2cc(F)c(N3CCNCC3)cc21	chembl_approved	CHEMBL9	CC BY-SA 3.0	2026-09-25	319.34	1.268	2	4	74.57	3	23	41	3	0.375	0	0	0	
OGQICQVSFDPSEI-UHFFFAOYSA-N	CCOC(=O)c1ccc(C#Cc2ccc3c(c2)C(C)(C)CCS3)nc1	chembl_approved	CHEMBL1657	CC BY-SA 3.0	2026-09-25	351.47	4.432	0	4	39.19	2	25	46	3	0.333	0	0	0	
OGSBUKJUDHAQEA-WMCAAGNKSA-N	C#CCC(Cc1cnc2nc(N)nc(N)c2n1)c1ccc(C(=O)N[C@@H](CCC(=O)O)C(=O)O)cc1	chembl_approved	CHEMBL1201746	CC BY-SA 3.0	2026-09-25	477.48	0.982	5	9	207.3	10	35	58	3	0.261	0	0	0	
OGSPWJRAVKPPFI-UHFFFAOYSA-M	NCCCC(O)(P(=O)([O-])O)P(=O)(O)O	chembl_approved	CHEMBL675	CC BY-SA 3.0	2026-09-25	248.09	-1.905	5	5	164.14	5	14	26	0	1.0	0	0	0	
OGSPWJRAVKPPFI-UHFFFAOYSA-N	NCCCC(O)(P(=O)(O)O)P(=O)(O)O	chembl_approved	CHEMBL870	CC BY-SA 3.0	2026-09-25	249.1	-1.273	6	4	161.31	5	14	27	0	1.0	0	1	0	
OGWKCGZFUXNPDA-XQKSVPLYSA-N	CC[C@]1(O)C[C@H]2CN(CCc3c([nH]c4ccccc34)[C@@](C(=O)OC)(c3cc4c(cc3OC)N(C=O)[C@H]3[C@@](O)(C(=O)OC)[C@H](OC(C)=O)[C@]5(CC)C=CCN6CC[C@]43[C@@H]65)C2)C1	chembl_approved	CHEMBL90555	CC BY-SA 3.0	2026-09-25	824.97	3.518	3	12	171.17	8	60	116	9	0.565	0	2	0	chembl_approved:CHEMBL501867
OHKOGUYZJXTSFX-KZFFXBSXSA-L	CC1(C)S[C@@H]2[C@H](NC(=O)[C@H](C(=O)[O-])c3ccsc3)C(=O)N2[C@H]1C(=O)[O-]	chembl_approved	CHEMBL1200855	CC BY-SA 3.0	2026-09-25	382.42	-2.121	1	8	129.67	5	25	39	3	0.467	0	0	0	
OHKOGUYZJXTSFX-KZFFXBSXSA-N	CC1(C)S[C@@H]2[C@H](NC(=O)[C@H](C(=O)O)c3ccsc3)C(=O)N2[C@H]1C(=O)O	chembl_approved	CHEMBL1449	CC BY-SA 3.0	2026-09-25	384.44	0.548	3	6	124.01	5	25	41	3	0.467	0	0	0	
OIGNJSKKLXVSLS-VWUMJDOOSA-N	C[C@]12C=CC(=O)C=C1CC[C@@H]1[C@@H]2[C@@H](O)C[C@@]2(C)[C@H]1CC[C@]2(O)C(=O)CO	chembl_approved	CHEMBL131	CC BY-SA 3.0	2026-09-25	360.45	1.558	3	5	94.83	2	26	54	4	0.714	0	0	0	
OIPILFWXSMYKGL-UHFFFAOYSA-N	CC(=O)OCC[N+](C)(C)C	chembl_approved	CHEMBL667	CC BY-SA 3.0	2026-09-25	146.21	0.256	0	2	26.3	3	10	26	0	0.857	0	0	1	chembl_approved:CHEMBL1184
OIRDTQYFTABQOQ-KQYNXXCUSA-N	Nc1ncnc2c1ncn2[C@@H]1O[C@H](CO)[C@@H](O)[C@H]1O	chembl_approved	CHEMBL477	CC BY-SA 3.0	2026-09-25	267.25	-1.98	4	8	139.54	2	19	32	3	0.5	0	0	0	
OIRDTQYFTABQOQ-UHTZMRCNSA-N	Nc1ncnc2c1ncn2[C@@H]1O[C@H](CO)[C@@H](O)[C@@H]1O	chembl_approved	CHEMBL1090	CC BY-SA 3.0	2026-09-25	267.25	-1.98	4	8	139.54	2	19	32	3	0.5	0	0	0	
OIRFJRBSRORBCM-UHFFFAOYSA-N	CCC(Cc1c(I)cc(I)c(N)c1I)C(=O)O	chembl_approved	CHEMBL867	CC BY-SA 3.0	2026-09-25	570.93	3.736	2	2	63.32	4	17	29	1	0.364	0	1	0	
OJFSXZCBGQGRNV-UHFFFAOYSA-N	CN(C)CCOC(c1ccc(Cl)cc1)c1ccccn1	chembl_approved	CHEMBL864	CC BY-SA 3.0	2026-09-25	290.79	3.403	0	3	25.36	6	20	39	2	0.312	0	0	0	chembl_approved:CHEMBL1200974
OJGDCBLYJGHCIH-UHFFFAOYSA-N	CN(Cc1cc(Br)cc(Br)c1N)C1CCCCC1	chembl_approved	CHEMBL253376	CC BY-SA 3.0	2026-09-25	376.14	4.558	1	2	29.26	3	18	38	2	0.571	0	0	0	chembl_approved:CHEMBL1319139
OJLOPKGSLYJEMD-URPKTTJQSA-N	CCCCC(C)(O)C/C=C/[C@H]1[C@H](O)CC(=O)[C@@H]1CCCCCCC(=O)OC	chembl_approved	CHEMBL606	CC BY-SA 3.0	2026-09-25	382.54	3.954	2	5	83.83	13	27	65	1	0.818	0	0	0	
OJMMVQQUTAEWLP-KIDUDLJLSA-N	CCC[C@@H]1C[C@@H](C(=O)N[C@@H]([C@H]2O[C@H](SC)[C@H](O)[C@@H](O)[C@H]2O)[C@@H](C)O)N(C)C1	chembl_approved	CHEMBL1447	CC BY-SA 3.0	2026-09-25	406.55	-0.857	5	8	122.49	7	27	61	2	0.944	0	0	0	chembl_approved:CHEMBL3989551
OKBVVJOGVLARMR-QSWIMTSFSA-N	C=CC1=C(C(=O)O)N2C(=O)[C@@H](NC(=O)/C(=N\OCC(=O)O)c3csc(N)n3)[C@H]2SC1	chembl_approved	CHEMBL1541	CC BY-SA 3.0	2026-09-25	453.46	-0.545	4	10	184.51	8	30	45	3	0.25	0	0	0	
OLAHOMJCDNXHFI-UHFFFAOYSA-N	COc1cc(OC)cc(N(CCNC(C)C)c2ccc3ncc(-c4cnn(C)c4)nc3c2)c1	chembl_approved	CHEMBL3545376	CC BY-SA 3.0	2026-09-25	446.56	4.184	1	7	77.33	9	33	63	4	0.32	0	0	0	
OLAOYPRJVHUHCF-UHFFFAOYSA-N	CC(=O)Nc1c(I)c(C(=O)O)c(I)c(C(=O)NCCO)c1I	chembl_approved	CHEMBL2107239	CC BY-SA 3.0	2026-09-25	643.94	1.879	4	4	115.73	5	22	33	1	0.25	0	1	0	
OLBCVFGFOZPWHH-UHFFFAOYSA-N	CC(C)c1cccc(C(C)C)c1O	chembl_approved	CHEMBL526	CC BY-SA 3.0	2026-09-25	178.27	3.639	1	1	20.23	2	13	31	1	0.5	0	0	0	
OLNTVTPDXPETLC-XPWALMASSA-N	O=C1[C@H](CC[C@H](O)c2ccc(F)cc2)[C@@H](c2ccc(O)cc2)N1c1ccc(F)cc1	chembl_approved	CHEMBL1138	CC BY-SA 3.0	2026-09-25	409.43	4.888	2	3	60.77	6	30	51	4	0.208	0	0	0	
OLVCFLKTBJRLHI-AXAPSJFSSA-N	Cn1nnnc1SCC1=C(C(=O)O)N2C(=O)[C@@H](NC(=O)[C@H](O)c3ccccc3)[C@H]2SC1	chembl_approved	CHEMBL1146	CC BY-SA 3.0	2026-09-25	462.51	-0.226	3	9	150.54	7	31	49	4	0.333	0	0	0	
OLWVRJUNLXQDSP-MVBOSPHXSA-N	O=C(O)CC[C@H](NC(=O)N[C@@H](CCCCNC(=O)c1ccc([18F])nc1)C(=O)O)C(=O)O	chembl_approved	CHEMBL4297334	CC BY-SA 3.0	2026-09-25	441.4	0.191	6	6	195.02	13	31	54	1	0.444	0	1	0	
OLWVRJUNLXQDSP-RYUDHWBXSA-N	O=C(O)CC[C@H](NC(=O)N[C@@H](CCCCNC(=O)c1ccc(F)nc1)C(=O)O)C(=O)O	chembl_approved	CHEMBL4299851	CC BY-SA 3.0	2026-09-25	442.4	0.191	6	6	195.02	13	31	54	1	0.444	0	1	0	
OMHBPUNFVFNHJK-UHFFFAOYSA-P	CC[N+](CC)(CCNC(=O)C(=O)NCC[N+](CC)(CC)Cc1ccccc1Cl)Cc1ccccc1Cl	chembl_approved	CHEMBL1652	CC BY-SA 3.0	2026-09-25	537.58	4.639	2	2	58.2	14	36	78	2	0.5	0	1	0	chembl_approved:CHEMBL1200541
OMPJBNCRMGITSC-UHFFFAOYSA-N	O=C(OOC(=O)c1ccccc1)c1ccccc1	chembl_approved	CHEMBL1200370	CC BY-SA 3.0	2026-09-25	242.23	2.615	0	4	52.6	2	18	28	2	0.0	0	0	0	
ONIQOQHATWINJY-UHFFFAOYSA-N	COc1cc2nccc(Oc3ccc(NC(=O)C4(C(=O)Nc5ccc(F)cc5)CC4)cc3)c2cc1OC	chembl_approved	CHEMBL2103868	CC BY-SA 3.0	2026-09-25	501.51	5.541	2	6	98.78	8	37	61	5	0.179	0	2	0	chembl_approved:CHEMBL2105717
ONKUMRGIYFNPJW-KIEAKMPYSA-N	C#C[C@]1(OC(C)=O)CC[C@H]2[C@@H]3CCC4=C[C@@H](OC(C)=O)CC[C@@H]4[C@H]3CC[C@@]21C	chembl_approved	CHEMBL1200624	CC BY-SA 3.0	2026-09-25	384.52	4.426	0	4	52.6	2	28	60	4	0.75	0	0	0	
ONNOFKFOZAJDHT-UHFFFAOYSA-N	O=C(O)CCCCCCNC1c2ccccc2CCc2ccccc21	chembl_approved	CHEMBL418995	CC BY-SA 3.0	2026-09-25	337.46	4.499	2	2	49.33	8	25	52	3	0.409	0	0	0	
ONWXNHPOAGOMTG-UHFFFAOYSA-N	CCCCC1(COC(=O)CCC(=O)O)C(=O)N(c2ccccc2)N(c2ccccc2)C1=O	chembl_approved	CHEMBL1414320	CC BY-SA 3.0	2026-09-25	438.48	3.566	1	5	104.22	10	32	58	3	0.333	1	0	0	
OOBHFESNSZDWIU-UHFFFAOYSA-N	CC1NCCOC1c1ccccc1	chembl_approved	CHEMBL1200483	CC BY-SA 3.0	2026-09-25	177.25	1.736	1	2	21.26	1	13	28	2	0.455	0	0	1	chembl_approved:CHEMBL1201208
OOGJQPCLVADCPB-HXUWFJFHSA-N	Cc1ccc(O)c([C@H](CCN(C(C)C)C(C)C)c2ccccc2)c1	chembl_approved	CHEMBL1382	CC BY-SA 3.0	2026-09-25	325.5	5.341	1	2	23.47	7	24	55	2	0.455	0	1	0	chembl_approved:CHEMBL1722209
OOLLAFOLCSJHRE-ZHAKMVSLSA-N	CC(=O)O[C@]1(C(C)=O)CC[C@H]2[C@@H]3CCC4=CC(=O)CCC4=C3[C@@H](c3ccc(N(C)C)cc3)C[C@@]21C	chembl_approved	CHEMBL260538	CC BY-SA 3.0	2026-09-25	475.63	5.543	0	5	63.68	4	35	72	5	0.567	1	1	0	
OOUGLTULBSNHNF-UHFFFAOYSA-N	O=C(O)c1cccc(-c2noc(-c3ccccc3F)n2)c1	chembl_approved	CHEMBL256997	CC BY-SA 3.0	2026-09-25	284.25	3.241	1	4	76.22	3	21	30	3	0.0	0	0	0	
OPXLLQIJSORQAM-UHFFFAOYSA-N	COC(=O)Nc1nc2cc(C(=O)c3ccccc3)ccc2[nH]1	chembl_approved	CHEMBL685	CC BY-SA 3.0	2026-09-25	295.3	2.972	2	4	84.08	3	22	35	3	0.062	0	0	0	
OQLKNTOKMBVBKV-UHFFFAOYSA-N	N=C(N)c1ccc(OCCCCCCOc2ccc(C(=N)N)cc2)cc1	chembl_approved	CHEMBL25105	CC BY-SA 3.0	2026-09-25	354.45	3.273	4	4	118.2	11	26	52	2	0.3	0	0	0	
ORFOPKXBNMVMKC-DWVKKRMSSA-M	CC(C)(O/N=C(\C(=O)N[C@@H]1C(=O)N2C(C(=O)[O-])=C(C[n+]3ccccc3)CS[C@H]12)c1csc(N)n1)C(=O)[O-]	chembl_approved	CHEMBL1200768	CC BY-SA 3.0	2026-09-25	545.58	-2.634	2	12	194.05	9	37	58	4	0.318	0	2	0	
ORFOPKXBNMVMKC-DWVKKRMSSA-N	CC(C)(O/N=C(\C(=O)N[C@@H]1C(=O)N2C(C(=O)[O-])=C(C[n+]3ccccc3)CS[C@H]12)c1csc(N)n1)C(=O)O	chembl_approved	CHEMBL44354	CC BY-SA 3.0	2026-09-25	546.59	-1.299	3	11	191.22	9	37	59	4	0.318	0	2	0	
OROAFUQRIXKEMV-LDADJPATSA-N	CCCCc1ncc(/C=C(\Cc2cccs2)C(=O)O)n1Cc1ccc(C(=O)O)cc1	chembl_approved	CHEMBL813	CC BY-SA 3.0	2026-09-25	424.52	4.744	2	4	92.42	10	30	54	3	0.261	0	0	0	chembl_approved:CHEMBL1200987
OROGSEYTTFOCAN-DNJOTXNNSA-N	COc1ccc2c3c1O[C@H]1[C@@H](O)C=C[C@H]4[C@@H](C2)N(C)CC[C@@]341	chembl_approved	CHEMBL485	CC BY-SA 3.0	2026-09-25	299.37	1.501	1	4	41.93	1	22	43	5	0.556	0	0	0	chembl_approved:CHEMBL4297091;chembl_approved:CHEMBL6067642
OSJJYEUEJRVVOD-UHFFFAOYSA-N	NC(=O)C1CCN(CCCN2c3ccccc3Sc3ccc(Cl)cc32)CC1	chembl_approved	CHEMBL1909072	CC BY-SA 3.0	2026-09-25	401.96	4.53	1	4	49.57	5	27	51	4	0.381	0	0	0	
OSWPMRLSEDHDFF-UHFFFAOYSA-N	COC(=O)c1ccccc1O	chembl_approved	CHEMBL108545	CC BY-SA 3.0	2026-09-25	152.15	1.179	1	3	46.53	1	11	19	1	0.125	0	0	1	
OTBXOEAOVRKTNQ-UHFFFAOYSA-N	O=C1CN2Cc3c(ccc(Cl)c3Cl)N=C2N1	chembl_approved	CHEMBL760	CC BY-SA 3.0	2026-09-25	256.09	1.926	1	3	44.7	0	16	23	3	0.2	0	0	1	chembl_approved:CHEMBL1200759
OUBCNLGXQFSTLU-UHFFFAOYSA-N	O=C1CCCC(=O)C1C(=O)c1ccc(C(F)(F)F)cc1[N+](=O)[O-]	chembl_approved	CHEMBL1337	CC BY-SA 3.0	2026-09-25	329.23	2.735	0	5	94.35	3	23	33	2	0.357	0	0	0	
OUDSBRTVNLOZBN-UHFFFAOYSA-N	Cc1ccc(S(=O)(=O)NC(=O)NN2CCCCCC2)cc1	chembl_approved	CHEMBL817	CC BY-SA 3.0	2026-09-25	311.41	1.774	2	4	78.51	3	21	42	2	0.5	0	0	0	
OUJTZYPIHDYQMC-LJQANCHMSA-N	COC(c1ccccc1)(c1ccccc1)[C@H](Oc1nc(C)cc(C)n1)C(=O)O	chembl_approved	CHEMBL1111	CC BY-SA 3.0	2026-09-25	378.43	3.516	1	5	81.54	7	28	50	3	0.227	0	0	0	
OURRXQUGYQRVML-AREMUKBSSA-N	Cc1ccc(C(=O)OCc2ccc([C@@H](CN)C(=O)Nc3ccc4cnccc4c3)cc2)c(C)c1	chembl_approved	CHEMBL4594250	CC BY-SA 3.0	2026-09-25	453.54	4.89	2	5	94.31	7	34	61	4	0.179	0	0	0	chembl_approved:CHEMBL4594251
OUYCCCASQSFEME-QMMMGPOBSA-N	N[C@@H](Cc1ccc(O)cc1)C(=O)O	chembl_approved	CHEMBL925	CC BY-SA 3.0	2026-09-25	181.19	0.347	3	3	83.55	3	13	24	1	0.222	0	0	1	
OUZWUKMCLIBBOG-UHFFFAOYSA-N	CCOc1ccc2nc(S(N)(=O)=O)sc2c1	chembl_approved	CHEMBL18	CC BY-SA 3.0	2026-09-25	258.32	1.342	1	5	82.28	3	16	26	2	0.222	0	0	0	
OVBPIULPVIDEAO-LBPRGKRZSA-N	Nc1nc(=O)c2nc(CNc3ccc(C(=O)N[C@@H](CCC(=O)O)C(=O)O)cc3)cnc2[nH]1	chembl_approved	CHEMBL1622	CC BY-SA 3.0	2026-09-25	441.4	-0.045	6	9	213.28	9	32	51	3	0.211	0	1	0	
OVCDSSHSILBFBN-UHFFFAOYSA-N	CCN(CC)Cc1cc(Nc2ccnc3cc(Cl)ccc23)ccc1O	chembl_approved	CHEMBL682	CC BY-SA 3.0	2026-09-25	355.87	5.179	2	4	48.39	6	25	47	3	0.25	1	1	0	chembl_approved:CHEMBL1357648
OWQUZNMMYNAXSL-UHFFFAOYSA-N	CN1CCC(OC(c2ccccc2)c2ccccc2)CC1	chembl_approved	CHEMBL1492	CC BY-SA 3.0	2026-09-25	281.4	3.887	0	2	12.47	4	21	44	3	0.368	0	0	0	chembl_approved:CHEMBL1564
OWWLUIWOFHMHOQ-XGHATYIMSA-N	CC(=O)O[C@H]1C[C@@H]2CC[C@@H]3[C@H](CC[C@@]4(C)[C@H]3C[C@H](N3CC[N+](C)(C)CC3)[C@@H]4OC(C)=O)[C@@]2(C)C[C@@H]1N1CC[N+](C)(C)CC1	chembl_approved	CHEMBL1200722	CC BY-SA 3.0	2026-09-25	602.91	3.634	0	6	59.08	4	43	105	6	0.943	0	1	0	chembl_approved:CHEMBL1201206
OWYLAEYXIQKAOL-UHFFFAOYSA-N	COc1cc(OC)c(C(=O)CCCN2CCCC2)c(OC)c1	chembl_approved	CHEMBL188921	CC BY-SA 3.0	2026-09-25	307.39	2.771	0	5	48.0	8	22	47	2	0.588	0	0	0	
OXNIZHLAWKMVMX-UHFFFAOYSA-N	O=[N+]([O-])c1cc([N+](=O)[O-])c(O)c([N+](=O)[O-])c1	chembl_approved	CHEMBL3142541	CC BY-SA 3.0	2026-09-25	229.1	1.117	1	7	149.65	3	16	19	1	0.0	0	0	0	
OYPPVKRFBIWMSX-SXGWCWSVSA-N	CN(C)C/C=C(/c1ccc(Br)cc1)c1cccnc1	chembl_approved	CHEMBL37744	CC BY-SA 3.0	2026-09-25	317.23	3.837	0	2	16.13	4	19	36	2	0.188	0	0	0	chembl_approved:CHEMBL2355333
OYSKUZDIHNKWLV-PRUAPSLNSA-N	CCCCCCCCCCCCCCCC(=O)O[C@@H]1[C@@H](O)[C@@H](O)[C@@H]([C@H](NC(=O)[C@@H]2C[C@@H](CCC)CN2C)[C@H](C)Cl)O[C@@H]1SC	chembl_approved	CHEMBL1200632	CC BY-SA 3.0	2026-09-25	663.41	6.422	3	8	108.33	22	44	107	2	0.941	0	2	0	chembl_approved:CHEMBL1201289
OYTKINVCDFNREN-UHFFFAOYSA-N	Nc1ccncc1N	chembl_approved	CHEMBL354077	CC BY-SA 3.0	2026-09-25	109.13	0.246	2	3	64.93	0	8	15	1	0.0	0	0	1	chembl_approved:CHEMBL3301611
OYYDSUSKLWTMMQ-JKHIJQBDSA-N	O=C(O[C@H]1C[C@H]2CC[C@@H](C1)[N+]21CCCC1)C(O)(c1ccccc1)c1ccccc1	chembl_approved	CHEMBL1888176	CC BY-SA 3.0	2026-09-25	392.52	3.77	1	3	46.53	4	29	59	5	0.48	0	0	0	chembl_approved:CHEMBL3084748
OZGNYLLQHRPOBR-DHZHZOJOSA-N	CN(C/C=C/c1ccccc1)Cc1cccc2ccccc12	chembl_approved	CHEMBL626	CC BY-SA 3.0	2026-09-25	287.41	4.985	0	1	3.24	5	22	43	3	0.143	0	0	0	chembl_approved:CHEMBL1200493
OZLPUNFFCJDMJD-UHFFFAOYSA-N	CC[N+](CC)(CC)CCOc1cccc(OCC[N+](CC)(CC)CC)c1OCC[N+](CC)(CC)CC	chembl_approved	CHEMBL360055	CC BY-SA 3.0	2026-09-25	510.83	5.453	0	3	27.69	21	36	96	1	0.8	0	2	0	chembl_approved:CHEMBL1200993
OZOMQRBLCMDCEG-VIZOYTHASA-M	O=C1CN(/N=C/c2ccc(-c3ccc([N+](=O)[O-])cc3)o2)C(=O)[N-]1	chembl_approved	CHEMBL928	CC BY-SA 3.0	2026-09-25	313.25	2.525	0	6	120.12	4	23	32	3	0.071	0	0	0	
OZOMQRBLCMDCEG-VIZOYTHASA-N	O=C1CN(/N=C/c2ccc(-c3ccc([N+](=O)[O-])cc3)o2)C(=O)N1	chembl_approved	CHEMBL1201288	CC BY-SA 3.0	2026-09-25	314.26	1.74	1	6	118.05	4	23	33	3	0.071	0	0	0	
OZVBMTJYIDMWIL-AYFBDAFISA-N	CC(C)C[C@H]1C(=O)N2CCC[C@H]2[C@]2(O)O[C@](NC(=O)[C@@H]3C=C4c5cccc6[nH]c(Br)c(c56)C[C@H]4N(C)C3)(C(C)C)C(=O)N12	chembl_approved	CHEMBL493	CC BY-SA 3.0	2026-09-25	654.61	3.193	3	6	118.21	5	43	83	7	0.594	0	1	0	chembl_approved:CHEMBL1200503
OZWKMVRBQXNZKK-UHFFFAOYSA-N	O=C(c1ccccc1)c1ccc2n1CCC2C(=O)O	chembl_approved	CHEMBL469	CC BY-SA 3.0	2026-09-25	255.27	2.291	1	2	59.3	3	19	32	3	0.2	0	0	1	chembl_approved:CHEMBL1201124
OZYUPQUCAUTOBP-QXAKKESOSA-N	C=CCN1CC[C@]23CCCC[C@H]2[C@H]1Cc1ccc(O)cc13	chembl_approved	CHEMBL1254682	CC BY-SA 3.0	2026-09-25	283.42	3.637	1	2	23.47	2	21	46	4	0.579	0	0	0	chembl_approved:CHEMBL2062276
PAEBIVWUMLRPSK-IDTAVKCVSA-J	CSCCNc1nc(SCCC(F)(F)F)nc2c1ncn2[C@@H]1O[C@H](COP(=O)([O-])OP(=O)([O-])C(Cl)(Cl)P(=O)([O-])[O-])[C@@H](O)[C@H]1O	chembl_approved	CHEMBL1097279	CC BY-SA 3.0	2026-09-25	772.33	0.322	3	18	267.23	15	44	65	3	0.706	0	2	0	
PAEBIVWUMLRPSK-IDTAVKCVSA-N	CSCCNc1nc(SCCC(F)(F)F)nc2c1ncn2[C@@H]1O[C@H](COP(=O)(O)OP(=O)(O)C(Cl)(Cl)P(=O)(O)O)[C@@H](O)[C@H]1O	chembl_approved	CHEMBL334966	CC BY-SA 3.0	2026-09-25	776.37	2.851	7	14	255.91	15	44	69	3	0.706	0	3	0	
PAJMKGZZBBTTOY-ZFORQUDYSA-M	CCCCC[C@H](O)CC[C@@H]1[C@H]2Cc3cccc(OCC(=O)[O-])c3C[C@H]2C[C@H]1O	chembl_approved	CHEMBL561157	CC BY-SA 3.0	2026-09-25	389.51	2.249	2	5	89.82	10	28	61	3	0.696	0	0	0	
PAJMKGZZBBTTOY-ZFORQUDYSA-N	CCCCC[C@H](O)CC[C@@H]1[C@H]2Cc3cccc(OCC(=O)O)c3C[C@H]2C[C@H]1O	chembl_approved	CHEMBL1237119	CC BY-SA 3.0	2026-09-25	390.52	3.583	3	4	86.99	10	28	62	3	0.696	0	0	0	chembl_approved:CHEMBL2107815
PAXWQORCRCBOCU-LURJTMIESA-N	N[C@@H](Cc1cc(O)c(O)cc1F)C(=O)O	chembl_approved	CHEMBL3547132	CC BY-SA 3.0	2026-09-25	215.18	0.191	4	4	103.78	3	15	25	1	0.222	1	0	0	
PAXWQORCRCBOCU-RPDRGXCHSA-N	N[C@@H](Cc1cc(O)c(O)cc1[18F])C(=O)O	chembl_approved	CHEMBL3400972	CC BY-SA 3.0	2026-09-25	214.18	0.191	4	4	103.78	3	15	25	1	0.222	1	0	0	
PAZQYDJGLKSCSI-UHFFFAOYSA-N	CCC1(C2=CCCCCC2)C(=O)NC(=O)NC1=O	chembl_approved	CHEMBL468837	CC BY-SA 3.0	2026-09-25	250.3	1.639	2	3	75.27	2	18	36	2	0.615	0	0	1	
PBAPPPCECJKMCM-IBGZPJMESA-N	Nc1nc(CC(=O)Nc2ccc(CCNC[C@H](O)c3ccccc3)cc2)cs1	chembl_approved	CHEMBL2095212	CC BY-SA 3.0	2026-09-25	396.52	2.772	4	6	100.27	9	28	52	3	0.238	0	0	0	
PBBGSZCBWVPOOL-HDICACEKSA-N	CC[C@H](c1ccc(O)cc1)[C@@H](CC)c1ccc(O)cc1	chembl_approved	CHEMBL9225	CC BY-SA 3.0	2026-09-25	270.37	4.785	2	2	40.46	5	20	42	2	0.333	0	0	0	
PBCZLFBEBARBBI-UHFFFAOYSA-N	Nc1ccc(S(=O)(=O)NC(=O)c2ccccc2)cc1	chembl_approved	CHEMBL1243	CC BY-SA 3.0	2026-09-25	276.32	1.387	2	4	89.26	3	19	31	2	0.0	0	0	0	
PBJUNZJWGZTSKL-MRXNPFEDSA-N	Cc1ccsc1C(=CCCN1CCC[C@@H](C(=O)O)C1)c1sccc1C	chembl_approved	CHEMBL1027	CC BY-SA 3.0	2026-09-25	375.56	5.045	1	4	40.54	6	25	50	3	0.45	0	1	0	chembl_approved:CHEMBL1695
PBMSWVPMRUJMPE-UHFFFAOYSA-N	O=C(O)c1ccccc1C(=O)Nc1ccc(S(=O)(=O)Nc2nccs2)cc1	chembl_approved	CHEMBL1524273	CC BY-SA 3.0	2026-09-25	403.44	2.894	3	6	125.46	6	27	40	3	0.0	0	0	0	
PCHKPVIQAHNQLW-CQSZACIVSA-N	NC(=O)c1cccc2cn(-c3ccc([C@@H]4CCCNC4)cc3)nc12	chembl_approved	CHEMBL1094636	CC BY-SA 3.0	2026-09-25	320.4	2.591	2	3	72.94	3	24	44	4	0.263	0	0	0	chembl_approved:CHEMBL3989922
PCLITLDOTJTVDJ-UHFFFAOYSA-N	Cc1ncsc1CCCl	chembl_approved	CHEMBL315795	CC BY-SA 3.0	2026-09-25	161.66	2.233	0	2	12.89	2	9	17	1	0.5	0	0	1	
PCOBBVZJEWWZFR-UHFFFAOYSA-N	CCOC(=O)Nc1ccc(NCc2ccc(F)cc2)cc1N	chembl_approved	CHEMBL41355	CC BY-SA 3.0	2026-09-25	303.34	3.588	3	4	76.38	5	22	40	2	0.188	0	0	0	
PCSWXVJAIHCTMO-UHFFFAOYSA-P	Cc1cc(N)c2ccccc2[n+]1CCCCCCCCCC[n+]1c(C)cc(N)c2ccccc21	chembl_approved	CHEMBL333826	CC BY-SA 3.0	2026-09-25	456.68	6.17	2	2	59.8	11	34	74	4	0.4	0	1	0	chembl_approved:CHEMBL121663
PCZOHLXUXFIOCF-BXMDZJJMSA-N	CC[C@H](C)C(=O)O[C@H]1C[C@@H](C)C=C2C=C[C@H](C)[C@H](CC[C@@H]3C[C@@H](O)CC(=O)O3)[C@H]21	chembl_approved	CHEMBL503	CC BY-SA 3.0	2026-09-25	404.55	4.196	1	5	72.83	6	29	65	3	0.75	0	0	0	
PDGKHKMBHVFCMG-UHFFFAOYSA-N	CN1CCN(c2ccc(Nc3ncc4cc5n(c4n3)C3(CCCCC3)CNC5=O)nc2)CC1	chembl_approved	CHEMBL3894860	CC BY-SA 3.0	2026-09-25	446.56	2.725	2	7	91.21	3	33	63	6	0.5	0	0	0	chembl_approved:CHEMBL4650272
PDMMFKSKQVNJMI-BLQWBTBKSA-N	CCC(=O)O[C@H]1CC[C@H]2[C@@H]3CCC4=CC(=O)CC[C@]4(C)[C@H]3CC[C@]12C	chembl_approved	CHEMBL1170	CC BY-SA 3.0	2026-09-25	344.5	4.84	0	3	43.37	2	25	57	4	0.818	0	0	0	
PDWUPXJEEYOOTR-IUAIQHPESA-N	N=C(N)NCc1cccc([123I])c1	chembl_approved	CHEMBL3989523	CC BY-SA 3.0	2026-09-25	271.09	1.274	3	1	61.9	2	12	22	1	0.125	0	0	1	
PDWUPXJEEYOOTR-JRGAVVOBSA-N	N=C(N)NCc1cccc([131I])c1	chembl_approved	CHEMBL1615779	CC BY-SA 3.0	2026-09-25	279.1	1.274	3	1	61.9	2	12	22	1	0.125	0	0	1	chembl_approved:CHEMBL3989511
PDWUPXJEEYOOTR-UHFFFAOYSA-N	N=C(N)NCc1cccc(I)c1	chembl_approved	CHEMBL818	CC BY-SA 3.0	2026-09-25	275.09	1.274	3	1	61.9	2	12	22	1	0.125	0	0	1	
PEDCQBHIVMGVHV-UHFFFAOYSA-N	OCC(O)CO	chembl_approved	CHEMBL692	CC BY-SA 3.0	2026-09-25	92.09	-1.668	3	3	60.69	2	6	14	0	1.0	0	0	1	
PEMUGDMSUDYLHU-ZEQRLZLVSA-N	C=C(F)C(=O)N1CCN(c2nc(OC[C@@H]3CCCN3C)nc3c2CCN(c2cccc4cccc(Cl)c24)C3)C[C@@H]1CC#N	chembl_approved	CHEMBL4594350	CC BY-SA 3.0	2026-09-25	604.13	4.733	0	8	88.83	7	43	78	6	0.438	0	1	0	
PEZPMAYDXJQYRV-UHFFFAOYSA-N	NCCNc1ccc(NCCN)c2c1C(=O)c1ccncc1C2=O	chembl_approved	CHEMBL167731	CC BY-SA 3.0	2026-09-25	325.37	0.598	4	7	123.13	6	24	43	3	0.235	1	0	0	chembl_approved:CHEMBL2103844
PFOLLRNADZZWEX-FFGRCDKISA-N	CCOC(=O)OC(C)OC(=O)[C@@H]1N2C(=O)[C@@H](NC(=O)[C@H](N)c3ccccc3)[C@H]2SC1(C)C	chembl_approved	CHEMBL1583	CC BY-SA 3.0	2026-09-25	465.53	1.296	2	9	137.26	7	32	59	3	0.524	0	0	0	chembl_approved:CHEMBL1200965
PFTAWBLQPZVEMU-DZGCQCFKSA-N	Oc1cc(O)c2c(c1)O[C@H](c1ccc(O)c(O)c1)[C@@H](O)C2	chembl_approved	CHEMBL311498	CC BY-SA 3.0	2026-09-25	290.27	1.546	5	6	110.38	1	21	35	3	0.2	1	0	0	
PGTVWKLGGCQMBR-FLBATMFCSA-N	CC(=O)[C@H]1CC[C@H]2[C@@H]3CC[C@H]4C[C@](C)(O)CC[C@]4(C)[C@H]3CC[C@]12C	chembl_approved	CHEMBL1568698	CC BY-SA 3.0	2026-09-25	332.53	4.985	1	2	37.3	1	24	60	4	0.955	0	0	0	
PHIQHXFUZVPYII-ZCFIWIBFSA-N	C[N+](C)(C)C[C@H](O)CC(=O)[O-]	chembl_approved	CHEMBL1149	CC BY-SA 3.0	2026-09-25	161.2	-1.806	1	3	60.36	4	11	26	0	0.857	0	0	1	
PHLBKPHSAVXXEF-UHFFFAOYSA-N	O=c1n(CCCN2CCN(c3cccc(Cl)c3)CC2)nc2ccccn12	chembl_approved	CHEMBL621	CC BY-SA 3.0	2026-09-25	371.87	2.362	0	4	45.78	5	26	48	4	0.368	0	0	0	chembl_approved:CHEMBL1200798
PHOQVHQSTUBQQK-SQOUGZDYSA-N	O=C1O[C@H](CO)[C@@H](O)[C@H](O)[C@H]1O	chembl_approved	CHEMBL1200829	CC BY-SA 3.0	2026-09-25	178.14	-3.013	4	6	107.22	1	12	22	1	0.833	0	0	0	
PHPUXYRXPHEJDF-UHFFFAOYSA-N	CC(=O)Oc1ccc(C2(c3ccc(OC(C)=O)cc3)C(=O)Nc3ccccc32)cc1	chembl_approved	CHEMBL1402684	CC BY-SA 3.0	2026-09-25	401.42	3.824	1	5	81.7	4	30	49	4	0.125	0	0	0	
PHTUQLWOUWZIMZ-GZTJUZNOSA-N	CN(C)CC/C=C1\c2ccccc2CSc2ccccc21	chembl_approved	CHEMBL1492500	CC BY-SA 3.0	2026-09-25	295.45	4.676	0	2	3.24	3	21	42	3	0.263	0	0	0	chembl_approved:CHEMBL1711280
PHVGLTMQBUFIQQ-UHFFFAOYSA-N	CNCCC=C1c2ccccc2CCc2ccccc21	chembl_approved	CHEMBL445	CC BY-SA 3.0	2026-09-25	263.38	3.826	1	1	12.03	3	20	41	3	0.263	1	0	0	chembl_approved:CHEMBL1201156
PHWBOXQYWZNQIN-UHFFFAOYSA-N	Clc1ccccc1CN1CCc2sccc2C1	chembl_approved	CHEMBL833	CC BY-SA 3.0	2026-09-25	263.79	3.96	0	2	3.24	2	17	31	3	0.286	0	0	0	chembl_approved:CHEMBL1717
PHWXUGHIIBDVKD-UHFFFAOYSA-N	Cc1cc2c(cc1CC(=O)c1sccc1S(=O)(=O)Nc1onc(C)c1Cl)OCO2	chembl_approved	CHEMBL282724	CC BY-SA 3.0	2026-09-25	454.91	3.961	1	8	107.73	6	29	44	4	0.222	0	0	0	
PHXJVRSECIGDHY-UHFFFAOYSA-N	Cc1ccc(C(=O)Nc2ccc(CN3CCN(C)CC3)c(C(F)(F)F)c2)cc1C#Cc1cnc2cccnn12	chembl_approved	CHEMBL1171837	CC BY-SA 3.0	2026-09-25	532.57	4.456	1	5	65.77	4	39	66	5	0.276	0	1	0	chembl_approved:CHEMBL2105708
PIBARDGJJAGJAJ-NQIIRXRSSA-N	CC(=O)c1nn(CC(=O)N2C[C@H](F)C[C@H]2C(=O)Nc2cccc(Br)n2)c2ccc(-c3cnc(C)nc3)cc12	chembl_approved	CHEMBL4250860	CC BY-SA 3.0	2026-09-25	580.42	3.74	1	7	122.97	6	38	61	5	0.269	0	1	0	
PIDANAQULIKBQS-RNUIGHNZSA-N	C[C@H]1C[C@H]2[C@@H]3CCC4=CC(=O)C=C[C@]4(C)[C@H]3C(=O)C[C@]2(C)[C@@]1(O)C(=O)CO	chembl_approved	CHEMBL1201148	CC BY-SA 3.0	2026-09-25	372.46	2.012	2	5	91.67	2	27	55	4	0.682	0	0	0	
PIDSZXPFGCURGN-UHFFFAOYSA-N	CC(C(=O)O)c1ccc(N2CC=CC2)c(Cl)c1	chembl_approved	CHEMBL188952	CC BY-SA 3.0	2026-09-25	251.71	2.904	1	2	40.54	3	17	31	2	0.308	0	0	1	
PIJVFDBKTWXHHD-HIFRSBDPSA-N	CNC(=O)Oc1ccc2c(c1)[C@]1(C)CCN(C)[C@@H]1N2C	chembl_approved	CHEMBL94	CC BY-SA 3.0	2026-09-25	275.35	1.774	1	4	44.81	1	20	41	3	0.533	0	0	0	chembl_approved:CHEMBL338975
PIWKPBJCKXDKJR-UHFFFAOYSA-N	FC(F)OC(Cl)C(F)(F)F	chembl_approved	CHEMBL1256	CC BY-SA 3.0	2026-09-25	184.49	2.353	0	1	9.23	2	10	12	0	1.0	0	0	1	
PJDFLNIOAUIZSL-UHFFFAOYSA-N	C=CC(N)CCC(=O)O	chembl_approved	CHEMBL89598	CC BY-SA 3.0	2026-09-25	129.16	0.365	2	2	63.32	4	9	20	0	0.5	0	0	1	
PJHKBYALYHRYSK-UHFFFAOYSA-N	CCCCCCC(=O)OCC(COC(=O)CCCCCC)OC(=O)CCCCCC	chembl_approved	CHEMBL4297585	CC BY-SA 3.0	2026-09-25	428.61	5.896	0	6	78.9	20	30	74	0	0.875	0	1	0	
PJMPHNIQZUBGLI-UHFFFAOYSA-N	CCC(=O)N(c1ccccc1)C1CCN(CCc2ccccc2)CC1	chembl_approved	CHEMBL596	CC BY-SA 3.0	2026-09-25	336.48	4.137	0	2	23.55	6	25	53	3	0.409	0	0	0	chembl_approved:CHEMBL688;chembl_approved:CHEMBL1201159
PJSFRIWCGOHTNF-UHFFFAOYSA-N	COc1ncnc(NS(=O)(=O)c2ccc(N)cc2)c1OC	chembl_approved	CHEMBL1539	CC BY-SA 3.0	2026-09-25	310.34	0.877	2	7	116.43	5	21	35	2	0.167	0	0	0	
PJVWKTKQMONHTI-UHFFFAOYSA-M	CC(=O)CC(c1ccccc1)c1c([O-])c2ccccc2oc1=O	chembl_approved	CHEMBL1200772	CC BY-SA 3.0	2026-09-25	307.33	2.978	0	4	70.34	4	23	38	3	0.158	0	0	0	chembl_approved:CHEMBL1200879
PJVWKTKQMONHTI-UHFFFAOYSA-N	CC(=O)CC(c1ccccc1)c1c(O)c2ccccc2oc1=O	chembl_approved	CHEMBL1464	CC BY-SA 3.0	2026-09-25	308.33	3.61	1	4	67.51	4	23	39	3	0.158	0	0	0	
PJWPNDMDCLXCOM-UHFFFAOYSA-N	COc1ccc(C(=O)Nc2ccccc2CCC2CCCCN2C)cc1	chembl_approved	CHEMBL315838	CC BY-SA 3.0	2026-09-25	352.48	4.364	1	3	41.57	6	26	54	3	0.409	0	0	0	chembl_approved:CHEMBL2106155
PKVRCIRHQMSYJX-AIFWHQITSA-N	COc1cc2c(cc1O)CCN[C@]21CS[C@@H]2c3c(OC(C)=O)c(C)c4c(c3[C@H](COC1=O)N1[C@@H]2[C@H]2c3c(cc(C)c(OC)c3O)C[C@@H]([C@@H]1O)N2C)OCO4	chembl_approved	CHEMBL450449	CC BY-SA 3.0	2026-09-25	761.85	3.413	4	15	168.72	3	54	97	10	0.487	1	2	0	
PLBHSZGDDKCEHR-LFYFAGGJSA-N	CC(=O)OCC(=O)[C@@]1(O)CC[C@H]2[C@@H]3C[C@H](C)C4=CC(=O)C=C[C@]4(C)[C@H]3[C@@H](O)C[C@@]21C	chembl_approved	CHEMBL1364144	CC BY-SA 3.0	2026-09-25	416.51	2.374	2	6	100.9	3	30	62	4	0.708	0	0	0	
PLDUPXSUYLZYBN-UHFFFAOYSA-N	OCCN1CCN(CCCN2c3ccccc3Sc3ccc(C(F)(F)F)cc32)CC1	chembl_approved	CHEMBL726	CC BY-SA 3.0	2026-09-25	437.53	4.308	1	5	29.95	6	30	56	4	0.455	0	0	0	chembl_approved:CHEMBL1448187
PLHJDBGFXBMTGZ-WEVVVXLNSA-N	O=C1OCCN1/N=C/c1ccc([N+](=O)[O-])o1	chembl_approved	CHEMBL1103	CC BY-SA 3.0	2026-09-25	225.16	0.974	0	6	98.18	3	16	23	2	0.25	0	0	0	
PLIGPBGDXASWPX-UHFFFAOYSA-N	CN(C)CCCn1c2c(c3ccccc31)CCCCCC2	chembl_approved	CHEMBL126224	CC BY-SA 3.0	2026-09-25	284.45	4.252	0	1	8.17	4	21	49	3	0.579	1	0	0	
PMRYVIKBURPHAH-UHFFFAOYSA-N	Cn1ccnc1S	chembl_approved	CHEMBL1515	CC BY-SA 3.0	2026-09-25	114.17	0.709	1	2	17.82	0	7	13	1	0.25	0	0	1	
PMXMIIMHBWHSKN-UHFFFAOYSA-N	Cc1nc2n(c(=O)c1CCN1CCC(c3noc4cc(F)ccc34)CC1)CCCC2O	chembl_approved	CHEMBL1621	CC BY-SA 3.0	2026-09-25	426.49	3.081	1	6	84.39	4	31	58	5	0.522	0	0	0	
PNCPYILNMDWPEY-QGZVFWFLSA-N	C[C@H](Cc1cc2c(c(C(N)=O)c1)N(CCCO)CC2)NCCOc1ccccc1OCC(F)(F)F	chembl_approved	CHEMBL24778	CC BY-SA 3.0	2026-09-25	495.54	3.071	3	6	97.05	13	35	67	3	0.48	0	0	0	
PNVNVHUZROJLTJ-UHFFFAOYSA-N	COc1ccc(C(CN(C)C)C2(O)CCCCC2)cc1	chembl_approved	CHEMBL637	CC BY-SA 3.0	2026-09-25	277.41	3.036	1	3	32.7	5	20	47	2	0.647	0	0	0	chembl_approved:CHEMBL1201066;chembl_approved:CHEMBL5095051
POGQSBRIGCQNEG-UHFFFAOYSA-N	NC(=O)c1cn(Cc2c(F)cccc2F)nn1	chembl_approved	CHEMBL1201754	CC BY-SA 3.0	2026-09-25	238.2	0.704	1	3	73.8	3	17	25	2	0.1	0	0	1	
POPFMWWJOGLOIF-XWCQMRHXSA-N	CC1(C)O[C@@H]2C[C@H]3[C@@H]4C[C@H](F)C5=CC(=O)CC[C@]5(C)[C@H]4[C@@H](O)C[C@]3(C)[C@]2(C(=O)CO)O1	chembl_approved	CHEMBL1201012	CC BY-SA 3.0	2026-09-25	436.52	2.499	2	6	93.06	2	31	64	5	0.833	0	0	0	
POZRVZJJTULAOH-LHZXLZLDSA-N	C#C[C@]1(O)CC[C@H]2[C@@H]3CCC4=Cc5oncc5C[C@]4(C)[C@H]3CC[C@@]21C	chembl_approved	CHEMBL1479	CC BY-SA 3.0	2026-09-25	337.46	4.221	1	3	46.26	0	25	52	5	0.682	0	0	0	
PPCFSEIOYQJRDN-UHFFFAOYSA-M	CC(=O)Nc1nnc(S([NH-])(=O)=O)s1	chembl_approved	CHEMBL1200814	CC BY-SA 3.0	2026-09-25	221.24	0.237	1	6	112.82	2	13	18	1	0.25	0	0	0	
PPRRDFIXUUSXRA-UHFFFAOYSA-N	O=c1[nH]c2ccccc2n1CCN1CCN(c2cccc(C(F)(F)F)c2)CC1	chembl_approved	CHEMBL231068	CC BY-SA 3.0	2026-09-25	390.41	3.171	1	3	44.27	4	28	49	4	0.35	0	0	0	
PPSNFPASKFYPMN-SECBINFHSA-N	Cc1nsc(-c2nnc3n2CCN(C(=O)c2ccc(F)cc2)[C@@H]3C)n1	chembl_approved	CHEMBL3608680	CC BY-SA 3.0	2026-09-25	358.4	2.461	0	6	76.8	2	25	40	4	0.312	0	0	0	
PPTYJKAXVCCBDU-UHFFFAOYSA-N	CN1C(=O)CN=C(c2ccccc2F)c2cc([N+](=O)[O-])ccc21	chembl_approved	CHEMBL13280	CC BY-SA 3.0	2026-09-25	313.29	2.548	0	4	75.81	2	23	35	3	0.125	0	0	0	
PQJQFLNBMSCUSH-SBAJWEJLSA-N	CON(C)Cc1ccc(O)c2c1C[C@H]1C[C@H]3[C@H](N(C)C)C(O)=C(C(N)=O)C(=O)[C@@]3(O)C(O)=C1C2=O	chembl_approved	CHEMBL2364632	CC BY-SA 3.0	2026-09-25	487.51	0.114	5	10	173.86	5	35	64	4	0.458	0	0	0	chembl_approved:CHEMBL2364633
PQLXHQMOHUQAKB-UHFFFAOYSA-N	CCCCCCCCCCCCCCCCOP(=O)([O-])OCC[N+](C)(C)C	chembl_approved	CHEMBL125	CC BY-SA 3.0	2026-09-25	407.58	5.676	0	4	58.59	20	27	73	0	1.0	0	1	0	
PQUZXFMHVSMUNG-JTQLQIEISA-N	C[C@@](Cc1ccc(OP(=O)(O)O)c(O)c1)(NN)C(=O)O	chembl_approved	CHEMBL4802240	CC BY-SA 3.0	2026-09-25	306.21	-0.287	6	6	162.34	6	20	35	1	0.3	0	1	0	
PQXKDMSYBGKCJA-CVTJIBDQSA-N	O=C1[C@@H]2[C@H]3CC[C@H](C3)[C@@H]2C(=O)N1C[C@@H]1CCCC[C@H]1CN1CCN(c2nsc3ccccc23)CC1	chembl_approved	CHEMBL1237021	CC BY-SA 3.0	2026-09-25	492.69	4.256	0	6	56.75	5	35	71	7	0.679	0	0	0	chembl_approved:CHEMBL1615372
PRMWGUBFXWROHD-UHFFFAOYSA-N	N#Cc1ccccc1-c1cc(-c2ccccn2)cn(-c2ccccc2)c1=O	chembl_approved	CHEMBL1214124	CC BY-SA 3.0	2026-09-25	349.39	4.438	0	3	58.68	3	27	42	4	0.0	0	0	0	
PROQIPRRNZUXQM-ZXXIGWHRSA-N	C[C@]12CC[C@@H]3c4ccc(O)cc4CC[C@H]3[C@@H]1C[C@@H](O)[C@@H]2O	chembl_approved	CHEMBL193482	CC BY-SA 3.0	2026-09-25	288.39	2.58	3	3	60.69	0	21	45	4	0.667	0	0	1	
PSGAAPLEWMOORI-PEINSRQWSA-N	CC(=O)O[C@]1(C(C)=O)CC[C@H]2[C@@H]3C[C@H](C)C4=CC(=O)CC[C@]4(C)[C@H]3CC[C@@]21C	chembl_approved	CHEMBL717	CC BY-SA 3.0	2026-09-25	386.53	4.655	0	4	60.44	2	28	62	4	0.792	0	0	0	
PSIFNNKUMBGKDQ-UHFFFAOYSA-N	CCCCc1nc(Cl)c(CO)n1Cc1ccc(-c2ccccc2-c2nnn[nH]2)cc1	chembl_approved	CHEMBL191	CC BY-SA 3.0	2026-09-25	422.92	4.267	2	5	92.51	8	30	53	4	0.273	0	0	0	
PTKSEFOSCHHMPD-UHFFFAOYSA-N	COc1ccc(OC)c(C(O)CNC(=O)CN)c1	chembl_approved	CHEMBL1200461	CC BY-SA 3.0	2026-09-25	254.29	-0.188	3	5	93.81	6	18	36	1	0.417	0	0	0	chembl_approved:CHEMBL1201212
PTOAARAWEBMLNO-KVQBGUIXSA-N	Nc1nc(Cl)nc2c1ncn2[C@H]1C[C@H](O)[C@@H](CO)O1	chembl_approved	CHEMBL1619	CC BY-SA 3.0	2026-09-25	285.69	-0.297	3	7	119.31	2	19	31	3	0.5	0	0	0	
PTOIAAWZLUQTIO-GXFFZTMASA-N	CCC(=O)NC[C@@H]1C[C@H]1c1cccc2c1CCO2	chembl_approved	CHEMBL2103822	CC BY-SA 3.0	2026-09-25	245.32	2.251	1	2	38.33	4	18	37	3	0.533	0	0	1	
PTRATZCAGVBFIQ-UHFFFAOYSA-N	Cc1ccc(-c2ccc(C)cn2)nc1	chembl_approved	CHEMBL2205807	CC BY-SA 3.0	2026-09-25	184.24	2.76	0	2	25.78	1	14	26	2	0.167	0	0	1	
PUFQVTATUTYEAL-UHFFFAOYSA-N	CCCCOc1cc(C(=O)NCCN(CC)CC)c2ccccc2n1	chembl_approved	CHEMBL1086	CC BY-SA 3.0	2026-09-25	343.47	3.485	1	4	54.46	10	25	54	2	0.5	0	0	0	chembl_approved:CHEMBL1200612
PUKBOVABABRILL-YZNIXAGQSA-N	Cc1ccc(NC(=O)[C@H]2CCCN(C(=O)c3c(C)cccc3F)[C@H]2c2ccc(NC3CCCC3)cc2)cc1C(F)(F)F	chembl_approved	CHEMBL3989871	CC BY-SA 3.0	2026-09-25	581.65	8.048	2	3	61.44	6	42	77	5	0.394	0	2	0	
PURKAOJPTOLRMP-ASMGOKTBSA-N	[2H]C([2H])([2H])C(c1cc(C(C)(C)C)c(NC(=O)c2c[nH]c3ccccc3c2=O)cc1O)(C([2H])([2H])[2H])C([2H])([2H])[2H]	chembl_approved	CHEMBL4297603	CC BY-SA 3.0	2026-09-25	401.55	5.081	3	3	82.19	2	29	57	3	0.333	0	1	0	
PURKAOJPTOLRMP-UHFFFAOYSA-N	CC(C)(C)c1cc(C(C)(C)C)c(NC(=O)c2c[nH]c3ccccc3c2=O)cc1O	chembl_approved	CHEMBL2010601	CC BY-SA 3.0	2026-09-25	392.5	5.081	3	3	82.19	2	29	57	3	0.333	0	1	0	
PUXBGTOOZJQSKH-UHFFFAOYSA-N	CC(C(=O)O)c1ccc2c(c1)[nH]c1ccc(Cl)cc12	chembl_approved	CHEMBL1316	CC BY-SA 3.0	2026-09-25	273.72	4.163	2	1	53.09	2	19	31	3	0.133	0	0	0	
PVLJETXTTWAYEW-UHFFFAOYSA-N	CN(c1nccc(=O)[nH]1)C1CCN(c2nc3ccccc3n2Cc2ccc(F)cc2)CC1	chembl_approved	CHEMBL94454	CC BY-SA 3.0	2026-09-25	432.5	3.412	1	5	70.05	5	32	57	5	0.292	0	0	0	
PVNIIMVLHYAWGP-UHFFFAOYSA-N	O=C(O)c1cccnc1	chembl_approved	CHEMBL573	CC BY-SA 3.0	2026-09-25	123.11	0.78	1	2	50.19	1	9	14	1	0.0	0	0	1	
PWACSDKDOHSSQD-IUTFFREVSA-N	Cc1ccc(/C(=C\CN2CCCC2)c2cccc(/C=C/C(=O)O)n2)cc1	chembl_approved	CHEMBL1224	CC BY-SA 3.0	2026-09-25	348.45	4.015	1	3	53.43	6	26	50	3	0.273	0	0	0	
PWAJCNITSBZRBL-UHFFFAOYSA-N	CC1=CC(=O)N2CC(=O)N(C)c3ccc(Cl)cc3C2(c2ccccc2)O1	chembl_approved	CHEMBL2104356	CC BY-SA 3.0	2026-09-25	368.82	3.28	0	3	49.85	1	26	43	4	0.2	0	0	0	
PWAUCHMQEXVFJR-PMAPCBKXSA-M	Cc1cc(O)c(C(=O)N[C@@H](C(=O)N[C@@H]2C(=O)N3C(C(=O)[O-])=C(CSc4nnnn4C)CS[C@H]23)c2ccc(O)cc2)cn1	chembl_approved	CHEMBL1200672	CC BY-SA 3.0	2026-09-25	611.64	-1.008	4	13	215.59	9	42	65	5	0.28	0	2	0	
PWAUCHMQEXVFJR-PMAPCBKXSA-N	Cc1cc(O)c(C(=O)N[C@@H](C(=O)N[C@@H]2C(=O)N3C(C(=O)O)=C(CSc4nnnn4C)CS[C@H]23)c2ccc(O)cc2)cn1	chembl_approved	CHEMBL1201204	CC BY-SA 3.0	2026-09-25	612.65	0.327	5	12	212.76	9	42	66	5	0.28	0	2	0	
PWKSKIMOESPYIA-BYPYZUCNSA-N	CC(=O)N[C@@H](CS)C(=O)O	chembl_approved	CHEMBL600	CC BY-SA 3.0	2026-09-25	163.2	-0.494	3	3	66.4	3	10	19	0	0.6	0	0	1	chembl_approved:CHEMBL6068327
PWVXXGRKLHYWKM-LJQANCHMSA-N	CN1CCC[C@@H]1Cc1c[nH]c2ccc(CCS(=O)(=O)c3ccccc3)cc12	chembl_approved	CHEMBL1510	CC BY-SA 3.0	2026-09-25	382.53	3.821	1	3	53.17	6	27	53	4	0.364	0	0	0	chembl_approved:CHEMBL1201003
PWWVAXIEGOYWEE-UHFFFAOYSA-N	CC(CN1c2ccccc2Sc2ccccc21)N(C)C	chembl_approved	CHEMBL643	CC BY-SA 3.0	2026-09-25	284.43	4.239	0	3	6.48	3	20	40	3	0.294	1	0	0	chembl_approved:CHEMBL1200750
PWZUUYSISTUNDW-VAFBSOEGSA-N	C#C[C@]1(O)CC[C@H]2[C@@H]3CCc4cc(OC5CCCC5)ccc4[C@H]3CC[C@@]21C	chembl_approved	CHEMBL1201165	CC BY-SA 3.0	2026-09-25	364.53	5.228	1	2	29.46	2	27	59	5	0.68	0	1	0	
PXGPLTODNUVGFL-YNNPMVKQSA-N	CCCCC[C@H](O)/C=C/[C@@H]1[C@@H](C/C=C\CCCC(=O)O)[C@@H](O)C[C@H]1O	chembl_approved	CHEMBL815	CC BY-SA 3.0	2026-09-25	354.49	3.043	4	4	97.99	12	25	59	1	0.75	0	0	0	chembl_approved:CHEMBL1200896
PXWLVJLKJGVOKE-UHFFFAOYSA-N	Cc1c(C(C)C)c(=O)n(-c2ccccc2)n1C	chembl_approved	CHEMBL28318	CC BY-SA 3.0	2026-09-25	230.31	2.608	0	1	26.93	2	17	35	2	0.357	0	0	1	
PYAOPMWCFSVFOT-UHFFFAOYSA-N	Sc1ncnc2[nH]ncc12	chembl_approved	CHEMBL119423	CC BY-SA 3.0	2026-09-25	152.18	0.642	2	4	54.46	0	10	14	2	0.0	0	0	0	
PYGWGZALEOIKDF-UHFFFAOYSA-N	Cc1cc(C#N)cc(C)c1Oc1nc(Nc2ccc(C#N)cc2)nc(N)c1Br	chembl_approved	CHEMBL308954	CC BY-SA 3.0	2026-09-25	435.29	4.717	2	7	120.64	4	28	43	3	0.1	0	0	0	
PYMYPHUHKUWMLA-VPENINKCSA-N	O=C[C@H](O)[C@@H](O)[C@H](O)CO	chembl_approved	CHEMBL1236821	CC BY-SA 3.0	2026-09-25	150.13	-2.74	4	5	97.99	4	10	20	0	0.8	0	0	0	
PYNXFZCZUAOOQC-UTKZUKDTSA-N	CCOC(=O)[C@H](C)C[C@@H](Cc1ccc(-c2ccccc2)cc1)NC(=O)CCC(=O)O	chembl_approved	CHEMBL3137301	CC BY-SA 3.0	2026-09-25	411.5	3.835	2	4	92.7	11	30	59	2	0.375	0	0	0	
PYZRQGJRPPTADH-UHFFFAOYSA-N	Nc1nnc(-c2cccc(Cl)c2Cl)c(N)n1	chembl_approved	CHEMBL741	CC BY-SA 3.0	2026-09-25	256.1	2.01	2	5	90.71	1	16	23	2	0.0	0	0	0	
PZBCKZWLPGJMAO-UHFFFAOYSA-N	COc1c(OCCCN2CCOCC2)ccc2c1N=C(NC(=O)c1cnc(N)nc1)N1CCN=C21	chembl_approved	CHEMBL3218576	CC BY-SA 3.0	2026-09-25	480.53	0.662	2	11	139.79	7	35	63	5	0.435	0	1	0	chembl_approved:CHEMBL3545068
PZRHRDRVRGEVNW-UHFFFAOYSA-N	Cc1[nH]c(=O)c(C#N)cc1-c1ccncc1	chembl_approved	CHEMBL189	CC BY-SA 3.0	2026-09-25	211.22	1.617	1	3	69.54	1	16	25	2	0.083	0	0	1	chembl_approved:CHEMBL1200977
QADPYRIHXKWUSV-UHFFFAOYSA-N	CCN1CCN(c2ccc(Nc3cc(N(C)C(=O)Nc4c(Cl)c(OC)cc(OC)c4Cl)ncn3)cc2)CC1	chembl_approved	CHEMBL1834657	CC BY-SA 3.0	2026-09-25	560.49	5.354	2	8	95.09	8	38	69	4	0.346	1	2	0	chembl_approved:CHEMBL1852688
QAGYKUNXZHXKMR-HKWSIXNMSA-N	Cc1c(O)cccc1C(=O)N[C@@H](CSc1ccccc1)[C@H](O)CN1C[C@H]2CCCC[C@H]2C[C@H]1C(=O)NC(C)(C)C	chembl_approved	CHEMBL584	CC BY-SA 3.0	2026-09-25	567.8	4.748	4	6	101.9	9	40	85	4	0.562	0	1	0	chembl_approved:CHEMBL1205
QBPFLULOKWLNNW-UHFFFAOYSA-N	O=C1c2cccc(O)c2C(=O)c2c(O)cccc21	chembl_approved	CHEMBL53418	CC BY-SA 3.0	2026-09-25	240.21	1.873	2	4	74.6	0	18	26	3	0.0	1	0	0	
QCDFBFJGMNKBDO-UHFFFAOYSA-N	Oc1c(I)cc(Cl)c2cccnc12	chembl_approved	CHEMBL497	CC BY-SA 3.0	2026-09-25	305.5	3.198	1	2	33.12	0	13	18	2	0.0	0	0	0	
QCGUSIANLFXSGE-GFCCVEGCSA-N	Cn1nnc(-c2ccc(-c3ccc(N4C[C@H](COP(=O)(O)O)OC4=O)cc3F)cn2)n1	chembl_approved	CHEMBL2105669	CC BY-SA 3.0	2026-09-25	450.32	1.513	2	8	152.79	6	31	47	4	0.235	0	0	0	
QCHFTSOMWOSFHM-WPRPVWTQSA-N	CC[C@@H]1C(=O)OC[C@@H]1Cc1cncn1C	chembl_approved	CHEMBL550	CC BY-SA 3.0	2026-09-25	208.26	1.162	0	3	44.12	3	15	31	2	0.636	0	0	1	chembl_approved:CHEMBL1200330
QCZAWDGAVJMPTA-RNFRBKRXSA-N	C[C@@H](Nc1nc(N[C@H](C)C(F)(F)F)nc(-c2cccc(Cl)n2)n1)C(F)(F)F	chembl_approved	CHEMBL4279047	CC BY-SA 3.0	2026-09-25	414.74	4.312	2	6	75.62	5	27	40	2	0.429	0	0	0	
QDGZDCVAUDNJFG-FXQIFTODSA-N	C=C1[C@H](CO)[C@@H](O)C[C@@H]1n1cnc2c(=O)[nH]c(N)nc21	chembl_approved	CHEMBL713	CC BY-SA 3.0	2026-09-25	277.28	-0.828	4	6	130.05	2	20	35	3	0.417	0	0	0	chembl_approved:CHEMBL5314362
QDMRNLRJDHCHLB-DNNBANOASA-N	CC(C)C[C@H](NC(=O)[C@H](Cc1ccccc1)NC(=O)c1cnccn1)B1O[C@H]([C@H](O)CO)[C@@H]([C@H](O)CO)O1	chembl_approved	CHEMBL5315122	CC BY-SA 3.0	2026-09-25	530.39	-1.134	6	10	183.36	13	38	73	3	0.52	0	2	0	
QEFAQIPZVLVERP-UHFFFAOYSA-N	NC(=O)Cc1cccc(C(=O)c2ccccc2)c1N	chembl_approved	CHEMBL1021	CC BY-SA 3.0	2026-09-25	254.29	1.528	2	3	86.18	4	19	33	2	0.067	1	0	1	
QELUYTUMUWHWMC-UHFFFAOYSA-N	CC1=NN(c2ccccc2)C(=O)C1	chembl_approved	CHEMBL290916	CC BY-SA 3.0	2026-09-25	174.2	1.799	0	2	32.67	1	13	23	2	0.2	0	0	1	
QEPPOWJTOZKIIT-UHFFFAOYSA-N	Cc1ccnc([N-]S(=O)(=O)c2ccc(N)cc2)n1	chembl_approved	CHEMBL2107260	CC BY-SA 3.0	2026-09-25	263.3	1.761	1	5	100.04	3	18	29	2	0.091	0	0	0	
QEVHRUUCFGRFIF-MDEJGZGSSA-N	COC(=O)[C@H]1[C@H]2C[C@@H]3c4[nH]c5cc(OC)ccc5c4CCN3C[C@H]2C[C@@H](OC(=O)c2cc(OC)c(OC)c(OC)c2)[C@@H]1OC	chembl_approved	CHEMBL772	CC BY-SA 3.0	2026-09-25	608.69	4.171	1	10	117.78	8	44	84	6	0.515	1	1	0	
QFFGVLORLPOAEC-SNVBAGLBSA-N	N[C@@H]1CCCCN(c2c(F)cc3c(=O)c(C(=O)O)cn(C4CC4)c3c2Cl)C1	chembl_approved	CHEMBL1201760	CC BY-SA 3.0	2026-09-25	393.85	3.145	2	4	88.56	3	27	48	4	0.474	0	0	0	chembl_approved:CHEMBL1201761
QFNHIDANIVGXPE-FNZWTVRRSA-N	COc1ccc(CN(C(=O)[C@@H](N)Cc2c(C)cc(C(N)=O)cc2C)[C@@H](C)c2ncc(-c3ccccc3)[nH]2)cc1C(=O)O	chembl_approved	CHEMBL2159122	CC BY-SA 3.0	2026-09-25	569.66	4.159	4	6	164.63	11	42	77	4	0.25	0	1	0	
QGFORSXNKQLDNO-UHFFFAOYSA-N	O=C(O)CSCC(=O)NC1CCSC1=O	chembl_approved	CHEMBL1697744	CC BY-SA 3.0	2026-09-25	249.31	-0.047	2	5	83.47	5	15	26	1	0.625	0	0	0	
QGJUIPDUBHWZPV-SGTAVMJGSA-N	N#C[C@@H]1C[C@@H]2C[C@@H]2N1C(=O)[C@@H](N)C12CC3CC(CC(O)(C3)C1)C2	chembl_approved	CHEMBL385517	CC BY-SA 3.0	2026-09-25	315.42	1.158	2	4	90.35	2	23	48	6	0.889	0	0	0	chembl_approved:CHEMBL1201743
QHMBSVQNZZTUGM-ZWKOTPCHSA-N	C=C(C)[C@@H]1CCC(C)=C[C@H]1c1c(O)cc(CCCCC)cc1O	chembl_approved	CHEMBL190461	CC BY-SA 3.0	2026-09-25	314.47	5.847	2	2	40.46	6	23	53	2	0.524	0	1	0	
QHMWCHQXCUNUAK-UHFFFAOYSA-N	Fc1ccc(C(c2ccccc2)(c2ccccc2F)n2ccnc2)cc1	chembl_approved	CHEMBL2107430	CC BY-SA 3.0	2026-09-25	346.38	5.002	0	1	17.82	4	26	42	4	0.045	0	1	0	
QIAFMBKCNZACKA-UHFFFAOYSA-N	O=C(O)CNC(=O)c1ccccc1	chembl_approved	CHEMBL1201104	CC BY-SA 3.0	2026-09-25	179.18	0.501	2	2	66.4	3	13	22	1	0.111	0	0	1	
QIALRBLEEWJACW-INIZCTEOSA-N	CC(=O)O[C@H]1Cc2ccccc2N(C(N)=O)c2ccccc21	chembl_approved	CHEMBL87992	CC BY-SA 3.0	2026-09-25	296.33	3.064	1	3	72.63	1	22	38	3	0.176	0	0	0	
QIGBRXMKCJKVMJ-UHFFFAOYSA-N	Oc1ccc(O)cc1	chembl_approved	CHEMBL537	CC BY-SA 3.0	2026-09-25	110.11	1.098	2	2	40.46	0	8	14	1	0.0	0	0	1	
QIVBCDIJIAJPQS-VIFPVBQESA-N	N[C@@H](Cc1c[nH]c2ccccc12)C(=O)O	chembl_approved	CHEMBL54976	CC BY-SA 3.0	2026-09-25	204.23	1.122	3	2	79.11	3	15	27	2	0.182	0	0	1	
QIVUCLWGARAQIO-OLIXTKCUSA-N	C[C@@H]1[C@H](c2c(F)ccc(F)c2F)C[C@H](NC(=O)c2cnc3c(c2)C[C@@]2(C3)C(=O)Nc3ncccc32)C(=O)N1CC(F)(F)F	chembl_approved	CHEMBL3991065	CC BY-SA 3.0	2026-09-25	603.52	3.948	2	5	104.29	4	43	66	6	0.345	0	1	0	
QJFSABGVXDWMIW-UHFFFAOYSA-M	CCOc1nc2cccc(C(=O)OCc3oc(=O)oc3C)c2n1Cc1ccc(-c2ccccc2-c2noc(=O)[n-]2)cc1	chembl_approved	CHEMBL2103795	CC BY-SA 3.0	2026-09-25	567.53	4.334	0	10	153.9	9	42	65	6	0.167	0	1	0	
QJFSABGVXDWMIW-UHFFFAOYSA-N	CCOc1nc2cccc(C(=O)OCc3oc(=O)oc3C)c2n1Cc1ccc(-c2ccccc2-c2noc(=O)[nH]2)cc1	chembl_approved	CHEMBL2028661	CC BY-SA 3.0	2026-09-25	568.54	4.705	1	10	155.59	9	42	66	6	0.167	0	1	0	
QJJXYPPXXYFBGM-LFZNUXCKSA-N	C=CC[C@@H]1/C=C(\C)C[C@H](C)C[C@H](OC)[C@H]2O[C@@](O)(C(=O)C(=O)N3CCCC[C@H]3C(=O)O[C@H](/C(C)=C/[C@@H]3CC[C@@H](O)[C@H](OC)C3)[C@H](C)[C@@H](O)CC1=O)[C@H](C)C[C@@H]2OC	chembl_approved	CHEMBL269732	CC BY-SA 3.0	2026-09-25	804.03	4.639	3	12	178.36	7	57	126	4	0.773	0	2	0	chembl_approved:CHEMBL3989887
QJUIUFGOTBRHKP-LQJZCPKCSA-J	O=C([O-])CN(CCN(CC(=O)[O-])Cc1cc(CCC(=O)NCCCCCC(=O)NCCCC[C@H](NC(=O)N[C@@H](CCC(=O)O)C(=O)O)C(=O)O)ccc1[O-])Cc1cc(CCC(=O)O)ccc1[O-]	chembl_approved	CHEMBL5095039	CC BY-SA 3.0	2026-09-25	942.97	-2.379	8	15	381.39	35	67	125	2	0.523	0	3	0	
QKDHBVNJCZBTMR-UHFFFAOYSA-N	CC1CN(c2cc3c(cc2F)c(=O)c(C(=O)O)cn3-c2ccc(F)cc2F)CCN1	chembl_approved	CHEMBL277100	CC BY-SA 3.0	2026-09-25	417.39	2.904	2	4	74.57	3	30	48	4	0.238	0	0	0	chembl_approved:CHEMBL2107495
QKDRXGFQVGOQKS-CRSSMBPESA-N	CCOc1ccc(Cc2cc([C@@H]3O[C@H](SC)[C@@H](O)[C@H](O)[C@H]3O)ccc2Cl)cc1	chembl_approved	CHEMBL3039507	CC BY-SA 3.0	2026-09-25	424.95	3.173	3	6	79.15	6	28	53	3	0.429	0	0	0	
QKPCPDPMEIBYJK-WEWMWRJBSA-M	CC(C)(C#Cc1ccc(-c2ccc(Cl)c3c([N-]S(C)(=O)=O)nn(CC(F)(F)F)c23)c([C@H](Cc2cc(F)cc(F)c2)NC(=O)Cn2nc(C(F)(F)F)c3c2C(F)(F)[C@@H]2C[C@H]32)n1)S(C)(=O)=O	chembl_approved	CHEMBL4802249	CC BY-SA 3.0	2026-09-25	967.29	8.256	1	8	160.01	11	64	95	7	0.385	0	2	0	
QMBJSIBWORFWQT-DFXBJWIESA-N	CC(=O)O[C@]1(C(C)=O)CC[C@H]2[C@@H]3C=C(Cl)C4=CC(=O)CC[C@]4(C)[C@H]3CC[C@@]21C	chembl_approved	CHEMBL110691	CC BY-SA 3.0	2026-09-25	404.93	4.752	0	4	60.44	2	28	57	4	0.696	0	0	0	
QMHSXPLYMTVAMK-UHFFFAOYSA-N	Cc1cc(/C=C/c2ccc3cc(N(C)C)ccc3[n+]2C)c(C)n1-c1ccccc1	chembl_approved	CHEMBL1201303	CC BY-SA 3.0	2026-09-25	382.53	5.308	0	1	12.05	4	29	57	4	0.192	1	1	0	chembl_approved:CHEMBL1908377
QNEXFJFTGQBXBJ-UHFFFAOYSA-N	CC(COc1ccccc1)NN	chembl_approved	CHEMBL1909286	CC BY-SA 3.0	2026-09-25	166.22	0.917	2	3	47.28	4	12	26	1	0.333	0	0	1	
QNMGHBMGNRQPNL-UHFFFAOYSA-N	CN(C)CC(Oc1ccccc1)Oc1ccccc1	chembl_approved	CHEMBL85231	CC BY-SA 3.0	2026-09-25	257.33	3.032	0	3	21.7	6	19	38	2	0.25	0	0	0	
QNZCBYKSOIHPEH-UHFFFAOYSA-N	COc1ccc(-n2nc(C(N)=O)c3c2C(=O)N(c2ccc(N4CCCCC4=O)cc2)CC3)cc1	chembl_approved	CHEMBL231779	CC BY-SA 3.0	2026-09-25	459.51	2.7	1	5	110.76	5	34	59	5	0.28	0	0	0	
QOIGKGMMAGJZNZ-UHFFFAOYSA-N	CC1(C)CC(=O)N(CCCCN2CCN(c3ncccn3)CC2)C(=O)C1	chembl_approved	CHEMBL284092	CC BY-SA 3.0	2026-09-25	359.47	1.554	0	6	69.64	6	26	55	3	0.684	0	0	0	chembl_approved:CHEMBL1204187
QOYHHIBFXOOADH-UHFFFAOYSA-N	O=C1NCN(c2ccccc2)C12CCN(CCCC(c1ccc(F)cc1)c1ccc(F)cc1)CC2	chembl_approved	CHEMBL46516	CC BY-SA 3.0	2026-09-25	475.58	5.305	1	3	35.58	7	35	66	5	0.345	0	1	0	
QPCDCPDFJACHGM-UHFFFAOYSA-I	O=C([O-])CN(CCN(CC(=O)[O-])CC(=O)[O-])CCN(CC(=O)[O-])CC(=O)[O-]	chembl_approved	CHEMBL1200424	CC BY-SA 3.0	2026-09-25	388.31	-9.358	0	13	210.37	16	27	45	0	0.643	0	1	0	chembl_approved:CHEMBL1200945
QPCDCPDFJACHGM-UHFFFAOYSA-N	O=C(O)CN(CCN(CC(=O)O)CC(=O)O)CCN(CC(=O)O)CC(=O)O	chembl_approved	CHEMBL780	CC BY-SA 3.0	2026-09-25	393.35	-2.685	5	8	196.22	16	27	50	0	0.643	0	0	0	
QPCVHQBVMYCJOM-UHFFFAOYSA-N	CCCOC(C(=O)OC1CCN(C)CC1)(c1ccccc1)c1ccccc1	chembl_approved	CHEMBL1078261	CC BY-SA 3.0	2026-09-25	367.49	3.994	0	4	38.77	7	27	56	3	0.435	0	0	0	
QPFYXYFORQJZEC-FOCLMDBBSA-N	Nc1ccc(/N=N/c2ccccc2)c(N)n1	chembl_approved	CHEMBL1242	CC BY-SA 3.0	2026-09-25	213.24	2.661	2	5	89.65	2	16	27	2	0.0	1	0	0	chembl_approved:CHEMBL1201022
QPGGEKPRGVJKQB-UHFFFAOYSA-N	CN(C)CCN1C(=O)c2ccccc2N(C)c2ccccc21	chembl_approved	CHEMBL1442422	CC BY-SA 3.0	2026-09-25	295.39	2.976	0	3	26.79	3	22	43	3	0.278	0	0	1	chembl_approved:CHEMBL2104287
QPPBRPIAZZHUNT-UHFFFAOYSA-N	Cc1ccnc(NS(=O)(=O)c2ccc(N)cc2)n1	chembl_approved	CHEMBL438	CC BY-SA 3.0	2026-09-25	264.31	1.168	2	5	97.97	3	18	30	2	0.091	0	0	0	
QQBDLJCYGRGAKP-FOCLMDBBSA-L	O=C([O-])c1cc(/N=N/c2ccc(O)c(C(=O)[O-])c2)ccc1O	chembl_approved	CHEMBL1201013	CC BY-SA 3.0	2026-09-25	300.23	0.24	2	8	145.44	4	22	30	2	0.0	1	0	0	
QQBDLJCYGRGAKP-FOCLMDBBSA-N	O=C(O)c1cc(/N=N/c2ccc(O)c(C(=O)O)c2)ccc1O	chembl_approved	CHEMBL425	CC BY-SA 3.0	2026-09-25	302.24	2.91	4	6	139.78	4	22	32	2	0.0	1	0	0	
QQHMKNYGKVVGCZ-UHFFFAOYSA-N	N=C1CCCN1Cc1[nH]c(=O)[nH]c(=O)c1Cl	chembl_approved	CHEMBL65375	CC BY-SA 3.0	2026-09-25	242.67	0.29	3	3	92.81	2	16	27	2	0.444	0	0	1	chembl_approved:CHEMBL235668
QQOBRRFOVWGIMD-OJAKKHQRSA-N	CC(=O)OC[C@H]1O[C@@H](n2ncc(=O)[nH]c2=O)[C@H](OC(C)=O)[C@@H]1OC(C)=O	chembl_approved	CHEMBL515914	CC BY-SA 3.0	2026-09-25	371.3	-1.744	1	10	155.88	5	26	43	2	0.571	0	0	0	
QRJJEGAJXVEBNE-HKOYGPOVSA-N	Clc1ccc(CO/N=C(\Cn2ccnc2)c2ccc(Cl)cc2Cl)c(Cl)c1	chembl_approved	CHEMBL1262	CC BY-SA 3.0	2026-09-25	429.13	6.118	0	3	39.41	6	26	39	3	0.111	0	1	0	chembl_approved:CHEMBL1200836
QRXWMOHMRWLFEY-UHFFFAOYSA-N	NNC(=O)c1ccncc1	chembl_approved	CHEMBL64	CC BY-SA 3.0	2026-09-25	137.14	-0.315	2	3	68.01	1	10	17	1	0.0	0	0	1	
QRZAKQDHEVVFRX-UHFFFAOYSA-N	O=C(O)Cc1ccc(-c2ccccc2)cc1	chembl_approved	CHEMBL413965	CC BY-SA 3.0	2026-09-25	212.25	2.981	1	1	37.3	3	16	28	2	0.071	0	0	1	
QSLJIVKCVHQPLV-PEMPUTJUSA-N	C[C@]12COC(=O)C[C@@H]1CC[C@@H]1[C@@H]2CC[C@@]2(C)[C@H]1CC[C@]2(C)O	chembl_approved	CHEMBL1200436	CC BY-SA 3.0	2026-09-25	306.45	3.543	1	3	46.53	0	22	52	4	0.947	0	0	0	
QSLMDECMDJKHMQ-UHFFFAOYSA-N	CNCCCC12CCC(c3ccccc31)c1ccccc12	chembl_approved	CHEMBL21731	CC BY-SA 3.0	2026-09-25	277.41	4.211	1	1	12.03	4	21	44	5	0.4	0	0	0	chembl_approved:CHEMBL1237135
QTGIAADRBBLJGA-UHFFFAOYSA-N	CCCNC(C)C(=O)Nc1c(C)csc1C(=O)OC	chembl_approved	CHEMBL1093	CC BY-SA 3.0	2026-09-25	284.38	2.17	2	5	67.43	6	19	39	1	0.538	0	0	0	chembl_approved:CHEMBL1200819
QTTRZHGPGKRAFB-OOKHYKNYSA-N	CCC(=O)[C@@]1(C)[C@H](C)C[C@H]2[C@@H]3CCC4=CC(=O)C=C[C@]4(C)[C@H]3[C@@H](O)C[C@@]21C	chembl_approved	CHEMBL1200617	CC BY-SA 3.0	2026-09-25	370.53	4.497	1	3	54.37	2	27	61	4	0.75	0	0	0	
QUIJNHUBAXPXFS-XLJNKUFUSA-N	COc1nc2ccc(Br)cc2cc1[C@@H](c1ccccc1)[C@@](O)(CCN(C)C)c1cccc2ccccc12	chembl_approved	CHEMBL376488	CC BY-SA 3.0	2026-09-25	555.52	7.131	1	4	45.59	8	37	68	5	0.219	0	2	0	chembl_approved:CHEMBL2105700
QVNNONOFASOXQV-UHFFFAOYSA-L	CC(C)c1cccc(C(C)C)c1OCOP(=O)([O-])[O-]	chembl_approved	CHEMBL2021422	CC BY-SA 3.0	2026-09-25	286.26	2.115	0	5	81.65	6	19	38	1	0.538	0	0	0	
QVNNONOFASOXQV-UHFFFAOYSA-N	CC(C)c1cccc(C(C)C)c1OCOP(=O)(O)O	chembl_approved	CHEMBL1201766	CC BY-SA 3.0	2026-09-25	288.28	3.379	2	3	75.99	6	19	40	1	0.538	0	0	0	
QVYRGXJJSLMXQH-UHFFFAOYSA-N	Cc1ccccc1C(OCCN(C)C)c1ccccc1	chembl_approved	CHEMBL900	CC BY-SA 3.0	2026-09-25	269.39	3.663	0	2	12.47	6	20	43	2	0.333	0	0	0	chembl_approved:CHEMBL1200395;chembl_approved:CHEMBL1201023
QWAXKHKRTORLEM-UGJKXSETSA-N	CC(C)(C)NC(=O)[C@@H]1C[C@@H]2CCCC[C@@H]2CN1C[C@@H](O)[C@H](Cc1ccccc1)NC(=O)[C@H](CC(N)=O)NC(=O)c1ccc2ccccc2n1	chembl_approved	CHEMBL114	CC BY-SA 3.0	2026-09-25	670.86	3.092	5	7	166.75	12	49	99	5	0.5	0	1	0	chembl_approved:CHEMBL282042
QWCJHSGMANYXCW-UHFFFAOYSA-N	Nc1ccc(S(=O)(=O)Nc2ccnn2-c2ccccc2)cc1	chembl_approved	CHEMBL1109	CC BY-SA 3.0	2026-09-25	314.37	2.255	2	4	90.01	4	22	36	3	0.0	0	0	0	
QWCRAEMEVRGPNT-UHFFFAOYSA-N	O=C1CC2(CCCC2)CC(=O)N1CCCCN1CCN(c2ncccn2)CC1	chembl_approved	CHEMBL49	CC BY-SA 3.0	2026-09-25	385.51	2.088	0	6	69.64	6	28	59	4	0.714	0	0	0	chembl_approved:CHEMBL1200399
QWEWGXUTRTXFRF-KBPBESRZSA-N	O=C([C@@H]1C[C@H](N2CCN(c3ncccn3)CC2)CN1)N1CCC(F)(F)C1	chembl_approved	CHEMBL515387	CC BY-SA 3.0	2026-09-25	366.42	0.197	1	6	64.6	3	26	50	4	0.706	0	0	0	
QWGDMFLQWFTERH-UHFFFAOYSA-N	Clc1ccc2c(c1)C(N1CCNCC1)=Nc1ccccc1O2	chembl_approved	CHEMBL1113	CC BY-SA 3.0	2026-09-25	313.79	3.429	1	4	36.86	0	22	38	4	0.235	0	0	0	
QXHHHPZILQDDPS-UHFFFAOYSA-N	Clc1ccc(C(Cn2ccnc2)OCc2ccsc2Cl)c(Cl)c1	chembl_approved	CHEMBL1200438	CC BY-SA 3.0	2026-09-25	387.72	5.863	0	3	27.05	6	23	36	3	0.188	0	1	0	
QXKHYNVANLEOEG-UHFFFAOYSA-N	COc1c2occc2cc2ccc(=O)oc12	chembl_approved	CHEMBL416	CC BY-SA 3.0	2026-09-25	216.19	2.548	0	4	52.58	1	16	24	3	0.083	0	0	0	
QXWYKJLNLSIPIN-JGVFFNPUSA-N	N[C@H](C(=O)O)[C@H](O)c1ccc(O)c(O)c1	chembl_approved	CHEMBL2103827	CC BY-SA 3.0	2026-09-25	213.19	-0.457	5	5	124.01	3	15	26	1	0.222	1	0	0	
QXWZQTURMXZVHJ-UHFFFAOYSA-N	CC(C)N(CCCCOCC(=O)NS(C)(=O)=O)c1cnc(-c2ccccc2)c(-c2ccccc2)n1	chembl_approved	CHEMBL238804	CC BY-SA 3.0	2026-09-25	496.63	3.898	1	7	101.49	12	35	67	3	0.346	0	0	0	
QYIYFLOTGYLRGG-GPCCPHFNSA-N	N[C@@H](C(=O)N[C@@H]1C(=O)N2C(C(=O)O)=C(Cl)CS[C@H]12)c1ccccc1	chembl_approved	CHEMBL680	CC BY-SA 3.0	2026-09-25	367.81	0.621	3	5	112.73	4	24	38	3	0.267	0	0	0	chembl_approved:CHEMBL1201018
QYQDKDWGWDOFFU-IUODEOHRSA-N	CN(C)CCn1nnnc1SCC1=C(C(=O)O)N2C(=O)[C@@H](NC(=O)Cc3csc(N)n3)[C@H]2SC1	chembl_approved	CHEMBL1296	CC BY-SA 3.0	2026-09-25	525.64	-0.653	3	12	172.46	10	34	57	4	0.5	0	2	0	chembl_approved:CHEMBL4303232
QYSGYZVSCZSLHT-UHFFFAOYSA-N	FC(F)(F)C(F)(F)C(F)(F)F	chembl_approved	CHEMBL1663	CC BY-SA 3.0	2026-09-25	188.02	2.746	0	0	0.0	0	11	11	0	1.0	0	0	1	
QYSPLQLAKJAUJT-UHFFFAOYSA-N	CN1C(C(=O)Nc2ccccn2)=C(O)c2ccccc2S1(=O)=O	chembl_approved	CHEMBL527	CC BY-SA 3.0	2026-09-25	331.35	1.581	2	5	99.6	2	23	36	3	0.067	0	0	0	
QYSXJUFSXHHAJI-YRZJJWOYSA-N	C=C1CC[C@H](O)C/C1=C/C=C1\CCC[C@]2(C)[C@@H]([C@H](C)CCCC(C)C)CC[C@@H]12	chembl_approved	CHEMBL1042	CC BY-SA 3.0	2026-09-25	384.65	7.619	1	1	20.23	6	28	72	3	0.778	0	1	0	
QZFHIXARHDBPBY-UHFFFAOYSA-N	COC(=O)Nc1c(N)nc(-c2nn(Cc3ccccc3F)c3ncc(F)cc23)nc1N	chembl_approved	CHEMBL4066936	CC BY-SA 3.0	2026-09-25	426.39	2.557	3	8	146.86	4	31	47	4	0.105	0	0	0	
QZUDBNBUXVUHMW-UHFFFAOYSA-N	CN1CCN(C2=Nc3cc(Cl)ccc3Nc3ccccc32)CC1	chembl_approved	CHEMBL42	CC BY-SA 3.0	2026-09-25	326.83	3.723	1	4	30.87	0	23	42	4	0.278	0	0	0	
QZVCTJOXCFMACW-UHFFFAOYSA-N	CC(COc1ccccc1)N(CCCl)Cc1ccccc1	chembl_approved	CHEMBL753	CC BY-SA 3.0	2026-09-25	303.83	4.195	0	2	12.47	8	21	43	2	0.333	0	0	0	chembl_approved:CHEMBL1200787
QZZUEBNBZAPZLX-QFIPXVFZSA-N	CCc1cc2c(cc1CC)CC(NC[C@H](O)c1ccc(O)c3[nH]c(=O)ccc13)C2	chembl_approved	CHEMBL1095777	CC BY-SA 3.0	2026-09-25	392.5	3.149	4	4	85.35	6	29	57	4	0.375	0	0	0	chembl_approved:CHEMBL1789842
RAFOHKSPUDGZPR-VOTSOKGWSA-N	CC/C=C(\C)C1(CC)C(=O)NC(=O)NC1=O	chembl_approved	CHEMBL503565	CC BY-SA 3.0	2026-09-25	224.26	1.105	2	3	75.27	3	16	32	1	0.545	0	0	1	
RAGOYPUPXAKGKH-XAKZXMRKSA-N	CC[C@@H]([C@H](C)O)n1ncn(-c2ccc(N3CCN(c4ccc(OC[C@@H]5CO[C@@](Cn6cncn6)(c6ccc(F)cc6F)C5)cc4)CC3)cc2)c1=O	chembl_approved	CHEMBL1397	CC BY-SA 3.0	2026-09-25	700.79	4.573	1	9	115.7	12	51	93	7	0.405	1	1	0	
RAPZEAPATHNIPO-UHFFFAOYSA-N	Cc1nc2n(c(=O)c1CCN1CCC(c3noc4cc(F)ccc34)CC1)CCCC2	chembl_approved	CHEMBL85	CC BY-SA 3.0	2026-09-25	410.49	3.59	0	5	64.16	4	30	57	5	0.522	0	0	0	
RBBWCVQDXDFISW-UHFFFAOYSA-N	CC(C)=CCC1C(=O)N(c2ccccc2)N(c2ccccc2)C1=O	chembl_approved	CHEMBL1452696	CC BY-SA 3.0	2026-09-25	320.39	3.954	0	2	40.62	4	24	44	3	0.2	1	0	0	
RBOXVHNMENFORY-DNJOTXNNSA-N	COc1ccc2c3c1O[C@H]1[C@@H](O)CC[C@H]4[C@@H](C2)N(C)CC[C@@]341	chembl_approved	CHEMBL1595	CC BY-SA 3.0	2026-09-25	301.39	1.725	1	4	41.93	1	22	45	5	0.667	0	0	0	chembl_approved:CHEMBL2062266
RBTBFTRPCNLSDE-UHFFFAOYSA-N	CN(C)c1ccc2nc3ccc(=[N+](C)C)cc-3sc2c1	chembl_approved	CHEMBL191083	CC BY-SA 3.0	2026-09-25	284.41	2.499	0	3	19.14	1	20	38	3	0.25	0	0	1	chembl_approved:CHEMBL405110;chembl_approved:CHEMBL550495
RCINICONZNJXQF-MZXODVADSA-N	CC(=O)O[C@H]1C(=O)[C@@]2(C)[C@H]([C@H](OC(=O)c3ccccc3)[C@]3(O)C[C@H](OC(=O)[C@H](O)[C@@H](NC(=O)c4ccccc4)c4ccccc4)C(C)=C1C3(C)C)[C@]1(OC(C)=O)CO[C@@H]1C[C@@H]2O	chembl_approved	CHEMBL428647	CC BY-SA 3.0	2026-09-25	853.92	3.736	4	14	221.29	10	62	113	7	0.447	0	2	0	
RCKMWOKWVGPNJF-UHFFFAOYSA-N	CCN(CC)C(=O)N1CCN(C)CC1	chembl_approved	CHEMBL684	CC BY-SA 3.0	2026-09-25	199.3	0.696	0	2	26.79	2	14	35	1	0.9	0	0	1	chembl_approved:CHEMBL937
RCUDFXMNPQNBDU-VOTSOKGWSA-N	COc1cc(/C=C/C(=O)N2CCN(CC(=O)N3CCCC3)CC2)cc(OC)c1OC	chembl_approved	CHEMBL1874750	CC BY-SA 3.0	2026-09-25	417.51	1.492	0	6	71.55	7	30	61	3	0.545	0	0	0	
RDFJFVXMRYVOAC-UHFFFAOYSA-M	O=S(=O)([O-])CI	chembl_approved	CHEMBL2106907	CC BY-SA 3.0	2026-09-25	221.0	-0.076	0	3	57.2	1	6	8	0	1.0	0	0	1	
RDFJFVXMRYVOAC-UHFFFAOYSA-N	O=S(=O)(O)CI	chembl_approved	CHEMBL2110978	CC BY-SA 3.0	2026-09-25	222.0	0.267	1	2	54.37	1	6	9	0	1.0	0	0	1	
RDJGLLICXDHJDY-UHFFFAOYSA-M	CC(C(=O)[O-])c1cccc(Oc2ccccc2)c1	chembl_approved	CHEMBL2103736	CC BY-SA 3.0	2026-09-25	241.27	2.332	0	3	49.36	4	18	31	2	0.133	0	0	1	
RDJGLLICXDHJDY-UHFFFAOYSA-N	CC(C(=O)O)c1cccc(Oc2ccccc2)c1	chembl_approved	CHEMBL1297	CC BY-SA 3.0	2026-09-25	242.27	3.667	1	2	46.53	4	18	32	2	0.133	0	0	0	
RDLPVSKMFDYCOR-UEKVPHQBSA-N	CC1=C(C(=O)O)N2C(=O)[C@@H](NC(=O)[C@H](N)C3=CCC=CC3)[C@H]2SC1	chembl_approved	CHEMBL1604	CC BY-SA 3.0	2026-09-25	349.41	0.349	3	5	112.73	4	24	43	3	0.438	0	0	0	
RDOIQAHITMMDAJ-UHFFFAOYSA-N	CN(C)C(=O)C(CCN1CCC(O)(c2ccc(Cl)cc2)CC1)(c1ccccc1)c1ccccc1	chembl_approved	CHEMBL841	CC BY-SA 3.0	2026-09-25	477.05	5.088	1	3	43.78	7	34	67	4	0.345	0	1	0	chembl_approved:CHEMBL1707
RENRQMCACQEWFC-UGKGYDQZSA-N	CCO[C@H]1CCN(Cc2c(OC)cc(C)c3[nH]ccc23)[C@H](c2ccc(C(=O)O)cc2)C1	chembl_approved	CHEMBL4594448	CC BY-SA 3.0	2026-09-25	422.53	4.925	2	4	74.79	7	31	61	4	0.4	0	0	0	chembl_approved:CHEMBL5095401
REQCZEXYDRLIBE-UHFFFAOYSA-N	CCN(CC)CCNC(=O)c1ccc(N)cc1	chembl_approved	CHEMBL605	CC BY-SA 3.0	2026-09-25	235.33	1.34	2	3	58.36	6	17	38	1	0.462	0	0	1	chembl_approved:CHEMBL640
REYFJDPCWQRWAA-UHFFFAOYSA-N	c1ccc(CN(CC2=NCCN2)c2ccccc2)cc1	chembl_approved	CHEMBL1305	CC BY-SA 3.0	2026-09-25	265.36	2.695	1	3	27.63	5	20	39	3	0.235	0	0	1	chembl_approved:CHEMBL1200550
RFHAOTPXVQNOHP-UHFFFAOYSA-N	OC(Cn1cncn1)(Cn1cncn1)c1ccc(F)cc1F	chembl_approved	CHEMBL106	CC BY-SA 3.0	2026-09-25	306.28	0.736	1	5	81.65	5	22	34	3	0.231	0	0	0	
RFKMCNOHBTXSMU-UHFFFAOYSA-N	COC(F)(F)C(Cl)Cl	chembl_approved	CHEMBL1341	CC BY-SA 3.0	2026-09-25	164.97	2.029	0	1	9.23	2	8	12	0	1.0	0	0	1	
RFRXIWQYSOIBDI-UHFFFAOYSA-N	CCc1oc2ccccc2c1C(=O)c1ccc(O)cc1	chembl_approved	CHEMBL1474963	CC BY-SA 3.0	2026-09-25	266.3	3.932	1	3	50.44	3	20	34	3	0.118	0	0	0	
RFWZESUMWJKKRN-UHFFFAOYSA-N	Cc1ccccc1N1CCN(CCc2nnc3n2CCCC3)CC1	chembl_approved	CHEMBL1201044	CC BY-SA 3.0	2026-09-25	325.46	2.288	0	4	37.19	4	24	51	4	0.579	0	0	0	chembl_approved:CHEMBL1201216
RGCVKNLCSQQDEP-UHFFFAOYSA-N	OCCN1CCN(CCCN2c3ccccc3Sc3ccc(Cl)cc32)CC1	chembl_approved	CHEMBL567	CC BY-SA 3.0	2026-09-25	403.98	3.943	1	5	29.95	6	27	53	4	0.429	0	0	0	
RGHNJXZEOKUKBD-SQOUGZDYSA-M	O=C([O-])[C@H](O)[C@@H](O)[C@H](O)[C@H](O)CO	chembl_approved	CHEMBL2106119	CC BY-SA 3.0	2026-09-25	195.15	-4.828	5	7	141.28	5	13	24	0	0.833	0	0	0	
RGLYKWWBQGJZGM-ISLYRVAYSA-N	CC/C(=C(/CC)c1ccc(O)cc1)c1ccc(O)cc1	chembl_approved	CHEMBL411	CC BY-SA 3.0	2026-09-25	268.36	4.829	2	2	40.46	4	20	40	2	0.222	0	0	0	
RGPDEAGGEXEMMM-UHFFFAOYSA-N	CN1CCOC(c2ccccc2)c2ccccc2C1	chembl_approved	CHEMBL465026	CC BY-SA 3.0	2026-09-25	253.34	3.238	0	2	12.47	1	19	38	3	0.294	0	0	0	chembl_approved:CHEMBL1407915
RHWKPHLQXYSBKR-BMIGLBTASA-M	C[C@@H]1CCO[C@H]2Cn3cc(C(=O)NCc4ccc(F)cc4F)c(=O)c([O-])c3C(=O)N12	chembl_approved	CHEMBL1213165	CC BY-SA 3.0	2026-09-25	418.38	0.721	1	5	103.7	3	30	48	4	0.35	0	0	0	
RHWKPHLQXYSBKR-BMIGLBTASA-N	C[C@@H]1CCO[C@H]2Cn3cc(C(=O)NCc4ccc(F)cc4F)c(=O)c(O)c3C(=O)N12	chembl_approved	CHEMBL1229211	CC BY-SA 3.0	2026-09-25	419.38	1.353	2	5	100.87	3	30	49	4	0.35	0	0	0	
RHXHGRAEPCAFML-UHFFFAOYSA-N	CN(C)C(=O)c1cc2cnc(Nc3ccc(N4CCNCC4)cn3)nc2n1C1CCCC1	chembl_approved	CHEMBL3545110	CC BY-SA 3.0	2026-09-25	434.55	2.796	2	7	91.21	5	32	62	5	0.478	0	0	0	chembl_approved:CHEMBL3707266
RHYDWXFLAVMPIA-UHFFFAOYSA-N	Cc1cccn2c(=O)c(-c3nnn[n-]3)cnc12	chembl_approved	CHEMBL1201050	CC BY-SA 3.0	2026-09-25	227.21	-0.188	0	5	87.14	1	17	24	3	0.1	0	0	0	
RIJLVEAXPNLDTC-UHFFFAOYSA-N	O=C(Nc1nc2cccc(-c3ccc(CN4CCS(=O)(=O)CC4)cc3)n2n1)C1CC1	chembl_approved	CHEMBL3301607	CC BY-SA 3.0	2026-09-25	425.51	1.975	1	6	96.67	5	30	53	5	0.381	0	0	0	chembl_approved:CHEMBL4298167
RIKMMFOAQPJVMX-UHFFFAOYSA-N	Cc1cn[nH]c1	chembl_approved	CHEMBL1308	CC BY-SA 3.0	2026-09-25	82.11	0.718	1	1	28.68	0	6	12	1	0.25	0	0	1	
RITAVMQDGBJQJZ-FMIVXFBMSA-N	CNC(=O)c1ccccc1Sc1ccc2c(/C=C/c3ccccn3)n[nH]c2c1	chembl_approved	CHEMBL1289926	CC BY-SA 3.0	2026-09-25	386.48	4.639	2	4	70.67	5	28	46	4	0.045	0	0	0	
RJCWBNBKOKFWNY-IDPLTSGASA-N	CC1(C)CC[C@]2(NC(=O)C(C)(F)F)CC[C@]3(C)[C@H](C(=O)C=C4[C@@]5(C)C=C(C#N)C(=O)C(C)(C)[C@@H]5CC[C@]43C)[C@@H]2C1	chembl_approved	CHEMBL4303525	CC BY-SA 3.0	2026-09-25	554.72	6.73	1	4	87.03	2	40	84	5	0.758	0	2	0	
RJFAYQIBOAGBLC-BYPYZUCNSA-N	C[Se]CC[C@H](N)C(=O)O	chembl_approved	CHEMBL113178	CC BY-SA 3.0	2026-09-25	196.11	-0.041	2	2	63.32	4	9	20	0	0.8	0	0	1	
RJFAYQIBOAGBLC-ZEMBQCNESA-N	C[75Se]CC[C@H](N)C(=O)O	chembl_approved	CHEMBL1201054	CC BY-SA 3.0	2026-09-25	192.07	-0.041	2	2	63.32	4	9	20	0	0.8	0	0	1	
RJIWZDNTCBHXAL-UHFFFAOYSA-N	O=[N+]([O-])c1ccc(O)c2ncccc12	chembl_approved	CHEMBL1454910	CC BY-SA 3.0	2026-09-25	190.16	1.849	1	4	76.26	1	14	20	2	0.0	0	0	0	
RJKFOVLPORLFTN-LEKSSAKUSA-N	CC(=O)[C@H]1CC[C@H]2[C@@H]3CCC4=CC(=O)CC[C@]4(C)[C@H]3CC[C@]12C	chembl_approved	CHEMBL103	CC BY-SA 3.0	2026-09-25	314.47	4.724	0	2	34.14	1	23	53	4	0.81	0	0	0	
RJMIEHBSYVWVIN-UHFFFAOYSA-N	CC(C(=O)O)c1ccc(N2Cc3ccccc3C2=O)cc1	chembl_approved	CHEMBL15870	CC BY-SA 3.0	2026-09-25	281.31	3.035	1	2	57.61	3	21	36	3	0.176	0	0	0	
RJMUSRYZPJIFPJ-UHFFFAOYSA-N	O=C(Nc1ccc([N+](=O)[O-])cc1Cl)c1cc(Cl)ccc1O	chembl_approved	CHEMBL1448	CC BY-SA 3.0	2026-09-25	327.12	3.86	2	4	92.47	3	21	29	2	0.0	0	0	0	
RJQXTJLFIWVMTO-TYNCELHUSA-M	COc1cccc(OC)c1C(=O)N[C@@H]1C(=O)N2[C@@H]1SC(C)(C)[C@@H]2C(=O)[O-]	chembl_approved	CHEMBL3181832	CC BY-SA 3.0	2026-09-25	379.41	-0.386	1	7	108.0	5	26	45	3	0.471	0	0	0	
RJQXTJLFIWVMTO-TYNCELHUSA-N	COc1cccc(OC)c1C(=O)N[C@@H]1C(=O)N2[C@@H]1SC(C)(C)[C@@H]2C(=O)O	chembl_approved	CHEMBL575	CC BY-SA 3.0	2026-09-25	380.42	0.949	2	6	105.17	5	26	46	3	0.471	0	0	0	
RKEWSXXUOLRFBX-UHFFFAOYSA-N	CC(C)COc1ccc(CNC(=O)N(Cc2ccc(F)cc2)C2CCN(C)CC2)cc1	chembl_approved	CHEMBL2111101	CC BY-SA 3.0	2026-09-25	427.56	4.667	1	3	44.81	8	31	65	3	0.48	0	0	0	chembl_approved:CHEMBL2448613
RKHQGWMMUURILY-UHRZLXHJSA-N	CC(=O)OCC(=O)[C@@]1(O)[C@H](C)C[C@H]2[C@@H]3C=C(C)C4=Cc5c(cnn5-c5ccccc5)C[C@]4(C)[C@H]3[C@@H](O)C[C@@]21C	chembl_approved	CHEMBL2105842	CC BY-SA 3.0	2026-09-25	530.67	4.301	2	6	101.65	4	39	77	6	0.531	0	1	0	
RKLNONIVDFXQRX-UHFFFAOYSA-N	O=C(CCCN1CCC(O)(c2ccc(Br)cc2)CC1)c1ccc(F)cc1	chembl_approved	CHEMBL28218	CC BY-SA 3.0	2026-09-25	420.32	4.535	1	3	40.54	6	26	49	3	0.381	0	0	0	
RKUNBYITZUJHSG-SPUOUPEWSA-N	CN1[C@@H]2CC[C@H]1C[C@@H](OC(=O)C(CO)c1ccccc1)C2	chembl_approved	CHEMBL517712	CC BY-SA 3.0	2026-09-25	289.38	1.931	1	4	49.77	4	21	44	3	0.588	0	0	0	chembl_approved:CHEMBL2146146
RKWGIWYCVPQPMF-UHFFFAOYSA-N	CCCNC(=O)NS(=O)(=O)c1ccc(Cl)cc1	chembl_approved	CHEMBL498	CC BY-SA 3.0	2026-09-25	276.75	1.738	2	3	75.27	4	17	30	1	0.3	0	0	1	
RLAWWYSOJDYHDC-BZSNNMDCSA-N	NCCCC[C@H](N[C@@H](CCc1ccccc1)C(=O)O)C(=O)N1CCC[C@H]1C(=O)O	chembl_approved	CHEMBL419213	CC BY-SA 3.0	2026-09-25	405.5	1.235	4	5	132.96	12	29	60	2	0.571	0	0	0	chembl_approved:CHEMBL1237
RLCLASQCAPXVLM-NSHDSACASA-N	CC(C)n1c(=O)cc(N[C@@H](C)c2ccccc2)[nH]c1=O	chembl_approved	CHEMBL4297517	CC BY-SA 3.0	2026-09-25	273.34	2.291	2	3	66.89	4	20	39	2	0.333	0	0	1	
RLLPVAHGXHCWKJ-UHFFFAOYSA-N	CC1(C)C(C=C(Cl)Cl)C1C(=O)OCc1cccc(Oc2ccccc2)c1	chembl_approved	CHEMBL1525	CC BY-SA 3.0	2026-09-25	391.29	6.113	0	3	35.53	6	26	46	3	0.286	0	1	0	
RLWRMIYXDPXIEX-UHFFFAOYSA-N	CC(c1ccc(Cl)c(Cl)c1)N1N=C(N)CC1=O	chembl_approved	CHEMBL1697760	CC BY-SA 3.0	2026-09-25	272.14	2.559	1	3	58.69	2	17	28	2	0.273	0	0	1	
RMEDXOLNCUSCGS-UHFFFAOYSA-N	O=C(CCCN1CC=C(n2c(=O)[nH]c3ccccc32)CC1)c1ccc(F)cc1	chembl_approved	CHEMBL1108	CC BY-SA 3.0	2026-09-25	379.44	3.678	1	3	58.1	6	28	50	4	0.273	0	0	0	
RMHMFHUVIITRHF-UHFFFAOYSA-N	CN1CCN(CC(=O)N2c3ccccc3C(=O)Nc3cccnc32)CC1	chembl_approved	CHEMBL9967	CC BY-SA 3.0	2026-09-25	351.41	1.559	1	5	68.78	2	26	47	4	0.316	0	0	0	chembl_approved:CHEMBL1531864
RMMXLENWKUUMAY-UHFFFAOYSA-N	CCCc1nc2c(C)cc(-c3nc4ccccc4n3C)cc2n1Cc1ccc(-c2ccccc2C(=O)O)cc1	chembl_approved	CHEMBL1017	CC BY-SA 3.0	2026-09-25	514.63	7.264	1	3	72.94	7	39	69	6	0.182	0	2	0	
RMMXTBMQSGEXHJ-UHFFFAOYSA-N	Cc1c(N(C)C)c(=O)n(-c2ccccc2)n1C	chembl_approved	CHEMBL288470	CC BY-SA 3.0	2026-09-25	231.3	1.55	0	2	30.17	2	17	34	2	0.308	0	0	1	
RMRJXGBAOAMLHD-CTAPUXPBSA-N	CO[C@@]12CC[C@@]3(C[C@@H]1[C@](C)(O)C(C)(C)C)[C@H]1Cc4ccc(O)c5c4[C@@]3(CCN1CC1CC1)[C@H]2O5	chembl_approved	CHEMBL511142	CC BY-SA 3.0	2026-09-25	467.65	4.414	2	5	62.16	4	34	75	8	0.793	0	0	0	chembl_approved:CHEMBL2368861
RMTYNAPTNBJHQI-LLDVTBCESA-N	Cc1ccc(S(=O)(=O)NC(=O)N[C@H]2[C@H]3CC[C@@](C)([C@H]2O)C3(C)C)cc1	chembl_approved	CHEMBL529888	CC BY-SA 3.0	2026-09-25	366.48	2.169	3	4	95.5	3	25	51	3	0.611	0	0	0	
RMUCZJUITONUFY-UHFFFAOYSA-N	NNCCc1ccccc1	chembl_approved	CHEMBL1089	CC BY-SA 3.0	2026-09-25	136.2	0.692	2	2	38.05	3	10	22	1	0.25	0	0	1	chembl_approved:CHEMBL1200895
RMXZKEPDYBTFOS-LRFGSCOBSA-N	CC(C)(C)n1ncc(OCc2ccc(COCC[18F])cc2)c(Cl)c1=O	chembl_approved	CHEMBL2107799	CC BY-SA 3.0	2026-09-25	367.84	3.717	0	4	53.35	7	25	47	2	0.444	0	0	0	
RMXZKEPDYBTFOS-UHFFFAOYSA-N	CC(C)(C)n1ncc(OCc2ccc(COCCF)cc2)c(Cl)c1=O	chembl_approved	CHEMBL494622	CC BY-SA 3.0	2026-09-25	368.84	3.717	0	4	53.35	7	25	47	2	0.444	0	0	0	
RNFNDJAIBTYOQL-UHFFFAOYSA-N	OC(O)C(Cl)(Cl)Cl	chembl_approved	CHEMBL455917	CC BY-SA 3.0	2026-09-25	165.4	0.667	2	2	40.46	0	7	10	0	1.0	0	0	1	
RNLQIBCLLYYYFJ-UHFFFAOYSA-N	Nc1cc(-c2ccncc2)c[nH]c1=O	chembl_approved	CHEMBL12856	CC BY-SA 3.0	2026-09-25	187.2	1.019	2	3	71.77	1	14	23	2	0.0	0	0	1	chembl_approved:CHEMBL2096642
RNOAOAWBMHREKO-QFIPXVFZSA-N	C=CC(=O)N1CCC([C@@H]2CCNc3c(C(N)=O)c(-c4ccc(Oc5ccccc5)cc4)nn32)CC1	chembl_approved	CHEMBL3936761	CC BY-SA 3.0	2026-09-25	471.56	4.223	2	5	102.48	6	35	64	5	0.296	0	0	0	
ROBVIMPUHSLWNV-UHFFFAOYSA-N	CCC1(c2ccc(N)cc2)CCC(=O)NC1=O	chembl_approved	CHEMBL488	CC BY-SA 3.0	2026-09-25	232.28	1.353	2	3	72.19	2	17	33	2	0.385	0	0	1	
RONZAEMNMFQXRA-UHFFFAOYSA-N	CN1CCN2c3ncccc3Cc3ccccc3C2C1	chembl_approved	CHEMBL654	CC BY-SA 3.0	2026-09-25	265.36	2.479	0	3	19.37	0	20	39	4	0.353	0	0	1	
ROSXARVHJNYYDO-UHFFFAOYSA-N	CCCOC(=O)Cn1cc(I)c(=O)c(I)c1	chembl_approved	CHEMBL1200821	CC BY-SA 3.0	2026-09-25	447.01	2.011	0	3	48.3	4	16	27	1	0.4	0	0	0	
RPLCPCMSCLEKRS-BPIQYHPVSA-N	C#C[C@]1(O)CC[C@H]2[C@@H]3CCC4=CCCC[C@@H]4[C@H]3C(=C)C[C@@]21CC	chembl_approved	CHEMBL1533	CC BY-SA 3.0	2026-09-25	310.48	4.87	1	1	20.23	1	23	53	4	0.727	0	0	0	
RPTUSVTUFVMDQK-UHFFFAOYSA-N	NNc1nncc2ccccc12	chembl_approved	CHEMBL276832	CC BY-SA 3.0	2026-09-25	160.18	0.915	2	4	63.83	1	12	20	2	0.0	0	0	0	chembl_approved:CHEMBL542541
RQTOOFIXOKYGAN-UHFFFAOYSA-L	CCCc1c2oc(C(=O)[O-])cc(=O)c2cc2c(=O)cc(C(=O)[O-])n(CC)c12	chembl_approved	CHEMBL915	CC BY-SA 3.0	2026-09-25	369.33	-0.193	0	7	132.47	5	27	42	3	0.263	0	0	0	
RQTOOFIXOKYGAN-UHFFFAOYSA-N	CCCc1c2oc(C(=O)O)cc(=O)c2cc2c(=O)cc(C(=O)O)n(CC)c12	chembl_approved	CHEMBL746	CC BY-SA 3.0	2026-09-25	371.35	2.477	2	5	126.81	5	27	44	3	0.263	0	0	0	
RQZAXGRLVPAYTJ-GQFGMJRRSA-N	CC(=O)O[C@]1(C(C)=O)CC[C@H]2[C@@H]3C=C(C)C4=CC(=O)CC[C@]4(C)[C@H]3CC[C@@]21C	chembl_approved	CHEMBL1201139	CC BY-SA 3.0	2026-09-25	384.52	4.575	0	4	60.44	2	28	60	4	0.708	0	0	0	
RRGUKTPIGVIEKM-UHFFFAOYSA-N	O=C1CCc2cc(OCCCCc3nnnn3C3CCCCC3)ccc2N1	chembl_approved	CHEMBL799	CC BY-SA 3.0	2026-09-25	369.47	3.465	1	5	81.93	7	27	54	4	0.6	0	0	0	
RRJHESVQVSRQEX-SUYBPPKGSA-M	Cn1nnnc1SCC1=C(C(=O)[O-])N2C(=O)[C@@H](NC(=O)[C@H](OC=O)c3ccccc3)[C@H]2SC1	chembl_approved	CHEMBL1618	CC BY-SA 3.0	2026-09-25	489.52	-1.38	1	11	159.44	9	33	50	4	0.316	0	1	0	
RRJHESVQVSRQEX-SUYBPPKGSA-N	Cn1nnnc1SCC1=C(C(=O)O)N2C(=O)[C@@H](NC(=O)[C@H](OC=O)c3ccccc3)[C@H]2SC1	chembl_approved	CHEMBL1201218	CC BY-SA 3.0	2026-09-25	490.52	-0.045	2	10	156.61	9	33	51	4	0.316	0	0	0	
RRMJMHOQSALEJJ-UHFFFAOYSA-N	C=CC(=O)Nc1cc(Nc2nccc(-n3cc(CN(C)C)c(-c4ccccc4)n3)n2)c(OC)cc1N1CCOCC1	chembl_approved	CHEMBL4558324	CC BY-SA 3.0	2026-09-25	554.66	4.104	2	9	109.67	10	41	75	5	0.267	0	1	0	chembl_approved:CHEMBL6068478
RSEPBGGWRJCQGY-RBRWEJTLSA-N	CCCCC(=O)O[C@H]1CC[C@H]2[C@@H]3CCc4cc(O)ccc4[C@H]3CC[C@]12C	chembl_approved	CHEMBL1511	CC BY-SA 3.0	2026-09-25	356.51	5.35	1	3	46.53	4	26	58	4	0.696	0	1	0	
RSWOJTICKMKTER-QXLBVTBOSA-N	CNCC(=O)OCc1cccnc1N(C)C(=O)OC(C)[n+]1cnn(C[C@](O)(c2cc(F)ccc2F)[C@@H](C)c2nc(-c3ccc(C#N)cc3)cs2)c1	chembl_approved	CHEMBL1183349	CC BY-SA 3.0	2026-09-25	717.78	4.585	2	11	159.37	13	51	86	5	0.286	0	2	0	chembl_approved:CHEMBL3137333
RTGDFNSFWBGLEC-SYZQJQIISA-N	COc1c(C)c2c(c(O)c1C/C=C(\C)CCC(=O)OCCN1CCOCC1)C(=O)OC2	chembl_approved	CHEMBL1456	CC BY-SA 3.0	2026-09-25	433.5	2.524	1	8	94.53	9	31	62	3	0.565	0	0	0	chembl_approved:CHEMBL1200955
RTHCYVBBDHJXIQ-UHFFFAOYSA-N	CNCCC(Oc1ccc(C(F)(F)F)cc1)c1ccccc1	chembl_approved	CHEMBL41	CC BY-SA 3.0	2026-09-25	309.33	4.435	1	2	21.26	6	22	40	2	0.294	0	0	0	chembl_approved:CHEMBL1201082
RTXOFQZKPXMALH-GHXIOONMSA-N	C=CC1=C(C(=O)O)N2C(=O)[C@@H](NC(=O)/C(=N\O)c3csc(N)n3)[C@H]2SC1	chembl_approved	CHEMBL927	CC BY-SA 3.0	2026-09-25	395.42	-0.172	4	9	158.21	5	26	39	3	0.214	0	0	0	
RUDATBOHQWOJDD-BSWAIDMHSA-N	C[C@H](CCC(=O)O)[C@H]1CC[C@H]2[C@@H]3[C@H](O)C[C@@H]4C[C@H](O)CC[C@]4(C)[C@H]3CC[C@]12C	chembl_approved	CHEMBL240597	CC BY-SA 3.0	2026-09-25	392.58	4.478	3	3	77.76	4	28	68	4	0.958	0	0	0	
RUDATBOHQWOJDD-UZVSRGJWSA-N	C[C@H](CCC(=O)O)[C@H]1CC[C@H]2[C@@H]3[C@@H](O)C[C@@H]4C[C@H](O)CC[C@]4(C)[C@H]3CC[C@]12C	chembl_approved	CHEMBL1551	CC BY-SA 3.0	2026-09-25	392.58	4.478	3	3	77.76	4	28	68	4	0.958	0	0	0	
RUEYEZADQJCKGV-UHFFFAOYSA-N	O=C(O)CNC(=O)C1C(=O)N(C2CCCCC2)C(=O)N(C2CCCCC2)C1=O	chembl_approved	CHEMBL3544988	CC BY-SA 3.0	2026-09-25	393.44	1.26	2	5	124.09	5	28	55	3	0.737	0	0	0	
RUOKEQAAGRXIBM-GFCCVEGCSA-N	C#CCN[C@@H]1CCc2ccccc21	chembl_approved	CHEMBL887	CC BY-SA 3.0	2026-09-25	171.24	1.897	1	1	12.03	2	13	26	2	0.333	0	0	1	chembl_approved:CHEMBL1201142;chembl_approved:CHEMBL6067988
RUZYUOTYCVRMRZ-UHFFFAOYSA-N	COc1cc2nc(N3CCN(C(=O)C4COc5ccccc5O4)CC3)nc(N)c2cc1OC	chembl_approved	CHEMBL707	CC BY-SA 3.0	2026-09-25	451.48	1.718	1	9	112.27	4	33	58	5	0.348	0	0	0	chembl_approved:CHEMBL1200561
RVGLGHVJXCETIO-UHFFFAOYSA-N	N#Cc1cc(NC(=O)C(=O)O)c(Cl)c(NC(=O)C(=O)O)c1	chembl_approved	CHEMBL1201266	CC BY-SA 3.0	2026-09-25	311.64	0.258	4	5	156.59	2	21	27	1	0.0	0	0	0	chembl_approved:CHEMBL3989725
RVOLLAQWKVFTGE-UHFFFAOYSA-N	CN(C)C(=O)Oc1ccc[n+](C)c1	chembl_approved	CHEMBL812	CC BY-SA 3.0	2026-09-25	181.21	0.571	0	2	33.42	1	13	26	1	0.333	0	0	1	chembl_approved:CHEMBL1115
RWTNPBWLLIMQHL-UHFFFAOYSA-N	CC(C)(C(=O)O)c1ccc(C(O)CCCN2CCC(C(O)(c3ccccc3)c3ccccc3)CC2)cc1	chembl_approved	CHEMBL914	CC BY-SA 3.0	2026-09-25	501.67	5.511	3	4	81.0	10	37	76	4	0.406	0	2	0	chembl_approved:CHEMBL1200618
RWWYLEGWBNMMLJ-YSOARWBDSA-N	CCC(CC)COC(=O)[C@H](C)N[P@](=O)(OC[C@H]1O[C@@](C#N)(c2ccc3c(N)ncnn23)[C@H](O)[C@@H]1O)Oc1ccccc1	chembl_approved	CHEMBL4065616	CC BY-SA 3.0	2026-09-25	602.59	2.312	4	12	203.55	13	42	77	4	0.481	0	2	0	
RWZVPVOZTJJMNU-UHFFFAOYSA-N	CN(CCCCCCCCCCN(C)C(=O)Oc1cccc([N+](C)(C)C)c1)C(=O)Oc1cccc([N+](C)(C)C)c1	chembl_approved	CHEMBL1200514	CC BY-SA 3.0	2026-09-25	556.79	6.762	0	4	59.08	15	40	92	2	0.562	0	2	0	chembl_approved:CHEMBL1201229
RXPRRQLKFXBCSJ-GIVPXCGWSA-N	CC[C@]12CCCN3CCc4c(n(c5ccccc45)[C@@](O)(C(=O)OC)C1)[C@@H]32	chembl_approved	CHEMBL1165342	CC BY-SA 3.0	2026-09-25	354.45	2.953	1	4	54.7	2	26	52	5	0.571	0	0	0	
RXQCGGRTAILOIN-UHFFFAOYSA-N	CNC(C)(C)Cc1ccccc1	chembl_approved	CHEMBL1201234	CC BY-SA 3.0	2026-09-25	163.26	2.227	1	1	12.03	3	12	29	1	0.455	0	0	1	chembl_approved:CHEMBL3184799
RYIDHLJADOKWFM-MAODMQOUSA-N	NC(=O)c1ccc2c(c1O)[C@]13CCN(CC4CC4)[C@H](C2)[C@]1(O)CCC(=O)C3	chembl_approved	CHEMBL426084	CC BY-SA 3.0	2026-09-25	370.45	1.253	3	5	103.86	3	27	53	5	0.619	0	0	0	chembl_approved:CHEMBL2105749
RYJXBGGBZJGVQF-UHFFFAOYSA-N	C=CCN1CCCC1CNC(=O)c1cc(S(N)(=O)=O)cc(OC)c1OC	chembl_approved	CHEMBL2105581	CC BY-SA 3.0	2026-09-25	383.47	0.731	2	6	110.96	8	26	51	2	0.471	0	0	0	
RYMZZMVNJRMUDD-HGQWONQESA-N	CCC(C)(C)C(=O)O[C@H]1C[C@@H](C)C=C2C=C[C@H](C)[C@H](CC[C@@H]3C[C@@H](O)CC(=O)O3)[C@H]21	chembl_approved	CHEMBL1064	CC BY-SA 3.0	2026-09-25	418.57	4.586	1	5	72.83	6	30	68	3	0.76	0	0	0	
RYQOILLJDKPETL-UHFFFAOYSA-N	CCCCCCOC(=O)CCC(=O)CN	chembl_approved	CHEMBL1201784	CC BY-SA 3.0	2026-09-25	215.29	1.418	1	4	69.39	9	15	36	0	0.818	0	0	0	chembl_approved:CHEMBL1201785
RYYVLZVUVIJVGH-UHFFFAOYSA-N	Cn1c(=O)c2c(ncn2C)n(C)c1=O	chembl_approved	CHEMBL113	CC BY-SA 3.0	2026-09-25	194.19	-1.029	0	3	61.82	0	14	24	2	0.375	0	0	1	chembl_approved:CHEMBL1200569
RZEKVGVHFLEQIL-UHFFFAOYSA-N	Cc1ccc(-c2cc(C(F)(F)F)nn2-c2ccc(S(N)(=O)=O)cc2)cc1	chembl_approved	CHEMBL118	CC BY-SA 3.0	2026-09-25	381.38	3.514	1	3	77.98	3	26	40	3	0.118	0	0	0	
RZJQGNCSTQAWON-UHFFFAOYSA-N	CS(=O)(=O)c1ccc(C2=C(c3ccccc3)C(=O)OC2)cc1	chembl_approved	CHEMBL122	CC BY-SA 3.0	2026-09-25	314.36	2.558	0	4	60.44	3	22	36	3	0.118	0	0	0	
RZTAMFZIAATZDJ-UHFFFAOYSA-N	CCOC(=O)C1=C(C)NC(C)=C(C(=O)OC)C1c1cccc(Cl)c1Cl	chembl_approved	CHEMBL1480	CC BY-SA 3.0	2026-09-25	384.26	3.964	1	5	64.63	4	25	44	2	0.333	0	0	0	
RZVAJINKPMORJF-UHFFFAOYSA-N	CC(=O)Nc1ccc(O)cc1	chembl_approved	CHEMBL112	CC BY-SA 3.0	2026-09-25	151.16	1.351	2	2	49.33	1	11	20	1	0.125	0	0	1	
RZVPBGBYGMDSBG-GGAORHGYSA-N	COC(=O)OCOc1c2n(ccc1=O)N([C@@H]1c3ccccc3SCc3c1ccc(F)c3F)[C@@H]1COCCN1C2=O	chembl_approved	CHEMBL4297503	CC BY-SA 3.0	2026-09-25	571.56	3.391	0	9	99.54	4	40	63	6	0.296	0	1	0	
SAADBVWGJQAEFS-UHFFFAOYSA-N	CCN(CC)CCN1C(=O)CN=C(c2ccccc2F)c2cc(Cl)ccc21	chembl_approved	CHEMBL968	CC BY-SA 3.0	2026-09-25	387.89	4.005	0	3	35.91	6	27	50	3	0.333	0	0	0	chembl_approved:CHEMBL3989724
SADQVAVFGNTEOD-UHFFFAOYSA-N	c1ccc2c(CCC3CCNCC3)c[nH]c2c1	chembl_approved	CHEMBL276520	CC BY-SA 3.0	2026-09-25	228.34	3.1	2	1	27.82	3	17	37	3	0.467	0	0	0	
SAPNXPWPAUFAJU-UHFFFAOYSA-N	CN(CCCN1c2ccccc2CCc2ccccc21)CC(=O)c1ccc(Cl)cc1	chembl_approved	CHEMBL87708	CC BY-SA 3.0	2026-09-25	418.97	5.782	0	3	23.55	7	30	57	4	0.269	0	1	0	chembl_approved:CHEMBL2106638
SBDNJUWAMKYJOX-UHFFFAOYSA-M	Cc1ccc(Cl)c(Nc2ccccc2C(=O)[O-])c1Cl	chembl_approved	CHEMBL1562610	CC BY-SA 3.0	2026-09-25	295.14	3.409	1	3	52.16	3	19	29	2	0.071	0	0	0	
SBDNJUWAMKYJOX-UHFFFAOYSA-N	Cc1ccc(Cl)c(Nc2ccccc2C(=O)O)c1Cl	chembl_approved	CHEMBL509	CC BY-SA 3.0	2026-09-25	296.15	4.744	2	2	49.33	3	19	30	2	0.071	0	0	0	
SBNFWQZLDJGRLK-UHFFFAOYSA-N	CC(C)=CC1C(C(=O)OCc2cccc(Oc3ccccc3)c2)C1(C)C	chembl_approved	CHEMBL1322884	CC BY-SA 3.0	2026-09-25	350.46	5.761	0	3	35.53	6	26	52	3	0.348	0	1	0	
SBUJHOSQTJFQJX-NOAMYHISSA-N	NC[C@H]1O[C@H](O[C@H]2[C@H](O)[C@@H](O[C@H]3O[C@H](CO)[C@@H](O)[C@H](N)[C@H]3O)[C@H](N)C[C@@H]2N)[C@H](O)[C@@H](O)[C@@H]1O	chembl_approved	CHEMBL1384	CC BY-SA 3.0	2026-09-25	484.5	-7.291	11	15	282.61	6	33	69	3	1.0	0	2	0	chembl_approved:CHEMBL1446
SCKYRAXSEDYPSA-UHFFFAOYSA-N	Cc1cc(C2CCCCC2)n(O)c(=O)c1	chembl_approved	CHEMBL1413	CC BY-SA 3.0	2026-09-25	207.27	2.442	1	2	42.23	1	15	32	2	0.583	0	0	1	
SDEAXTCZPQIFQM-UHFFFAOYSA-N	Cc1cc(Nc2ncnc3ccc(NC4=NC(C)(C)CO4)cc23)ccc1Oc1ccn2ncnc2c1	chembl_approved	CHEMBL3989868	CC BY-SA 3.0	2026-09-25	480.53	5.094	2	9	110.85	5	36	60	6	0.192	0	1	0	
SDUQYLNIPVEERB-QPPQHZFASA-N	Nc1ccn([C@@H]2O[C@H](CO)[C@@H](O)C2(F)F)c(=O)n1	chembl_approved	CHEMBL888	CC BY-SA 3.0	2026-09-25	263.2	-1.289	3	6	110.6	2	18	29	2	0.556	0	0	0	chembl_approved:CHEMBL1637
SEBMTIQKRHYNIT-UHFFFAOYSA-N	CN1CCC(=C2c3ccccc3CCc3cccnc32)CC1	chembl_approved	CHEMBL946	CC BY-SA 3.0	2026-09-25	290.41	3.708	0	2	16.13	0	22	44	4	0.35	0	0	0	chembl_approved:CHEMBL3544908
SECKRCOLJRRGGV-UHFFFAOYSA-N	CCCc1nc(C)c2c(O)nc(-c3cc(S(=O)(=O)N4CCN(CC)CC4)ccc3OCC)nn12	chembl_approved	CHEMBL1339	CC BY-SA 3.0	2026-09-25	488.61	2.483	1	8	113.16	8	34	66	4	0.522	0	0	0	chembl_approved:CHEMBL1520
SEEPANYCNGTZFQ-UHFFFAOYSA-N	Nc1ccc(S(=O)(=O)Nc2ncccn2)cc1	chembl_approved	CHEMBL439	CC BY-SA 3.0	2026-09-25	250.28	0.86	2	5	97.97	3	17	27	2	0.0	0	0	0	
SEERZIQQUAZTOL-ANMDKAQQSA-M	COCc1c(C(C)C)nc(C(C)C)c(/C=C/[C@@H](O)C[C@@H](O)CC(=O)[O-])c1-c1ccc(F)cc1	chembl_approved	CHEMBL1200563	CC BY-SA 3.0	2026-09-25	458.55	3.546	2	6	102.71	11	33	66	2	0.462	0	0	0	
SEERZIQQUAZTOL-ANMDKAQQSA-N	COCc1c(C(C)C)nc(C(C)C)c(/C=C/[C@@H](O)C[C@@H](O)CC(=O)O)c1-c1ccc(F)cc1	chembl_approved	CHEMBL1477	CC BY-SA 3.0	2026-09-25	459.56	4.881	3	5	99.88	11	33	67	2	0.462	0	0	0	
SEJJCMKIFGUACV-UHFFFAOYSA-N	Nc1ccc(S(=O)(=O)[N-]c2ncccn2)cc1	chembl_approved	CHEMBL1200351	CC BY-SA 3.0	2026-09-25	249.28	1.453	1	5	100.04	3	17	26	2	0.0	0	0	0	chembl_approved:CHEMBL1382627
SEJLPXCPMNSRAM-GOSISDBHSA-N	CC#CC(=O)N1CC[C@@H](n2c(=O)n(-c3ccc(Oc4ccccc4)cc3)c3c(N)ncnc32)C1	chembl_approved	CHEMBL4071161	CC BY-SA 3.0	2026-09-25	454.49	2.753	1	6	108.27	4	34	56	5	0.2	0	0	0	chembl_approved:CHEMBL5314600
SEQDDYPDSLOBDC-UHFFFAOYSA-N	CN1C(=O)C(O)N=C(c2ccccc2)c2cc(Cl)ccc21	chembl_approved	CHEMBL967	CC BY-SA 3.0	2026-09-25	300.75	2.472	1	3	52.9	1	21	34	3	0.125	0	0	0	
SESFRYSPDFLNCH-UHFFFAOYSA-N	O=C(OCc1ccccc1)c1ccccc1	chembl_approved	CHEMBL1239	CC BY-SA 3.0	2026-09-25	212.25	3.044	0	2	26.3	3	16	28	2	0.071	0	0	0	
SEVCTUCCZYBJER-BSJAROSPSA-N	CCOC(=O)C[N+]1(C)CC[C@@H](OC(=O)[C@](O)(c2ccccc2)C2CCCC2)C1	chembl_approved	CHEMBL3707223	CC BY-SA 3.0	2026-09-25	390.5	2.39	1	5	72.83	7	28	60	3	0.636	0	0	0	chembl_approved:CHEMBL3707224
SFLSHLFXELFNJZ-QMMMGPOBSA-N	NC[C@H](O)c1ccc(O)c(O)c1	chembl_approved	CHEMBL1437	CC BY-SA 3.0	2026-09-25	169.18	0.09	4	4	86.71	2	12	23	1	0.25	1	0	0	chembl_approved:CHEMBL1434513
SFNSLLSYNZWZQG-VQIMIIECSA-N	CN1CC[C@@H](NC(=O)Nc2ccc(C#N)cc2)C[C@@H]1c1nc2ccccc2[nH]1	chembl_approved	CHEMBL2043437	CC BY-SA 3.0	2026-09-25	374.45	3.392	3	4	96.84	3	28	50	4	0.286	0	0	0	chembl_approved:CHEMBL4297534
SFZCNBIFKDRMGX-UHFFFAOYSA-N	FS(F)(F)(F)(F)F	chembl_approved	CHEMBL1796998	CC BY-SA 3.0	2026-09-25	146.06	3.169	0	0	0.0	0	7	7	0	0.0	0	0	0	
SGDBTWWWUNNDEQ-LBPRGKRZSA-N	N[C@@H](Cc1ccc(N(CCCl)CCCl)cc1)C(=O)O	chembl_approved	CHEMBL852	CC BY-SA 3.0	2026-09-25	305.2	1.925	2	3	66.56	8	19	37	1	0.462	1	0	0	chembl_approved:CHEMBL1200863
SGEGOXDYSFKCPT-UHFFFAOYSA-N	N#Cc1ccc2[nH]cc(CCCCN3CCN(c4ccc5oc(C(N)=O)cc5c4)CC3)c2c1	chembl_approved	CHEMBL439849	CC BY-SA 3.0	2026-09-25	441.54	4.03	2	5	102.29	7	33	60	5	0.308	0	0	0	chembl_approved:CHEMBL1615374
SGEIEGAXKLMUIZ-XUVDNFPMSA-N	[O-][n+]1cccc(/C(Cl)=N/OC[C@H](O)CN2CCCCC2)c1	chembl_approved	CHEMBL2107726	CC BY-SA 3.0	2026-09-25	313.79	1.084	1	5	72.0	6	21	41	2	0.571	0	0	0	chembl_approved:CHEMBL4298149
SGEUNORSOZVTOL-CABZTGNLSA-N	C[C@H](Nc1ccc2c(c1)OCCn1cc(N3C(=O)OC[C@H]3C(F)F)nc1-2)C(N)=O	chembl_approved	CHEMBL4650215	CC BY-SA 3.0	2026-09-25	407.38	1.818	2	6	111.71	5	29	48	4	0.389	0	0	0	
SGRYPYWGNKJSDL-UHFFFAOYSA-N	CC(C)c1ccc2oc3nc(N)c(C(=O)O)cc3c(=O)c2c1	chembl_approved	CHEMBL1096	CC BY-SA 3.0	2026-09-25	298.3	2.745	2	5	106.42	2	22	36	3	0.188	0	0	0	
SGTNSNPWRIOYBX-UHFFFAOYSA-N	COc1ccc(CCN(C)CCCC(C#N)(c2ccc(OC)c(OC)c2)C(C)C)cc1OC	chembl_approved	CHEMBL6966	CC BY-SA 3.0	2026-09-25	454.61	5.093	0	6	63.95	13	33	71	2	0.519	0	1	0	chembl_approved:CHEMBL1280
SGUAFYQXFOLMHL-ACJLOTCBSA-N	C[C@H](CCc1ccccc1)NC[C@H](O)c1ccc(O)c(C(N)=O)c1	chembl_approved	CHEMBL27193	CC BY-SA 3.0	2026-09-25	328.41	2.135	4	4	95.58	8	24	48	2	0.316	0	0	0	chembl_approved:CHEMBL1204165
SGUAFYQXFOLMHL-UHFFFAOYSA-N	CC(CCc1ccccc1)NCC(O)c1ccc(O)c(C(N)=O)c1	chembl_approved	CHEMBL429	CC BY-SA 3.0	2026-09-25	328.41	2.135	4	4	95.58	8	24	48	2	0.316	0	0	0	chembl_approved:CHEMBL1200323
SGXXNSQHWDMGGP-UHFFFAOYSA-N	CNC(=C[N+](=O)[O-])NCCSCc1csc(CN(C)C)n1	chembl_approved	CHEMBL3183075	CC BY-SA 3.0	2026-09-25	331.47	1.322	2	8	83.33	10	21	42	1	0.583	0	0	0	
SHGAZHPCJJPHSC-XFYACQKRSA-N	CC1=C(/C=C/C(C)=C/C=C/C(C)=C\C(=O)O)C(C)(C)CCC1	chembl_approved	CHEMBL547	CC BY-SA 3.0	2026-09-25	300.44	5.603	1	1	37.3	5	22	50	1	0.45	0	1	0	
SHGAZHPCJJPHSC-YCNIQYBTSA-N	CC1=C(/C=C/C(C)=C/C=C/C(C)=C/C(=O)O)C(C)(C)CCC1	chembl_approved	CHEMBL38	CC BY-SA 3.0	2026-09-25	300.44	5.603	1	1	37.3	5	22	50	1	0.45	0	1	0	
SHGAZHPCJJPHSC-ZVCIMWCZSA-N	CC1=C(/C=C/C(C)=C\C=C\C(C)=C\C(=O)O)C(C)(C)CCC1	chembl_approved	CHEMBL705	CC BY-SA 3.0	2026-09-25	300.44	5.603	1	1	37.3	5	22	50	1	0.45	0	1	0	
SHZKQBHERIJWAO-AATRIKPKSA-N	O=C(O)/C=C/c1ccc(Cn2ccnc2)cc1	chembl_approved	CHEMBL11662	CC BY-SA 3.0	2026-09-25	228.25	2.029	1	2	55.12	4	17	29	2	0.077	0	0	1	
SIBQAECNSSQUOD-UHFFFAOYSA-N	CCn1ccc(NS(=O)(=O)c2ccc(N)cc2)nc1=O	chembl_approved	CHEMBL1201056	CC BY-SA 3.0	2026-09-25	294.34	0.646	2	5	107.08	4	20	34	2	0.167	0	0	0	
SIDLZWOQUZRBRU-UHFFFAOYSA-N	CCC1(CC)C(=O)NCC(C)C1=O	chembl_approved	CHEMBL1200790	CC BY-SA 3.0	2026-09-25	183.25	1.128	1	2	46.17	2	13	30	1	0.8	0	0	1	
SIFNOOUKXBRGGB-AREMUKBSSA-N	CCNCCc1ccc(CN(CC)c2cc(OC)ccc2[C@@H]2CCc3cc(O)ccc3C2)cc1	chembl_approved	CHEMBL4297509	CC BY-SA 3.0	2026-09-25	458.65	5.852	2	4	44.73	10	34	72	4	0.4	0	1	0	chembl_approved:CHEMBL4594273
SIXLXDIJGIWWFU-UHFFFAOYSA-N	Cc1ncc(CSSCc2cnc(C)c(O)c2CO)c(CO)c1O	chembl_approved	CHEMBL488093	CC BY-SA 3.0	2026-09-25	368.48	2.571	4	8	106.7	7	24	44	2	0.375	0	0	0	
SJDACOMXKWHBOW-UHFFFAOYSA-N	O=C1Nc2ccccc2C1(c1ccc(O)cc1)c1ccc(O)cc1	chembl_approved	CHEMBL245807	CC BY-SA 3.0	2026-09-25	317.34	3.384	3	3	69.56	2	24	39	4	0.05	0	0	0	
SJQBHPJLLIJASD-UHFFFAOYSA-N	O=C(Nc1ccc(Cl)c(Cl)c1)c1cc(Cl)cc(Cl)c1O	chembl_approved	CHEMBL291338	CC BY-SA 3.0	2026-09-25	351.02	5.258	2	2	49.33	2	20	27	2	0.0	0	1	0	
SJVQHLPISAIATJ-ZDUSSCGKSA-N	C[C@H](Nc1ncnc2nc[nH]c12)c1cc2cccc(Cl)c2c(=O)n1-c1ccccc1	chembl_approved	CHEMBL3039502	CC BY-SA 3.0	2026-09-25	416.87	4.484	2	5	88.49	4	30	47	5	0.091	0	0	0	chembl_approved:CHEMBL5315125
SJZRECIVHVDYJC-UHFFFAOYSA-M	O=C([O-])CCCO	chembl_approved	CHEMBL1200682	CC BY-SA 3.0	2026-09-25	103.1	-1.491	1	3	60.36	3	7	14	0	0.75	0	0	1	chembl_approved:CHEMBL4594393;chembl_approved:CHEMBL4594394;chembl_approved:CHEMBL4594395
SJZRECIVHVDYJC-UHFFFAOYSA-N	O=C(O)CCCO	chembl_approved	CHEMBL1342	CC BY-SA 3.0	2026-09-25	104.11	-0.157	2	2	57.53	3	7	15	0	0.75	0	0	1	
SKIVFJLNDNKQPD-UHFFFAOYSA-M	CC(=O)[N-]S(=O)(=O)c1ccc(N)cc1	chembl_approved	CHEMBL1723241	CC BY-SA 3.0	2026-09-25	213.24	0.878	1	4	91.33	2	14	23	1	0.125	0	0	0	
SKIVFJLNDNKQPD-UHFFFAOYSA-N	CC(=O)NS(=O)(=O)c1ccc(N)cc1	chembl_approved	CHEMBL455	CC BY-SA 3.0	2026-09-25	214.25	0.094	2	4	89.26	2	14	24	1	0.125	0	0	0	
SKPLBLUECSEIFO-UHFFFAOYSA-N	NC(=O)OCC(O)COc1ccc(Cl)cc1	chembl_approved	CHEMBL607710	CC BY-SA 3.0	2026-09-25	245.66	1.175	2	4	81.78	5	16	28	1	0.3	0	0	0	
SKYSRIRYMSLOIN-UHFFFAOYSA-N	CN(C)CCOC(=O)C(c1ccccc1)C1(O)CCCC1	chembl_approved	CHEMBL1200473	CC BY-SA 3.0	2026-09-25	291.39	2.18	1	4	49.77	6	21	46	2	0.588	0	0	0	chembl_approved:CHEMBL1201338
SLAYUXIURFNXPG-CRAIPNDOSA-N	NCc1ccccc1CC(=O)N[C@@H]1C(=O)N2C(C(=O)O)=C(CSc3nnnn3CC(=O)O)CS[C@H]12	chembl_approved	CHEMBL1201046	CC BY-SA 3.0	2026-09-25	519.57	-0.71	4	10	193.63	10	35	56	4	0.35	0	1	0	
SLRCCWJSBJZJBV-ZQDZILKHSA-N	C1CCN2C[C@@H]3C[C@@H](CN4CCCC[C@@H]34)[C@H]2C1	chembl_approved	CHEMBL1908348	CC BY-SA 3.0	2026-09-25	234.39	2.345	0	2	6.48	0	17	43	4	1.0	0	0	1	chembl_approved:CHEMBL1908847
SLVMESMUVMCQIY-UHFFFAOYSA-N	CN1CCCCC1CCN1c2ccccc2Sc2ccc([S+](C)[O-])cc21	chembl_approved	CHEMBL1088	CC BY-SA 3.0	2026-09-25	386.59	4.901	0	4	29.54	4	26	52	4	0.429	0	0	0	chembl_approved:CHEMBL1201052
SLXKOJJOQWFEFD-UHFFFAOYSA-N	NCCCCCC(=O)O	chembl_approved	CHEMBL1046	CC BY-SA 3.0	2026-09-25	131.18	0.59	2	2	63.32	5	9	22	0	0.833	0	0	1	
SMNOERSLNYGGOU-UHFFFAOYSA-N	CN(CC1(C)CCCO1)S(=O)(=O)c1ccc(Cl)c(S(N)(=O)=O)c1	chembl_approved	CHEMBL2105131	CC BY-SA 3.0	2026-09-25	382.89	1.177	1	5	106.77	5	23	42	2	0.538	0	0	0	
SMOBCLHAZXOKDQ-ZJUUUORDSA-N	O=C(NC1CCNCC1)[C@@H]1CC[C@@H]2CN1C(=O)N2OS(=O)(=O)O	chembl_approved	CHEMBL3112741	CC BY-SA 3.0	2026-09-25	348.38	-1.142	3	6	128.28	4	23	43	3	0.833	0	0	0	chembl_approved:CHEMBL3301605
SNBUBQHDYVFSQF-HIFRSBDPSA-M	CO[C@@]1(NC(=O)CSCC#N)C(=O)N2C(C(=O)[O-])=C(CSc3nnnn3C)CS[C@@H]21	chembl_approved	CHEMBL1201118	CC BY-SA 3.0	2026-09-25	470.54	-2.063	1	12	166.16	9	30	46	3	0.533	0	1	0	
SNBUBQHDYVFSQF-HIFRSBDPSA-N	CO[C@@]1(NC(=O)CSCC#N)C(=O)N2C(C(=O)O)=C(CSc3nnnn3C)CS[C@@H]21	chembl_approved	CHEMBL1201195	CC BY-SA 3.0	2026-09-25	471.55	-0.728	2	11	163.33	9	30	47	3	0.533	0	1	0	
SNHRLVCMMWUAJD-SUYDQAKGSA-N	CCCCC(=O)O[C@]1(C(=O)CO)[C@@H](C)C[C@H]2[C@@H]3CCC4=CC(=O)C=C[C@]4(C)[C@@]3(F)[C@@H](O)C[C@@]21C	chembl_approved	CHEMBL1497	CC BY-SA 3.0	2026-09-25	476.59	3.637	2	6	100.9	6	34	71	4	0.741	0	0	0	
SNICXCGAKADSCV-JTQLQIEISA-N	CN1CCC[C@H]1c1cccnc1	chembl_approved	CHEMBL3	CC BY-SA 3.0	2026-09-25	162.24	1.848	0	2	16.13	1	12	26	2	0.5	0	0	1	
SNIOPGDIGTZGOP-UHFFFAOYSA-N	O=[N+]([O-])OCC(CO[N+](=O)[O-])O[N+](=O)[O-]	chembl_approved	CHEMBL730	CC BY-SA 3.0	2026-09-25	227.08	-1.02	0	9	157.11	8	15	20	0	1.0	0	0	0	
SNPLKNRPJHDVJA-ZETCQYMHSA-N	CC(C)(CO)[C@@H](O)C(=O)NCCCO	chembl_approved	CHEMBL1200979	CC BY-SA 3.0	2026-09-25	205.25	-1.136	4	4	89.79	6	14	33	0	0.889	0	0	0	
SNPPWIUOZRMYNY-UHFFFAOYSA-N	CC(NC(C)(C)C)C(=O)c1cccc(Cl)c1	chembl_approved	CHEMBL894	CC BY-SA 3.0	2026-09-25	239.75	3.299	1	2	29.1	3	16	34	1	0.462	0	0	0	chembl_approved:CHEMBL1698;chembl_approved:CHEMBL1201735
SOLUWJRYJLAZCX-LYOVBCGYSA-M	O=C(NCc1c(F)cc(F)cc1F)c1cn2c(c([O-])c1=O)C(=O)N1[C@H]3CC[C@H](C3)O[C@@H]1C2	chembl_approved	CHEMBL3989867	CC BY-SA 3.0	2026-09-25	448.38	1.002	1	5	103.7	3	32	49	5	0.381	0	0	0	
SOLUWJRYJLAZCX-LYOVBCGYSA-N	O=C(NCc1c(F)cc(F)cc1F)c1cn2c(c(O)c1=O)C(=O)N1[C@H]3CC[C@H](C3)O[C@@H]1C2	chembl_approved	CHEMBL3989866	CC BY-SA 3.0	2026-09-25	449.39	1.634	2	5	100.87	3	32	50	5	0.381	0	0	0	
SONNWYBIRXJNDC-VIFPVBQESA-N	CNC[C@H](O)c1cccc(O)c1	chembl_approved	CHEMBL1215	CC BY-SA 3.0	2026-09-25	167.21	0.645	3	3	52.49	3	12	25	1	0.333	0	0	1	chembl_approved:CHEMBL1200339;chembl_approved:CHEMBL2062264
SOQJPQZCPBDOMF-YCUXZELOSA-N	C[C@H]1C[C@H]2[C@@H]3CCC4=CC(=O)C=C[C@]4(C)[C@@]3(F)[C@@H](O)C[C@]2(C)[C@@]1(OC(=O)c1ccccc1)C(=O)CO	chembl_approved	CHEMBL1200376	CC BY-SA 3.0	2026-09-25	496.58	3.76	2	6	100.9	4	36	69	5	0.552	0	0	0	
SOYKEARSMXGVTM-HNNXBMFYSA-N	CN(C)CC[C@@H](c1ccc(Cl)cc1)c1ccccn1	chembl_approved	CHEMBL1200927	CC BY-SA 3.0	2026-09-25	274.8	3.819	0	2	16.13	5	19	38	2	0.312	0	0	0	chembl_approved:CHEMBL1201353
SOYKEARSMXGVTM-UHFFFAOYSA-N	CN(C)CCC(c1ccc(Cl)cc1)c1ccccn1	chembl_approved	CHEMBL505	CC BY-SA 3.0	2026-09-25	274.8	3.819	0	2	16.13	5	19	38	2	0.312	0	0	0	chembl_approved:CHEMBL1659
SPIUTQOUKAMGCX-UHFFFAOYSA-N	Cc1c(-c2ccccc2)oc2c(C(=O)OCCN3CCCCC3)cccc2c1=O	chembl_approved	CHEMBL1493	CC BY-SA 3.0	2026-09-25	391.47	4.411	0	5	59.75	5	29	54	4	0.333	0	0	0	chembl_approved:CHEMBL1200875
SPMVMDHWKHCIDT-UHFFFAOYSA-N	COc1cc2nccc(Oc3ccc(NC(=O)Nc4cc(C)on4)c(Cl)c3)c2cc1OC	chembl_approved	CHEMBL1289494	CC BY-SA 3.0	2026-09-25	454.87	5.638	2	7	107.74	6	32	51	4	0.136	0	1	0	chembl_approved:CHEMBL2105756
SPPTWHFVYKCNNK-FQEVSTJZSA-N	O=C(O)c1ccc(NC(=O)[C@H](Cc2ccc(O)cc2)NC(=O)c2ccccc2)cc1	chembl_approved	CHEMBL1200368	CC BY-SA 3.0	2026-09-25	404.42	3.07	4	4	115.73	7	30	50	3	0.087	0	0	0	
SQYNKIJPMDEDEG-UHFFFAOYSA-N	CC1OC(C)OC(C)O1	chembl_approved	CHEMBL1410743	CC BY-SA 3.0	2026-09-25	132.16	1.088	0	3	27.69	0	9	21	1	1.0	0	0	1	
SRZNHPXWXCNNDU-RHBCBLIFSA-L	CO[C@@]1(NC(=O)C2SC(=C(C(N)=O)C(=O)[O-])S2)C(=O)N2C(C(=O)[O-])=C(CSc3nnnn3C)CS[C@@H]21	chembl_approved	CHEMBL1201098	CC BY-SA 3.0	2026-09-25	573.62	-4.067	2	15	225.59	9	36	51	4	0.412	0	2	0	
SRZNHPXWXCNNDU-RHBCBLIFSA-N	CO[C@@]1(NC(=O)C2SC(=C(C(N)=O)C(=O)O)S2)C(=O)N2C(C(=O)O)=C(CSc3nnnn3C)CS[C@@H]21	chembl_approved	CHEMBL474579	CC BY-SA 3.0	2026-09-25	575.63	-1.397	4	13	219.93	9	36	53	4	0.412	0	2	0	
SSOLNOMRVKKSON-UHFFFAOYSA-N	CC(C)NC(=N)NC(=N)Nc1ccc(Cl)cc1	chembl_approved	CHEMBL1377	CC BY-SA 3.0	2026-09-25	253.74	2.209	5	2	83.79	2	17	33	1	0.273	0	0	0	chembl_approved:CHEMBL1201059
SSQPWTVBQMWLSZ-AAQCHOMXSA-N	CC/C=C\C/C=C\C/C=C\C/C=C\C/C=C\CCCC(=O)OCC	chembl_approved	CHEMBL2095209	CC BY-SA 3.0	2026-09-25	330.51	6.471	0	2	26.3	14	24	58	0	0.5	0	1	0	
STECJAGHUSJQJN-FWXGHANASA-N	CN1[C@@H]2C[C@@H](OC(=O)[C@H](CO)c3ccccc3)C[C@H]1[C@@H]1O[C@@H]12	chembl_approved	CHEMBL569713	CC BY-SA 3.0	2026-09-25	303.36	0.918	1	5	62.3	4	22	43	4	0.588	0	0	0	
STPKWKPURVSAJF-LJEWAXOPSA-N	CCCCC1(CCCC)CS(=O)(=O)c2ccc(N(C)C)cc2[C@@H](c2ccc(OCc3ccc(C[N+]45CCN(CC4)CC5)cc3)cc2)[C@H]1O	chembl_approved	CHEMBL17879	CC BY-SA 3.0	2026-09-25	674.97	6.625	1	6	70.08	13	48	104	7	0.55	0	2	0	chembl_approved:CHEMBL363392
STQGQHZAVUOBTE-VGBVRHCVSA-N	COc1cccc2c1C(=O)c1c(O)c3c(c(O)c1C2=O)C[C@@](O)(C(C)=O)C[C@@H]3O[C@H]1C[C@H](N)[C@H](O)[C@H](C)O1	chembl_approved	CHEMBL178	CC BY-SA 3.0	2026-09-25	527.53	1.029	5	11	185.84	4	38	67	5	0.444	1	2	0	chembl_approved:CHEMBL1563;chembl_approved:CHEMBL1200475
STUWGJZDJHPWGZ-LBPRGKRZSA-N	Cc1nc(NC(=O)N2CCC[C@H]2C(N)=O)sc1-c1ccnc(C(C)(C)C(F)(F)F)c1	chembl_approved	CHEMBL2396661	CC BY-SA 3.0	2026-09-25	441.48	3.835	2	5	101.21	4	30	52	3	0.474	0	0	0	
STZYTFJPGGDRJD-NHUWBDDWSA-N	C=C[C@]1(C)C[C@@H](OC(=O)CS[C@@H]2C[C@H]3CC[C@@H](C2)N3C)[C@]2(C)[C@H](C)CC[C@]3(CCC(=O)[C@H]32)[C@@H](C)[C@@H]1O	chembl_approved	CHEMBL1658	CC BY-SA 3.0	2026-09-25	517.78	5.251	1	6	66.84	5	36	83	5	0.867	0	2	0	
SUBDBMMJDZJVOS-DEOSSOPVSA-N	COc1ccc2[nH]c([S@@+]([O-])Cc3ncc(C)c(OC)c3C)nc2c1	chembl_approved	CHEMBL1201320	CC BY-SA 3.0	2026-09-25	345.42	2.9	1	5	83.09	5	24	43	3	0.294	0	0	0	chembl_approved:CHEMBL5314366
SUBDBMMJDZJVOS-UHFFFAOYSA-N	COc1ccc2[nH]c([S+]([O-])Cc3ncc(C)c(OC)c3C)nc2c1	chembl_approved	CHEMBL1503	CC BY-SA 3.0	2026-09-25	345.42	2.9	1	5	83.09	5	24	43	3	0.294	0	0	0	
SUJUHGSWHZTSEU-FYBSXPHGSA-N	CCC[C@@]1(CCc2ccccc2)CC(O)=C([C@H](CC)c2cccc(NS(=O)(=O)c3ccc(C(F)(F)F)cn3)c2)C(=O)O1	chembl_approved	CHEMBL222559	CC BY-SA 3.0	2026-09-25	602.68	7.326	2	6	105.59	11	42	75	4	0.355	0	2	0	
SUYRLXYYZQTJHF-VMBLUXKRSA-N	CCN(CC)CCS(=O)(=O)[C@@H]1CCN2C(=O)c3coc(n3)CC(=O)C[C@H](O)/C=C(C)/C=C/CNC(=O)/C=C/[C@@H](C)[C@@H](C(C)C)OC(=O)[C@@H]12	chembl_approved	CHEMBL1200937	CC BY-SA 3.0	2026-09-25	690.86	2.269	2	11	176.42	7	48	98	3	0.618	0	2	0	
SVEBYYWCXTVYCR-LBPRGKRZSA-N	CCOC(=O)[C@@](C)(N)Cc1ccc(O)c(O)c1	chembl_approved	CHEMBL1200432	CC BY-SA 3.0	2026-09-25	239.27	0.921	3	5	92.78	4	17	34	1	0.417	1	0	0	chembl_approved:CHEMBL1201233
SWLMUYACZKCSHZ-UHFFFAOYSA-N	Clc1ccc(CCC(Cn2ccnc2)Sc2c(Cl)cccc2Cl)cc1	chembl_approved	CHEMBL1295	CC BY-SA 3.0	2026-09-25	411.79	6.637	0	2	17.82	7	25	42	3	0.211	0	1	0	chembl_approved:CHEMBL1200398
SWMDAPWAQQTBOG-UHFFFAOYSA-N	COc1cnc(-n2cnc(C)n2)c2c1c(C(=O)C(=O)N1CCN(C(=O)c3ccccc3)CC1)cn2COP(=O)(O)O	chembl_approved	CHEMBL3301594	CC BY-SA 3.0	2026-09-25	583.5	1.168	2	9	182.21	8	41	67	5	0.28	0	1	0	chembl_approved:CHEMBL3301598
SWRUZBWLEWHWRI-UHFFFAOYSA-N	OC(CCN1CCCCC1)(c1ccccc1)C1CCCC1	chembl_approved	CHEMBL1200828	CC BY-SA 3.0	2026-09-25	287.45	3.94	1	2	23.47	5	21	50	3	0.684	0	0	0	chembl_approved:CHEMBL1201227
SWUVZKWCOBGPTH-UHFFFAOYSA-N	CCCC(C(=O)c1ccc(C)cc1)N1CCCC1	chembl_approved	CHEMBL201960	CC BY-SA 3.0	2026-09-25	245.37	3.442	0	2	20.31	5	18	41	2	0.562	0	0	0	chembl_approved:CHEMBL2104793
SXYIRMFQILZOAM-HVNFFKDJSA-N	CO[C@H]1O[C@@H]2O[C@@]3(C)CC[C@H]4[C@H](C)CC[C@@H]([C@H]1C)[C@@]24OO3	chembl_approved	CHEMBL566534	CC BY-SA 3.0	2026-09-25	298.38	2.841	0	5	46.15	1	21	47	5	1.0	0	0	0	
SXYZQZLHAIHKKY-GSTUPEFVSA-N	C[C@@H]1C[C@H]2[C@@H]3C[C@H](F)C4=CC(=O)C=C[C@]4(C)[C@@]3(Cl)[C@@H](O)C[C@]2(C)[C@H]1C(=O)COC(=O)C(C)(C)C	chembl_approved	CHEMBL1200975	CC BY-SA 3.0	2026-09-25	495.03	4.595	1	5	80.67	3	34	70	4	0.741	0	0	0	
SYAKTDIEAPMBAL-UHFFFAOYSA-N	NC1=NCC(c2ccccc2)O1	chembl_approved	CHEMBL106258	CC BY-SA 3.0	2026-09-25	162.19	1.073	1	3	47.61	1	12	22	2	0.222	0	0	1	
SYHDSBBKRLVLFF-UHFFFAOYSA-N	CCN(CC)CCOc1ccc(C(O)(Cc2ccc(Cl)cc2)c2ccc(C)cc2)cc1	chembl_approved	CHEMBL187709	CC BY-SA 3.0	2026-09-25	438.01	5.848	1	3	32.7	10	31	63	3	0.333	0	1	0	
SYOKIDBDQMKNDQ-XWTIBIIYSA-N	N#C[C@@H]1CCCN1C(=O)CNC12CC3CC(CC(O)(C3)C1)C2	chembl_approved	CHEMBL142703	CC BY-SA 3.0	2026-09-25	303.41	1.174	2	4	76.36	3	22	47	5	0.882	0	0	0	
SYTBZMRGLBWNTM-JTQLQIEISA-N	C[C@H](C(=O)O)c1ccc(-c2ccccc2)c(F)c1	chembl_approved	CHEMBL435298	CC BY-SA 3.0	2026-09-25	244.26	3.681	1	1	37.3	3	18	31	2	0.133	0	0	0	
SYTBZMRGLBWNTM-UHFFFAOYSA-M	CC(C(=O)[O-])c1ccc(-c2ccccc2)c(F)c1	chembl_approved	CHEMBL3989754	CC BY-SA 3.0	2026-09-25	243.26	2.346	0	2	40.13	3	18	30	2	0.133	0	0	1	
SYTBZMRGLBWNTM-UHFFFAOYSA-N	CC(C(=O)O)c1ccc(-c2ccccc2)c(F)c1	chembl_approved	CHEMBL563	CC BY-SA 3.0	2026-09-25	244.26	3.681	1	1	37.3	3	18	31	2	0.133	0	0	0	
SYWHXTATXSMDSB-GSLJADNHSA-N	CC(=O)OCC(=O)[C@@]1(O)CC[C@H]2[C@@H]3CCC4=CC(=O)CC[C@]4(C)[C@@]3(F)[C@@H](O)C[C@@]21C	chembl_approved	CHEMBL1201010	CC BY-SA 3.0	2026-09-25	422.49	2.445	2	6	100.9	3	30	61	4	0.783	0	0	0	
SZLZWPPUNLXJEA-QEGASFHISA-N	COC(=O)[C@H]1[C@H]2C[C@@H]3c4[nH]c5cc(OC)ccc5c4CCN3C[C@H]2C[C@@H](OC(=O)/C=C/c2cc(OC)c(OC)c(OC)c2)[C@@H]1OC	chembl_approved	CHEMBL1668	CC BY-SA 3.0	2026-09-25	634.73	4.571	1	10	117.78	9	46	88	6	0.486	1	1	0	
SZQIFWWUIBRPBZ-UHFFFAOYSA-N	CCN1C(=O)NC(c2ccccc2)C1=O	chembl_approved	CHEMBL1095	CC BY-SA 3.0	2026-09-25	204.23	1.299	1	2	49.41	2	15	27	2	0.273	0	0	1	
TTWJBBZEZQICBI-UHFFFAOYSA-N	CCN(CC)CCNC(=O)c1cc(Cl)c(N)cc1OC	chembl_approved	CHEMBL86	CC BY-SA 3.0	2026-09-25	299.8	2.002	2	4	67.59	7	20	42	1	0.5	0	0	0	chembl_approved:CHEMBL1200940
TTZHDVOVKQGIBA-IQWMDFIBSA-N	CC(C)OC(=O)[C@H](C)N[P@](=O)(OC[C@H]1O[C@@H](n2ccc(=O)[nH]c2=O)[C@](C)(F)[C@@H]1O)Oc1ccccc1	chembl_approved	CHEMBL1259059	CC BY-SA 3.0	2026-09-25	529.46	1.657	3	9	158.18	10	36	65	3	0.5	0	1	0	
TUESWZZJYCLFNL-DAFODLJHSA-N	N=C(N)c1ccc(/C=C/c2ccc(C(=N)N)cc2O)cc1	chembl_approved	CHEMBL1301	CC BY-SA 3.0	2026-09-25	280.33	2.131	5	3	119.97	4	21	37	2	0.0	0	0	0	chembl_approved:CHEMBL2023895
TUZYXOIXSAXUGO-PZAWKZKUSA-M	CC[C@H](C)C(=O)O[C@H]1C[C@H](O)C=C2C=C[C@H](C)[C@H](CC[C@@H](O)C[C@@H](O)CC(=O)[O-])[C@H]21	chembl_approved	CHEMBL690	CC BY-SA 3.0	2026-09-25	423.53	1.106	3	7	127.12	10	30	65	2	0.739	0	0	0	
TUZYXOIXSAXUGO-PZAWKZKUSA-N	CC[C@H](C)C(=O)O[C@H]1C[C@H](O)C=C2C=C[C@H](C)[C@H](CC[C@@H](O)C[C@@H](O)CC(=O)O)[C@H]21	chembl_approved	CHEMBL1144	CC BY-SA 3.0	2026-09-25	424.53	2.44	4	6	124.29	10	30	66	2	0.739	0	0	0	
TVURRHSHRRELCG-UHFFFAOYSA-N	Oc1ccc(C2CNCCc3c2cc(O)c(O)c3Cl)cc1	chembl_approved	CHEMBL588	CC BY-SA 3.0	2026-09-25	305.76	2.734	4	4	72.72	1	21	37	3	0.25	1	0	0	chembl_approved:CHEMBL1026
TVYLLZQTGLZFBW-UHFFFAOYSA-N	COc1cccc(C2(O)CCCCC2CN(C)C)c1	chembl_approved	CHEMBL1237044	CC BY-SA 3.0	2026-09-25	263.38	2.635	1	3	32.7	4	19	44	2	0.625	0	0	1	chembl_approved:CHEMBL1237065
TXEIIPDJKFWEEC-UHFFFAOYSA-N	O=C(O)c1ccc2nc(-c3cc(Cl)cc(Cl)c3)oc2c1	chembl_approved	CHEMBL2103837	CC BY-SA 3.0	2026-09-25	308.12	4.5	1	3	63.33	2	20	27	3	0.0	0	0	0	chembl_approved:CHEMBL2105675
TYMRLRRVMHJFTF-UHFFFAOYSA-N	NCc1ccc(S(N)(=O)=O)cc1	chembl_approved	CHEMBL419	CC BY-SA 3.0	2026-09-25	186.24	-0.207	2	3	86.18	2	12	22	1	0.143	0	0	1	chembl_approved:CHEMBL1201161
TYQXKHPOXXXCTP-CSLYCKPJSA-N	CCC(=O)O[C@H]1[C@H](O[C@@H]2[C@@H](C)[C@H](O[C@H]3C[C@@](C)(OC)[C@@H](O)[C@H](C)O3)[C@@H](C)C(=O)O[C@H](CC)[C@@](C)(O)[C@H](O)[C@@H](C)C(=O)[C@H](C)C[C@@]2(C)O)O[C@H](C)C[C@@H]1N(C)C	chembl_approved	CHEMBL2220427	CC BY-SA 3.0	2026-09-25	790.0	2.747	4	15	199.98	9	55	126	3	0.925	0	2	0	
TYYBFXNZMFNZJT-UHFFFAOYSA-M	CNC(=O)c1c(I)c(C(=O)NCC(=O)Nc2c(I)c(C(=O)[O-])c(I)c(C(=O)NCCO)c2I)c(I)c(N(C)C(C)=O)c1I	chembl_approved	CHEMBL1200743	CC BY-SA 3.0	2026-09-25	1267.87	2.111	5	8	197.07	10	43	63	2	0.25	0	1	0	
TYYBFXNZMFNZJT-UHFFFAOYSA-N	CNC(=O)c1c(I)c(C(=O)NCC(=O)Nc2c(I)c(C(=O)O)c(I)c(C(=O)NCCO)c2I)c(I)c(N(C)C(C)=O)c1I	chembl_approved	CHEMBL1200508	CC BY-SA 3.0	2026-09-25	1268.88	3.445	6	7	194.24	10	43	64	2	0.25	0	2	0	chembl_approved:CHEMBL1201291
TYZROVQLWOKYKF-ZDUSSCGKSA-N	CC(=O)NC[C@H]1CN(c2ccc(N3CCOCC3)c(F)c2)C(=O)O1	chembl_approved	CHEMBL126	CC BY-SA 3.0	2026-09-25	337.35	1.124	1	5	71.11	4	24	44	3	0.5	1	0	0	
TZDUHAJSIBHXDL-UHFFFAOYSA-N	CC(OC(=O)NCC1(CC(=O)O)CCCCC1)OC(=O)C(C)C	chembl_approved	CHEMBL1628502	CC BY-SA 3.0	2026-09-25	329.39	2.683	2	5	101.93	7	23	50	1	0.812	0	0	0	
TZFNLOMSOLWIDK-JTQLQIEISA-N	C[C@@](Cc1ccc(O)c(O)c1)(NN)C(=O)O	chembl_approved	CHEMBL1200748	CC BY-SA 3.0	2026-09-25	226.23	-0.053	5	5	115.81	4	16	30	1	0.3	1	0	0	chembl_approved:CHEMBL1201236
TZFWDZFKRBELIQ-UHFFFAOYSA-N	O=c1[nH]c2cc(Cl)ccc2o1	chembl_approved	CHEMBL1371	CC BY-SA 3.0	2026-09-25	169.57	1.774	1	2	46.0	0	11	15	2	0.0	0	0	1	
TZGBBMBARSFJBG-UKTHLTGXSA-N	NC(=O)N/N=C1\C=Cc2ccccc2C1=O	chembl_approved	CHEMBL2106794	CC BY-SA 3.0	2026-09-25	215.21	0.92	2	3	84.55	1	16	25	2	0.0	1	0	1	
TZIZWYVVGLXXFV-FLRHRWPCSA-N	CC(C)(C)CC(=O)OCC(=O)[C@@]12OC(C)(C)O[C@@H]1C[C@H]1[C@@H]3CCC4=CC(=O)C=C[C@]4(C)[C@@]3(F)[C@@H](O)C[C@@]12C	chembl_approved	CHEMBL1200878	CC BY-SA 3.0	2026-09-25	532.65	4.406	1	7	99.13	4	38	79	5	0.767	0	1	0	
TZRHLKRLEZJVIJ-UHFFFAOYSA-M	CCC(=O)[N-]S(=O)(=O)c1ccc(-c2c(-c3ccccc3)noc2C)cc1	chembl_approved	CHEMBL296913	CC BY-SA 3.0	2026-09-25	369.42	4.316	0	5	91.34	5	26	43	3	0.158	0	0	0	
TZRHLKRLEZJVIJ-UHFFFAOYSA-N	CCC(=O)NS(=O)(=O)c1ccc(-c2c(-c3ccccc3)noc2C)cc1	chembl_approved	CHEMBL1206690	CC BY-SA 3.0	2026-09-25	370.43	3.532	1	5	89.27	5	26	44	3	0.158	0	0	0	
TZWKUQDQKPYNLL-UHFFFAOYSA-N	CCOC(=O)NC(C)(C)Cc1ccc(Cl)cc1	chembl_approved	CHEMBL1697686	CC BY-SA 3.0	2026-09-25	255.74	3.407	1	2	38.33	4	17	35	1	0.462	0	0	0	
TZXKOCQBRNJULO-UHFFFAOYSA-N	Cc1c(O)c(=O)ccn1C	chembl_approved	CHEMBL70927	CC BY-SA 3.0	2026-09-25	139.15	0.399	1	2	42.23	0	10	19	1	0.286	0	0	1	
UAUHEPXILIZYCU-GSPNQRMKSA-N	CCC[N+]12[C@H](O)[C@@H](CC)[C@@H]3C[C@H]1[C@@H]1N(C)c4ccccc4[C@]14C[C@H]2[C@@H]3[C@H]4O	chembl_approved	CHEMBL3833382	CC BY-SA 3.0	2026-09-25	369.53	2.479	2	3	43.7	3	27	60	7	0.739	0	0	0	chembl_approved:CHEMBL3833388
UAUIUKWPKRJZJV-QPLHLKROSA-N	Cc1cnc(C(=O)N[C@H]2CCCCC/C=C\[C@@H]3C[C@@]3(C(=O)NS(=O)(=O)C3CC3)NC(=O)[C@@H]3C[C@@H](Oc4nc5ccccc5c5ccccc45)CN3C2=O)cn1	chembl_approved	CHEMBL3391662	CC BY-SA 3.0	2026-09-25	765.89	3.637	3	10	189.65	7	55	98	8	0.425	0	1	0	
UBCHPRBFMUDMNC-UHFFFAOYSA-N	CC(N)C12CC3CC(CC(C3)C1)C2	chembl_approved	CHEMBL959	CC BY-SA 3.0	2026-09-25	179.31	2.55	1	1	26.02	1	13	34	4	1.0	0	0	1	chembl_approved:CHEMBL535396
UBPYILGKFZZVDX-UHFFFAOYSA-N	COc1cc(Nc2c(C#N)cnc3cc(OCCCN4CCN(C)CC4)c(OC)cc23)c(Cl)cc1Cl	chembl_approved	CHEMBL288441	CC BY-SA 3.0	2026-09-25	530.46	5.19	1	8	82.88	9	36	65	4	0.385	0	2	0	chembl_approved:CHEMBL2095206
UBQNRHZMVUUOMG-UHFFFAOYSA-N	NS(=O)(=O)Cc1noc2ccccc12	chembl_approved	CHEMBL750	CC BY-SA 3.0	2026-09-25	212.23	0.616	1	4	86.19	2	14	22	2	0.125	0	0	0	
UBQYURCVBFRUQT-UHFFFAOYSA-N	CC(=O)N(O)CCCCCNC(=O)CCC(=O)N(O)CCCCCNC(=O)CCC(=O)N(O)CCCCCN	chembl_approved	CHEMBL556	CC BY-SA 3.0	2026-09-25	560.69	0.922	6	9	205.84	23	39	87	0	0.8	0	2	0	chembl_approved:CHEMBL1234
UBWXUGDQUBIEIZ-QNTYDACNSA-N	C[C@]12CC[C@H]3[C@@H](CCC4=CC(=O)CC[C@@H]43)[C@@H]1CC[C@@H]2OC(=O)CCc1ccccc1	chembl_approved	CHEMBL1200412	CC BY-SA 3.0	2026-09-25	406.57	5.673	0	3	43.37	4	30	64	5	0.63	0	1	0	
UBZPNQRBUOBBLN-PWRODBHTSA-O	COC(=O)[C@H](c1ccccc1)[C@H]1CCCCN1C(=O)OC[n+]1cccc(C(=O)N[C@@H](CO)C(=O)O)c1	chembl_approved	CHEMBL4298139	CC BY-SA 3.0	2026-09-25	500.53	1.055	3	7	146.35	9	36	66	3	0.4	0	1	0	chembl_approved:CHEMBL4301162
UCEWGESNIULAGX-UHFFFAOYSA-N	CC(C)NCCCC1(C(N)=O)c2ccccc2-c2ccccc21	chembl_approved	CHEMBL1200341	CC BY-SA 3.0	2026-09-25	308.43	3.217	2	2	55.12	6	23	47	3	0.35	0	0	0	chembl_approved:CHEMBL1201242
UCFGDBYHRUNTLO-QHCPKHFHSA-N	CC[C@@]1(O)C(=O)OCc2c1cc1n(c2=O)Cc2cc3c(CN(C)C)c(O)ccc3nc2-1	chembl_approved	CHEMBL84	CC BY-SA 3.0	2026-09-25	421.45	1.847	2	7	104.89	3	31	54	5	0.348	1	0	0	chembl_approved:CHEMBL1607
UCHDWCPVSPXUMX-TZIWLTJVSA-M	CC(C)(O)c1ccccc1CC[C@@H](SCC1(CC(=O)[O-])CC1)c1cccc(/C=C/c2ccc3ccc(Cl)cc3n2)c1	chembl_approved	CHEMBL1200681	CC BY-SA 3.0	2026-09-25	585.19	7.613	1	5	73.25	12	41	76	5	0.314	0	2	0	
UCHDWCPVSPXUMX-TZIWLTJVSA-N	CC(C)(O)c1ccccc1CC[C@@H](SCC1(CC(=O)O)CC1)c1cccc(/C=C/c2ccc3ccc(Cl)cc3n2)c1	chembl_approved	CHEMBL787	CC BY-SA 3.0	2026-09-25	586.2	8.948	2	4	70.42	12	41	77	5	0.314	0	2	0	
UCJGJABZCDBEDK-UHFFFAOYSA-N	Cc1c(-c2ccc(O)cc2)n(Cc2ccc(OCCN3CCCCCC3)cc2)c2ccc(O)cc12	chembl_approved	CHEMBL46740	CC BY-SA 3.0	2026-09-25	470.61	6.331	2	4	57.86	7	35	69	5	0.333	0	1	0	chembl_approved:CHEMBL2106615
UCSJYZPVAKXKNQ-HZYVHMACSA-N	CN[C@@H]1[C@H](O[C@H]2[C@H](O[C@H]3[C@H](O)[C@@H](O)[C@H](N=C(N)N)[C@@H](O)[C@@H]3N=C(N)N)O[C@@H](C)[C@]2(O)C=O)O[C@@H](CO)[C@H](O)[C@H]1O	chembl_approved	CHEMBL372795	CC BY-SA 3.0	2026-09-25	581.58	-8.161	12	15	336.43	9	40	79	3	0.857	0	3	0	
UCTRAOBQFUDCSR-SECBINFHSA-N	NC(=O)OC[C@H](N)Cc1ccccc1	chembl_approved	CHEMBL4297212	CC BY-SA 3.0	2026-09-25	194.23	0.652	2	3	78.34	4	14	28	1	0.3	0	0	1	chembl_approved:CHEMBL4297620
UCTWMZQNUQWSLP-VIFPVBQESA-N	CNC[C@H](O)c1ccc(O)c(O)c1	chembl_approved	CHEMBL679	CC BY-SA 3.0	2026-09-25	183.21	0.351	4	4	72.72	3	13	26	1	0.333	1	0	0	chembl_approved:CHEMBL1256958
UDMBCSSLTHHNCD-KQYNXXCUSA-N	Nc1ncnc2c1ncn2[C@@H]1O[C@H](COP(=O)(O)O)[C@@H](O)[C@H]1O	chembl_approved	CHEMBL752	CC BY-SA 3.0	2026-09-25	347.22	-1.863	5	9	186.07	4	23	37	3	0.5	0	0	0	
UDSFVOAUHKGBEK-CNQKSJKFSA-N	CCCCCCCCCCC(=O)O[C@H]1CC[C@H]2[C@@H]3CCC4=CC(=O)CC[C@]4(C)[C@H]3CC[C@]12C	chembl_approved	CHEMBL2107067	CC BY-SA 3.0	2026-09-25	456.71	7.961	0	3	43.37	10	33	81	4	0.867	0	1	0	
UEJJHQNACJXSKW-UHFFFAOYSA-N	O=C1CCC(N2C(=O)c3ccccc3C2=O)C(=O)N1	chembl_approved	CHEMBL468	CC BY-SA 3.0	2026-09-25	258.23	0.088	1	4	83.55	1	19	29	3	0.231	0	0	0	
UEQUQVLFIPOEMF-UHFFFAOYSA-N	CN1CCN2c3ccccc3Cc3ccccc3C2C1	chembl_approved	CHEMBL6437	CC BY-SA 3.0	2026-09-25	264.37	3.084	0	2	6.48	0	20	40	4	0.333	0	0	0	
UFIVBRCCIRTJTN-UHFFFAOYSA-N	N#CC(CCN1CCC(C(=O)O)(c2ccccc2)CC1)(c1ccccc1)c1ccccc1	chembl_approved	CHEMBL1200599	CC BY-SA 3.0	2026-09-25	424.54	5.005	1	3	64.33	7	32	60	4	0.286	0	1	0	chembl_approved:CHEMBL1201321
UFLGIAIHIAPJJC-UHFFFAOYSA-N	CN(C)CCN(Cc1ccccc1)c1ccccn1	chembl_approved	CHEMBL1241	CC BY-SA 3.0	2026-09-25	255.37	2.65	0	3	19.37	6	19	40	2	0.312	0	0	1	chembl_approved:CHEMBL1200446;chembl_approved:CHEMBL1200769
UFNVPOGXISZXJD-JBQZKEIOSA-N	C=C1C[C@@H]2CC[C@@]34C[C@H]5O[C@H]6[C@@H](O3)[C@H]3O[C@H](CC[C@@H]3O[C@H]6[C@H]5O4)CC(=O)C[C@@H]3[C@@H](OC)[C@@H](C[C@H](O)CN)O[C@H]3C[C@H]3O[C@@H](CC[C@@H]1O2)C[C@@H](C)C3=C	chembl_approved	CHEMBL1683544	CC BY-SA 3.0	2026-09-25	729.91	3.438	2	12	146.39	4	52	111	10	0.875	0	2	0	chembl_approved:CHEMBL1683590
UFSKUSARDNFIRC-UHFFFAOYSA-N	Cc1ccc(NC(=O)C2(c3ccc4c(c3)OC(F)(F)O4)CC2)nc1-c1cccc(C(=O)O)c1	chembl_approved	CHEMBL2103870	CC BY-SA 3.0	2026-09-25	452.41	4.747	2	5	97.75	5	33	51	5	0.208	0	0	0	
UFUVLHLTWXBHGZ-MGZQPHGTSA-N	CCC[C@@H]1C[C@@H](C(=O)N[C@@H]([C@H]2O[C@H](SC)[C@H](OP(=O)(O)O)[C@@H](O)[C@H]2O)[C@H](C)Cl)N(C)C1	chembl_approved	CHEMBL3184512	CC BY-SA 3.0	2026-09-25	504.97	0.506	5	8	148.79	9	31	65	2	0.944	0	1	0	
UGJMXCAKCUNAIE-UHFFFAOYSA-N	NCC1(CC(=O)O)CCCCC1	chembl_approved	CHEMBL940	CC BY-SA 3.0	2026-09-25	171.24	1.37	2	2	63.32	3	12	29	1	0.889	0	0	1	
UGJWZYARKOFRDB-UHFFFAOYSA-O	CCCCCCCCCCCC(=O)OCCNC(=O)C[n+]1ccccc1	chembl_approved	CHEMBL1201786	CC BY-SA 3.0	2026-09-25	363.52	3.554	1	3	59.28	15	26	61	1	0.667	0	0	0	chembl_approved:CHEMBL1201787
UHDGCWIWMRVCDJ-CCXZUQQUSA-N	Nc1ccn([C@@H]2O[C@H](CO)[C@@H](O)[C@@H]2O)c(=O)n1	chembl_approved	CHEMBL803	CC BY-SA 3.0	2026-09-25	243.22	-2.563	4	7	130.83	2	17	30	2	0.556	0	0	0	
UHSKFQJFRQCDBE-UHFFFAOYSA-N	CCCN(CCC)CCc1cccc2c1CC(=O)N2	chembl_approved	CHEMBL589	CC BY-SA 3.0	2026-09-25	260.38	2.846	1	2	32.34	7	19	43	2	0.562	0	0	1	chembl_approved:CHEMBL1200411
UHTHHESEBZOYNR-UHFFFAOYSA-N	COc1cc2/c(=N/c3ccc(Br)cc3F)nc[nH]c2cc1OCC1CCN(C)CC1	chembl_approved	CHEMBL24828	CC BY-SA 3.0	2026-09-25	475.36	4.426	1	5	62.74	5	30	54	4	0.364	0	0	0	
UHWVSEOVJBQKBE-UHFFFAOYSA-N	COc1ccc(CN2CCNCC2)c(OC)c1OC	chembl_approved	CHEMBL203266	CC BY-SA 3.0	2026-09-25	266.34	1.118	1	5	42.96	5	19	41	2	0.571	0	0	0	chembl_approved:CHEMBL3561076
UIAGMCDKSXEBJQ-UHFFFAOYSA-N	COCCOC(=O)C1=C(C)NC(C)=C(C(=O)OC(C)C)C1c1cccc([N+](=O)[O-])c1	chembl_approved	CHEMBL1428	CC BY-SA 3.0	2026-09-25	418.45	2.971	1	8	117.0	8	30	56	2	0.429	0	0	0	
UIEATEWHFDRYRU-UHFFFAOYSA-N	CC(C)COCC(CN(Cc1ccccc1)c1ccccc1)N1CCCC1	chembl_approved	CHEMBL1008	CC BY-SA 3.0	2026-09-25	366.55	4.83	0	3	15.71	10	27	61	3	0.5	0	0	0	chembl_approved:CHEMBL1200382
UISARWKNNNHPGI-UHFFFAOYSA-N	CC(CC(c1ccccc1)c1ccccc1)NC(C)(C)C	chembl_approved	CHEMBL363295	CC BY-SA 3.0	2026-09-25	281.44	4.985	1	1	12.03	5	21	48	2	0.4	0	0	0	chembl_approved:CHEMBL539770
UJEWTUDSLQGTOA-UHFFFAOYSA-N	NS(=O)(=O)c1cc(C(=O)O)cc(N2CCCC2)c1Oc1ccccc1	chembl_approved	CHEMBL349803	CC BY-SA 3.0	2026-09-25	362.41	2.425	2	5	109.93	5	25	43	3	0.235	0	0	0	
UJIDKYTZIQTXPM-UHFFFAOYSA-L	O=S(=O)([O-])Oc1ccc(C(c2ccc(OS(=O)(=O)[O-])cc2)c2ccccn2)cc1	chembl_approved	CHEMBL1697768	CC BY-SA 3.0	2026-09-25	435.44	1.94	0	9	145.75	7	29	42	3	0.056	0	0	0	
UJIDKYTZIQTXPM-UHFFFAOYSA-N	O=S(=O)(O)Oc1ccc(C(c2ccc(OS(=O)(=O)O)cc2)c2ccccn2)cc1	chembl_approved	CHEMBL1741134	CC BY-SA 3.0	2026-09-25	437.45	2.625	2	7	140.09	7	29	44	3	0.056	0	0	0	
UJLAWZDWDVHWOW-YPMHNXCESA-N	C[C@@H]1CCN(C(=O)CC#N)C[C@@H]1N(C)c1ncnc2[nH]ccc12	chembl_approved	CHEMBL221959	CC BY-SA 3.0	2026-09-25	312.38	1.545	1	5	88.91	3	23	43	3	0.5	0	0	0	chembl_approved:CHEMBL2103743
UJVDJAPJQWZRFR-DHIUTWEWSA-N	CC(C)(N)C(=O)N[C@H](Cc1c[nH]c2ccccc12)C(=O)N[C@H](Cc1c[nH]c2ccccc12)NC=O	chembl_approved	CHEMBL278623	CC BY-SA 3.0	2026-09-25	474.57	1.845	6	4	144.9	10	35	65	4	0.269	0	1	0	chembl_approved:CHEMBL2364617
UJVLDDZCTMKXJK-WNHSNXHDSA-N	C[C@]12CCC(=O)C=C1C=C[C@@H]1[C@@H]2CC[C@@]2(C)[C@H]1CC[C@@]21CCC(=O)O1	chembl_approved	CHEMBL1463345	CC BY-SA 3.0	2026-09-25	340.46	4.37	0	3	43.37	0	25	53	5	0.727	0	0	0	
UKTAZPQNNNJVKR-KJGYPYNMSA-N	O=C(O[C@@H]1C[C@@H]2C[C@H]3C[C@H](C1)N2CC3=O)c1c[nH]c2ccccc12	chembl_approved	CHEMBL2368924	CC BY-SA 3.0	2026-09-25	324.38	2.519	1	4	62.4	2	24	44	6	0.474	0	0	0	chembl_approved:CHEMBL2368925
UKTIJASCFRNWCB-RMIBSVFLSA-N	CCCCCCCC(=O)OC[C@@H](O)[C@@H](OC)[C@@H]1OC(C(=O)O)=C[C@H](NC(=N)N)[C@H]1NC(C)=O	chembl_approved	CHEMBL467058	CC BY-SA 3.0	2026-09-25	472.54	-0.01	6	8	193.29	14	33	69	1	0.714	0	1	0	
ULFRLSNUDGIQQP-UHFFFAOYSA-N	CN(C)CCc1c[nH]c2ccc(Cn3cncn3)cc12	chembl_approved	CHEMBL905	CC BY-SA 3.0	2026-09-25	269.35	1.912	1	3	49.74	5	20	39	3	0.333	0	0	1	chembl_approved:CHEMBL1201032
ULGZDMOVFRHVEP-RWJQBGPGSA-N	CC[C@H]1OC(=O)[C@H](C)[C@@H](O[C@H]2C[C@@](C)(OC)[C@@H](O)[C@H](C)O2)[C@H](C)[C@@H](O[C@@H]2O[C@H](C)C[C@H](N(C)C)[C@H]2O)[C@](C)(O)C[C@@H](C)C(=O)[C@H](C)[C@@H](O)[C@]1(C)O	chembl_approved	CHEMBL532	CC BY-SA 3.0	2026-09-25	733.94	1.786	5	14	193.91	7	51	118	3	0.946	0	2	0	chembl_approved:CHEMBL1200510
ULSDMUVEXKOYBU-ZDUSSCGKSA-N	CN(C)CCc1c[nH]c2ccc(C[C@H]3COC(=O)N3)cc12	chembl_approved	CHEMBL1185	CC BY-SA 3.0	2026-09-25	287.36	1.923	2	3	57.36	5	21	42	3	0.438	0	0	1	
ULXXDDBFHOBEHA-CWDCEQMOSA-N	CN(C)C/C=C/C(=O)Nc1cc2c(Nc3ccc(F)c(Cl)c3)ncnc2cc1O[C@H]1CCOC1	chembl_approved	CHEMBL1173655	CC BY-SA 3.0	2026-09-25	485.95	4.39	2	7	88.61	8	34	59	4	0.292	0	0	0	chembl_approved:CHEMBL2105712
UMSGKTJDUHERQW-UHFFFAOYSA-N	Cc1nnc2n1-c1sc(Br)cc1C(c1ccccc1Cl)=NC2	chembl_approved	CHEMBL32479	CC BY-SA 3.0	2026-09-25	393.7	4.404	0	4	43.07	1	22	32	4	0.133	0	0	0	
UNAANXDKBXWMLN-UHFFFAOYSA-N	CC(C)CC(N(C)C)C1(c2ccc(Cl)cc2)CCC1	chembl_approved	CHEMBL1419	CC BY-SA 3.0	2026-09-25	279.86	4.738	0	1	3.24	5	19	45	2	0.647	0	0	0	chembl_approved:CHEMBL3989830
UNBRKDKAWYKMIV-QWQRMKEZSA-N	CC[C@@H](CO)NC(=O)[C@@H]1C=C2c3cccc4[nH]cc(c34)C[C@H]2N(C)C1	chembl_approved	CHEMBL1200843	CC BY-SA 3.0	2026-09-25	339.44	1.925	3	3	68.36	4	25	50	4	0.45	0	0	0	chembl_approved:CHEMBL1201356
UNFWWIHTNXNPBV-WXKVUWSESA-N	CN[C@@H]1[C@H](O)[C@H](NC)[C@H]2O[C@@]3(O)C(=O)C[C@@H](C)O[C@H]3O[C@@H]2[C@H]1O	chembl_approved	CHEMBL1167	CC BY-SA 3.0	2026-09-25	332.35	-2.926	5	9	129.51	2	23	47	3	0.929	0	0	0	chembl_approved:CHEMBL3989571
UNJFKXSSGBWRBZ-BJCIPQKHSA-N	Nc1nc(/C(=C/CC(=O)O)C(=O)N[C@@H]2C(=O)N3C(C(=O)O)=CCS[C@H]23)cs1	chembl_approved	CHEMBL1605	CC BY-SA 3.0	2026-09-25	410.43	-0.048	4	8	162.92	6	27	41	3	0.267	0	0	0	chembl_approved:CHEMBL1200985
UOACKFBJUYNSLK-XRKIENNPSA-N	C[C@]12CC[C@@H]3c4ccc(O)cc4CC[C@H]3[C@@H]1CC[C@@H]2OC(=O)CCC1CCCC1	chembl_approved	CHEMBL1200973	CC BY-SA 3.0	2026-09-25	396.57	6.131	1	3	46.53	4	29	65	5	0.731	0	1	0	
UORJNBVJVRLXMQ-UHFFFAOYSA-N	C=CCC1(C(C)C)C(=O)NC(=O)NC1=O	chembl_approved	CHEMBL7863	CC BY-SA 3.0	2026-09-25	210.23	0.571	2	3	75.27	3	15	29	1	0.5	0	0	1	
UOZODPSAJZTQNH-LSWIJEOBSA-N	NC[C@@H]1O[C@H](O[C@H]2[C@@H](O)[C@H](O[C@@H]3[C@@H](O)[C@H](N)C[C@H](N)[C@H]3O[C@H]3O[C@H](CO)[C@@H](O)[C@H](O)[C@H]3N)O[C@@H]2CO)[C@H](N)[C@@H](O)[C@@H]1O	chembl_approved	CHEMBL370143	CC BY-SA 3.0	2026-09-25	615.63	-8.862	13	19	347.32	9	42	87	4	1.0	0	3	0	chembl_approved:CHEMBL2206196
UPNUIXSCZBYVBB-JVFUWBCBSA-N	C[C@H]1CN(C[C@H](Cc2ccccc2)C(=O)NCC(=O)O)CC[C@@]1(C)c1cccc(O)c1	chembl_approved	CHEMBL270190	CC BY-SA 3.0	2026-09-25	424.54	3.051	3	4	89.87	8	31	63	3	0.44	0	0	0	
UPSPUYADGBWSHF-UHFFFAOYSA-M	Cc1ccc(C(=O)c2ccc(CC(=O)[O-])n2C)cc1	chembl_approved	CHEMBL1200613	CC BY-SA 3.0	2026-09-25	256.28	0.857	0	3	62.13	4	19	33	2	0.2	0	0	1	
UPSPUYADGBWSHF-UHFFFAOYSA-N	Cc1ccc(C(=O)c2ccc(CC(=O)O)n2C)cc1	chembl_approved	CHEMBL1020	CC BY-SA 3.0	2026-09-25	257.29	2.192	1	2	59.3	4	19	34	2	0.2	0	0	1	
UQCNKQCJZOAFTQ-ISWURRPUSA-N	CN1CC[C@]23c4c5ccc(O)c4O[C@H]2C(=O)CC[C@@]3(O)[C@H]1C5	chembl_approved	CHEMBL963	CC BY-SA 3.0	2026-09-25	301.34	0.745	2	5	70.0	0	22	41	5	0.588	0	0	0	chembl_approved:CHEMBL1200794
UQGKUQLKSCSZGY-UHFFFAOYSA-N	CCCc1nc(C(C)(C)O)c(C(=O)OCc2oc(=O)oc2C)n1Cc1ccc(-c2ccccc2-c2nnn[nH]2)cc1	chembl_approved	CHEMBL1200692	CC BY-SA 3.0	2026-09-25	558.6	4.17	2	10	162.16	10	41	71	5	0.31	0	1	0	
UQLLWWBDSUHNEB-CZUORRHYSA-M	CC(=O)OCC1=C(C(=O)[O-])N2C(=O)[C@@H](NC(=O)CSc3ccncc3)[C@H]2SC1	chembl_approved	CHEMBL1201043	CC BY-SA 3.0	2026-09-25	422.46	-0.859	1	9	128.73	7	28	44	3	0.353	0	0	0	
UQLLWWBDSUHNEB-CZUORRHYSA-N	CC(=O)OCC1=C(C(=O)O)N2C(=O)[C@@H](NC(=O)CSc3ccncc3)[C@H]2SC1	chembl_approved	CHEMBL1599	CC BY-SA 3.0	2026-09-25	423.47	0.475	2	8	125.9	7	28	45	3	0.353	0	0	0	
UQRORFVVSGFNRO-UTINFBMNSA-N	CCCCN1C[C@H](O)[C@@H](O)[C@H](O)[C@H]1CO	chembl_approved	CHEMBL1029	CC BY-SA 3.0	2026-09-25	219.28	-1.454	4	5	84.16	4	15	36	1	1.0	0	0	0	
UREBDLICKHMUKA-CXSFZGCWSA-N	C[C@@H]1C[C@H]2[C@@H]3CCC4=CC(=O)C=C[C@]4(C)[C@@]3(F)[C@@H](O)C[C@]2(C)[C@@]1(O)C(=O)CO	chembl_approved	CHEMBL384467	CC BY-SA 3.0	2026-09-25	392.47	1.896	3	5	94.83	2	28	57	4	0.727	0	0	0	
UREBDLICKHMUKA-DVTGEIKXSA-N	C[C@H]1C[C@H]2[C@@H]3CCC4=CC(=O)C=C[C@]4(C)[C@@]3(F)[C@@H](O)C[C@]2(C)[C@@]1(O)C(=O)CO	chembl_approved	CHEMBL632	CC BY-SA 3.0	2026-09-25	392.47	1.896	3	5	94.83	2	28	57	4	0.727	0	0	0	
URKOMYMAXPYINW-UHFFFAOYSA-N	OCCOCCN1CCN(C2=Nc3ccccc3Sc3ccccc32)CC1	chembl_approved	CHEMBL716	CC BY-SA 3.0	2026-09-25	383.52	2.856	1	6	48.3	5	27	52	4	0.381	0	0	0	chembl_approved:CHEMBL3188993
USSIQXCVUWKGNF-UHFFFAOYSA-N	CCC(=O)C(CC(C)N(C)C)(c1ccccc1)c1ccccc1	chembl_approved	CHEMBL651	CC BY-SA 3.0	2026-09-25	309.45	4.292	0	2	20.31	7	23	50	2	0.381	0	0	0	chembl_approved:CHEMBL1200825
USUZGMWDZDXMDG-CYBMUJFWSA-N	N#Cc1ccc([C@H]2CCc3cncn32)c(F)c1	chembl_approved	CHEMBL3099695	CC BY-SA 3.0	2026-09-25	227.24	2.429	0	2	41.61	1	17	27	3	0.231	0	0	1	chembl_approved:CHEMBL3707393
USZAGAREISWJDP-UHFFFAOYSA-N	N#Cc1ccc(Oc2ccc3c(c2)COB3O)cc1	chembl_approved	CHEMBL484785	CC BY-SA 3.0	2026-09-25	251.05	1.568	1	4	62.48	2	19	29	3	0.071	0	0	0	
UTNUDOFZCWSZMS-YFHOEESVSA-N	C/C(O)=C(\C#N)C(=O)Nc1ccc(C(F)(F)F)cc1	chembl_approved	CHEMBL973	CC BY-SA 3.0	2026-09-25	270.21	2.999	2	3	73.12	2	19	28	1	0.167	0	0	1	
UUMLTINZBQPNGF-UHFFFAOYSA-N	CC(=O)N(CC(O)CO)c1c(I)c(C(=O)NCCO)c(I)c(C(=O)NCC(O)CO)c1I	chembl_approved	CHEMBL1201075	CC BY-SA 3.0	2026-09-25	791.12	-0.988	7	8	179.66	11	32	56	1	0.5	0	2	0	
UUQMNUMQCIQDMZ-UHFFFAOYSA-N	CNCCc1ccccn1	chembl_approved	CHEMBL24441	CC BY-SA 3.0	2026-09-25	136.2	0.843	1	2	24.92	3	10	22	1	0.375	0	0	1	chembl_approved:CHEMBL1446813
UUVWYPNAQBNQJQ-UHFFFAOYSA-N	CN(C)c1nc(N(C)C)nc(N(C)C)n1	chembl_approved	CHEMBL1455	CC BY-SA 3.0	2026-09-25	210.28	0.07	0	6	48.39	3	15	33	1	0.667	0	0	0	
UUZPPAMZDFLUHD-VUJLHGSVSA-N	C[C@H](N)C(=O)N[C@@H](C)C(=O)N[C@H]1[C@@H]2CN(c3nc4c(cc3F)c(=O)c(C(=O)O)cn4-c3ccc(F)cc3F)C[C@@H]21	chembl_approved	CHEMBL1200498	CC BY-SA 3.0	2026-09-25	558.52	0.904	4	7	159.65	7	40	65	5	0.346	0	1	0	chembl_approved:CHEMBL1201197
UVIQSJCZCSLXRZ-UBUQANBQSA-N	CC(=O)O[C@H]1CC[C@@]2(C)C(=CC[C@@H]3[C@@H]2CC[C@]2(C)C(c4cccnc4)=CC[C@@H]32)C1	chembl_approved	CHEMBL271227	CC BY-SA 3.0	2026-09-25	391.56	5.969	0	3	39.19	2	29	62	5	0.615	0	1	0	
UVKZSORBKUEBAZ-UHFFFAOYSA-N	CN1CCN(C(c2ccccc2)c2ccccc2)CC1	chembl_approved	CHEMBL648	CC BY-SA 3.0	2026-09-25	266.39	3.023	0	2	6.48	3	20	42	3	0.333	0	0	0	chembl_approved:CHEMBL1200497
UVOIBTBFPOZKGP-UHFFFAOYSA-N	CCC(=O)c1ccc2c(c1)N(CC(C)N(C)C)c1ccccc1S2	chembl_approved	CHEMBL1201068	CC BY-SA 3.0	2026-09-25	340.49	4.832	0	4	23.55	5	24	48	3	0.35	0	0	0	chembl_approved:CHEMBL1201210
UVSMNLNDYGZFPF-UHFFFAOYSA-N	Nc1cccc2c1C(=O)N(C1CCC(=O)NC1=O)C2=O	chembl_approved	CHEMBL43452	CC BY-SA 3.0	2026-09-25	273.25	-0.33	2	5	109.57	1	20	31	3	0.231	0	0	0	
UVTNFZQICZKOEM-UHFFFAOYSA-N	CC(C)N(CCC(C(N)=O)(c1ccccc1)c1ccccn1)C(C)C	chembl_approved	CHEMBL517	CC BY-SA 3.0	2026-09-25	339.48	3.362	1	3	59.22	8	25	54	2	0.429	0	0	0	chembl_approved:CHEMBL1201020
UWKQSNNFCGGAFS-XIFFEERXSA-N	CCc1c2c(nc3ccc(OC(=O)N4CCC(N5CCCCC5)CC4)cc13)-c1cc3c(c(=O)n1C2)COC(=O)[C@]3(O)CC	chembl_approved	CHEMBL481	CC BY-SA 3.0	2026-09-25	586.69	4.091	1	8	114.2	4	43	81	7	0.515	0	1	0	chembl_approved:CHEMBL3989514
UWWDHYUMIORJTA-HSQYWUDLSA-N	CCOC(=O)[C@H](CCc1ccccc1)N[C@@H](C)C(=O)N1Cc2cc(OC)c(OC)cc2C[C@H]1C(=O)O	chembl_approved	CHEMBL1165	CC BY-SA 3.0	2026-09-25	498.58	2.584	2	7	114.4	11	36	70	3	0.444	0	0	0	chembl_approved:CHEMBL1200534
UWYHMGVUTGAWSP-JKIFEVAISA-M	Cc1onc(-c2ccccc2)c1C(=O)N[C@@H]1C(=O)N2[C@@H]1SC(C)(C)[C@@H]2C(=O)[O-]	chembl_approved	CHEMBL3989567	CC BY-SA 3.0	2026-09-25	400.44	0.561	1	7	115.57	4	28	46	4	0.368	0	0	0	
UWYHMGVUTGAWSP-JKIFEVAISA-N	Cc1onc(-c2ccccc2)c1C(=O)N[C@@H]1C(=O)N2[C@@H]1SC(C)(C)[C@@H]2C(=O)O	chembl_approved	CHEMBL819	CC BY-SA 3.0	2026-09-25	401.44	1.895	2	6	112.74	4	28	47	4	0.368	0	0	0	
UXIGWFXRQKWHHA-RZILPFQRSA-M	CNC(=O)c1c(I)c(NC(C)=O)c([125I])c(C(=O)[O-])c1[125I]	chembl_approved	CHEMBL2106318	CC BY-SA 3.0	2026-09-25	608.91	1.182	2	4	98.33	3	20	28	1	0.182	0	1	0	
UXIGWFXRQKWHHA-UHFFFAOYSA-M	CNC(=O)c1c(I)c(NC(C)=O)c(I)c(C(=O)[O-])c1I	chembl_approved	CHEMBL1097620	CC BY-SA 3.0	2026-09-25	612.91	1.182	2	4	98.33	3	20	28	1	0.182	0	1	0	
UXIGWFXRQKWHHA-UHFFFAOYSA-N	CNC(=O)c1c(I)c(NC(C)=O)c(I)c(C(=O)O)c1I	chembl_approved	CHEMBL1201125	CC BY-SA 3.0	2026-09-25	613.92	2.517	3	3	95.5	3	20	29	1	0.182	0	1	0	chembl_approved:CHEMBL1201300
UXNXMBYCBRBRFD-MUUNZHRXSA-N	N#Cc1cccc([C@@H](NCC2CC2)c2ccc(F)c(NC(=O)c3cc(C(F)(F)F)nn3-c3cccc(CN)c3)c2)c1	chembl_approved	CHEMBL5189739	CC BY-SA 3.0	2026-09-25	562.57	5.702	3	5	108.76	9	41	67	5	0.233	0	2	0	chembl_approved:CHEMBL6067995
UXOWGYHJODZGMF-QORCZRPOSA-N	COCCCOc1cc(C[C@@H](C[C@H](N)[C@@H](O)C[C@H](C(=O)NCC(C)(C)C(N)=O)C(C)C)C(C)C)ccc1OC	chembl_approved	CHEMBL1639	CC BY-SA 3.0	2026-09-25	551.77	3.294	4	7	146.13	19	39	92	1	0.733	0	1	0	chembl_approved:CHEMBL3545059
UXYRZJKIQKRJCF-TZPFWLJSSA-N	C[C@H]1CC(=O)C[C@@H]2CC[C@H]3[C@@H]4CC[C@H](O)[C@@]4(C)CC[C@@H]3[C@]21C	chembl_approved	CHEMBL258918	CC BY-SA 3.0	2026-09-25	304.47	4.205	1	2	37.3	0	22	54	4	0.95	0	0	0	
UYGONJYYUKVHDD-UHFFFAOYSA-N	Cn1cc([S+](C)[O-])c(=O)c2ccc(F)cc21	chembl_approved	CHEMBL1908307	CC BY-SA 3.0	2026-09-25	239.27	1.415	0	2	45.06	1	16	26	2	0.182	0	0	1	
UYXAWHWODHRRMR-UHFFFAOYSA-N	CN1C(=O)NC(=O)C(C)(C2=CCCCC2)C1=O	chembl_approved	CHEMBL7728	CC BY-SA 3.0	2026-09-25	236.27	1.201	1	3	66.48	1	17	33	2	0.583	0	0	1	
UZHSEJADLWPNLE-GRGSLBFTSA-N	C=CCN1CC[C@]23c4c5ccc(O)c4O[C@H]2C(=O)CC[C@@]3(O)[C@H]1C5	chembl_approved	CHEMBL80	CC BY-SA 3.0	2026-09-25	327.38	1.301	2	5	70.0	2	24	45	5	0.526	0	0	0	chembl_approved:CHEMBL1718;chembl_approved:CHEMBL5315056
UZVHFVZFNXBMQJ-UHFFFAOYSA-N	C=CCC1(CC(C)C)C(=O)NC(=O)NC1=O	chembl_approved	CHEMBL454	CC BY-SA 3.0	2026-09-25	224.26	0.961	2	3	75.27	4	16	32	1	0.545	0	0	1	
UZWDCWONPYILKI-UHFFFAOYSA-N	CCN1CCN(Cc2ccc(Nc3ncc(F)c(-c4cc(F)c5nc(C)n(C(C)C)c5c4)n3)nc2)CC1	chembl_approved	CHEMBL3301610	CC BY-SA 3.0	2026-09-25	506.61	4.937	1	7	75.0	7	37	69	5	0.407	0	1	0	
VAAUVRVFOQPIGI-SPQHTLEESA-N	CO/N=C(\C(=O)N[C@@H]1C(=O)N2C(C(=O)O)=C(CSc3nc(=O)c(O)nn3C)CS[C@H]12)c1csc(N)n1	chembl_approved	CHEMBL161	CC BY-SA 3.0	2026-09-25	554.59	-1.199	4	14	215.22	8	36	54	4	0.333	0	2	0	
VABCILAOYCMVPS-UHFFFAOYSA-N	CC(=O)CC(c1ccc([N+](=O)[O-])cc1)c1c(O)c2ccccc2oc1=O	chembl_approved	CHEMBL397420	CC BY-SA 3.0	2026-09-25	353.33	3.518	1	6	110.65	5	26	41	3	0.158	0	0	0	
VACCAVUAMIDAGB-UHFFFAOYSA-N	Cc1nnc(NS(=O)(=O)c2ccc(N)cc2)s1	chembl_approved	CHEMBL1191	CC BY-SA 3.0	2026-09-25	270.34	1.23	2	6	97.97	3	17	27	2	0.111	0	0	0	
VAOCPAMSLUNLGC-UHFFFAOYSA-N	Cc1ncc([N+](=O)[O-])n1CCO	chembl_approved	CHEMBL137	CC BY-SA 3.0	2026-09-25	171.16	0.092	1	4	81.19	3	12	21	1	0.5	0	0	0	chembl_approved:CHEMBL1200869
VAZJLPXFVQHDFB-UHFFFAOYSA-N	CCCCCCNC(=N)NC(=N)N	chembl_approved	CHEMBL2106939	CC BY-SA 3.0	2026-09-25	185.28	0.574	5	2	97.78	5	13	32	0	0.75	0	0	0	
VBHQKCBVWWUUKN-KZNAEPCWSA-N	COc1ccc(CCO[C@@H]2CCCC[C@H]2N2CC[C@@H](O)C2)cc1OC	chembl_approved	CHEMBL2107383	CC BY-SA 3.0	2026-09-25	349.47	2.641	1	5	51.16	7	25	56	3	0.7	0	0	0	chembl_approved:CHEMBL2111112
VCKUSRYTPJJLNI-UHFFFAOYSA-N	COc1cc2nc(N3CCN(C(=O)C4CCCO4)CC3)nc(N)c2cc1OC	chembl_approved	CHEMBL611	CC BY-SA 3.0	2026-09-25	387.44	1.057	1	8	103.04	4	28	53	4	0.526	0	0	0	chembl_approved:CHEMBL3989562
VCSUIBJKYCVWNF-NRFANRHFSA-N	CC1(C)C[C@@H]2CCCNc3cccc(n3)S(=O)(=O)NC(=O)c3ccc(-n4ccc(OCCC5C6(CC6)C56CC6)n4)nc3N1C2	chembl_approved	CHEMBL5314934	CC BY-SA 3.0	2026-09-25	617.78	4.551	2	9	131.34	5	44	83	8	0.562	0	1	0	
VDANGULDQQJODZ-UHFFFAOYSA-N	CCN(CC)CCOC(=O)c1ccc(N)cc1Cl	chembl_approved	CHEMBL944	CC BY-SA 3.0	2026-09-25	270.76	2.421	1	4	55.56	6	18	37	1	0.462	0	0	0	chembl_approved:CHEMBL1179047
VDHAWDNDOKGFTD-MRXNPFEDSA-N	C[C@@H](NCCCc1cccc(C(F)(F)F)c1)c1cccc2ccccc12	chembl_approved	CHEMBL1200776	CC BY-SA 3.0	2026-09-25	357.42	6.142	1	1	12.03	6	26	48	3	0.273	0	1	0	chembl_approved:CHEMBL1201284
VDJHFHXMUKFKET-WDUFCVPESA-N	C/C=C(/C)C(=O)O[C@H]1C(C)=C[C@]23C(=O)[C@@H](C=C(CO)[C@@H](O)[C@]12O)[C@H]1[C@@H](C[C@H]3C)C1(C)C	chembl_approved	CHEMBL1863513	CC BY-SA 3.0	2026-09-25	430.54	2.332	3	6	104.06	3	31	65	4	0.68	0	0	0	
VDNLFJGJEQUWRB-GRMCBZHISA-L	O=C([O-])c1c(Cl)c(Cl)c(Cl)c(Cl)c1-c1c2cc([131I])c(=O)c(I)c-2oc2c(I)c([O-])c([131I])cc12	chembl_approved	CHEMBL3989461	CC BY-SA 3.0	2026-09-25	979.66	7.034	0	5	93.4	2	33	35	4	0.0	0	2	0	
VDNLFJGJEQUWRB-UHFFFAOYSA-N	O=C(O)c1c(Cl)c(Cl)c(Cl)c(Cl)c1-c1c2cc(I)c(=O)c(I)c-2oc2c(I)c(O)c(I)cc12	chembl_approved	CHEMBL1208422	CC BY-SA 3.0	2026-09-25	973.68	9.001	2	4	87.74	2	33	37	4	0.0	0	2	0	
VDUWPHTZYNWKRN-UHFFFAOYSA-N	CCn1nc(C(=O)O)c(=O)c2cc3c(cc21)OCO3	chembl_approved	CHEMBL1208	CC BY-SA 3.0	2026-09-25	262.22	0.843	1	5	90.65	2	19	29	3	0.25	0	0	0	
VERWOWGGCGHDQE-UHFFFAOYSA-N	Cc1cc(Nc2ncc(Cl)c(Nc3ccccc3S(=O)(=O)C(C)C)n2)c(OC(C)C)cc1C1CCNCC1	chembl_approved	CHEMBL2403108	CC BY-SA 3.0	2026-09-25	558.15	6.362	3	8	105.24	9	38	74	4	0.429	0	2	0	
VFCRKLWBYMDAED-REWPJTCUSA-N	CCC[C@H](N[C@H]1CCc2cc(F)cc(F)c2C1)C(=O)Nc1cn(C(C)(C)CNCC(C)(C)C)cn1	chembl_approved	CHEMBL1770916	CC BY-SA 3.0	2026-09-25	489.66	4.786	3	4	70.98	10	35	76	3	0.63	0	0	0	chembl_approved:CHEMBL4298153
VGKDLMBJGBXTGI-SJCJKPOMSA-N	CN[C@H]1CC[C@@H](c2ccc(Cl)c(Cl)c2)c2ccccc21	chembl_approved	CHEMBL809	CC BY-SA 3.0	2026-09-25	306.24	5.18	1	1	12.03	2	20	37	3	0.294	0	1	0	chembl_approved:CHEMBL1709
VGYFMXBACGZSIL-MCBHFWOFSA-M	O=C([O-])C[C@H](O)C[C@H](O)/C=C/c1c(C2CC2)nc2ccccc2c1-c1ccc(F)cc1	chembl_approved	CHEMBL1237061	CC BY-SA 3.0	2026-09-25	420.46	3.183	2	5	93.48	8	31	54	4	0.28	0	0	0	chembl_approved:CHEMBL3989920;chembl_approved:CHEMBL3989923
VGYFMXBACGZSIL-MCBHFWOFSA-N	O=C(O)C[C@H](O)C[C@H](O)/C=C/c1c(C2CC2)nc2ccccc2c1-c1ccc(F)cc1	chembl_approved	CHEMBL1201753	CC BY-SA 3.0	2026-09-25	421.47	4.518	3	4	90.65	8	31	55	4	0.28	0	0	0	
VGZSUPCWNCWDAN-UHFFFAOYSA-N	CC(=O)c1ccc(S(=O)(=O)NC(=O)NC2CCCCC2)cc1	chembl_approved	CHEMBL1589	CC BY-SA 3.0	2026-09-25	324.4	2.21	2	4	92.34	4	22	42	2	0.467	0	0	0	
VHGCDTVCOLNTBX-QGZVFWFLSA-N	CNCC[C@@H](Oc1ccccc1C)c1ccccc1	chembl_approved	CHEMBL641	CC BY-SA 3.0	2026-09-25	255.36	3.725	1	2	21.26	6	19	40	2	0.294	0	0	0	chembl_approved:CHEMBL1702
VHOGYURTWQBHIL-UHFFFAOYSA-N	Cc1oncc1C(=O)Nc1ccc(C(F)(F)F)cc1	chembl_approved	CHEMBL960	CC BY-SA 3.0	2026-09-25	270.21	3.254	1	3	55.13	2	19	28	2	0.167	0	0	0	
VHRSUDSXCMQTMA-PJHHCJLFSA-N	C[C@H]1C[C@@H]2[C@H]([C@@H](O)C[C@@]3(C)[C@H]2CC[C@]3(O)C(=O)CO)[C@@]2(C)C=CC(=O)C=C12	chembl_approved	CHEMBL650	CC BY-SA 3.0	2026-09-25	374.48	1.804	3	5	94.83	2	27	57	4	0.727	0	0	0	
VHVPQPYKVGDNFY-UHFFFAOYSA-N	CCC(C)n1ncn(-c2ccc(N3CCN(c4ccc(OCC5COC(Cn6cncn6)(c6ccc(Cl)cc6Cl)O5)cc4)CC3)cc2)c1=O	chembl_approved	CHEMBL64391	CC BY-SA 3.0	2026-09-25	705.65	5.577	0	9	104.7	11	49	87	7	0.371	1	2	0	
VHYCDWMUTMEGQY-UHFFFAOYSA-N	CC(C)NCC(O)COc1ccc(COCCOC(C)C)cc1	chembl_approved	CHEMBL645	CC BY-SA 3.0	2026-09-25	325.45	2.366	2	5	59.95	12	23	54	1	0.667	0	0	0	chembl_approved:CHEMBL1472989
VIKNJXKGJWUCNN-XGXHKTLJSA-N	C#C[C@]1(O)CC[C@H]2[C@@H]3CCC4=CC(=O)CC[C@@H]4[C@H]3CC[C@@]21C	chembl_approved	CHEMBL1162	CC BY-SA 3.0	2026-09-25	298.43	3.493	1	2	37.3	0	22	48	4	0.75	0	0	0	
VILCJCGEZXAXTO-UHFFFAOYSA-N	NCCNCCNCCN	chembl_approved	CHEMBL609	CC BY-SA 3.0	2026-09-25	146.24	-1.917	4	4	76.1	7	10	28	0	1.0	0	0	0	chembl_approved:CHEMBL3989777;chembl_approved:CHEMBL5095420
VIQCGTZFEYDQMR-UHFFFAOYSA-N	CCCCCCCCCC(=O)OCCN1CCN(CCCN2c3ccccc3Sc3ccc(C(F)(F)F)cc32)CC1	chembl_approved	CHEMBL1200854	CC BY-SA 3.0	2026-09-25	591.78	8.0	0	6	36.02	15	41	85	4	0.594	0	2	0	
VIQCWEGEHRBLAC-UHFFFAOYSA-N	CC(C)OC(=O)CNc1cccc(CN(Cc2ccc(-n3cccn3)cc2)S(=O)(=O)c2cccnc2)n1	chembl_approved	CHEMBL4297666	CC BY-SA 3.0	2026-09-25	520.62	3.417	1	8	119.31	11	37	65	4	0.231	0	1	0	
VIROVYVQCGLCII-UHFFFAOYSA-M	CCC1(CCC(C)C)C(=O)N=C([O-])NC1=O	chembl_approved	CHEMBL2105941	CC BY-SA 3.0	2026-09-25	225.27	0.192	1	3	81.59	4	16	33	1	0.727	0	0	1	
VIROVYVQCGLCII-UHFFFAOYSA-N	CCC1(CCC(C)C)C(=O)NC(=O)NC1=O	chembl_approved	CHEMBL267894	CC BY-SA 3.0	2026-09-25	226.28	1.185	2	3	75.27	4	16	34	1	0.727	0	0	1	
VJJPUSNTGOMMGY-MRVIYFEKSA-N	COc1cc([C@@H]2c3cc4c(cc3[C@@H](O[C@@H]3O[C@@H]5CO[C@@H](C)O[C@H]5[C@H](O)[C@H]3O)[C@H]3COC(=O)[C@H]23)OCO4)cc(OC)c1O	chembl_approved	CHEMBL44657	CC BY-SA 3.0	2026-09-25	588.56	1.339	3	13	160.83	5	42	74	7	0.552	0	2	0	
VKHAHZOOUSRJNA-GCNJZUOMSA-N	CC#C[C@]1(O)CC[C@H]2[C@@H]3CCC4=CC(=O)CCC4=C3[C@@H](c3ccc(N(C)C)cc3)C[C@@]21C	chembl_approved	CHEMBL1276308	CC BY-SA 3.0	2026-09-25	429.6	5.407	1	3	40.54	2	32	67	5	0.552	1	1	0	
VKQFCGNPDRICFG-UHFFFAOYSA-N	COC(=O)C1=C(C)NC(C)=C(C(=O)OCC(C)C)C1c1ccccc1[N+](=O)[O-]	chembl_approved	CHEMBL1726	CC BY-SA 3.0	2026-09-25	388.42	3.202	1	7	107.77	6	28	52	2	0.4	0	0	0	
VKYKSIONXSXAKP-UHFFFAOYSA-N	C1N2CN3CN1CN(C2)C3	chembl_approved	CHEMBL1201270	CC BY-SA 3.0	2026-09-25	140.19	-1.02	0	4	12.96	0	10	22	4	1.0	0	0	0	
VLCYCQAOQCDTCN-UHFFFAOYSA-N	NCCCC(N)(C(=O)O)C(F)F	chembl_approved	CHEMBL830	CC BY-SA 3.0	2026-09-25	182.17	-0.227	3	3	89.34	5	12	24	0	0.833	0	0	1	chembl_approved:CHEMBL1201037
VLPIATFUUWWMKC-UHFFFAOYSA-N	Cc1cccc(C)c1OCC(C)N	chembl_approved	CHEMBL558	CC BY-SA 3.0	2026-09-25	179.26	2.029	1	2	35.25	3	13	30	1	0.455	0	0	1	chembl_approved:CHEMBL1200606
VLYWMPOKSSWJAL-UHFFFAOYSA-N	COc1ccc(NS(=O)(=O)c2ccc(N)cc2)nn1	chembl_approved	CHEMBL268869	CC BY-SA 3.0	2026-09-25	280.31	0.868	2	6	107.2	4	19	31	2	0.091	0	0	0	
VMIYHDSEFNYJSL-UHFFFAOYSA-N	O=C1CN=C(c2ccccn2)c2cc(Br)ccc2N1	chembl_approved	CHEMBL277062	CC BY-SA 3.0	2026-09-25	316.16	2.634	1	3	54.35	1	19	29	3	0.071	0	0	0	
VMMKGHQPQIEGSQ-UHFFFAOYSA-N	O=P(O)(O)C(O)(Cc1cnc2ccccn12)P(=O)(O)O	chembl_approved	CHEMBL319144	CC BY-SA 3.0	2026-09-25	322.15	-0.122	5	4	152.59	4	20	32	2	0.222	0	0	0	
VMWNQDUVQKEIOC-CYBMUJFWSA-N	CN1CCc2cccc3c2[C@H]1Cc1ccc(O)c(O)c1-3	chembl_approved	CHEMBL53	CC BY-SA 3.0	2026-09-25	267.33	2.85	2	3	43.7	0	20	37	4	0.294	1	0	1	chembl_approved:CHEMBL3187985
VMXUWOKSQNHOCA-UHFFFAOYSA-N	CNC(=C[N+](=O)[O-])NCCSCc1ccc(CN(C)C)o1	chembl_approved	CHEMBL1790041	CC BY-SA 3.0	2026-09-25	314.41	1.459	2	7	83.58	10	21	43	1	0.538	0	0	0	chembl_approved:CHEMBL2110372;chembl_approved:CHEMBL2111286
VNFPBHJOKIVQEB-UHFFFAOYSA-N	Clc1ccccc1C(c1ccccc1)(c1ccccc1)n1ccnc1	chembl_approved	CHEMBL104	CC BY-SA 3.0	2026-09-25	344.85	5.377	0	1	17.82	4	25	42	4	0.045	0	1	0	
VNLMRPAWAMPLNZ-UHFFFAOYSA-N	C=CCC1(CC(C)O)C(=O)NC(=O)NC1=O	chembl_approved	CHEMBL2105233	CC BY-SA 3.0	2026-09-25	226.23	-0.314	3	4	95.5	4	16	30	1	0.5	0	0	0	
VOBHXZCDAVEXEY-JSGCOSHPSA-N	C[C@@H](Cc1ccccc1)NC(=O)[C@@H](N)CCCCN	chembl_approved	CHEMBL1201178	CC BY-SA 3.0	2026-09-25	263.38	1.19	3	3	81.14	8	19	44	1	0.533	0	0	1	chembl_approved:CHEMBL1201222
VOCBWIIFXDYGNZ-IXKNJLPQSA-N	CCCCCCC(=O)O[C@H]1CC[C@H]2[C@@H]3CCC4=CC(=O)CC[C@]4(C)[C@H]3CC[C@]12C	chembl_approved	CHEMBL1200335	CC BY-SA 3.0	2026-09-25	400.6	6.401	0	3	43.37	6	29	69	4	0.846	0	1	0	
VOKSWYLNZZRQPF-UHFFFAOYSA-N	CC(C)=CCN1CCC2(C)c3cc(O)ccc3CC1C2C	chembl_approved	CHEMBL100116	CC BY-SA 3.0	2026-09-25	285.43	3.883	1	2	23.47	2	21	48	3	0.579	0	0	0	chembl_approved:CHEMBL3989509;chembl_approved:CHEMBL3989510
VOMKSBFLAZZBOW-UHFFFAOYSA-N	CCCCCCCCCCCCCCCC(=O)OC1CCCn2c1nc(C)c(CCN1CCC(c3noc4cc(F)ccc34)CC1)c2=O	chembl_approved	CHEMBL2107360	CC BY-SA 3.0	2026-09-25	664.91	9.114	0	7	90.46	19	48	105	5	0.692	0	2	0	
VOVIALXJUBGFJZ-KWVAZRHASA-N	CCCC1O[C@@H]2C[C@H]3[C@@H]4CCC5=CC(=O)C=C[C@]5(C)[C@H]4[C@@H](O)C[C@]3(C)[C@]2(C(=O)CO)O1	chembl_approved	CHEMBL1370	CC BY-SA 3.0	2026-09-25	430.54	2.717	2	6	93.06	4	31	65	5	0.76	0	0	0	
VOVZXURTCKPRDQ-CQSZACIVSA-N	O=C(Nc1ccc(OC(F)(F)Cl)cc1)c1cnc(N2CC[C@@H](O)C2)c(-c2cc[nH]n2)c1	chembl_approved	CHEMBL4208229	CC BY-SA 3.0	2026-09-25	449.85	3.463	3	6	103.37	6	31	49	4	0.25	0	0	0	chembl_approved:CHEMBL4297220
VOXZDWNPVJITMN-ZBRFXRBCSA-N	C[C@]12CC[C@@H]3c4ccc(O)cc4CC[C@H]3[C@@H]1CC[C@@H]2O	chembl_approved	CHEMBL135	CC BY-SA 3.0	2026-09-25	272.39	3.609	2	2	40.46	0	20	44	4	0.667	0	0	0	
VPGRYOFKCNULNK-ACXQXYJUSA-N	CC(=O)OCC(=O)[C@H]1CC[C@H]2[C@@H]3CCC4=CC(=O)CC[C@]4(C)[C@H]3CC[C@]12C	chembl_approved	CHEMBL1200542	CC BY-SA 3.0	2026-09-25	372.51	4.267	0	4	60.44	3	27	59	4	0.783	0	0	0	
VPJXQGSRWJZDOB-UHFFFAOYSA-O	C[N+](C)(C)CCOC(N)=O	chembl_approved	CHEMBL14	CC BY-SA 3.0	2026-09-25	147.2	-0.212	1	2	52.32	3	10	25	0	0.833	0	0	1	chembl_approved:CHEMBL965
VPMRSLWWUXNYRY-NDOYXKHWSA-N	COc1ccc2c3c1O[C@H]1C(OC(=O)c4ccccc4)=CC[C@@H]4[C@@H](C2)N(C)CC[C@@]341	chembl_approved	CHEMBL3137310	CC BY-SA 3.0	2026-09-25	403.48	3.715	0	5	48.0	3	30	55	6	0.4	0	0	0	chembl_approved:CHEMBL3137321
VPPJLAIAVCUEMN-GFCCVEGCSA-N	COC[C@@H](NC(C)=O)C(=O)NCc1ccccc1	chembl_approved	CHEMBL58323	CC BY-SA 3.0	2026-09-25	250.3	0.454	2	3	67.43	6	18	36	1	0.385	0	0	1	
VQASKUSHBVDKGU-UHFFFAOYSA-N	CCC1(C)OC(=O)N(C)C1=O	chembl_approved	CHEMBL1100	CC BY-SA 3.0	2026-09-25	157.17	0.764	0	3	46.61	1	11	22	1	0.714	0	0	1	
VQDBNKDJNJQRDG-UHFFFAOYSA-N	CC(C)(C)NCC(O)c1ccc(O)c(CO)n1	chembl_approved	CHEMBL1094966	CC BY-SA 3.0	2026-09-25	240.3	0.701	4	5	85.61	4	17	37	1	0.583	0	0	0	chembl_approved:CHEMBL1200444
VQHSOMBJVWLPSR-JVCRWLNRSA-N	OC[C@@H](O)[C@@H](O[C@@H]1O[C@H](CO)[C@H](O)[C@H](O)[C@H]1O)[C@H](O)[C@@H](O)CO	chembl_approved	CHEMBL1661	CC BY-SA 3.0	2026-09-25	344.31	-5.761	9	11	200.53	8	23	47	1	1.0	0	2	0	
VQODGRNSFPNSQE-CXSFZGCWSA-L	C[C@@H]1C[C@H]2[C@@H]3CCC4=CC(=O)C=C[C@]4(C)[C@@]3(F)[C@@H](O)C[C@]2(C)[C@@]1(O)C(=O)COP(=O)([O-])[O-]	chembl_approved	CHEMBL2021430	CC BY-SA 3.0	2026-09-25	470.43	0.749	2	8	147.02	4	32	60	4	0.727	0	0	0	
VQODGRNSFPNSQE-CXSFZGCWSA-N	C[C@@H]1C[C@H]2[C@@H]3CCC4=CC(=O)C=C[C@]4(C)[C@@]3(F)[C@@H](O)C[C@]2(C)[C@@]1(O)C(=O)COP(=O)(O)O	chembl_approved	CHEMBL1201302	CC BY-SA 3.0	2026-09-25	472.45	2.013	4	6	141.36	4	32	62	4	0.727	0	0	0	
VQODGRNSFPNSQE-DVTGEIKXSA-L	C[C@H]1C[C@H]2[C@@H]3CCC4=CC(=O)C=C[C@]4(C)[C@@]3(F)[C@@H](O)C[C@]2(C)[C@@]1(O)C(=O)COP(=O)([O-])[O-]	chembl_approved	CHEMBL1200762	CC BY-SA 3.0	2026-09-25	470.43	0.749	2	8	147.02	4	32	60	4	0.727	0	0	0	
VQODGRNSFPNSQE-DVTGEIKXSA-N	C[C@H]1C[C@H]2[C@@H]3CCC4=CC(=O)C=C[C@]4(C)[C@@]3(F)[C@@H](O)C[C@]2(C)[C@@]1(O)C(=O)COP(=O)(O)O	chembl_approved	CHEMBL1201207	CC BY-SA 3.0	2026-09-25	472.45	2.013	4	6	141.36	4	32	62	4	0.727	0	0	0	
VRBKIVRKKCLPHA-UHFFFAOYSA-N	CCc1nn(CCCN2CCN(c3cccc(Cl)c3)CC2)c(=O)n1CCOc1ccccc1	chembl_approved	CHEMBL623	CC BY-SA 3.0	2026-09-25	470.02	3.552	0	5	55.53	10	33	65	4	0.44	0	0	0	chembl_approved:CHEMBL1200492
VREFGVBLTWBCJP-UHFFFAOYSA-N	Cc1nnc2n1-c1ccc(Cl)cc1C(c1ccccc1)=NC2	chembl_approved	CHEMBL661	CC BY-SA 3.0	2026-09-25	308.77	3.58	0	3	43.07	1	22	35	4	0.118	0	0	0	
VRQVVMDWGGWHTJ-CQSZACIVSA-N	COc1ccc2c(c1)N(C[C@H](C)CN(C)C)c1ccccc1S2	chembl_approved	CHEMBL1764	CC BY-SA 3.0	2026-09-25	328.48	4.496	0	4	15.71	5	23	47	3	0.368	0	0	0	
VRTWBAAJJOHBQU-KMWAZVGDSA-N	COC(=O)N[C@H](C(=O)N1CC2(CC2)C[C@H]1c1nc(-c2ccc3c(c2)C(F)(F)c2cc(-c4ccc5[nH]c([C@@H]6[C@H]7CC[C@H](C7)N6C(=O)[C@@H](NC(=O)OC)C(C)C)nc5c4)ccc2-3)c[nH]1)C(C)C	chembl_approved	CHEMBL2374220	CC BY-SA 3.0	2026-09-25	889.02	8.607	4	8	174.64	10	65	119	10	0.469	0	2	0	
VRYMTAVOXVTQEF-UHFFFAOYSA-N	CC(=O)Oc1cc(C(C)C)c(OCCN(C)C)cc1C	chembl_approved	CHEMBL159226	CC BY-SA 3.0	2026-09-25	279.38	2.984	0	4	38.77	6	20	45	1	0.562	0	0	0	
VSEIDZLLWQQJGK-BRXYURPTSA-J	C=Cc1c(C)c2cc3nc(c(CC(=O)N[C@@H](CC(=O)[O-])C(=O)[O-])c4[nH]c(cc5nc(cc1[nH]2)C(C)=C5CC)c(C)c4C(=O)[O-])[C@@H](CCC(=O)[O-])[C@@H]3C	chembl_approved	CHEMBL2107806	CC BY-SA 3.0	2026-09-25	707.74	0.613	3	11	246.98	12	52	89	5	0.342	0	2	0	
VSEIDZLLWQQJGK-BRXYURPTSA-N	C=Cc1c(C)c2cc3nc(c(CC(=O)N[C@@H](CC(=O)O)C(=O)O)c4[nH]c(cc5nc(cc1[nH]2)C(C)=C5CC)c(C)c4C(=O)O)[C@@H](CCC(=O)O)[C@@H]3C	chembl_approved	CHEMBL2111186	CC BY-SA 3.0	2026-09-25	711.77	5.952	7	7	235.66	12	52	93	5	0.342	0	3	0	
VSQQQLOSPVPRAZ-RRKCRQDMSA-N	O=c1[nH]c(=O)n([C@H]2C[C@H](O)[C@@H](CO)O2)cc1C(F)(F)F	chembl_approved	CHEMBL1129	CC BY-SA 3.0	2026-09-25	296.2	-0.804	3	5	104.55	2	20	31	2	0.6	0	0	0	
VSTNNAYSCJQCQI-UHFFFAOYSA-N	COC(CN1CCN(CC(O)C(OC)c2ccccc2)CC1)c1ccccc1	chembl_approved	CHEMBL2105497	CC BY-SA 3.0	2026-09-25	384.52	2.74	1	5	45.17	9	28	60	3	0.478	0	0	0	
VSWBSWWIRNCQIJ-UHFFFAOYSA-N	CN1CC2c3ccccc3Oc3ccc(Cl)cc3C2C1	chembl_approved	CHEMBL3187365	CC BY-SA 3.0	2026-09-25	285.77	4.259	0	2	12.47	0	20	36	4	0.294	0	0	0	chembl_approved:CHEMBL3544974
VSZGPKBBMSAYNT-RRFJBIMHSA-N	CCOC(=O)C1=C[C@@H](OC(CC)CC)[C@H](NC(C)=O)[C@@H](N)C1	chembl_approved	CHEMBL1229	CC BY-SA 3.0	2026-09-25	312.41	1.285	2	5	90.65	7	22	50	1	0.75	0	0	0	chembl_approved:CHEMBL1200340
VTMVHDZWSFQSQP-VBNZEHGJSA-N	C[C@@]12CCCCC[C@@H](Cc3ccc(O)cc31)[C@@H]2N	chembl_approved	CHEMBL1685	CC BY-SA 3.0	2026-09-25	245.37	3.114	2	2	46.25	0	18	41	3	0.625	0	0	0	
VTUSIVBDOCDNHS-UHFFFAOYSA-N	CCCN(CC)C(CC)C(=O)Nc1c(C)cccc1C	chembl_approved	CHEMBL492	CC BY-SA 3.0	2026-09-25	276.42	3.752	1	2	32.34	7	20	48	1	0.588	0	0	0	chembl_approved:CHEMBL1200597
VUDZSIYXZUYWSC-DBRKOABJSA-N	O=C1N[C@H](O)CCN1[C@@H]1O[C@H](CO)[C@@H](O)C1(F)F	chembl_approved	CHEMBL3237547	CC BY-SA 3.0	2026-09-25	268.22	-1.566	4	5	102.26	2	18	32	2	0.889	0	0	0	
VVDGWALACJEJKG-UHFFFAOYSA-N	CC(=O)NCc1c(I)c(NC(C)=O)c(I)c(C(=O)O)c1I	chembl_approved	CHEMBL1201172	CC BY-SA 3.0	2026-09-25	627.94	2.793	3	3	95.5	4	21	32	1	0.25	0	1	0	chembl_approved:CHEMBL1201239
VVECGOCJFKTUAX-HUYCHCPVSA-N	CNc1ccc(-c2nc3ccc(O)cc3s2)cc1[18F]	chembl_approved	CHEMBL2042122	CC BY-SA 3.0	2026-09-25	273.32	3.85	2	4	45.15	2	19	30	3	0.071	0	0	0	
VVECGOCJFKTUAX-UHFFFAOYSA-N	CNc1ccc(-c2nc3ccc(O)cc3s2)cc1F	chembl_approved	CHEMBL579205	CC BY-SA 3.0	2026-09-25	274.32	3.85	2	4	45.15	2	19	30	3	0.071	0	0	0	
VVIAGPKUTFNRDU-ABLWVSNPSA-L	Nc1nc(=O)c2c([nH]1)NCC(CNc1ccc(C(=O)N[C@@H](CCC(=O)[O-])C(=O)[O-])cc1)N2C=O	chembl_approved	CHEMBL1201138	CC BY-SA 3.0	2026-09-25	471.43	-3.4	5	11	225.5	10	34	55	3	0.3	0	1	0	
VVIAGPKUTFNRDU-ABLWVSNPSA-N	Nc1nc(=O)c2c([nH]1)NCC(CNc1ccc(C(=O)N[C@@H](CCC(=O)O)C(=O)O)cc1)N2C=O	chembl_approved	CHEMBL1679	CC BY-SA 3.0	2026-09-25	473.45	-0.731	7	9	219.84	10	34	57	3	0.3	0	1	0	
VVIAGPKUTFNRDU-STQMWFEESA-L	Nc1nc(=O)c2c([nH]1)NC[C@H](CNc1ccc(C(=O)N[C@@H](CCC(=O)[O-])C(=O)[O-])cc1)N2C=O	chembl_approved	CHEMBL1908361	CC BY-SA 3.0	2026-09-25	471.43	-3.4	5	11	225.5	10	34	55	3	0.3	0	1	0	
VVIAGPKUTFNRDU-STQMWFEESA-N	Nc1nc(=O)c2c([nH]1)NC[C@H](CNc1ccc(C(=O)N[C@@H](CCC(=O)O)C(=O)O)cc1)N2C=O	chembl_approved	CHEMBL1908841	CC BY-SA 3.0	2026-09-25	473.45	-0.731	7	9	219.84	10	34	57	3	0.3	0	1	0	
VVNCNSJFMMFHPL-VKHMYHEASA-N	CC(C)(S)[C@@H](N)C(=O)O	chembl_approved	CHEMBL1430	CC BY-SA 3.0	2026-09-25	149.22	0.107	3	3	63.32	2	9	20	0	0.8	0	0	1	
VVOIQBFMTVCINR-WWMZEODYSA-N	CC(C)(C)C(=O)OCC(=O)[C@H]1CC[C@H]2[C@@H]3CCC4=CC(=O)CC[C@]4(C)[C@H]3CC[C@]12C	chembl_approved	CHEMBL1200592	CC BY-SA 3.0	2026-09-25	414.59	5.293	0	4	60.44	3	30	68	4	0.808	0	1	0	
VVWYOYDLCMFIEM-UHFFFAOYSA-N	CC(C)[N+](C)(CCOC(=O)C1c2ccccc2Oc2ccccc21)C(C)C	chembl_approved	CHEMBL1240	CC BY-SA 3.0	2026-09-25	368.5	4.731	0	3	35.53	6	27	57	3	0.435	0	0	0	chembl_approved:CHEMBL1180725
VWFCHDSQECPREK-LURJTMIESA-N	Nc1ccn(C[C@@H](CO)OCP(=O)(O)O)c(=O)n1	chembl_approved	CHEMBL152	CC BY-SA 3.0	2026-09-25	279.19	-1.662	4	6	147.9	6	18	32	1	0.5	0	0	0	chembl_approved:CHEMBL5314375
VWLHWLSRQJQWRG-UHFFFAOYSA-O	CC[N+](C)(C)c1cccc(O)c1	chembl_approved	CHEMBL1104	CC BY-SA 3.0	2026-09-25	166.24	1.979	1	1	20.23	2	12	28	1	0.4	0	0	1	chembl_approved:CHEMBL1128
VWMJHAFYPMOMGF-ZCFIWIBFSA-N	C[C@@H](NC(=O)c1ncnc(N)c1Cl)c1ncc(C(=O)Nc2cc(C(F)(F)F)c(Cl)cn2)s1	chembl_approved	CHEMBL3348923	CC BY-SA 3.0	2026-09-25	506.3	3.979	3	8	135.78	5	32	44	3	0.176	0	1	0	
VWPOSFSPZNDTMJ-UHFFFAOYSA-N	CC(C)(C)NCC(O)COc1cccc2c1CC(O)C(O)C2	chembl_approved	CHEMBL521606	CC BY-SA 3.0	2026-09-25	309.41	0.635	4	5	81.95	5	22	49	2	0.647	0	0	0	
VWQWXZAWFPZJDA-CGVGKPPMSA-M	C[C@]12CCC(=O)C=C1CC[C@@H]1[C@@H]2[C@@H](O)C[C@@]2(C)[C@H]1CC[C@]2(O)C(=O)COC(=O)CCC(=O)[O-]	chembl_approved	CHEMBL1200495	CC BY-SA 3.0	2026-09-25	461.53	0.863	2	8	141.03	6	33	66	4	0.76	0	0	0	
VWQWXZAWFPZJDA-CGVGKPPMSA-N	C[C@]12CCC(=O)C=C1CC[C@@H]1[C@@H]2[C@@H](O)C[C@@]2(C)[C@H]1CC[C@]2(O)C(=O)COC(=O)CCC(=O)O	chembl_approved	CHEMBL977	CC BY-SA 3.0	2026-09-25	462.54	2.197	3	7	138.2	6	33	67	4	0.76	0	0	0	
VWUXBMIQPBEWFH-WCCTWKNTSA-N	C[C@]12CC[C@@H]3c4ccc(O)cc4C[C@@H](CCCCCCCCC[S+]([O-])CCCC(F)(F)C(F)(F)F)[C@H]3[C@@H]1CC[C@@H]2O	chembl_approved	CHEMBL1358	CC BY-SA 3.0	2026-09-25	606.78	8.683	2	3	63.52	14	41	88	4	0.812	0	2	0	
VWVKUNOPTJGDOB-BDHVOXNPSA-N	CCc1ccc(Cc2ccc3c(c2)[C@]2(OC3)O[C@H](CO)[C@@H](O)[C@H](O)[C@H]2O)cc1	chembl_approved	CHEMBL2105711	CC BY-SA 3.0	2026-09-25	386.44	0.997	4	6	99.38	4	28	54	4	0.455	0	0	0	chembl_approved:CHEMBL2110731
VWVSBHGCDBMOOT-IIEHVVJPSA-N	C[C@@H]1C[C@H]2[C@@H]3CCC4=CC(=O)C=C[C@]4(C)[C@@]3(F)[C@@H](O)C[C@]2(C)[C@H]1C(=O)CO	chembl_approved	CHEMBL1766	CC BY-SA 3.0	2026-09-25	376.47	2.781	2	4	74.6	2	27	56	4	0.727	0	0	0	
VXFJYXUZANRPDJ-WTNASJBWSA-N	CCOC(=O)[C@H](CCc1ccccc1)N[C@@H](C)C(=O)N1[C@H](C(=O)O)C[C@H]2CCCC[C@@H]21	chembl_approved	CHEMBL1519	CC BY-SA 3.0	2026-09-25	430.55	2.773	2	5	95.94	9	31	65	3	0.625	0	0	0	
VYFYYTLLBUKUHU-UHFFFAOYSA-N	NCCc1ccc(O)c(O)c1	chembl_approved	CHEMBL59	CC BY-SA 3.0	2026-09-25	153.18	0.599	3	3	66.48	2	11	22	1	0.25	1	0	1	chembl_approved:CHEMBL1557
VYGQUTWHTHXGQB-FFHKNEKCSA-N	CCCCCCCCCCCCCCCC(=O)OC/C=C(C)/C=C/C=C(C)/C=C/C1=C(C)CCCC1(C)C	chembl_approved	CHEMBL1675	CC BY-SA 3.0	2026-09-25	524.87	11.542	0	2	26.3	20	38	98	1	0.694	0	2	0	
VYMDGNCVAMGZFE-UHFFFAOYSA-N	CCCCC1C(=O)N(c2ccccc2)N(c2ccccc2)C1=O	chembl_approved	CHEMBL101	CC BY-SA 3.0	2026-09-25	308.38	3.788	0	2	40.62	5	23	43	3	0.263	1	0	0	
VYQNWZOUAUKGHI-UHFFFAOYSA-N	Oc1ccc(OCc2ccccc2)cc1	chembl_approved	CHEMBL1388	CC BY-SA 3.0	2026-09-25	200.24	2.971	1	2	29.46	3	15	27	2	0.077	0	0	1	
VYVKHNNGDFVQGA-UHFFFAOYSA-N	CCN(CCCCOC(=O)c1ccc(OC)c(OC)c1)C(C)Cc1ccc(OC)cc1	chembl_approved	CHEMBL282121	CC BY-SA 3.0	2026-09-25	429.56	4.603	0	6	57.23	13	31	66	2	0.48	0	0	0	chembl_approved:CHEMBL1446650
VZZJRYRQSPEMTK-CALCHBBNSA-N	Cc1c(C(=O)Nc2ccc(N3C[C@@H](C)O[C@@H](C)C3)nc2)cccc1-c1ccc(OC(F)(F)F)cc1	chembl_approved	CHEMBL2105737	CC BY-SA 3.0	2026-09-25	485.51	5.822	1	5	63.69	5	35	61	4	0.308	0	1	0	chembl_approved:CHEMBL3137317
WAEXFXRVDQXREF-UHFFFAOYSA-N	O=C(CCCCCCC(=O)Nc1ccccc1)NO	chembl_approved	CHEMBL98	CC BY-SA 3.0	2026-09-25	264.33	2.471	3	3	78.43	8	19	39	1	0.429	0	0	1	
WAXQNWCZJDTGBU-UHFFFAOYSA-N	Cc1ccccc1-c1cc(N2CCN(C)CC2)ncc1N(C)C(=O)C(C)(C)c1cc(C(F)(F)F)cc(C(F)(F)F)c1	chembl_approved	CHEMBL206253	CC BY-SA 3.0	2026-09-25	578.6	6.787	0	4	39.68	5	41	73	4	0.4	0	2	0	
WBEBQCINXJDZCX-UHFFFAOYSA-M	CC(C)(C)c1ccc2c(S(=O)(=O)[O-])c(C(C)(C)C)ccc2c1	chembl_approved	CHEMBL2107554	CC BY-SA 3.0	2026-09-25	319.45	4.339	0	3	57.2	1	22	45	2	0.444	0	0	0	
WBEBQCINXJDZCX-UHFFFAOYSA-N	CC(C)(C)c1ccc2c(S(=O)(=O)O)c(C(C)(C)C)ccc2c1	chembl_approved	CHEMBL1865134	CC BY-SA 3.0	2026-09-25	320.45	4.682	1	2	54.37	1	22	46	2	0.444	0	0	0	
WBFUHHBPNXWNCC-UHFFFAOYSA-N	Cc1n[nH]c(C)c1CCCOc1cc(C(=O)O)ccc1F	chembl_approved	CHEMBL3940890	CC BY-SA 3.0	2026-09-25	292.31	2.875	2	3	75.21	6	21	38	2	0.333	0	0	1	chembl_approved:CHEMBL4650226
WBGKWQHBNHJJPZ-LECWWXJVSA-N	CC1(C)O[C@@H]2C[C@H]3[C@@H]4CCC5=CC(=O)C=C[C@]5(C)[C@H]4[C@@H](O)C[C@]3(C)[C@]2(C(=O)CO)O1	chembl_approved	CHEMBL1201109	CC BY-SA 3.0	2026-09-25	416.51	2.327	2	6	93.06	2	30	62	5	0.75	0	0	0	
WBXPDJSOTKVWSJ-ZDUSSCGKSA-L	Nc1nc2[nH]cc(CCc3ccc(C(=O)N[C@@H](CCC(=O)[O-])C(=O)[O-])cc3)c2c(=O)[nH]1	chembl_approved	CHEMBL2360464	CC BY-SA 3.0	2026-09-25	425.4	-2.003	4	8	196.92	9	31	50	3	0.25	0	0	0	chembl_approved:CHEMBL6068329;chembl_approved:CHEMBL6068335
WBXPDJSOTKVWSJ-ZDUSSCGKSA-N	Nc1nc2[nH]cc(CCc3ccc(C(=O)N[C@@H](CCC(=O)O)C(=O)O)cc3)c2c(=O)[nH]1	chembl_approved	CHEMBL225072	CC BY-SA 3.0	2026-09-25	427.42	0.666	6	6	191.26	9	31	52	3	0.25	0	1	0	chembl_approved:CHEMBL3989962;chembl_approved:CHEMBL5315053
WCWSTNLSLKSJPK-LKFCYVNXSA-M	C[C@H]1CO[C@@H]2Cn3cc(C(=O)NCc4ccc(F)cc4F)c(=O)c([O-])c3C(=O)N12	chembl_approved	CHEMBL3137330	CC BY-SA 3.0	2026-09-25	404.35	0.331	1	5	103.7	3	29	45	4	0.316	0	0	0	
WCWSTNLSLKSJPK-LKFCYVNXSA-N	C[C@H]1CO[C@@H]2Cn3cc(C(=O)NCc4ccc(F)cc4F)c(=O)c(O)c3C(=O)N12	chembl_approved	CHEMBL2403238	CC BY-SA 3.0	2026-09-25	405.36	0.963	2	5	100.87	3	29	46	4	0.316	0	0	0	
WDDPHFBMKLOVOX-AYQXTPAHSA-N	Nc1nc(Cl)nc2c1ncn2[C@@H]1O[C@H](CO)[C@@H](O)[C@@H]1F	chembl_approved	CHEMBL1750	CC BY-SA 3.0	2026-09-25	303.68	-0.349	3	7	119.31	2	20	31	3	0.5	0	0	0	
WDENQIQQYWYTPO-IBGZPJMESA-N	CC#CC(=O)N1CCC[C@H]1c1nc(-c2ccc(C(=O)Nc3ccccn3)cc2)c2c(N)nccn12	chembl_approved	CHEMBL3707348	CC BY-SA 3.0	2026-09-25	465.52	3.313	2	6	118.51	4	35	58	5	0.192	0	0	0	chembl_approved:CHEMBL4594293
WDFKMLRRRCGAKS-UHFFFAOYSA-N	Oc1c(Cl)cc(Cl)c2cccnc12	chembl_approved	CHEMBL1200596	CC BY-SA 3.0	2026-09-25	214.05	3.247	1	2	33.12	0	13	18	2	0.0	0	0	0	
WDJUZGPOPHTGOT-XUDUSOBPSA-N	C[C@H]1O[C@@H](O[C@H]2[C@@H](O)C[C@H](O[C@H]3[C@@H](O)C[C@H](O[C@H]4CC[C@@]5(C)[C@H](CC[C@@H]6[C@@H]5CC[C@]5(C)[C@@H](C7=CC(=O)OC7)CC[C@]65O)C4)O[C@@H]3C)O[C@@H]2C)C[C@H](O)[C@@H]1O	chembl_approved	CHEMBL254219	CC BY-SA 3.0	2026-09-25	764.95	3.247	5	13	182.83	7	54	118	8	0.927	0	2	0	
WDLWHQDACQUCJR-ZAMMOSSLSA-N	C/C=C/C1=C(C(=O)O)N2C(=O)[C@@H](NC(=O)[C@H](N)c3ccc(O)cc3)[C@H]2SC1	chembl_approved	CHEMBL276568	CC BY-SA 3.0	2026-09-25	389.43	0.707	4	6	132.96	5	27	46	3	0.278	0	0	0	chembl_approved:CHEMBL5314373
WDQPAMHFFCXSNU-BGABXYSRSA-N	CC(C)/N=c1\cc2n(-c3ccc(Cl)cc3)c3ccccc3nc-2cc1Nc1ccc(Cl)cc1	chembl_approved	CHEMBL1292	CC BY-SA 3.0	2026-09-25	473.41	7.49	1	3	42.21	4	33	55	5	0.111	0	1	0	
WDZCUPBHRAEYDL-GZAUEHORSA-N	CO[C@H]1/C=C/O[C@@]2(C)Oc3c(C)c(O)c4c(O)c(c(/C=N/N5CCN(C6CCCC6)CC5)c(O)c4c3C2=O)NC(=O)/C(C)=C\C=C\[C@H](C)[C@H](O)[C@@H](C)[C@@H](O)[C@@H](C)[C@H](OC(C)=O)[C@@H]1C	chembl_approved	CHEMBL1660	CC BY-SA 3.0	2026-09-25	877.05	5.648	6	15	220.15	5	63	127	7	0.574	1	4	0	
WDZVGELJXXEGPV-YIXHJXPBSA-N	N=C(N)N/N=C/c1c(Cl)cccc1Cl	chembl_approved	CHEMBL420	CC BY-SA 3.0	2026-09-25	231.09	1.81	3	2	74.26	2	14	22	1	0.0	0	0	1	chembl_approved:CHEMBL1200560
WEAJZXNPAWBCOA-INIZCTEOSA-N	COc1ccc(CNc2nc(N3CCC[C@H]3CO)ncc2C(=O)NCc2ncccn2)cc1Cl	chembl_approved	CHEMBL1963681	CC BY-SA 3.0	2026-09-25	483.96	2.432	3	9	125.39	9	34	60	4	0.348	0	0	0	
WEQAYVWKMWHEJO-UHFFFAOYSA-N	CN1C(=O)CCS(=O)(=O)C1c1ccc(Cl)cc1	chembl_approved	CHEMBL1200714	CC BY-SA 3.0	2026-09-25	273.74	1.616	0	3	54.45	1	17	29	2	0.364	0	0	1	
WEXRUCMBJFQVBZ-UHFFFAOYSA-M	CCCC(C)C1(CC)C(=O)N=C([O-])NC1=O	chembl_approved	CHEMBL971	CC BY-SA 3.0	2026-09-25	225.27	0.192	1	3	81.59	4	16	33	1	0.727	0	0	1	
WEXRUCMBJFQVBZ-UHFFFAOYSA-N	CCCC(C)C1(CC)C(=O)NC(=O)NC1=O	chembl_approved	CHEMBL448	CC BY-SA 3.0	2026-09-25	226.28	1.185	2	3	75.27	4	16	34	1	0.727	0	0	1	
WFJIVOKAWHGMBH-UHFFFAOYSA-N	CCCCCCc1ccc(O)cc1O	chembl_approved	CHEMBL443605	CC BY-SA 3.0	2026-09-25	194.27	3.221	2	2	40.46	5	14	32	1	0.5	0	0	0	
WFWLQNSHRPWKFK-UHFFFAOYSA-N	O=c1[nH]c(=O)n(C2CCCO2)cc1F	chembl_approved	CHEMBL20883	CC BY-SA 3.0	2026-09-25	200.17	-0.015	1	3	64.09	1	14	23	2	0.5	0	0	1	
WGFOBBZOWHGYQH-MXHNKVEKSA-N	CCCCC(F)(F)[C@@]1(O)CC[C@H]2[C@@H](CC(=O)[C@@H]2CCCCCCC(=O)O)O1	chembl_approved	CHEMBL1201134	CC BY-SA 3.0	2026-09-25	390.47	4.31	2	4	83.83	11	27	59	2	0.9	0	0	0	
WGMYEOIMVYADRJ-UHFFFAOYSA-N	CCN(CC)CCOc1ccc2nc(N(C)C)sc2c1	chembl_approved	CHEMBL346235	CC BY-SA 3.0	2026-09-25	293.44	3.083	0	5	28.6	7	20	43	2	0.533	0	0	0	chembl_approved:CHEMBL1184360
WGRQANOPCQRCME-PMACEKPBSA-N	Cc1cc(N2CCN([C@@H]3CN[C@H](C(=O)N4CCSC4)C3)CC2)n(-c2ccccc2)n1	chembl_approved	CHEMBL2147777	CC BY-SA 3.0	2026-09-25	426.59	1.566	1	6	56.64	4	30	60	5	0.545	0	0	0	
WHBIGIKBNXZKFE-UHFFFAOYSA-N	CC(C)Nc1cccnc1N1CCN(C(=O)c2cc3cc(NS(C)(=O)=O)ccc3[nH]2)CC1	chembl_approved	CHEMBL593	CC BY-SA 3.0	2026-09-25	456.57	2.717	3	6	110.43	6	32	60	4	0.364	0	0	0	chembl_approved:CHEMBL929
WHQCHUCQKNIQEC-UHFFFAOYSA-N	CCc1oc2ccccc2c1C(=O)c1cc(Br)c(O)c(Br)c1	chembl_approved	CHEMBL388590	CC BY-SA 3.0	2026-09-25	424.09	5.457	1	3	50.44	3	22	34	3	0.118	0	1	0	
WHTVZRBIWZFKQO-UHFFFAOYSA-N	CCN(CC)CCCC(C)Nc1ccnc2cc(Cl)ccc12	chembl_approved	CHEMBL76	CC BY-SA 3.0	2026-09-25	319.88	4.811	1	3	28.16	8	22	48	2	0.5	0	0	0	chembl_approved:CHEMBL58510;chembl_approved:CHEMBL4297165
WHWZLSFABNNENI-UHFFFAOYSA-N	NC1=NCC2c3ccccc3Cc3ccccc3N12	chembl_approved	CHEMBL1106	CC BY-SA 3.0	2026-09-25	249.32	2.467	1	3	41.62	0	19	34	4	0.188	0	0	1	chembl_approved:CHEMBL1200491
WIGIZIANZCJQQY-RUCARUNLSA-N	CCC1=C(C)CN(C(=O)NCCc2ccc(S(=O)(=O)NC(=O)N[C@H]3CC[C@H](C)CC3)cc2)C1=O	chembl_approved	CHEMBL1481	CC BY-SA 3.0	2026-09-25	490.63	3.074	3	5	124.68	7	34	68	3	0.542	0	0	0	
WIIZWVCIJKGZOK-RKDXNWHRSA-N	O=C(N[C@H](CO)[C@H](O)c1ccc([N+](=O)[O-])cc1)C(Cl)Cl	chembl_approved	CHEMBL130	CC BY-SA 3.0	2026-09-25	323.13	0.909	3	5	112.7	6	20	32	1	0.364	0	0	0	
WIJZXSAJMHAVGX-DHLKQENFSA-N	N#Cc1ccnc(N2C(=O)CC[C@H]2C(=O)N(c2cncc(F)c2)[C@H](C(=O)NC2CC(F)(F)C2)c2ccccc2Cl)c1	chembl_approved	CHEMBL3989958	CC BY-SA 3.0	2026-09-25	582.97	4.325	1	6	119.29	7	41	63	5	0.286	0	1	0	
WIKYUJGCLQQFNW-UHFFFAOYSA-N	CN1CCN(CCCN2c3ccccc3Sc3ccc(Cl)cc32)CC1	chembl_approved	CHEMBL728	CC BY-SA 3.0	2026-09-25	373.95	4.58	0	4	9.72	4	25	49	4	0.4	0	0	0	chembl_approved:CHEMBL1201154;chembl_approved:CHEMBL1314751
WINHZLLDWRZWRT-ATVHPVEESA-N	CCN(CC)CCNC(=O)c1c(C)[nH]c(/C=C2\C(=O)Nc3ccc(F)cc32)c1C	chembl_approved	CHEMBL535	CC BY-SA 3.0	2026-09-25	398.48	3.335	3	3	77.23	7	29	56	3	0.364	0	0	0	chembl_approved:CHEMBL1567
WJAJPNHVVFWKKL-UHFFFAOYSA-N	COc1ccc(OC)c(C(O)C(C)N)c1	chembl_approved	CHEMBL524	CC BY-SA 3.0	2026-09-25	211.26	1.084	2	4	64.71	4	15	32	1	0.455	0	0	0	chembl_approved:CHEMBL1201103
WJBLNOPPDWQMCH-MBPVOVBZSA-N	C=C1CC[C@@]2(O)[C@H]3Cc4ccc(O)c5c4[C@@]2(CCN3CC2CC2)[C@H]1O5	chembl_approved	CHEMBL982	CC BY-SA 3.0	2026-09-25	339.44	2.513	2	4	52.93	2	25	50	6	0.619	0	0	0	chembl_approved:CHEMBL1201152;chembl_approved:CHEMBL5315055
WJCNZQLZVWNLKY-UHFFFAOYSA-N	c1ccc2[nH]c(-c3cscn3)nc2c1	chembl_approved	CHEMBL625	CC BY-SA 3.0	2026-09-25	201.25	2.686	1	3	41.57	1	14	21	3	0.0	0	0	1	
WJIZVQNUJVMJAZ-UHFFFAOYSA-N	CN(C)CC(C)(C)OC(=O)C(O)(c1ccccc1)c1ccccc1	chembl_approved	CHEMBL3301670	CC BY-SA 3.0	2026-09-25	327.42	2.806	1	4	49.77	6	24	49	2	0.35	0	0	0	chembl_approved:CHEMBL3304486
WJOHZNCJWYWUJD-IUGZLZTKSA-N	CC(=O)OCC(=O)[C@@]12OC(C)(C)O[C@@H]1C[C@H]1[C@@H]3C[C@H](F)C4=CC(=O)C=C[C@]4(C)[C@@]3(F)[C@@H](O)C[C@@]12C	chembl_approved	CHEMBL1501	CC BY-SA 3.0	2026-09-25	494.53	2.938	1	7	99.13	3	35	67	5	0.731	0	0	0	
WKEMJKQOLOHJLZ-UHFFFAOYSA-N	CN(C)CCc1c[nH]c2ccc(CS(=O)(=O)N3CCCC3)cc12	chembl_approved	CHEMBL1505	CC BY-SA 3.0	2026-09-25	335.47	2.198	1	3	56.41	6	23	48	3	0.529	0	0	0	chembl_approved:CHEMBL1200521
WKGXYQFOCVYPAC-UHFFFAOYSA-N	NC(=O)OCC(COC(N)=O)c1ccccc1	chembl_approved	CHEMBL1094	CC BY-SA 3.0	2026-09-25	238.24	0.961	2	4	104.64	5	17	31	1	0.273	0	0	0	
WKSAUQYGYAYLPV-UHFFFAOYSA-N	CCc1nc(N)nc(N)c1-c1ccc(Cl)cc1	chembl_approved	CHEMBL36	CC BY-SA 3.0	2026-09-25	248.72	2.524	2	4	77.82	2	17	30	2	0.167	0	0	0	
WKWOJBUWWZTUQV-SPUOUPEWSA-N	C[N+]1(C)[C@@H]2CC[C@H]1C[C@@H](OC(=O)C(O)c1ccccc1)C2	chembl_approved	CHEMBL1200851	CC BY-SA 3.0	2026-09-25	290.38	2.033	1	3	46.53	3	21	45	3	0.588	0	0	1	chembl_approved:CHEMBL1201235
WLJNZVDCPSBLRP-UHFFFAOYSA-N	O=C(O)c1cc2ccccc2c(Cc2c(O)c(C(=O)O)cc3ccccc23)c1O	chembl_approved	CHEMBL1200467	CC BY-SA 3.0	2026-09-25	388.38	4.391	4	4	115.06	4	29	45	4	0.043	0	0	0	chembl_approved:CHEMBL1599768;chembl_approved:CHEMBL3989694;chembl_approved:CHEMBL3989845
WLJVXDMOQOGPHL-UHFFFAOYSA-M	O=C([O-])Cc1ccccc1	chembl_approved	CHEMBL1200358	CC BY-SA 3.0	2026-09-25	135.14	-0.021	0	2	40.13	2	10	17	1	0.125	0	0	1	
WLWFNJKHKGIJNW-UHFFFAOYSA-N	CN1C(=O)CC(c2ccccc2)C1=O	chembl_approved	CHEMBL797	CC BY-SA 3.0	2026-09-25	189.21	1.159	0	2	37.38	1	14	25	2	0.273	0	0	1	
WMDSZGFJQKSLLH-RBBKRZOGSA-N	CC1(C)OC[C@@H](COC(=O)CCc2ccc(OC[C@@H](O)CNCCNC(=O)N3CCOCC3)cc2)O1	chembl_approved	CHEMBL1742466	CC BY-SA 3.0	2026-09-25	509.6	0.685	3	9	127.82	13	36	75	3	0.68	0	1	0	chembl_approved:CHEMBL2362410
WMWTYOKRWGGJOA-CENSZEJFSA-N	CCC(=O)O[C@]1(C(=O)SCF)[C@H](C)C[C@H]2[C@@H]3C[C@H](F)C4=CC(=O)C=C[C@]4(C)[C@@]3(F)[C@@H](O)C[C@@]21C	chembl_approved	CHEMBL1473	CC BY-SA 3.0	2026-09-25	500.58	4.43	1	6	80.67	4	34	65	4	0.72	0	1	0	
WNMJYKCGWZFFKR-UHFFFAOYSA-N	COc1cc2nc(N(C)CCCNC(=O)C3CCCO3)nc(N)c2cc1OC	chembl_approved	CHEMBL709	CC BY-SA 3.0	2026-09-25	389.46	1.351	2	8	111.83	8	28	55	3	0.526	0	0	0	chembl_approved:CHEMBL1723
WNTYBHLDCKXEOT-UHFFFAOYSA-N	CC(=O)c1ccc2c(c1)N(CCCN1CCN(CCO)CC1)c1ccccc1S2	chembl_approved	CHEMBL1085	CC BY-SA 3.0	2026-09-25	411.57	3.492	1	6	47.02	7	29	58	4	0.435	0	0	0	chembl_approved:CHEMBL2360079
WOFMFGQZHJDGCX-ZULDAHANSA-N	C[C@@H]1C[C@H]2[C@@H]3CCC4=CC(=O)C=C[C@]4(C)[C@@]3(Cl)[C@@H](O)C[C@]2(C)[C@@]1(OC(=O)c1ccco1)C(=O)CCl	chembl_approved	CHEMBL1161	CC BY-SA 3.0	2026-09-25	521.44	4.869	1	6	93.81	4	35	65	5	0.593	0	1	0	
WOSKHXYHFSIKNG-UHFFFAOYSA-N	COc1cc2nccc(Oc3ccc(NC(=O)NC4CC4)c(Cl)c3)c2cc1C(N)=O	chembl_approved	CHEMBL1289601	CC BY-SA 3.0	2026-09-25	426.86	4.072	3	5	115.57	6	30	49	4	0.19	0	0	0	chembl_approved:CHEMBL2105704
WOXKDUGGOYFFRN-IIBYNOLFSA-N	CN1CC(=O)N2[C@H](c3ccc4c(c3)OCO4)c3[nH]c4ccccc4c3C[C@@H]2C1=O	chembl_approved	CHEMBL779	CC BY-SA 3.0	2026-09-25	389.41	2.211	1	4	74.87	1	29	48	6	0.273	1	0	0	
WOZSCQDILHKSGG-UHFFFAOYSA-N	CC(C)(C)C(=O)OCOP(=O)(COCCn1cnc2c(N)ncnc21)OCOC(=O)C(C)(C)C	chembl_approved	CHEMBL922	CC BY-SA 3.0	2026-09-25	501.48	2.703	1	12	166.98	11	34	66	2	0.65	0	2	0	
WPNJAUFVNXKLIM-UHFFFAOYSA-N	COc1nc(C)nc(Cl)c1NC1=NCCN1	chembl_approved	CHEMBL19236	CC BY-SA 3.0	2026-09-25	241.68	0.818	2	6	71.43	2	16	28	2	0.444	0	0	0	
WPVFJKSGQUFQAP-GKAPJAKFSA-N	CC(C)[C@H](N)C(=O)OCC(CO)OCn1cnc2c(=O)nc(N)[nH]c21	chembl_approved	CHEMBL1200454	CC BY-SA 3.0	2026-09-25	354.37	-1.437	4	9	171.37	8	25	47	2	0.571	0	0	0	chembl_approved:CHEMBL1201314
WPYMKLBDIGXBTP-UHFFFAOYSA-M	O=C([O-])c1ccccc1	chembl_approved	CHEMBL1356	CC BY-SA 3.0	2026-09-25	121.11	0.05	0	2	40.13	1	9	14	1	0.0	0	0	1	
WQABCVAJNWAXTE-UHFFFAOYSA-N	OCC(S)CS	chembl_approved	CHEMBL1597	CC BY-SA 3.0	2026-09-25	124.23	0.207	3	3	20.23	2	6	14	0	1.0	0	0	1	
WQZGKKKJIJFFOK-GASJEMHNSA-N	OC[C@H]1OC(O)[C@H](O)[C@@H](O)[C@@H]1O	chembl_approved	CHEMBL1222250	CC BY-SA 3.0	2026-09-25	180.16	-3.221	5	6	110.38	1	12	24	1	1.0	0	0	0	
WRCHFMBCVFFYEQ-UHFFFAOYSA-N	CN(C)CCC(O)(c1ccccc1)c1ccccc1Cl	chembl_approved	CHEMBL1200972	CC BY-SA 3.0	2026-09-25	289.81	3.528	1	2	23.47	5	20	40	2	0.294	0	0	0	chembl_approved:CHEMBL1201313
WREGKURFCTUGRC-POYBYMJQSA-N	Nc1ccn([C@H]2CC[C@@H](CO)O2)c(=O)n1	chembl_approved	CHEMBL853	CC BY-SA 3.0	2026-09-25	211.22	-0.505	2	5	90.37	2	15	28	2	0.556	0	0	0	
WRFHGDPIDHPWIQ-UHFFFAOYSA-N	CCCCC1=NC2(CCCC2)C(=O)N1Cc1ccc(-c2ccccc2S(=O)(=O)Nc2noc(C)c2C)c(COCC)c1	chembl_approved	CHEMBL539423	CC BY-SA 3.0	2026-09-25	592.76	6.539	1	7	114.1	12	42	82	5	0.469	0	2	0	
WRNXUQJJCIZICJ-UHFFFAOYSA-N	Cc1ccccc1C(=O)Nc1ccc(C(=O)N2CCCC(N(C)C)c3ccccc32)cc1	chembl_approved	CHEMBL420762	CC BY-SA 3.0	2026-09-25	427.55	5.291	1	3	52.65	4	32	61	4	0.259	0	1	0	
WRUUGTRCQOWXEG-UHFFFAOYSA-L	NCCC(O)(P(=O)([O-])O)P(=O)([O-])O	chembl_approved	CHEMBL3989401	CC BY-SA 3.0	2026-09-25	233.05	-2.927	4	6	166.97	4	13	22	0	1.0	0	0	0	
WRUUGTRCQOWXEG-UHFFFAOYSA-N	NCCC(O)(P(=O)(O)O)P(=O)(O)O	chembl_approved	CHEMBL834	CC BY-SA 3.0	2026-09-25	235.07	-1.663	6	4	161.31	4	13	24	0	1.0	0	1	0	
WRYIIOKOQSICTB-UHFFFAOYSA-N	CCCCCCCCC(F)(F)C(F)(F)C(F)(F)C(F)(F)C(F)(F)C(F)(F)F	chembl_approved	CHEMBL5314588	CC BY-SA 3.0	2026-09-25	432.26	7.476	0	0	0.0	11	27	44	0	1.0	0	1	0	
WSEQXVZVJXJVFP-FQEVSTJZSA-N	CN(C)CCC[C@@]1(c2ccc(F)cc2)OCc2cc(C#N)ccc21	chembl_approved	CHEMBL1508	CC BY-SA 3.0	2026-09-25	324.4	3.813	0	3	36.26	5	24	45	3	0.35	0	0	0	chembl_approved:CHEMBL1200322
WSEQXVZVJXJVFP-UHFFFAOYSA-N	CN(C)CCCC1(c2ccc(F)cc2)OCc2cc(C#N)ccc21	chembl_approved	CHEMBL549	CC BY-SA 3.0	2026-09-25	324.4	3.813	0	3	36.26	5	24	45	3	0.35	0	0	0	chembl_approved:CHEMBL1200781
WSNODXPBBALQOF-VEJSHDCNSA-N	CC(C)OC(=O)CCC/C=C\C[C@@H]1[C@@H](/C=C/C(F)(F)COc2ccccc2)[C@H](O)C[C@@H]1O	chembl_approved	CHEMBL1963683	CC BY-SA 3.0	2026-09-25	452.54	4.683	2	5	75.99	12	32	66	2	0.56	0	0	0	
WSPOMRSOLSGNFJ-AUWJEWJLSA-N	CN(C)CC/C=C1/c2ccccc2Sc2ccc(Cl)cc21	chembl_approved	CHEMBL908	CC BY-SA 3.0	2026-09-25	315.87	5.188	0	2	3.24	3	21	39	3	0.222	1	1	0	
WTDRDQBEARUVNC-LURJTMIESA-N	N[C@@H](Cc1ccc(O)c(O)c1)C(=O)O	chembl_approved	CHEMBL1009	CC BY-SA 3.0	2026-09-25	197.19	0.052	4	4	103.78	3	14	25	1	0.222	1	0	0	
WTWWXOGTJWMJHI-UHFFFAOYSA-N	FC(F)(F)C(F)(F)C(F)(F)C(F)(F)C(F)(F)C(F)(F)C(F)(F)C(F)(F)Br	chembl_approved	CHEMBL1200866	CC BY-SA 3.0	2026-09-25	498.96	6.348	0	0	0.0	6	26	26	0	1.0	0	1	0	
WTYGAUXICFETTC-UHFFFAOYSA-M	CCC1(C2=CCCCC2)C(=O)[N-]C(=O)NC1=O	chembl_approved	CHEMBL2106556	CC BY-SA 3.0	2026-09-25	235.26	2.033	1	3	77.34	2	17	32	2	0.583	0	0	1	
WTYGAUXICFETTC-UHFFFAOYSA-N	CCC1(C2=CCCCC2)C(=O)NC(=O)NC1=O	chembl_approved	CHEMBL268164	CC BY-SA 3.0	2026-09-25	236.27	1.249	2	3	75.27	2	17	33	2	0.583	0	0	1	
WUBBRNOQWQTFEX-UHFFFAOYSA-M	Nc1ccc(C(=O)[O-])c(O)c1	chembl_approved	CHEMBL1200584	CC BY-SA 3.0	2026-09-25	152.13	-0.662	2	4	86.38	1	11	17	1	0.0	0	0	0	chembl_approved:CHEMBL2096646
WUBBRNOQWQTFEX-UHFFFAOYSA-N	Nc1ccc(C(=O)O)c(O)c1	chembl_approved	CHEMBL1169	CC BY-SA 3.0	2026-09-25	153.14	0.673	3	3	83.55	1	11	18	1	0.0	0	0	1	
WUTYZMFRCNBCHQ-UHFFFAOYSA-N	CC1OC2(CS1)CN1CCC2CC1	chembl_approved	CHEMBL168815	CC BY-SA 3.0	2026-09-25	199.32	1.56	0	3	12.47	0	13	30	4	1.0	0	0	1	chembl_approved:CHEMBL2218917
WUZYKBABMWJHDL-UHFFFAOYSA-N	Cc1cncc(CN2CCC(=C3c4ccc(Cl)cc4CCc4cccnc43)CC2)c1	chembl_approved	CHEMBL91397	CC BY-SA 3.0	2026-09-25	415.97	5.635	0	3	29.02	2	30	56	5	0.308	0	1	0	
WVAKABMNNSMCDK-UHFFFAOYSA-N	NC(=O)NS(=O)(=O)c1ccc(N)cc1	chembl_approved	CHEMBL139877	CC BY-SA 3.0	2026-09-25	215.23	-0.374	3	4	115.28	2	14	23	1	0.0	0	0	0	
WVDDGKGOMKODPV-UHFFFAOYSA-N	OCc1ccccc1	chembl_approved	CHEMBL720	CC BY-SA 3.0	2026-09-25	108.14	1.179	1	1	20.23	1	8	16	1	0.143	0	0	1	
WVLHHLRVNDMIAR-IBGZPJMESA-N	NCCCCN(Cc1nc2ccccc2[nH]1)[C@H]1CCCc2cccnc21	chembl_approved	CHEMBL518924	CC BY-SA 3.0	2026-09-25	349.48	3.576	2	4	70.83	7	26	53	4	0.429	0	0	0	
WVLOADHCBXTIJK-YNHQPCIGSA-N	CN1CC[C@]23c4c5ccc(O)c4O[C@H]2C(=O)CC[C@H]3[C@H]1C5	chembl_approved	CHEMBL398707	CC BY-SA 3.0	2026-09-25	285.34	1.63	1	4	49.77	0	21	40	5	0.588	0	0	0	chembl_approved:CHEMBL1237055
WVPSKSLAZQPAKQ-CDMJZVDBSA-N	N[C@@H]1[C@H]2CN(c3nc4c(cc3F)c(=O)c(C(=O)O)cn4-c3ccc(F)cc3F)C[C@@H]12	chembl_approved	CHEMBL428	CC BY-SA 3.0	2026-09-25	416.36	1.894	2	5	101.45	3	30	45	5	0.25	0	0	0	chembl_approved:CHEMBL1200779
WWVAPFRKZMUPHZ-UHFFFAOYSA-N	O=C(CCOCCOCCOCCOCCC(=O)Nc1c(I)cc(I)c(C(=O)O)c1I)Nc1c(I)cc(I)c(C(=O)O)c1I	chembl_approved	CHEMBL1615487	CC BY-SA 3.0	2026-09-25	1287.92	6.134	4	8	169.72	19	44	70	2	0.385	0	2	0	chembl_approved:CHEMBL4594231
WWYNJERNGUHSAO-CULCCENASA-N	C#CC1(O)CC[C@H]2[C@@H]3CCC4=CC(=O)CC[C@@H]4[C@H]3CC[C@@]21CC	chembl_approved	CHEMBL2107797	CC BY-SA 3.0	2026-09-25	312.45	3.883	1	2	37.3	1	23	51	4	0.762	0	0	0	
WWYNJERNGUHSAO-XUDSTZEESA-N	C#C[C@]1(O)CC[C@H]2[C@@H]3CCC4=CC(=O)CC[C@@H]4[C@H]3CC[C@@]21CC	chembl_approved	CHEMBL1389	CC BY-SA 3.0	2026-09-25	312.45	3.883	1	2	37.3	1	23	51	4	0.762	0	0	0	
WXCXUHSOUPDCQV-UHFFFAOYSA-N	CNC(=O)c1ccc(N2C(=S)N(c3ccc(C#N)c(C(F)(F)F)c3)C(=O)C2(C)C)cc1F	chembl_approved	CHEMBL1082407	CC BY-SA 3.0	2026-09-25	464.44	3.992	1	4	76.44	3	32	48	3	0.238	0	0	0	
WXFIGDLSSYIKKV-RCOVLWMOSA-N	C[C@H](N)[C@H](O)c1cccc(O)c1	chembl_approved	CHEMBL1201319	CC BY-SA 3.0	2026-09-25	167.21	0.773	3	3	66.48	2	12	25	1	0.333	0	0	1	chembl_approved:CHEMBL2062262
WXJFKKQWPMNTIM-VWLOTQADSA-N	CCCCCCCCCCCCCCCCOCCCOP(=O)(O)CO[C@H](CO)Cn1ccc(N)nc1=O	chembl_approved	CHEMBL203321	CC BY-SA 3.0	2026-09-25	561.7	5.251	3	8	146.13	26	38	90	1	0.852	0	2	0	
WXNXCEHXYPACJF-ZETCQYMHSA-N	CC(=O)N[C@@H](CC(C)C)C(=O)O	chembl_approved	CHEMBL56021	CC BY-SA 3.0	2026-09-25	173.21	0.622	2	2	66.4	4	12	27	0	0.75	0	0	1	
WXXSNCNJFUAIDG-UHFFFAOYSA-N	COC(=O)N(C)c1c(N)nc(-c2nn(Cc3ccccc3F)c3ncccc23)nc1N	chembl_approved	CHEMBL2107834	CC BY-SA 3.0	2026-09-25	422.42	2.443	2	8	138.07	4	31	50	4	0.15	0	0	0	
WYCLKVQLVUQKNZ-UHFFFAOYSA-N	O=C1CN=C(c2ccccc2)c2cc(Cl)ccc2N1CC(F)(F)F	chembl_approved	CHEMBL970	CC BY-SA 3.0	2026-09-25	352.74	4.086	0	2	32.67	2	24	36	3	0.176	0	0	0	
WYDUSKDSKCASEF-UHFFFAOYSA-N	OC(CCN1CCCC1)(c1ccccc1)C1CCCCC1	chembl_approved	CHEMBL86715	CC BY-SA 3.0	2026-09-25	287.45	3.94	1	2	23.47	5	21	50	3	0.684	0	0	0	chembl_approved:CHEMBL1761
WYQFJHHDOKWSHR-MNOVXSKESA-N	CC[C@@H]1CN(C(=O)NCC(F)(F)F)C[C@@H]1c1cnc2cnc3[nH]ccc3n12	chembl_approved	CHEMBL3622821	CC BY-SA 3.0	2026-09-25	380.37	2.908	2	3	78.32	3	27	46	4	0.471	0	0	0	chembl_approved:CHEMBL5315119
WYQPLTPSGFELIB-JTQPXKBDSA-N	CCCC(=O)O[C@]1(C(=O)COC(C)=O)CC[C@H]2[C@@H]3C[C@H](F)C4=CC(=O)C=C[C@]4(C)[C@@]3(F)[C@@H](O)C[C@@]21C	chembl_approved	CHEMBL1201749	CC BY-SA 3.0	2026-09-25	508.56	3.52	1	7	106.97	6	36	70	4	0.704	0	1	0	
WYUSVOMTXWRGEK-HBWVYFAYSA-N	COCC1=C(C(=O)O)N2C(=O)[C@@H](NC(=O)/C(=N\OC)c3csc(N)n3)[C@H]2SC1	chembl_approved	CHEMBL1672	CC BY-SA 3.0	2026-09-25	427.46	-0.539	3	10	156.44	7	28	45	3	0.4	0	0	0	
WYWHKKSPHMUBEB-UHFFFAOYSA-N	Nc1nc2[nH]cnc2c(=S)[nH]1	chembl_approved	CHEMBL727	CC BY-SA 3.0	2026-09-25	167.2	0.598	3	4	83.38	0	11	16	2	0.0	0	0	0	
WYWIFABBXFUGLM-UHFFFAOYSA-N	Cc1cc(C(C)(C)C)c(O)c(C)c1CC1=NCCN1	chembl_approved	CHEMBL762	CC BY-SA 3.0	2026-09-25	260.38	2.851	2	3	44.62	2	19	43	2	0.562	0	0	1	chembl_approved:CHEMBL1200791
WZDGZWOAQTVYBX-XOINTXKNSA-N	C#C[C@]1(O)CC[C@H]2[C@@H]3[C@H](C)CC4=C(CCC(=O)C4)[C@H]3CC[C@@]21C	chembl_approved	CHEMBL2103774	CC BY-SA 3.0	2026-09-25	312.45	3.883	1	2	37.3	0	23	51	4	0.762	0	0	0	
WZHCOOQXZCIUNC-UHFFFAOYSA-N	CC1CC(OC(=O)C(O)c2ccccc2)CC(C)(C)C1	chembl_approved	CHEMBL1480987	CC BY-SA 3.0	2026-09-25	276.38	3.478	1	3	46.53	3	20	44	2	0.588	0	0	0	
WZOZEZRFJCJXNZ-ZBFHGGJFSA-M	CO[C@@]1(NC(=O)Cc2cccs2)C(=O)N2C(C(=O)[O-])=C(COC(N)=O)CS[C@@H]21	chembl_approved	CHEMBL1200530	CC BY-SA 3.0	2026-09-25	426.45	-1.236	2	9	151.09	7	28	44	3	0.375	0	0	0	
WZOZEZRFJCJXNZ-ZBFHGGJFSA-N	CO[C@@]1(NC(=O)Cc2cccs2)C(=O)N2C(C(=O)O)=C(COC(N)=O)CS[C@@H]21	chembl_approved	CHEMBL996	CC BY-SA 3.0	2026-09-25	427.46	0.099	3	8	148.26	7	28	45	3	0.375	0	0	0	
WZPBZJONDBGPKJ-VEHQQRBSSA-N	C[C@H]1[C@H](NC(=O)/C(=N\OC(C)(C)C(=O)O)c2csc(N)n2)C(=O)N1S(=O)(=O)O	chembl_approved	CHEMBL158	CC BY-SA 3.0	2026-09-25	435.44	-1.172	4	10	201.58	7	28	45	2	0.462	0	0	0	chembl_approved:CHEMBL3833340
XADCESSVHJOZHK-UHFFFAOYSA-N	CCOC(=O)C1(c2ccccc2)CCN(C)CC1	chembl_approved	CHEMBL607	CC BY-SA 3.0	2026-09-25	247.34	2.213	0	3	29.54	3	18	39	2	0.533	0	0	1	chembl_approved:CHEMBL1701
XAUDJQYHKZQPEU-KVQBGUIXSA-N	Nc1ncn([C@H]2C[C@H](O)[C@@H](CO)O2)c(=O)n1	chembl_approved	CHEMBL1201129	CC BY-SA 3.0	2026-09-25	228.21	-2.139	3	7	123.49	2	16	28	2	0.625	0	0	0	
XAYGBKHKBBXDAK-UHFFFAOYSA-N	O=C(c1ccc(NS(=O)(=O)c2cccc3cccnc23)cc1)N1CCN(CC2CC2)CC1	chembl_approved	CHEMBL4297223	CC BY-SA 3.0	2026-09-25	450.56	3.203	1	5	82.61	6	32	58	5	0.333	0	0	0	chembl_approved:CHEMBL4299940
XBMIVRRWGCYBTQ-AVRDEDQJSA-N	CC[C@H](OC(C)=O)C(C[C@H](C)N(C)C)(c1ccccc1)c1ccccc1	chembl_approved	CHEMBL1514	CC BY-SA 3.0	2026-09-25	353.51	4.655	0	3	29.54	8	26	57	2	0.435	0	0	0	chembl_approved:CHEMBL1200817
XCDXSSFOJZZGQC-UHFFFAOYSA-N	ClCCN(CCCl)c1ccc2ccccc2c1	chembl_approved	CHEMBL2107519	CC BY-SA 3.0	2026-09-25	268.19	4.124	0	1	3.24	5	17	32	2	0.286	0	0	0	
XCGSFFUVFURLIX-VFGNJEKYSA-N	CN1C[C@H](C(=O)N[C@]2(C)O[C@@]3(O)[C@@H]4CCCN4C(=O)[C@H](Cc4ccccc4)N3C2=O)C=C2c3cccc4[nH]cc(c34)C[C@H]21	chembl_approved	CHEMBL442	CC BY-SA 3.0	2026-09-25	581.67	1.991	3	6	118.21	4	43	78	8	0.424	0	1	0	
XCGYUJZMCCFSRP-UHFFFAOYSA-N	CC(C)NCC1CCc2cc(CO)c([N+](=O)[O-])cc2N1	chembl_approved	CHEMBL847	CC BY-SA 3.0	2026-09-25	279.34	1.812	3	5	87.43	5	20	41	2	0.571	0	0	0	
XCPGHVQEEXUHNC-UHFFFAOYSA-N	COc1cc(NS(C)(=O)=O)ccc1Nc1c2ccccc2nc2ccccc12	chembl_approved	CHEMBL43	CC BY-SA 3.0	2026-09-25	393.47	4.512	2	5	80.32	5	28	47	4	0.095	1	0	0	
XCTYLCDETUVOIP-UHFFFAOYSA-N	CCSc1ccc2c(c1)N(CCCN1CCN(C)CC1)c1ccccc1S2	chembl_approved	CHEMBL1378	CC BY-SA 3.0	2026-09-25	399.63	5.039	0	5	9.72	6	27	56	4	0.455	0	1	0	chembl_approved:CHEMBL2359670;chembl_approved:CHEMBL3989478
XCWPUUGSGHNIDZ-UHFFFAOYSA-N	COc1cc2[nH]c(C)c(CCN3CCN(c4ccccc4)CC3)c2cc1OC	chembl_approved	CHEMBL2107011	CC BY-SA 3.0	2026-09-25	379.5	3.858	1	4	40.73	6	28	57	4	0.391	1	0	0	
XDAOLTSRNUSPPH-XMMPIXPASA-N	C[C@]1(COc2ccc(N3CCC(Oc4ccc(OC(F)(F)F)cc4)CC3)cc2)Cn2cc([N+](=O)[O-])nc2O1	chembl_approved	CHEMBL218650	CC BY-SA 3.0	2026-09-25	534.49	4.968	0	8	101.12	8	38	63	5	0.4	1	1	0	
XDDJGVMJFWAHJX-UHFFFAOYSA-M	O=C([O-])C1N=C(c2ccccc2)c2cc(Cl)ccc2NC1=O	chembl_approved	CHEMBL2096631	CC BY-SA 3.0	2026-09-25	313.72	1.248	1	4	81.59	2	22	32	3	0.062	0	0	0	
XDDJGVMJFWAHJX-UHFFFAOYSA-N	O=C(O)C1N=C(c2ccccc2)c2cc(Cl)ccc2NC1=O	chembl_approved	CHEMBL1213252	CC BY-SA 3.0	2026-09-25	314.73	2.583	2	3	78.76	2	22	33	3	0.062	0	0	0	
XDRYMKDFEDOLFX-UHFFFAOYSA-N	N=C(N)c1ccc(OCCCCCOc2ccc(C(=N)N)cc2)cc1	chembl_approved	CHEMBL55	CC BY-SA 3.0	2026-09-25	340.43	2.883	4	4	118.2	10	25	49	2	0.263	0	0	0	chembl_approved:CHEMBL361506
XDXDZDZNSLXDNA-TZNDIEGXSA-N	CC(=O)[C@]1(O)Cc2c(O)c3c(c(O)c2[C@@H](O[C@H]2C[C@H](N)[C@H](O)[C@H](C)O2)C1)C(=O)c1ccccc1C3=O	chembl_approved	CHEMBL1117	CC BY-SA 3.0	2026-09-25	497.5	1.02	5	10	176.61	3	36	63	5	0.423	1	0	0	chembl_approved:CHEMBL1200976
XDXWLKQMMKQXPV-QYQHSDTDSA-M	CC1=NN(c2ccc(C)c(C)c2)C(=O)/C1=N\Nc1cccc(-c2cccc(C(=O)[O-])c2)c1O	chembl_approved	CHEMBL6068328	CC BY-SA 3.0	2026-09-25	441.47	3.23	2	7	117.42	5	33	54	4	0.12	1	0	0	
XDXWLKQMMKQXPV-QYQHSDTDSA-N	CC1=NN(c2ccc(C)c(C)c2)C(=O)/C1=N\Nc1cccc(-c2cccc(C(=O)O)c2)c1O	chembl_approved	CHEMBL461101	CC BY-SA 3.0	2026-09-25	442.48	4.565	3	6	114.59	5	33	55	4	0.12	1	0	0	chembl_approved:CHEMBL3989691
XEDHVZKDSYZQBF-UHFFFAOYSA-N	CN1CCC(C(=O)c2cccc(NC(=O)c3c(F)cc(F)cc3F)n2)CC1	chembl_approved	CHEMBL3039520	CC BY-SA 3.0	2026-09-25	377.37	3.276	1	4	62.3	4	27	45	3	0.316	0	0	0	chembl_approved:CHEMBL3039526
XEDWWPGWIXPVRQ-UHFFFAOYSA-N	O=C(c1cc(O)c(O)c(O)c1)c1ccc(O)c(O)c1O	chembl_approved	CHEMBL329522	CC BY-SA 3.0	2026-09-25	278.22	1.151	6	7	138.45	2	20	30	2	0.0	1	1	0	
XEEQGYMUWCZPDN-UHFFFAOYSA-N	OC(c1cc(C(F)(F)F)nc2c(C(F)(F)F)cccc12)C1CCCCN1	chembl_approved	CHEMBL416956	CC BY-SA 3.0	2026-09-25	378.32	4.448	2	3	45.15	2	26	42	3	0.471	0	0	0	chembl_approved:CHEMBL535650
XEFQLINVKFYRCS-UHFFFAOYSA-N	Oc1cc(Cl)ccc1Oc1ccc(Cl)cc1Cl	chembl_approved	CHEMBL849	CC BY-SA 3.0	2026-09-25	289.54	5.145	1	2	29.46	2	17	24	2	0.0	0	1	0	
XEYBRNLFEZDVAW-ARSRFYASSA-N	CCCCC[C@H](O)/C=C/[C@H]1[C@H](O)CC(=O)[C@@H]1C/C=C\CCCC(=O)O	chembl_approved	CHEMBL548	CC BY-SA 3.0	2026-09-25	352.47	3.251	3	4	94.83	12	25	57	1	0.7	0	0	0	
XFALPSLJIHVRKE-GFCCVEGCSA-N	Cn1nnc(-c2ccc(-c3ccc(N4C[C@H](CO)OC4=O)cc3F)cn2)n1	chembl_approved	CHEMBL1257051	CC BY-SA 3.0	2026-09-25	370.34	1.396	1	7	106.26	4	27	42	4	0.235	0	0	0	
XFCLJVABOIYOMF-QPLCGJKRSA-N	CN(C)CCOc1ccc(/C(=C(/CCCl)c2ccccc2)c2ccccc2)cc1	chembl_approved	CHEMBL1655	CC BY-SA 3.0	2026-09-25	405.97	6.215	0	2	12.47	9	29	57	3	0.231	0	1	0	chembl_approved:CHEMBL1200675
XFDJYSQDBULQSI-UHFFFAOYSA-N	CCN1CC(CCN2CCOCC2)C(c2ccccc2)(c2ccccc2)C1=O	chembl_approved	CHEMBL1754	CC BY-SA 3.0	2026-09-25	378.52	3.173	0	3	32.78	6	28	58	4	0.458	0	0	0	chembl_approved:CHEMBL3989519
XFYDIVBRZNQMJC-UHFFFAOYSA-N	Clc1ccc2nsnc2c1NC1=NCCN1	chembl_approved	CHEMBL1079	CC BY-SA 3.0	2026-09-25	253.72	1.716	2	6	62.2	1	16	24	3	0.222	0	0	0	chembl_approved:CHEMBL1200329
XGALLCVXEZPNRQ-UHFFFAOYSA-N	COc1cc2ncnc(Nc3ccc(F)c(Cl)c3)c2cc1OCCCN1CCOCC1	chembl_approved	CHEMBL939	CC BY-SA 3.0	2026-09-25	446.91	4.276	1	7	68.74	8	31	55	4	0.364	0	0	0	
XGGHHHBGPSNXFE-ZSHCYNCHSA-N	CCCC(CCC)C(=O)O[C@H]1C[C@H]2CC[C@@H](C1)[N+]2(C)C	chembl_approved	CHEMBL1578	CC BY-SA 3.0	2026-09-25	282.45	3.516	0	2	26.3	6	20	52	2	0.941	0	0	0	chembl_approved:CHEMBL1186610
XGMPVBXKDAHORN-RBWIMXSLSA-N	CC(=O)OCC(=O)[C@@]1(O)[C@H](OC(C)=O)C[C@H]2[C@@H]3CCC4=CC(=O)C=C[C@]4(C)[C@@]3(F)[C@@H](O)C[C@@]21C	chembl_approved	CHEMBL1200449	CC BY-SA 3.0	2026-09-25	478.51	1.762	2	8	127.2	4	34	65	4	0.68	0	0	0	
XGZZHZMWIXFATA-UEZBDDGYSA-N	CN(C(=O)/C=C/c1ccoc1)[C@@H]1CC[C@@]2(O)[C@H]3Cc4ccc(O)c5c4[C@@]2(CCN3CC2CC2)[C@H]1O5	chembl_approved	CHEMBL267495	CC BY-SA 3.0	2026-09-25	476.57	3.09	2	6	86.38	5	35	67	7	0.536	0	0	0	chembl_approved:CHEMBL490665
XHKXWINHANRSNT-NRFANRHFSA-N	C[C@@H](CC(C(=O)N1CCCC1)(c1ccccc1)c1ccccc1)N1CCOCC1	chembl_approved	CHEMBL3833311	CC BY-SA 3.0	2026-09-25	392.54	3.706	0	3	32.78	6	29	61	4	0.48	0	0	0	chembl_approved:CHEMBL3833389
XHOLNRLADUSQLD-UHFFFAOYSA-N	COc1ccc(NC(=O)c2ccc(C(=N)N(C)C)cc2)c(C(=O)Nc2ccc(Cl)cn2)c1	chembl_approved	CHEMBL512351	CC BY-SA 3.0	2026-09-25	451.91	4.135	3	5	107.41	6	32	54	3	0.13	0	0	0	
XIIOFHFUYBLOLW-UHFFFAOYSA-N	COc1ccc(CN2C3CC2CN(c2ccc(-c4cc(OCC(C)(C)O)cn5ncc(C#N)c45)cn2)C3)cn1	chembl_approved	CHEMBL4559134	CC BY-SA 3.0	2026-09-25	525.61	3.284	1	9	112.04	8	39	70	7	0.379	0	1	0	
XIQVNETUBQGFHX-UHFFFAOYSA-N	CCN(CC)CC#CCOC(=O)C(O)(c1ccccc1)C1CCCCC1	chembl_approved	CHEMBL1133	CC BY-SA 3.0	2026-09-25	357.49	3.343	1	4	49.77	7	26	57	2	0.591	0	0	0	chembl_approved:CHEMBL1231
XIURVHNZVLADCM-IUODEOHRSA-M	CC(=O)OCC1=C(C(=O)[O-])N2C(=O)[C@@H](NC(=O)Cc3cccs3)[C@H]2SC1	chembl_approved	CHEMBL1632	CC BY-SA 3.0	2026-09-25	395.44	-0.742	1	8	115.84	6	26	41	3	0.375	0	0	0	
XIURVHNZVLADCM-IUODEOHRSA-N	CC(=O)OCC1=C(C(=O)O)N2C(=O)[C@@H](NC(=O)Cc3cccs3)[C@H]2SC1	chembl_approved	CHEMBL617	CC BY-SA 3.0	2026-09-25	396.45	0.592	2	7	113.01	6	26	42	3	0.375	0	0	0	
XJGFWWJLMVZSIG-UHFFFAOYSA-N	Nc1c2ccccc2nc2ccccc12	chembl_approved	CHEMBL1201038	CC BY-SA 3.0	2026-09-25	194.24	2.97	1	2	38.91	0	15	25	3	0.0	1	0	1	
XJGVXQDUIWGIRW-UHFFFAOYSA-N	CN1CCN(C2=Nc3ccccc3Oc3ccc(Cl)cc32)CC1	chembl_approved	CHEMBL831	CC BY-SA 3.0	2026-09-25	327.82	3.771	0	4	28.07	0	23	41	4	0.278	0	0	0	chembl_approved:CHEMBL1201060;chembl_approved:CHEMBL1201155
XKFPYPQQHFEXRZ-UHFFFAOYSA-N	Cc1cc(C(=O)NNCc2ccccc2)no1	chembl_approved	CHEMBL1201168	CC BY-SA 3.0	2026-09-25	231.26	1.418	2	4	67.16	4	17	30	2	0.167	0	0	0	
XKLMZUWKNUAPSZ-UHFFFAOYSA-N	COc1ccccc1OCC(O)CN1CCN(CC(=O)Nc2c(C)cccc2C)CC1	chembl_approved	CHEMBL1404	CC BY-SA 3.0	2026-09-25	427.55	2.308	2	6	74.27	9	31	64	3	0.458	0	0	0	
XLFWDASMENKTKL-UHFFFAOYSA-N	CCOC(=O)[N-]c1c[n+](N2CCOCC2)no1	chembl_approved	CHEMBL1329455	CC BY-SA 3.0	2026-09-25	242.23	0.092	0	6	82.78	3	17	31	2	0.667	0	0	0	
XLMALTXPSGQGBX-GCJKJVERSA-N	CCC(=O)O[C@](Cc1ccccc1)(c1ccccc1)[C@H](C)CN(C)C	chembl_approved	CHEMBL1213351	CC BY-SA 3.0	2026-09-25	339.48	4.276	0	3	29.54	8	25	54	2	0.409	0	0	0	chembl_approved:CHEMBL1237104;chembl_approved:CHEMBL3989716
XLMALTXPSGQGBX-PGRDOPGGSA-N	CCC(=O)O[C@@](Cc1ccccc1)(c1ccccc1)[C@@H](C)CN(C)C	chembl_approved	CHEMBL1593906	CC BY-SA 3.0	2026-09-25	339.48	4.276	0	3	29.54	8	25	54	2	0.409	0	0	0	chembl_approved:CHEMBL1738990
XLOMZPUITCYLMJ-UHFFFAOYSA-M	C=CCC1(C(C)CCC)C(=O)[N-]C(=S)NC1=O	chembl_approved	CHEMBL1201065	CC BY-SA 3.0	2026-09-25	253.35	2.3	1	3	60.27	5	17	34	1	0.583	0	0	1	
XLOMZPUITCYLMJ-UHFFFAOYSA-N	C=CCC1(C(C)CCC)C(=O)NC(=S)NC1=O	chembl_approved	CHEMBL440	CC BY-SA 3.0	2026-09-25	254.35	1.516	2	3	58.2	5	17	35	1	0.583	0	0	1	
XMAYWYJOQHXEEK-UHFFFAOYSA-N	CC(=O)N1CCN(c2ccc(OCC3COC(Cn4ccnc4)(c4ccc(Cl)cc4Cl)O3)cc2)CC1	chembl_approved	CHEMBL157101	CC BY-SA 3.0	2026-09-25	531.44	4.206	0	6	69.06	7	36	64	5	0.385	1	1	0	
XMAYWYJOQHXEEK-ZEQKJWHPSA-N	CC(=O)N1CCN(c2ccc(OC[C@@H]3CO[C@@](Cn4ccnc4)(c4ccc(Cl)cc4Cl)O3)cc2)CC1	chembl_approved	CHEMBL295698	CC BY-SA 3.0	2026-09-25	531.44	4.206	0	6	69.06	7	36	64	5	0.385	1	1	0	
XMXHEBAFVSFQEX-UHFFFAOYSA-N	COc1cc(C(C)=O)ccc1OCCCN1CCC(c2noc3cc(F)ccc23)CC1	chembl_approved	CHEMBL14376	CC BY-SA 3.0	2026-09-25	426.49	4.827	0	6	64.8	8	31	58	4	0.417	0	0	0	
XNEFYCZVKIDDMS-UHFFFAOYSA-N	COc1ccc(C(=O)CC(=O)c2ccc(C(C)(C)C)cc2)cc1	chembl_approved	CHEMBL1200522	CC BY-SA 3.0	2026-09-25	310.39	4.448	0	3	43.37	5	23	45	2	0.3	0	0	0	
XNKCCCKFOQNXKV-ZRSCBOBOSA-N	C=CCN1CC[C@]23c4c5ccc(O)c4O[C@H]2[C@@H](OCCOCCOCCOCCOCCOCCOCCOC)CC[C@@]3(O)[C@H]1C5	chembl_approved	CHEMBL2219416	CC BY-SA 3.0	2026-09-25	651.79	1.864	2	12	126.77	24	46	99	5	0.765	0	2	0	chembl_approved:CHEMBL2219418
XNKLLVCARDGLGL-JGVFFNPUSA-N	Cc1cn([C@H]2C=C[C@@H](CO)O2)c(=O)[nH]c1=O	chembl_approved	CHEMBL991	CC BY-SA 3.0	2026-09-25	224.22	-0.709	2	4	84.32	2	16	28	2	0.4	0	0	0	
XOFYZVNMUHMLCC-ZPOLXVRWSA-N	C[C@]12C=CC(=O)C=C1CC[C@@H]1[C@@H]2C(=O)C[C@@]2(C)[C@H]1CC[C@]2(O)C(=O)CO	chembl_approved	CHEMBL635	CC BY-SA 3.0	2026-09-25	358.43	1.766	2	5	91.67	2	26	52	4	0.667	0	0	0	
XPCFTKFZXHTYIP-PMACEKPBSA-N	CCOC(=O)[C@H](CCc1ccccc1)N[C@H]1CCc2ccccc2N(CC(=O)O)C1=O	chembl_approved	CHEMBL838	CC BY-SA 3.0	2026-09-25	424.5	2.573	2	5	95.94	9	31	59	3	0.375	0	0	0	chembl_approved:CHEMBL1694
XPFRXWCVYUEORT-UHFFFAOYSA-N	NC(=O)NC(=O)Cc1ccccc1	chembl_approved	CHEMBL918	CC BY-SA 3.0	2026-09-25	178.19	0.424	2	2	72.19	2	13	23	1	0.111	0	0	1	
XPIJWUTXQAGSLK-UHFFFAOYSA-N	CNc1ncc(-c2ccc3c(=O)c(C(=O)O)cn(C4CC4)c3c2C)cc1C	chembl_approved	CHEMBL3990047	CC BY-SA 3.0	2026-09-25	363.42	3.755	2	4	84.22	4	27	48	4	0.286	0	0	0	
XPOQHMRABVBWPR-ZDUSSCGKSA-N	O=C1Nc2ccc(Cl)cc2[C@@](C#CC2CC2)(C(F)(F)F)O1	chembl_approved	CHEMBL223228	CC BY-SA 3.0	2026-09-25	315.68	4.073	1	2	38.33	0	21	30	3	0.357	0	0	0	
XPSQPHWEGNHMSK-SECBINFHSA-N	CN[C@@H]1CCc2[nH]c3ccc(C(N)=O)cc3c2C1	chembl_approved	CHEMBL1279	CC BY-SA 3.0	2026-09-25	243.31	1.343	3	2	70.91	2	18	35	3	0.357	1	0	1	chembl_approved:CHEMBL2138684
XQFRJNBWHJMXHO-RRKCRQDMSA-N	O=c1[nH]c(=O)n([C@H]2C[C@H](O)[C@@H](CO)O2)cc1I	chembl_approved	CHEMBL788	CC BY-SA 3.0	2026-09-25	354.1	-1.218	3	5	104.55	2	17	28	2	0.556	0	0	0	
XQSPYNMVSIKCOC-NTSWFWBYSA-N	Nc1nc(=O)n([C@@H]2CS[C@H](CO)O2)cc1F	chembl_approved	CHEMBL885	CC BY-SA 3.0	2026-09-25	247.25	-0.455	2	6	90.37	2	16	26	2	0.5	0	0	0	
XQZXYNRDCRIARQ-LURJTMIESA-N	C[C@H](O)C(=O)Nc1c(I)c(C(=O)NC(CO)CO)c(I)c(C(=O)NC(CO)CO)c1I	chembl_approved	CHEMBL1200932	CC BY-SA 3.0	2026-09-25	777.09	-1.014	8	8	188.45	10	31	53	1	0.471	0	2	0	
XRASPMIURGNCCH-UHFFFAOYSA-N	O=P(O)(O)C(O)(Cn1ccnc1)P(=O)(O)O	chembl_approved	CHEMBL924	CC BY-SA 3.0	2026-09-25	272.09	-1.115	5	4	153.11	4	16	26	1	0.4	0	0	0	chembl_approved:CHEMBL4303669
XRCFXMGQEVUZFC-UHFFFAOYSA-N	COc1ccc(C2C(=O)c3ccccc3C2=O)cc1	chembl_approved	CHEMBL712	CC BY-SA 3.0	2026-09-25	252.27	2.858	0	3	43.37	2	19	31	3	0.125	1	0	1	
XRECTZIEBJDKEO-UHFFFAOYSA-N	Nc1nc(=O)[nH]cc1F	chembl_approved	CHEMBL1463	CC BY-SA 3.0	2026-09-25	129.09	-0.509	2	3	71.77	0	9	13	1	0.0	0	0	1	
XRQDFNLINLXZLB-CKIKVBCHSA-N	CCC(CC)[C@H](NC(C)=O)[C@@H]1[C@H](O)[C@@H](C(=O)O)C[C@H]1NC(=N)N	chembl_approved	CHEMBL139367	CC BY-SA 3.0	2026-09-25	328.41	-0.139	6	4	148.53	7	23	51	1	0.8	0	1	0	chembl_approved:CHEMBL3989402
XRVDGNKRPOAQTN-FQEVSTJZSA-N	CC(C)Oc1ccc(-c2nc(-c3cccc4c3CC[C@@H]4NCCO)no2)cc1C#N	chembl_approved	CHEMBL3707246	CC BY-SA 3.0	2026-09-25	404.47	3.632	2	7	104.2	7	30	54	4	0.348	0	0	0	chembl_approved:CHEMBL3707247
XRVJPLDTMUSSDE-UHFFFAOYSA-N	CC(C)=CC(=O)NS(=O)(=O)c1ccc(N)cc1	chembl_approved	CHEMBL2104910	CC BY-SA 3.0	2026-09-25	254.31	1.04	2	4	89.26	3	17	31	1	0.182	0	0	0	
XRWSZZJLZRKHHD-WVWIJVSJSA-N	C=C[C@@H]1C[C@]1(NC(=O)[C@@H]1C[C@@H](Oc2ncc(OC)c3ccc(Cl)cc23)CN1C(=O)[C@@H](NC(=O)OC(C)(C)C)C(C)(C)C)C(=O)NS(=O)(=O)C1CC1	chembl_approved	CHEMBL2105735	CC BY-SA 3.0	2026-09-25	748.3	3.854	3	10	182.33	11	51	97	5	0.571	0	1	0	
XSBSKEQEUFOSDD-UHFFFAOYSA-N	C[N+]1(CCCCC[N+]2(C)CCCC2)CCCC1	chembl_approved	CHEMBL1271	CC BY-SA 3.0	2026-09-25	240.43	2.638	0	0	0.0	6	17	49	2	1.0	0	0	1	chembl_approved:CHEMBL1318287
XSCGXQMFQXDFCW-UHFFFAOYSA-N	CN(C)CCCN1c2ccccc2Sc2ccc(C(F)(F)F)cc21	chembl_approved	CHEMBL570	CC BY-SA 3.0	2026-09-25	352.43	5.26	0	3	6.48	4	24	43	3	0.333	0	1	0	chembl_approved:CHEMBL1201102
XSDQTOBWRPYKKA-UHFFFAOYSA-N	N=C(N)NC(=O)c1nc(Cl)c(N)nc1N	chembl_approved	CHEMBL945	CC BY-SA 3.0	2026-09-25	229.63	-1.082	5	6	156.79	1	15	23	1	0.0	0	0	0	chembl_approved:CHEMBL1398126
XSEUMFJMFFMCIU-UHFFFAOYSA-N	CCCCNC(=N)NC(=N)N	chembl_approved	CHEMBL39736	CC BY-SA 3.0	2026-09-25	157.22	-0.206	5	2	97.78	3	11	26	0	0.667	0	0	0	
XSFJVAJPIHIPKU-XWCQMRHXSA-N	CC1(C)O[C@@H]2C[C@H]3[C@@H]4C[C@H](F)C5=CC(=O)C=C[C@]5(C)[C@H]4[C@@H](O)C[C@]3(C)[C@]2(C(=O)CO)O1	chembl_approved	CHEMBL1512	CC BY-SA 3.0	2026-09-25	434.5	2.275	2	6	93.06	2	31	62	5	0.75	0	0	0	
XSVMFMHYUFZWBK-NSHDSACASA-N	CCN(C)C(=O)Oc1cccc([C@H](C)N(C)C)c1	chembl_approved	CHEMBL636	CC BY-SA 3.0	2026-09-25	250.34	2.76	0	3	32.78	4	18	40	1	0.5	0	0	1	chembl_approved:CHEMBL1201092
XTNGUQKDFGDXSJ-ZXGKGEBGSA-N	Cc1ccc([C@@H]2O[C@H](CO)[C@@H](O)[C@H](O)[C@H]2O)cc1Cc1ccc(-c2ccc(F)cc2)s1	chembl_approved	CHEMBL2048484	CC BY-SA 3.0	2026-09-25	444.52	2.968	4	6	90.15	5	31	56	4	0.333	0	0	0	chembl_approved:CHEMBL4594217
XTTZERNUQAFMOF-QMMMGPOBSA-N	C[C@H]1CNCCc2ccc(Cl)cc21	chembl_approved	CHEMBL360328	CC BY-SA 3.0	2026-09-25	195.69	2.589	1	1	12.03	0	13	27	2	0.455	0	0	1	chembl_approved:CHEMBL2095211
XTULMSXFIHGYFS-VLSRWLAYSA-N	C[C@@H]1C[C@H]2[C@@H]3C[C@H](F)C4=CC(=O)C=C[C@]4(C)[C@@]3(F)[C@@H](O)C[C@]2(C)[C@@]1(OC(=O)c1ccco1)C(=O)SCF	chembl_approved	CHEMBL1676	CC BY-SA 3.0	2026-09-25	538.58	4.927	1	7	93.81	4	37	66	5	0.593	0	1	0	
XUBOMFCQGDBHNK-UHFFFAOYSA-N	COc1c(N2CCNC(C)C2)c(F)cc2c(=O)c(C(=O)O)cn(C3CC3)c12	chembl_approved	CHEMBL31	CC BY-SA 3.0	2026-09-25	375.4	1.98	2	5	83.8	4	27	49	4	0.474	0	0	0	
XUDSQIDNHJMBBW-FOWTUZBSSA-N	C/C(=N\O)c1ccc(OCC(=O)N2CCCCC2)cc1	chembl_approved	CHEMBL1998966	CC BY-SA 3.0	2026-09-25	276.34	2.276	1	4	62.13	4	20	40	2	0.467	0	0	0	
XUFQPHANEAPEMJ-UHFFFAOYSA-N	NC(N)=Nc1nc(CSCC/C(N)=N/S(N)(=O)=O)cs1	chembl_approved	CHEMBL902	CC BY-SA 3.0	2026-09-25	337.46	-0.768	4	6	175.83	7	20	35	1	0.375	0	0	0	
XUIIKFGFIJCVMT-GFCCVEGCSA-M	N[C@H](Cc1cc(I)c(Oc2cc(I)c(O)c(I)c2)c(I)c1)C(=O)[O-]	chembl_approved	CHEMBL3545058	CC BY-SA 3.0	2026-09-25	775.86	3.223	2	5	95.61	5	24	34	2	0.133	0	1	0	
XUIIKFGFIJCVMT-GFCCVEGCSA-N	N[C@H](Cc1cc(I)c(Oc2cc(I)c(O)c(I)c2)c(I)c1)C(=O)O	chembl_approved	CHEMBL559	CC BY-SA 3.0	2026-09-25	776.87	4.557	3	4	92.78	5	24	35	2	0.133	0	1	0	
XUIIKFGFIJCVMT-LBPRGKRZSA-M	N[C@@H](Cc1cc(I)c(Oc2cc(I)c(O)c(I)c2)c(I)c1)C(=O)[O-]	chembl_approved	CHEMBL2103741	CC BY-SA 3.0	2026-09-25	775.86	3.223	2	5	95.61	5	24	34	2	0.133	0	1	0	
XUIIKFGFIJCVMT-LBPRGKRZSA-N	N[C@@H](Cc1cc(I)c(Oc2cc(I)c(O)c(I)c2)c(I)c1)C(=O)O	chembl_approved	CHEMBL1624	CC BY-SA 3.0	2026-09-25	776.87	4.557	3	4	92.78	5	24	35	2	0.133	0	1	0	
XUJNEKJLAYXESH-REOHCLBHSA-N	N[C@@H](CS)C(=O)O	chembl_approved	CHEMBL863	CC BY-SA 3.0	2026-09-25	121.16	-0.672	3	3	63.32	2	7	14	0	0.667	0	0	1	chembl_approved:CHEMBL1200630
XUKUURHRXDUEBC-KAYWLYCHSA-M	CC(C)c1c(C(=O)Nc2ccccc2)c(-c2ccccc2)c(-c2ccc(F)cc2)n1CC[C@@H](O)C[C@@H](O)CC(=O)[O-]	chembl_approved	CHEMBL393220	CC BY-SA 3.0	2026-09-25	557.64	4.979	3	5	114.62	12	41	75	4	0.273	0	1	0	
XUKUURHRXDUEBC-KAYWLYCHSA-N	CC(C)c1c(C(=O)Nc2ccccc2)c(-c2ccccc2)c(-c2ccc(F)cc2)n1CC[C@@H](O)C[C@@H](O)CC(=O)O	chembl_approved	CHEMBL1487	CC BY-SA 3.0	2026-09-25	558.65	6.314	4	4	111.79	12	41	76	4	0.273	0	2	0	
XULSCZPZVQIMFM-IPZQJPLYSA-N	CCCCC1(CCCC)CN(c2ccccc2)c2cc(SC)c(OCC(=O)N[C@@H](C(=O)N[C@@H](CC)C(=O)O)c3ccc(O)cc3)cc2S(=O)(=O)N1	chembl_approved	CHEMBL4297588	CC BY-SA 3.0	2026-09-25	740.95	5.879	5	9	174.37	17	51	99	4	0.432	0	2	0	
XUZMWHLSFXCVMG-UHFFFAOYSA-N	CCS(=O)(=O)N1CC(CC#N)(n2cc(-c3ncnc4[nH]ccc34)cn2)C1	chembl_approved	CHEMBL2105759	CC BY-SA 3.0	2026-09-25	371.43	1.096	1	6	120.56	5	26	43	4	0.375	0	0	0	
XVGOZDAJGBALKS-UHFFFAOYSA-N	CCN1CCN(c2cc(-c3ccc(F)cc3)c3c(n2)CCCCCC3)CC1	chembl_approved	CHEMBL178803	CC BY-SA 3.0	2026-09-25	367.51	4.689	0	3	19.37	3	27	57	4	0.522	0	0	0	
XVQUOJBERHHONY-UHFFFAOYSA-N	CNC(C)CCC=C(C)C	chembl_approved	CHEMBL1697841	CC BY-SA 3.0	2026-09-25	141.26	2.341	1	1	12.03	4	10	29	0	0.778	0	0	1	
XWALNWXLMVGSFR-HLXURNFRSA-N	C[C@]12C=CC(=O)C=C1CC[C@@H]1[C@@H]2CC[C@@]2(C)[C@H]1CC[C@]2(C)O	chembl_approved	CHEMBL1418176	CC BY-SA 3.0	2026-09-25	300.44	4.045	1	2	37.3	0	22	50	4	0.75	0	0	0	
XWLUWCNOOVRFPX-UHFFFAOYSA-L	O=C1NC(c2ccccc2)(c2ccccc2)C(=O)N1COP(=O)([O-])[O-]	chembl_approved	CHEMBL919	CC BY-SA 3.0	2026-09-25	360.26	0.285	1	6	121.83	5	25	38	3	0.125	0	0	0	
XWLUWCNOOVRFPX-UHFFFAOYSA-N	O=C1NC(c2ccccc2)(c2ccccc2)C(=O)N1COP(=O)(O)O	chembl_approved	CHEMBL1201336	CC BY-SA 3.0	2026-09-25	362.28	1.549	3	4	116.17	5	25	40	3	0.125	0	0	0	
XWTYSIMOBUGWOL-UHFFFAOYSA-N	CC(C)(C)NCC(O)c1cc(O)cc(O)c1	chembl_approved	CHEMBL1760	CC BY-SA 3.0	2026-09-25	225.29	1.519	4	4	72.72	3	16	35	1	0.5	0	0	0	chembl_approved:CHEMBL1315867
XWXYUMMDTVBTOU-UHFFFAOYSA-N	CC1(C)NC(=O)N(c2ccc([N+](=O)[O-])c(C(F)(F)F)c2)C1=O	chembl_approved	CHEMBL1274	CC BY-SA 3.0	2026-09-25	317.22	2.448	1	4	92.55	2	22	32	2	0.333	0	0	0	
XXEPPPIWZFICOJ-UHFFFAOYSA-N	CCN(CC)C(C)C(=O)c1ccccc1	chembl_approved	CHEMBL1693	CC BY-SA 3.0	2026-09-25	205.3	2.6	0	2	20.31	5	15	34	1	0.462	0	0	1	chembl_approved:CHEMBL1194666
XXPANQJNYNUNES-UHFFFAOYSA-N	CN1Cc2c(N)cccc2C(c2ccccc2)C1	chembl_approved	CHEMBL273575	CC BY-SA 3.0	2026-09-25	238.33	2.846	1	2	29.26	1	18	36	3	0.25	0	0	1	chembl_approved:CHEMBL1256842
XXSMGPRMXLTPCZ-UHFFFAOYSA-N	CCN(CCO)CCCC(C)Nc1ccnc2cc(Cl)ccc12	chembl_approved	CHEMBL1535	CC BY-SA 3.0	2026-09-25	335.88	3.783	2	4	48.39	9	23	49	2	0.5	0	0	0	chembl_approved:CHEMBL1690
XXUPXHKCPIKWLR-JHUOEJJVSA-N	CCCCCCCC(=O)CC[C@@H]1[C@@H](C/C=C\CCCC(=O)OC(C)C)[C@@H](O)C[C@H]1O	chembl_approved	CHEMBL1200661	CC BY-SA 3.0	2026-09-25	424.62	5.122	2	5	83.83	16	30	74	1	0.84	0	1	0	
XXVROGAVTTXONC-UHFFFAOYSA-N	CC(Cc1ccccc1)NCCCCl	chembl_approved	CHEMBL2110962	CC BY-SA 3.0	2026-09-25	211.74	2.836	1	1	12.03	6	14	32	1	0.5	0	0	1	
XYFPWWZEPKGCCK-GOSISDBHSA-N	C=CC(=O)N1CCC[C@@H](n2nc(-c3ccc(Oc4ccccc4)cc3)c3c(N)ncnc32)C1	chembl_approved	CHEMBL1873475	CC BY-SA 3.0	2026-09-25	440.51	4.217	1	6	99.16	5	33	57	5	0.2	0	0	0	
XYLJNLCSTIOKRM-UHFFFAOYSA-N	Brc1c(NC2=NCCN2)ccc2nccnc12	chembl_approved	CHEMBL844	CC BY-SA 3.0	2026-09-25	292.14	1.763	2	5	62.2	1	17	27	3	0.182	0	0	0	chembl_approved:CHEMBL1200389
XZSMZRXAEFNJCU-UHFFFAOYSA-N	CCC(=O)c1ccc2c(c1)N(CCCN1CCN(CCO)CC1)c1ccccc1S2	chembl_approved	CHEMBL1201328	CC BY-SA 3.0	2026-09-25	425.6	3.882	1	6	47.02	8	30	61	4	0.458	0	0	0	chembl_approved:CHEMBL2358147
XZWYZXLIPXDOLR-UHFFFAOYSA-N	CN(C)C(=N)NC(=N)N	chembl_approved	CHEMBL1431	CC BY-SA 3.0	2026-09-25	129.17	-1.034	4	2	88.99	0	9	20	0	0.5	0	0	0	chembl_approved:CHEMBL1703
XZXHXSATPCNXJR-ZIADKAODSA-N	COC(=O)c1ccc2c(c1)NC(=O)/C2=C(\Nc1ccc(N(C)C(=O)CN2CCN(C)CC2)cc1)c1ccccc1	chembl_approved	CHEMBL502835	CC BY-SA 3.0	2026-09-25	539.64	3.616	2	7	94.22	7	40	73	5	0.258	0	1	0	chembl_approved:CHEMBL3039504
YALKQBRWLMDVSA-UHFFFAOYSA-N	O=C(Nc1ccccc1)c1cc(Br)cc(Br)c1O	chembl_approved	CHEMBL1801800	CC BY-SA 3.0	2026-09-25	371.03	4.17	2	2	49.33	2	18	27	2	0.0	0	0	0	
YALNUENQHAQXEA-UHFFFAOYSA-N	CCN(CC)Cc1ccc2cc(COC(=O)Nc3ccc(C(=O)NO)cc3)ccc2c1	chembl_approved	CHEMBL1213492	CC BY-SA 3.0	2026-09-25	421.5	4.549	3	5	90.9	8	31	58	3	0.25	0	0	0	chembl_approved:CHEMBL6068400
YASAKCUCGLMORW-UHFFFAOYSA-N	CN(CCOc1ccc(CC2SC(=O)NC2=O)cc1)c1ccccn1	chembl_approved	CHEMBL121	CC BY-SA 3.0	2026-09-25	357.44	2.491	1	6	71.53	7	25	44	3	0.278	0	0	0	chembl_approved:CHEMBL843
YBBLVLTVTVSKRW-UHFFFAOYSA-N	CC(C)(C#N)c1cc(Cn2cncn2)cc(C(C)(C)C#N)c1	chembl_approved	CHEMBL1399	CC BY-SA 3.0	2026-09-25	293.37	2.929	0	4	78.29	4	22	41	2	0.412	0	0	0	
YBCPYHQFUMNOJG-UHFFFAOYSA-N	COc1cc2c(cc1OC)C(CCc1ccc(Cl)cc1)N(C)CC2	chembl_approved	CHEMBL2106915	CC BY-SA 3.0	2026-09-25	345.87	4.519	0	3	21.7	5	24	48	3	0.4	0	0	0	
YBGZDTIWKVFICR-UHFFFAOYSA-N	CCCCC(CC)COC(=O)C=Cc1ccc(OC)cc1	chembl_approved	CHEMBL3183184	CC BY-SA 3.0	2026-09-25	290.4	4.468	0	3	35.53	9	21	47	1	0.5	0	0	0	
YBHILYKTIRIUTE-UHFFFAOYSA-N	COc1ccc2cc3[n+](cc2c1OC)CCc1cc2c(cc1-3)OCO2	chembl_approved	CHEMBL295124	CC BY-SA 3.0	2026-09-25	336.37	3.096	0	4	40.8	2	25	43	5	0.25	0	0	0	
YBJHBAHKTGYVGT-ZKWXMUAHSA-N	O=C(O)CCCC[C@@H]1SC[C@@H]2NC(=O)N[C@@H]21	chembl_approved	CHEMBL857	CC BY-SA 3.0	2026-09-25	244.32	0.797	3	3	78.43	5	16	32	2	0.8	0	0	1	
YCPOZVAOBBQLRI-WDSKDSINSA-N	CS(=O)(=O)OC[C@H](O)[C@@H](O)COS(C)(=O)=O	chembl_approved	CHEMBL455186	CC BY-SA 3.0	2026-09-25	278.3	-2.339	2	8	127.2	7	16	30	0	1.0	0	0	0	
YDDMIZRDDREKEP-HWTBNCOESA-N	COc1ccc2[nH]c3c(c2c1)CCN[C@]31CS[C@@H]2c3c(OC(C)=O)c(C)c4c(c3[C@H](COC1=O)N1[C@@H]2[C@H]2c3c(cc(C)c(OC)c3O)C[C@@H]([C@@H]1O)N2C)OCO4	chembl_approved	CHEMBL4297516	CC BY-SA 3.0	2026-09-25	784.89	4.189	4	14	164.28	3	56	100	11	0.463	1	2	0	
YECBIJXISLIIDS-UHFFFAOYSA-N	COc1ccc(CN(CCN(C)C)c2ccccn2)cc1	chembl_approved	CHEMBL511	CC BY-SA 3.0	2026-09-25	285.39	2.658	0	4	28.6	7	21	44	2	0.353	0	0	0	chembl_approved:CHEMBL1201006
YEEZWCHGZNKEEK-UHFFFAOYSA-N	COc1cc(C(=O)NS(=O)(=O)c2ccccc2C)ccc1Cc1cn(C)c2ccc(NC(=O)OC3CCCC3)cc12	chembl_approved	CHEMBL603	CC BY-SA 3.0	2026-09-25	575.69	5.696	2	6	115.73	8	41	74	5	0.29	0	2	0	
YEHCICAEULNIGD-MZMPZRCHSA-N	CCCN1C[C@H](CSC)C[C@@H]2c3cccc4[nH]cc(c34)C[C@H]21	chembl_approved	CHEMBL531	CC BY-SA 3.0	2026-09-25	314.5	4.271	1	2	19.03	4	22	48	4	0.579	0	0	0	chembl_approved:CHEMBL1275
YFAGHNZHGGCZAX-JKIFEVAISA-M	Cc1onc(-c2c(Cl)cccc2Cl)c1C(=O)N[C@@H]1C(=O)N2[C@@H]1SC(C)(C)[C@@H]2C(=O)[O-]	chembl_approved	CHEMBL1200701	CC BY-SA 3.0	2026-09-25	469.33	1.867	1	7	115.57	4	30	46	4	0.368	0	0	0	
YFAGHNZHGGCZAX-JKIFEVAISA-N	Cc1onc(-c2c(Cl)cccc2Cl)c1C(=O)N[C@@H]1C(=O)N2[C@@H]1SC(C)(C)[C@@H]2C(=O)O	chembl_approved	CHEMBL893	CC BY-SA 3.0	2026-09-25	470.33	3.202	2	6	112.74	4	30	47	4	0.368	0	0	0	
YFGHCGITMMYXAQ-LJQANCHMSA-N	NC(=O)C[S@@+]([O-])C(c1ccccc1)c1ccccc1	chembl_approved	CHEMBL1201192	CC BY-SA 3.0	2026-09-25	273.36	2.01	1	2	66.15	5	19	34	2	0.133	0	0	1	
YFGHCGITMMYXAQ-UHFFFAOYSA-N	NC(=O)C[S+]([O-])C(c1ccccc1)c1ccccc1	chembl_approved	CHEMBL1373	CC BY-SA 3.0	2026-09-25	273.36	2.01	1	2	66.15	5	19	34	2	0.133	0	0	1	
YFKDCGWIINMRQY-UHFFFAOYSA-M	CCN(CC)c1ccc(C(=C2C=CC(=[N+](CC)CC)C=C2)c2cc(S(=O)(=O)[O-])ccc2S(=O)(=O)[O-])cc1	chembl_approved	CHEMBL1200859	CC BY-SA 3.0	2026-09-25	543.69	3.762	0	7	120.65	9	37	68	3	0.296	1	1	0	
YFKDCGWIINMRQY-UHFFFAOYSA-N	CCN(CC)c1ccc(C(=C2C=CC(=[N+](CC)CC)C=C2)c2cc(S(=O)(=O)[O-])ccc2S(=O)(=O)O)cc1	chembl_approved	CHEMBL1201275	CC BY-SA 3.0	2026-09-25	544.7	4.105	1	6	117.82	9	37	69	3	0.296	1	1	0	
YGSDEFSMJLZEOE-UHFFFAOYSA-M	O=C([O-])c1ccccc1O	chembl_approved	CHEMBL2104095	CC BY-SA 3.0	2026-09-25	137.11	-0.244	1	3	60.36	1	10	15	1	0.0	0	0	1	
YGSDEFSMJLZEOE-UHFFFAOYSA-N	O=C(O)c1ccccc1O	chembl_approved	CHEMBL424	CC BY-SA 3.0	2026-09-25	138.12	1.09	2	2	57.53	1	10	16	1	0.0	0	0	1	
YHXISWVBGDMDLQ-UHFFFAOYSA-N	O=C(NCCN1CCOCC1)c1ccc(Cl)cc1	chembl_approved	CHEMBL86304	CC BY-SA 3.0	2026-09-25	268.74	1.402	1	3	41.57	4	18	35	2	0.462	0	0	1	
YIBOMRUWOWDFLG-ONEGZZNKSA-N	Cc1cc(/C=C/C#N)cc(C)c1Nc1ccnc(Nc2ccc(C#N)cc2)n1	chembl_approved	CHEMBL175691	CC BY-SA 3.0	2026-09-25	366.43	4.989	2	6	97.42	5	28	46	3	0.091	0	0	0	chembl_approved:CHEMBL1628504
YIMYDTCOUQIDMT-SNAWJCMRSA-N	COC(=O)/C=C/C(=O)OCCN1C(=O)CCC1=O	chembl_approved	CHEMBL3989944	CC BY-SA 3.0	2026-09-25	255.23	-0.592	0	6	89.98	5	18	31	1	0.455	0	0	0	
YIQPUIGJQJDJOS-UHFFFAOYSA-N	c1cc(CN2CCCNCCNCCCNCC2)ccc1CN1CCCNCCNCCCNCC1	chembl_approved	CHEMBL18442	CC BY-SA 3.0	2026-09-25	502.8	0.416	6	8	78.66	4	36	90	3	0.786	0	2	0	
YJGVMLPVUAXIQN-XVVDYKMHSA-N	COc1cc([C@@H]2c3cc4c(cc3[C@H](O)[C@H]3COC(=O)[C@H]23)OCO4)cc(OC)c1OC	chembl_approved	CHEMBL61	CC BY-SA 3.0	2026-09-25	414.41	2.409	1	8	92.68	4	30	52	5	0.409	0	0	0	
YJQPYGGHQPGBLI-KGSXXDOSSA-M	CO[C@@H]1[C@@H](OC(N)=O)[C@@H](O)[C@H](Oc2ccc3c([O-])c(NC(=O)c4ccc(O)c(CC=C(C)C)c4)c(=O)oc3c2C)OC1(C)C	chembl_approved	CHEMBL3183453	CC BY-SA 3.0	2026-09-25	611.62	2.995	4	11	202.84	8	44	79	4	0.387	0	2	0	
YJQPYGGHQPGBLI-KGSXXDOSSA-N	CO[C@@H]1[C@@H](OC(N)=O)[C@@H](O)[C@H](Oc2ccc3c(O)c(NC(=O)c4ccc(O)c(CC=C(C)C)c4)c(=O)oc3c2C)OC1(C)C	chembl_approved	CHEMBL36506	CC BY-SA 3.0	2026-09-25	612.63	3.627	5	11	200.01	8	44	80	4	0.387	0	2	0	
YJYPHIXNFHFHND-UHFFFAOYSA-N	COc1ccc2cccc(CCNC(C)=O)c2c1	chembl_approved	CHEMBL10878	CC BY-SA 3.0	2026-09-25	243.31	2.527	1	2	38.33	4	18	35	2	0.267	0	0	1	
YKGGGCXBWXHKIZ-UHFFFAOYSA-L	O=C([O-])c1ccccc1-c1c2ccc(=O)cc-2oc2cc([O-])ccc12	chembl_approved	CHEMBL1628233	CC BY-SA 3.0	2026-09-25	330.3	2.002	0	5	93.4	2	25	35	4	0.0	0	0	0	
YKPUWZUDDOIDPM-SOFGYWHQSA-N	COc1cc(CNC(=O)CCCC/C=C/C(C)C)ccc1O	chembl_approved	CHEMBL294199	CC BY-SA 3.0	2026-09-25	305.42	3.79	2	3	58.56	9	22	49	1	0.5	0	0	0	
YLCXGBZIZBEVPZ-UHFFFAOYSA-N	CN1CCN=C(c2ccccc2)c2cc(Cl)ccc21	chembl_approved	CHEMBL28333	CC BY-SA 3.0	2026-09-25	270.76	3.627	0	2	15.6	1	19	34	3	0.188	0	0	0	
YLJREFDVOIBQDA-UHFFFAOYSA-N	Nc1c2c(nc3ccccc13)CCCC2	chembl_approved	CHEMBL95	CC BY-SA 3.0	2026-09-25	198.27	2.696	1	2	38.91	0	15	29	3	0.308	0	0	1	chembl_approved:CHEMBL1677
YLRFCQOZQXIBAB-RBZZARIASA-N	C[C@]1(O)CC[C@H]2[C@@H]3CCC4=CC(=O)CC[C@]4(C)[C@@]3(F)[C@@H](O)C[C@@]21C	chembl_approved	CHEMBL1445	CC BY-SA 3.0	2026-09-25	336.45	3.332	2	3	57.53	0	24	53	4	0.85	0	0	0	
YLXDSYKOBKBWJQ-LBPRGKRZSA-N	CCC(=O)NCC[C@@H]1CCc2ccc3c(c21)CCO3	chembl_approved	CHEMBL1218	CC BY-SA 3.0	2026-09-25	259.35	2.568	1	2	38.33	4	19	40	3	0.562	0	0	1	
YMARZQAQMVYCKC-OEMFJLHTSA-N	CC(C)CN(C[C@@H](O)[C@H](Cc1ccccc1)NC(=O)O[C@H]1CCOC1)S(=O)(=O)c1ccc(N)cc1	chembl_approved	CHEMBL116	CC BY-SA 3.0	2026-09-25	505.64	2.403	3	7	131.19	11	35	70	3	0.48	0	1	0	
YMBXTVYHTMGZDW-UHFFFAOYSA-N	CC(C(=O)O)c1ccc(CC2CCCC2=O)cc1	chembl_approved	CHEMBL19299	CC BY-SA 3.0	2026-09-25	246.31	2.786	1	2	54.37	4	18	36	2	0.467	0	0	1	
YMDXZJFXQJVXBF-STHAYSLISA-N	C[C@@H]1O[C@@H]1P(=O)(O)O	chembl_approved	CHEMBL1757	CC BY-SA 3.0	2026-09-25	138.06	-0.091	2	2	70.06	1	8	15	1	1.0	0	0	1	chembl_approved:CHEMBL1200331
YMOXVLQZFAUUKI-UHFFFAOYSA-M	CCCC(=O)Nc1c(I)cc(I)c(CC(CC)C(=O)[O-])c1I	chembl_approved	CHEMBL1200899	CC BY-SA 3.0	2026-09-25	640.02	3.558	1	3	69.23	7	22	39	1	0.467	0	1	0	
YMOXVLQZFAUUKI-UHFFFAOYSA-N	CCCC(=O)Nc1c(I)cc(I)c(CC(CC)C(=O)O)c1I	chembl_approved	CHEMBL1201261	CC BY-SA 3.0	2026-09-25	641.03	4.892	2	2	66.4	7	22	40	1	0.467	0	1	0	
YMTINGFKWWXKFG-UHFFFAOYSA-N	CC(C)OC(=O)C(C)(C)Oc1ccc(C(=O)c2ccc(Cl)cc2)cc1	chembl_approved	CHEMBL672	CC BY-SA 3.0	2026-09-25	360.84	4.68	0	4	52.6	6	25	46	2	0.3	0	0	0	
YNDIAUKFXKEXSV-CRYLGTRXSA-N	CNc1ccc(/C=C/c2ccc(OCCOCCOCC[18F])nc2)cc1	chembl_approved	CHEMBL1774461	CC BY-SA 3.0	2026-09-25	359.43	3.675	1	5	52.61	12	26	51	2	0.35	0	0	0	
YNDIAUKFXKEXSV-NSCUHMNNSA-N	CNc1ccc(/C=C/c2ccc(OCCOCCOCCF)nc2)cc1	chembl_approved	CHEMBL1908919	CC BY-SA 3.0	2026-09-25	360.43	3.675	1	5	52.61	12	26	51	2	0.35	0	0	0	
YNDMEEULGSTYJT-LURJTMIESA-N	N[C@@H](Cc1ccc(OP(=O)(O)O)c(O)c1)C(=O)O	chembl_approved	CHEMBL4594379	CC BY-SA 3.0	2026-09-25	277.17	-0.182	5	5	150.31	5	18	30	1	0.222	0	0	0	
YNDXUCZADRHECN-JNQJZLCISA-N	CC1(C)O[C@@H]2C[C@H]3[C@@H]4CCC5=CC(=O)C=C[C@]5(C)[C@@]4(F)[C@@H](O)C[C@]3(C)[C@]2(C(=O)CO)O1	chembl_approved	CHEMBL1504	CC BY-SA 3.0	2026-09-25	434.5	2.419	2	6	93.06	2	31	62	5	0.75	0	0	0	
YNNUSGIPVFPVBX-NHCUHLMSSA-N	CN1CCC[C@@H]1CCO[C@](C)(c1ccccc1)c1ccc(Cl)cc1	chembl_approved	CHEMBL1626	CC BY-SA 3.0	2026-09-25	343.9	5.104	0	2	12.47	6	24	50	3	0.429	0	1	0	chembl_approved:CHEMBL1200795
YNVGQYHLRCDXFQ-XGXHKTLJSA-N	C#C[C@]1(O)CC[C@H]2[C@@H]3CCC4=CCCC[C@@H]4[C@H]3CC[C@@]21C	chembl_approved	CHEMBL2107431	CC BY-SA 3.0	2026-09-25	284.44	4.314	1	1	20.23	0	21	49	4	0.8	0	0	0	
YOKPRDAUBGOISU-UHFFFAOYSA-N	COc1cc(C(=O)OC(COCCC(C)C)CN2CCOCC2)cc(OC)c1OC	chembl_approved	CHEMBL2104537	CC BY-SA 3.0	2026-09-25	425.52	2.633	0	8	75.69	12	30	65	2	0.682	0	0	0	
YOSHYTLCDANDAN-UHFFFAOYSA-N	CCCCC1=NC2(CCCC2)C(=O)N1Cc1ccc(-c2ccccc2-c2nnn[nH]2)cc1	chembl_approved	CHEMBL1513	CC BY-SA 3.0	2026-09-25	428.54	4.777	1	5	87.13	7	32	60	5	0.4	0	0	0	chembl_approved:CHEMBL6068339
YOZBGTLTNGAVFU-UHFFFAOYSA-N	Cc1nc(C(=O)NCC(=O)O)c(O)c2ccc(Oc3ccccc3)cc12	chembl_approved	CHEMBL2338329	CC BY-SA 3.0	2026-09-25	352.35	2.856	3	5	108.75	5	26	42	3	0.105	0	0	0	
YPBATNHYBCGSSN-VWPFQQQWSA-M	CC1(C)S[C@@H]2[C@H](NC(=O)[C@H](NC(=O)N3CCN(S(C)(=O)=O)C3=O)c3ccccc3)C(=O)N2[C@H]1C(=O)[O-]	chembl_approved	CHEMBL1697708	CC BY-SA 3.0	2026-09-25	538.58	-1.568	2	9	176.33	6	36	60	4	0.476	0	1	0	
YPBATNHYBCGSSN-VWPFQQQWSA-N	CC1(C)S[C@@H]2[C@H](NC(=O)[C@H](NC(=O)N3CCN(S(C)(=O)=O)C3=O)c3ccccc3)C(=O)N2[C@H]1C(=O)O	chembl_approved	CHEMBL1731	CC BY-SA 3.0	2026-09-25	539.59	-0.234	3	8	173.5	6	36	61	4	0.476	0	1	0	
YPZRWBKMTBYPTK-BJDJZHNGSA-N	N[C@@H](CCC(=O)N[C@@H](CSSC[C@H](NC(=O)CC[C@H](N)C(=O)O)C(=O)NCC(=O)O)C(=O)NCC(=O)O)C(=O)O	chembl_approved	CHEMBL1372	CC BY-SA 3.0	2026-09-25	612.64	-3.877	10	12	317.64	21	40	72	0	0.6	0	3	0	
YQEZLKZALYSWHR-UHFFFAOYSA-N	CNC1(c2ccccc2Cl)CCCCC1=O	chembl_approved	CHEMBL742	CC BY-SA 3.0	2026-09-25	237.73	2.898	1	2	29.1	2	16	32	2	0.462	0	0	1	chembl_approved:CHEMBL1714
YQEZLKZALYSWHR-ZDUSSCGKSA-N	CN[C@]1(c2ccccc2Cl)CCCCC1=O	chembl_approved	CHEMBL395091	CC BY-SA 3.0	2026-09-25	237.73	2.898	1	2	29.1	2	16	32	2	0.462	0	0	1	chembl_approved:CHEMBL2364609
YQNFBOJPTAXAKV-OMCISZLKSA-M	CN(C)/C=N/c1c(I)cc(I)c(CCC(=O)[O-])c1I	chembl_approved	CHEMBL1201033	CC BY-SA 3.0	2026-09-25	596.95	2.404	0	3	55.73	5	19	31	1	0.333	0	1	0	chembl_approved:CHEMBL2068725
YQNFBOJPTAXAKV-OMCISZLKSA-N	CN(C)/C=N/c1c(I)cc(I)c(CCC(=O)O)c1I	chembl_approved	CHEMBL1201243	CC BY-SA 3.0	2026-09-25	597.96	3.739	1	2	52.9	5	19	32	1	0.333	0	1	0	
YQNQNVDNTFHQSW-UHFFFAOYSA-N	CC(=O)Oc1ccccc1C(=O)Nc1ncc([N+](=O)[O-])s1	chembl_approved	CHEMBL1401	CC BY-SA 3.0	2026-09-25	307.29	2.229	1	7	111.43	4	21	30	2	0.083	0	0	0	
YQNWZWMKLDQSAC-UHFFFAOYSA-N	Cc1ccc(Sc2ccccc2N2CCNCC2)c(C)c1	chembl_approved	CHEMBL2104993	CC BY-SA 3.0	2026-09-25	298.46	3.864	1	3	15.27	3	21	43	3	0.333	0	0	0	chembl_approved:CHEMBL2107387
YQZNKYXGZSVEHI-VXKWHMMOSA-N	CCOC(=O)[C@H](Cc1ccc(F)cc1)NC(=O)[C@@H](N)Cc1ccc(N(CCCl)CCCl)cc1	chembl_approved	CHEMBL4297403	CC BY-SA 3.0	2026-09-25	498.43	3.27	2	5	84.66	13	33	63	2	0.417	1	0	0	chembl_approved:CHEMBL4303060
YREYEVIYCVEVJK-UHFFFAOYSA-N	COCCCOc1ccnc(C[S+]([O-])c2nc3ccccc3[nH]2)c1C	chembl_approved	CHEMBL1219	CC BY-SA 3.0	2026-09-25	359.45	2.989	1	5	83.09	8	25	46	3	0.333	0	0	0	
YRFXGQHBPBMFHW-SBTZIJSASA-N	CC(=O)O[C@]1(C(C)=O)CC[C@H]2[C@@H]3C[C@H](C)C4=CC(=O)C=C[C@]4(C)[C@@]3(F)[C@@H](O)C[C@@]21C	chembl_approved	CHEMBL1201064	CC BY-SA 3.0	2026-09-25	418.51	3.494	1	5	80.67	2	30	61	4	0.708	0	0	0	
YSAUAVHXTIETRK-AATRIKPKSA-N	CN1CCCN=C1/C=C/c1cccs1	chembl_approved	CHEMBL1626223	CC BY-SA 3.0	2026-09-25	206.31	2.495	0	3	15.6	2	14	28	2	0.364	0	0	1	
YSEXMKHXIOCEJA-FVFQAYNVSA-N	CO[C@]12C[C@@H](COC(=O)c3cncc(Br)c3)CN(C)[C@@H]1Cc1cn(C)c3cccc2c13	chembl_approved	CHEMBL1372950	CC BY-SA 3.0	2026-09-25	484.39	3.911	0	5	56.59	4	31	57	5	0.417	1	0	0	
YSXKPIUOCJLQIE-UHFFFAOYSA-N	OC(CCN1CCCCC1)(c1ccccc1)C1CC2C=CC1C2	chembl_approved	CHEMBL1101	CC BY-SA 3.0	2026-09-25	311.47	3.962	1	2	23.47	5	23	52	4	0.619	0	0	0	chembl_approved:CHEMBL1201035;chembl_approved:CHEMBL1201067
YTAOBBFIOAEMLL-REQDGWNSSA-N	N#C/C(=C1/SC[C@@H](c2ccc(Cl)cc2Cl)S1)n1ccnc1	chembl_approved	CHEMBL2105689	CC BY-SA 3.0	2026-09-25	354.29	5.061	0	4	41.61	2	21	30	3	0.143	0	1	0	
YTFHCXIPDIHOIA-DHZHZOJOSA-N	CC1(C)CCC(C)(C)c2cc(Cn3cccn3)c(/C=C/c3ccc(C(=O)O)cc3)cc21	chembl_approved	CHEMBL2105648	CC BY-SA 3.0	2026-09-25	414.55	6.149	1	2	55.12	5	31	61	4	0.333	0	1	0	
YTGJWQPHMWSCST-UHFFFAOYSA-N	CC(S)C(=O)NCC(=O)O	chembl_approved	CHEMBL1314	CC BY-SA 3.0	2026-09-25	163.2	-0.495	3	3	66.4	3	10	19	0	0.6	0	0	1	
YTKUWDBFDASYHO-UHFFFAOYSA-N	Cn1c(CCCC(=O)O)nc2cc(N(CCCl)CCCl)ccc21	chembl_approved	CHEMBL487253	CC BY-SA 3.0	2026-09-25	358.27	3.265	1	3	58.36	9	23	44	2	0.5	0	0	0	chembl_approved:CHEMBL1201734
YTRMTPPVNRALON-UHFFFAOYSA-N	O=C(O)c1cc(-c2ccccc2)nc2ccccc12	chembl_approved	CHEMBL348000	CC BY-SA 3.0	2026-09-25	249.27	3.6	1	2	50.19	2	19	30	3	0.0	0	0	0	
YUUAYBAIHCDHHD-UHFFFAOYSA-N	COC(=O)CCC(=O)CN	chembl_approved	CHEMBL1096562	CC BY-SA 3.0	2026-09-25	145.16	-0.533	1	4	69.39	4	10	21	0	0.667	0	0	0	chembl_approved:CHEMBL1201093
YVNQAIFQFWTPLQ-UHFFFAOYSA-M	CCOc1ccc(Nc2ccc(/C(=C3C=C/C(=[N+](/CC)Cc4cccc(S(=O)(=O)[O-])c4)C=C/3C)c3ccc(N(CC)Cc4cccc(S(=O)(=O)[O-])c4)cc3C)cc2)cc1	chembl_approved	CHEMBL4173394	CC BY-SA 3.0	2026-09-25	831.05	8.964	1	9	141.91	15	59	107	6	0.213	1	2	0	
YVNQAIFQFWTPLQ-UHFFFAOYSA-N	CCOc1ccc(Nc2ccc(/C(=C3C=C/C(=[N+](/CC)Cc4cccc(S(=O)(=O)[O-])c4)C=C/3C)c3ccc(N(CC)Cc4cccc(S(=O)(=O)O)c4)cc3C)cc2)cc1	chembl_approved	CHEMBL4301898	CC BY-SA 3.0	2026-09-25	832.06	9.306	2	8	139.08	15	59	108	6	0.213	1	2	0	
YVPYQUNUQOZFHG-UHFFFAOYSA-M	CC(=O)Nc1c(I)c(NC(C)=O)c(I)c(C(=O)[O-])c1I	chembl_approved	CHEMBL1200581	CC BY-SA 3.0	2026-09-25	612.91	1.781	2	4	98.33	3	20	28	1	0.182	0	1	0	
YVPYQUNUQOZFHG-UHFFFAOYSA-N	CC(=O)Nc1c(I)c(NC(C)=O)c(I)c(C(=O)O)c1I	chembl_approved	CHEMBL1200839	CC BY-SA 3.0	2026-09-25	613.92	3.115	3	3	95.5	3	20	29	1	0.182	0	1	0	chembl_approved:CHEMBL1201220
YVUQSNJEYSNKRX-UHFFFAOYSA-N	O=c1[nH]c2ccccc2n1C1CCN(CCCC(c2ccc(F)cc2)c2ccc(F)cc2)CC1	chembl_approved	CHEMBL1423	CC BY-SA 3.0	2026-09-25	461.56	5.857	1	2	41.03	7	34	63	5	0.321	0	1	0	
YWGDOWXRIALTES-NRFANRHFSA-N	O=C(O)CCCN1CCC(O[C@@H](c2ccc(Cl)cc2)c2ccccn2)CC1	chembl_approved	CHEMBL1201758	CC BY-SA 3.0	2026-09-25	388.9	4.17	1	4	62.66	8	27	52	3	0.429	0	0	0	chembl_approved:CHEMBL1201759
YWPHCCPCQOJSGZ-UHFFFAOYSA-N	CCOc1ccccc1OCC1CNCCO1	chembl_approved	CHEMBL306700	CC BY-SA 3.0	2026-09-25	237.3	1.452	1	4	39.72	5	17	36	2	0.538	0	0	0	chembl_approved:CHEMBL2106483
YWQGBCXVCXMSLJ-UHFFFAOYSA-N	CCOC(=O)C(C)(CC)Oc1ccc(Cc2ccc(Cl)cc2)cc1	chembl_approved	CHEMBL152684	CC BY-SA 3.0	2026-09-25	346.85	5.041	0	3	35.53	7	24	47	2	0.35	0	1	0	
YWXYYJSYQOXTPL-SLPGGIOYSA-N	O=[N+]([O-])O[C@@H]1CO[C@H]2[C@@H]1OC[C@@H]2O	chembl_approved	CHEMBL1311	CC BY-SA 3.0	2026-09-25	191.14	-1.278	1	6	91.06	2	13	22	2	1.0	0	0	0	
YXKTVDFXDRQTKV-HNNXBMFYSA-N	C[C@@H](Cc1ccccc1)N(C)Cc1ccccc1	chembl_approved	CHEMBL3544906	CC BY-SA 3.0	2026-09-25	239.36	3.75	0	1	3.24	5	18	39	2	0.294	0	0	0	chembl_approved:CHEMBL3545985
YXRDKMPIGHSVRX-OOJCLDBCSA-N	C=CC[N+]1([C@H]2C[C@H]3[C@@H]4CC[C@H]5C[C@H](O)[C@@H](N6CCOCC6)C[C@]5(C)[C@H]4CC[C@]3(C)[C@H]2OC(C)=O)CCCC1	chembl_approved	CHEMBL1200648	CC BY-SA 3.0	2026-09-25	529.79	4.408	1	5	59.0	5	38	91	6	0.906	0	1	0	chembl_approved:CHEMBL1201244
YYQRGCZGSFRBAM-UHFFFAOYSA-M	O=P([O-])(O)OCC(Cl)(Cl)Cl	chembl_approved	CHEMBL1200789	CC BY-SA 3.0	2026-09-25	228.38	0.834	1	3	69.59	2	10	13	0	1.0	0	0	1	
YYQRGCZGSFRBAM-UHFFFAOYSA-N	O=P(O)(O)OCC(Cl)(Cl)Cl	chembl_approved	CHEMBL1201317	CC BY-SA 3.0	2026-09-25	229.38	1.466	2	2	66.76	2	10	14	0	1.0	0	0	1	
YYUAYBYLJSNDCX-UHFFFAOYSA-N	Cc1cc(NC(=O)C2=C(O)c3ccccc3S(=O)(=O)N2C)no1	chembl_approved	CHEMBL53292	CC BY-SA 3.0	2026-09-25	335.34	1.482	2	6	112.74	2	23	36	3	0.143	0	0	0	
YZBLFMPOMVTDJY-LSGXYNIPSA-N	CO/N=C1\C[C@]2(C[C@@H]3C[C@@H](C/C=C(\C)C[C@@H](C)/C=C/C=C4\CO[C@@H]5[C@H](O)C(C)=C[C@@H](C(=O)O3)[C@]45O)O2)O[C@H](/C(C)=C/C(C)C)[C@H]1C	chembl_approved	CHEMBL2104415	CC BY-SA 3.0	2026-09-25	639.83	5.729	2	9	116.04	3	46	99	5	0.676	0	2	0	
YZMCKZRAOLZXAZ-UHFFFAOYSA-N	Cc1cc(NS(=O)(=O)c2ccc(N)cc2)nc(C)n1	chembl_approved	CHEMBL485696	CC BY-SA 3.0	2026-09-25	278.34	1.476	2	5	97.97	3	19	33	2	0.167	0	0	0	
ZAFYATHCZYHLPB-UHFFFAOYSA-N	Cc1ccc(-c2nc3ccc(C)cn3c2CC(=O)N(C)C)cc1	chembl_approved	CHEMBL911	CC BY-SA 3.0	2026-09-25	307.4	3.249	0	2	37.61	3	23	44	3	0.263	0	0	0	chembl_approved:CHEMBL3989820
ZAIPMKNFIOOWCQ-UEKVPHQBSA-N	CC1=C(C(=O)O)N2C(=O)[C@@H](NC(=O)[C@H](N)c3ccccc3)[C@H]2SC1	chembl_approved	CHEMBL1727	CC BY-SA 3.0	2026-09-25	347.4	0.445	3	5	112.73	4	24	41	3	0.312	0	0	0	chembl_approved:CHEMBL1200366;chembl_approved:CHEMBL1200544
ZAKOWWREFLAJOT-ADUHFSDSSA-N	CC(=O)Oc1c(C)c(C)c2c(c1C)CCC(C)(CCC[C@H](C)CCC[C@H](C)CCCC(C)C)O2	chembl_approved	CHEMBL3989859	CC BY-SA 3.0	2026-09-25	472.75	9.06	0	3	35.53	13	34	86	2	0.774	0	1	0	
ZBBHBTPTTSWHBA-UHFFFAOYSA-N	COC(=O)C1=C(C)NC(C)=C(C(=O)OCCN(C)Cc2ccccc2)C1c1cccc([N+](=O)[O-])c1	chembl_approved	CHEMBL1484	CC BY-SA 3.0	2026-09-25	479.53	3.678	1	8	111.01	9	35	64	3	0.308	0	0	0	chembl_approved:CHEMBL1200326
ZBGXUVOIWDMMJE-QHNZEKIYSA-N	CCOC(=O)N[C@@H]1CC[C@@H]2[C@@H](C1)C[C@H]1C(=O)O[C@H](C)[C@H]1[C@H]2/C=C/c1ccc(-c2cccc(F)c2)cn1	chembl_approved	CHEMBL493982	CC BY-SA 3.0	2026-09-25	492.59	5.63	1	5	77.52	5	36	69	5	0.483	0	1	0	chembl_approved:CHEMBL2107386
ZBMZVLHSJCTVON-UHFFFAOYSA-N	CC(C)NCC(O)c1ccc(NS(C)(=O)=O)cc1	chembl_approved	CHEMBL471	CC BY-SA 3.0	2026-09-25	272.37	1.09	3	4	78.43	6	18	38	1	0.5	0	0	0	chembl_approved:CHEMBL1700
ZBNARPCCDMHDDV-HVMBLDELSA-J	Cc1cc(-c2ccc(/N=N/c3c(S(=O)(=O)[O-])cc4cc(S(=O)(=O)[O-])cc(N)c4c3O)c(C)c2)ccc1/N=N/c1c(S(=O)(=O)[O-])cc2cc(S(=O)(=O)[O-])cc(N)c2c1O	chembl_approved	CHEMBL1640	CC BY-SA 3.0	2026-09-25	868.86	5.3	4	20	370.74	9	58	82	6	0.059	1	3	0	
ZBNARPCCDMHDDV-HVMBLDELSA-N	Cc1cc(-c2ccc(/N=N/c3c(S(=O)(=O)O)cc4cc(S(=O)(=O)O)cc(N)c4c3O)c(C)c2)ccc1/N=N/c1c(S(=O)(=O)O)cc2cc(S(=O)(=O)O)cc(N)c2c1O	chembl_approved	CHEMBL1089641	CC BY-SA 3.0	2026-09-25	872.89	6.67	8	16	359.42	9	58	86	6	0.059	1	4	0	
ZBNZXTGUTAYRHI-UHFFFAOYSA-N	Cc1nc(Nc2ncc(C(=O)Nc3c(C)cccc3Cl)s2)cc(N2CCN(CCO)CC2)n1	chembl_approved	CHEMBL1421	CC BY-SA 3.0	2026-09-25	488.02	3.314	3	9	106.51	7	33	59	4	0.364	0	0	0	chembl_approved:CHEMBL5416410
ZBPLOVFIXSTCRZ-UHFFFAOYSA-M	Nc1c(CC(=O)[O-])cccc1C(=O)c1ccc(Br)cc1	chembl_approved	CHEMBL3181947	CC BY-SA 3.0	2026-09-25	333.16	1.555	1	4	83.22	4	20	31	2	0.067	1	0	0	
ZBPLOVFIXSTCRZ-UHFFFAOYSA-N	Nc1c(CC(=O)O)cccc1C(=O)c1ccc(Br)cc1	chembl_approved	CHEMBL1077	CC BY-SA 3.0	2026-09-25	334.17	2.889	2	3	80.39	4	20	32	2	0.067	1	0	0	
ZBVKEHDGYSLCCC-UHFFFAOYSA-N	CC1=C(C)C(=O)C(C(CCCCCC(=O)O)c2ccccc2)=C(C)C1=O	chembl_approved	CHEMBL70972	CC BY-SA 3.0	2026-09-25	354.45	4.61	1	3	71.44	8	26	52	2	0.409	1	0	0	
ZCCUWMICIWSJIX-NQJJCJBVSA-N	CCO/N=C(\C(=O)N[C@@H]1C(=O)N2C(C(=O)[O-])=C(Sc3nc(-c4cc[n+](C)cc4)cs3)CS[C@H]12)c1nsc(NP(=O)(O)O)n1	chembl_approved	CHEMBL501122	CC BY-SA 3.0	2026-09-25	684.7	-0.115	4	14	223.24	11	43	64	5	0.273	0	2	0	chembl_approved:CHEMBL3544973
ZCGNOVWYSGBHAU-UHFFFAOYSA-N	NC(=O)c1nc(F)cnc1O	chembl_approved	CHEMBL221722	CC BY-SA 3.0	2026-09-25	157.1	-0.58	2	4	89.1	1	11	15	1	0.0	0	0	0	
ZCGOMHNNNFPNMX-KYTRFIICSA-N	C[C@@H]1CN([C@H]2CC[C@](C#N)(c3ccc(F)cc3)CC2)CC[C@]1(C(=O)O)c1ccccc1	chembl_approved	CHEMBL1237102	CC BY-SA 3.0	2026-09-25	420.53	4.894	1	3	64.33	4	31	60	4	0.462	0	0	0	chembl_approved:CHEMBL1615438
ZCIGNRJZKPOIKD-CQXVEOKZSA-N	CC(C)c1nc(CN(C)C(=O)N[C@@H](CCN2CCOCC2)C(=O)N[C@H](CC[C@H](Cc2ccccc2)NC(=O)OCc2cncs2)Cc2ccccc2)cs1	chembl_approved	CHEMBL2095208	CC BY-SA 3.0	2026-09-25	776.04	6.001	3	10	138.02	19	54	107	5	0.475	0	2	0	
ZCJYUTQZBAIHBS-UHFFFAOYSA-N	Clc1ccc(C(Cn2ccnc2)OCc2ccc(Sc3ccccc3)cc2)c(Cl)c1	chembl_approved	CHEMBL1651990	CC BY-SA 3.0	2026-09-25	455.41	7.299	0	3	27.05	8	30	50	4	0.125	0	1	0	chembl_approved:CHEMBL2107703
ZCKAMNXUHHNZLN-UHFFFAOYSA-N	CC(C)(N)Cc1ccc(Cl)cc1	chembl_approved	CHEMBL1200595	CC BY-SA 3.0	2026-09-25	183.68	2.62	1	1	26.02	2	12	26	1	0.4	0	0	1	chembl_approved:CHEMBL1201269
ZCVAOQKBXKSDMS-AQYZNVCMSA-N	C=CCC1=C(C)C(OC(=O)[C@@H]2[C@@H](C=C(C)C)C2(C)C)CC1=O	chembl_approved	CHEMBL1788403	CC BY-SA 3.0	2026-09-25	302.41	4.002	0	3	43.37	5	22	48	2	0.579	0	0	0	
ZCVMWBYGMWKGHF-UHFFFAOYSA-N	CN1CCC(=C2c3ccccc3CC(=O)c3sccc32)CC1	chembl_approved	CHEMBL534	CC BY-SA 3.0	2026-09-25	309.43	4.014	0	3	20.31	0	22	41	4	0.316	0	0	0	chembl_approved:CHEMBL1633
ZCXUVYAZINUVJD-GLCXRVCCSA-N	OC[C@H]1OC(O)[C@H]([18F])[C@@H](O)[C@@H]1O	chembl_approved	CHEMBL2030434	CC BY-SA 3.0	2026-09-25	181.15	-2.244	4	5	90.15	1	12	23	1	1.0	0	0	0	
ZCXUVYAZINUVJD-IVMDWMLBSA-N	OC[C@H]1OC(O)[C@H](F)[C@@H](O)[C@@H]1O	chembl_approved	CHEMBL2068864	CC BY-SA 3.0	2026-09-25	182.15	-2.244	4	5	90.15	1	12	23	1	1.0	0	0	0	
ZDASUJMDVPTNTF-UHFFFAOYSA-N	Oc1c(Br)cc(Br)c2cccnc12	chembl_approved	CHEMBL223448	CC BY-SA 3.0	2026-09-25	302.95	3.465	1	2	33.12	0	13	18	2	0.0	0	0	0	
ZDIGNSYAACHWNL-HNNXBMFYSA-N	CN(C)CC[C@@H](c1ccc(Br)cc1)c1ccccn1	chembl_approved	CHEMBL1200638	CC BY-SA 3.0	2026-09-25	319.25	3.928	0	2	16.13	5	19	38	2	0.312	0	0	0	chembl_approved:CHEMBL1201287
ZDIGNSYAACHWNL-UHFFFAOYSA-N	CN(C)CCC(c1ccc(Br)cc1)c1ccccn1	chembl_approved	CHEMBL811	CC BY-SA 3.0	2026-09-25	319.25	3.928	0	2	16.13	5	19	38	2	0.312	0	0	0	chembl_approved:CHEMBL1200961
ZDXPYRJPNDTMRX-VKHMYHEASA-N	NC(=O)CC[C@H](N)C(=O)O	chembl_approved	CHEMBL930	CC BY-SA 3.0	2026-09-25	146.15	-1.336	3	3	106.41	4	10	20	0	0.6	0	0	1	
ZDZOTLJHXYCWBA-VCVYQWHSSA-N	CC(=O)O[C@@]12CO[C@@H]1C[C@H](O)[C@@]1(C)C(=O)[C@H](O)C3=C(C)[C@@H](OC(=O)[C@H](O)[C@@H](NC(=O)OC(C)(C)C)c4ccccc4)C[C@@](O)([C@@H](OC(=O)c4ccccc4)[C@H]21)C3(C)C	chembl_approved	CHEMBL92	CC BY-SA 3.0	2026-09-25	807.89	3.26	5	14	224.45	8	58	111	6	0.558	0	2	0	chembl_approved:CHEMBL3545252
ZEHYJZXQEQOSON-AATRIKPKSA-N	C#CC(O)(/C=C/Cl)CC	chembl_approved	CHEMBL591	CC BY-SA 3.0	2026-09-25	144.6	1.513	1	1	20.23	2	9	18	0	0.429	0	0	1	
ZEKZLJVOYLTDKK-UHFFFAOYSA-N	CCn1cc(C(=O)O)c(=O)c2cc(F)c(N3CCNC(C)C3)c(F)c21	chembl_approved	CHEMBL561	CC BY-SA 3.0	2026-09-25	351.35	1.796	2	4	74.57	3	25	44	3	0.412	0	0	0	chembl_approved:CHEMBL1728
ZEMIJUDPLILVNQ-ZXFNITATSA-N	CC(C)(C)C(=O)OCOC(=O)[C@@H]1N2C(=O)[C@@H](NC(=O)[C@H](N)c3ccccc3)[C@H]2SC1(C)C	chembl_approved	CHEMBL3182343	CC BY-SA 3.0	2026-09-25	463.56	1.324	2	8	128.03	6	32	61	3	0.545	0	0	0	
ZEUITGRIYCTCEM-KRWDZBQOSA-N	CNCC[C@H](Oc1cccc2ccccc12)c1cccs1	chembl_approved	CHEMBL1175	CC BY-SA 3.0	2026-09-25	297.42	4.631	1	3	21.26	6	21	40	3	0.222	0	0	0	chembl_approved:CHEMBL1200328
ZEWQUBUPAILYHI-UHFFFAOYSA-N	CN1CCN(CCCN2c3ccccc3Sc3ccc(C(F)(F)F)cc32)CC1	chembl_approved	CHEMBL422	CC BY-SA 3.0	2026-09-25	407.51	4.946	0	4	9.72	4	28	52	4	0.429	0	0	0	chembl_approved:CHEMBL1257040
ZFMITUMMTDLWHR-UHFFFAOYSA-N	Nc1cc(N2CCCCC2)nc(N)[n+]1[O-]	chembl_approved	CHEMBL802	CC BY-SA 3.0	2026-09-25	209.25	-0.13	2	5	95.11	1	15	30	2	0.556	0	0	0	
ZFXYFBGIUFBOJW-UHFFFAOYSA-N	Cn1c(=O)c2[nH]cnc2n(C)c1=O	chembl_approved	CHEMBL1200578	CC BY-SA 3.0	2026-09-25	180.17	-1.04	1	3	72.68	0	13	21	2	0.286	0	0	1	chembl_approved:CHEMBL1208646
ZGUGWUXLJSTTMA-UHFFFAOYSA-N	CN(C)CCCN1c2ccccc2Sc2ccccc21	chembl_approved	CHEMBL564	CC BY-SA 3.0	2026-09-25	284.43	4.241	0	3	6.48	4	20	40	3	0.294	1	0	0	chembl_approved:CHEMBL1200469
ZGXJTSGNIOSYLO-UHFFFAOYSA-N	NCC(=O)CCC(=O)O	chembl_approved	CHEMBL601	CC BY-SA 3.0	2026-09-25	131.13	-0.621	2	3	80.39	4	9	18	0	0.6	0	0	1	chembl_approved:CHEMBL1200582
ZHKNLJLMDFQVHJ-RUZDIDTESA-N	CC[C@@H](Oc1cccc(CN(CCCOc2ccc(OC)cc2)c2nc3ccccc3o2)c1)C(=O)O	chembl_approved	CHEMBL247951	CC BY-SA 3.0	2026-09-25	490.56	5.554	1	7	94.26	13	36	66	4	0.286	0	1	0	
ZIAOVIPSKUPPQW-UHFFFAOYSA-N	Cn1c(Cn2ccc(C(F)(F)F)c(Oc3cc(Cl)cc(C#N)c3)c2=O)n[nH]c1=O	chembl_approved	CHEMBL2364608	CC BY-SA 3.0	2026-09-25	425.75	2.655	1	5	105.7	4	29	40	3	0.176	0	0	0	
ZISJNXNHJRQYJO-CMDGGOBGSA-N	CC(C)c1c(O)cc(/C=C/c2ccccc2)cc1O	chembl_approved	CHEMBL259571	CC BY-SA 3.0	2026-09-25	254.33	4.392	2	2	40.46	3	19	37	2	0.176	0	0	0	
ZJAOAACCNHFJAH-UHFFFAOYSA-K	O=C([O-])P(=O)([O-])[O-]	chembl_approved	CHEMBL754	CC BY-SA 3.0	2026-09-25	122.98	-2.757	0	5	103.32	1	7	7	0	0.0	0	0	0	
ZJAOAACCNHFJAH-UHFFFAOYSA-N	O=C(O)P(=O)(O)O	chembl_approved	CHEMBL666	CC BY-SA 3.0	2026-09-25	126.0	-0.158	3	2	94.83	1	7	10	0	0.0	0	0	1	
ZJIJAJXFLBMLCK-UHFFFAOYSA-N	FC(F)(F)C(F)(F)C(F)(F)C(F)(F)C(F)(F)C(F)(F)F	chembl_approved	CHEMBL1200607	CC BY-SA 3.0	2026-09-25	338.04	4.652	0	0	0.0	3	20	20	0	1.0	0	0	0	
ZJJXGWJIGJFDTL-UHFFFAOYSA-N	Cc1cnc(C(=O)NCCc2ccc(S(=O)(=O)NC(=O)NC3CCCCC3)cc2)cn1	chembl_approved	CHEMBL1073	CC BY-SA 3.0	2026-09-25	445.55	2.078	3	6	130.15	7	31	58	3	0.429	0	0	0	
ZJKNESGOIKRXQY-UHFFFAOYSA-N	CSc1ccc(C(=O)c2[nH]c(=O)[nH]c2C)cc1	chembl_approved	CHEMBL249856	CC BY-SA 3.0	2026-09-25	248.31	1.964	2	3	65.72	3	17	29	2	0.167	0	0	1	
ZJVFLBOZORBYFE-UHFFFAOYSA-N	CC(C)C(=O)c1c(C(C)C)nn2ccccc12	chembl_approved	CHEMBL19449	CC BY-SA 3.0	2026-09-25	230.31	3.296	0	2	34.37	3	17	35	2	0.429	0	0	0	
ZKIAIYBUSXZPLP-UHFFFAOYSA-N	O=c1ccc2ccc(OCCCCN3CCN(c4cccc5sccc45)CC3)cc2[nH]1	chembl_approved	CHEMBL2105760	CC BY-SA 3.0	2026-09-25	433.58	4.724	1	5	48.57	7	31	58	5	0.32	0	0	0	
ZKLPARSLTMPFCP-OAQYLSRUSA-N	O=C(O)COCCN1CCN([C@H](c2ccccc2)c2ccc(Cl)cc2)CC1	chembl_approved	CHEMBL1201190	CC BY-SA 3.0	2026-09-25	388.9	3.148	1	4	53.01	8	27	52	3	0.381	0	0	0	chembl_approved:CHEMBL1201191
ZKLPARSLTMPFCP-UHFFFAOYSA-N	O=C(O)COCCN1CCN(C(c2ccccc2)c2ccc(Cl)cc2)CC1	chembl_approved	CHEMBL1000	CC BY-SA 3.0	2026-09-25	388.9	3.148	1	4	53.01	8	27	52	3	0.381	0	0	0	chembl_approved:CHEMBL1607273
ZKMNUMMKYBVTFN-HNNXBMFYSA-N	CCCN1CCCC[C@H]1C(=O)Nc1c(C)cccc1C	chembl_approved	CHEMBL1077896	CC BY-SA 3.0	2026-09-25	274.41	3.506	1	2	32.34	4	20	46	2	0.588	0	0	0	chembl_approved:CHEMBL1889140
ZLHZLMOSPGACSZ-NSHDSACASA-N	O=[N+]([O-])c1cn2c(n1)OC[C@@H](OCc1ccc(OC(F)(F)F)cc1)C2	chembl_approved	CHEMBL227875	CC BY-SA 3.0	2026-09-25	359.26	2.668	0	6	88.65	5	25	37	3	0.357	0	0	0	
ZNEWHQLOPFWXOF-UHFFFAOYSA-M	O=S(=O)([O-])CCS	chembl_approved	CHEMBL975	CC BY-SA 3.0	2026-09-25	141.19	-0.539	1	4	57.2	2	7	12	0	1.0	0	0	0	
ZNEWHQLOPFWXOF-UHFFFAOYSA-N	O=S(=O)(O)CCS	chembl_approved	CHEMBL1098319	CC BY-SA 3.0	2026-09-25	142.2	-0.196	2	3	54.37	2	7	13	0	1.0	0	0	1	
ZNNLBTZKUZBEKO-UHFFFAOYSA-N	COc1ccc(Cl)cc1C(=O)NCCc1ccc(S(=O)(=O)NC(=O)NC2CCCCC2)cc1	chembl_approved	CHEMBL472	CC BY-SA 3.0	2026-09-25	494.01	3.642	3	5	113.6	8	33	61	3	0.391	0	0	0	
ZNOVTXRBGFNYRX-STQMWFEESA-L	CN1c2c([nH]c(N)nc2=O)NC[C@@H]1CNc1ccc(C(=O)N[C@@H](CCC(=O)[O-])C(=O)[O-])cc1	chembl_approved	CHEMBL1615371	CC BY-SA 3.0	2026-09-25	457.45	-2.927	5	11	208.43	9	33	56	3	0.35	0	1	0	
ZNOVTXRBGFNYRX-STQMWFEESA-N	CN1c2c([nH]c(N)nc2=O)NC[C@@H]1CNc1ccc(C(=O)N[C@@H](CCC(=O)O)C(=O)O)cc1	chembl_approved	CHEMBL1231574	CC BY-SA 3.0	2026-09-25	459.46	-0.258	7	9	202.77	9	33	58	3	0.35	0	1	0	
ZNRGQMMCGHDTEI-ITGUQSILSA-N	CN1[C@@H]2CC[C@H]1C[C@@H](OC(=O)c1c[nH]c3ccccc13)C2	chembl_approved	CHEMBL56564	CC BY-SA 3.0	2026-09-25	284.36	2.95	1	3	45.33	2	21	41	4	0.471	0	0	1	
ZOCKGBMQLCSHFP-KQRAQHLDSA-N	CCCCC(=O)OCC(=O)[C@]1(O)Cc2c(O)c3c(c(O)c2[C@@H](O[C@H]2C[C@H](NC(=O)C(F)(F)F)[C@H](O)[C@H](C)O2)C1)C(=O)c1c(OC)cccc1C3=O	chembl_approved	CHEMBL1096885	CC BY-SA 3.0	2026-09-25	723.65	2.462	5	13	215.22	10	51	87	5	0.5	1	2	0	
ZPEIMTDSQAKGNT-UHFFFAOYSA-N	CN(C)CCCN1c2ccccc2Sc2ccc(Cl)cc21	chembl_approved	CHEMBL71	CC BY-SA 3.0	2026-09-25	318.87	4.894	0	3	6.48	4	21	40	3	0.294	0	0	0	chembl_approved:CHEMBL1713
ZPMNHBXQOOVQJL-UHFFFAOYSA-N	COCCCN1CCC(NC(=O)c2cc(Cl)c(N)c3c2OCC3)CC1	chembl_approved	CHEMBL117287	CC BY-SA 3.0	2026-09-25	367.88	2.088	2	5	76.82	6	25	51	3	0.611	0	0	0	chembl_approved:CHEMBL2105748
ZPUCINDJVBIVPJ-LJISPDSOSA-N	COC(=O)[C@H]1[C@@H](OC(=O)c2ccccc2)C[C@@H]2CC[C@H]1N2C	chembl_approved	CHEMBL370805	CC BY-SA 3.0	2026-09-25	303.36	1.868	0	5	55.84	3	22	43	3	0.529	0	0	0	chembl_approved:CHEMBL529437
ZPXSCAKFGYXMGA-UHFFFAOYSA-N	OC1(c2ccc(Cl)cc2)c2ccccc2C2=NCCN21	chembl_approved	CHEMBL781	CC BY-SA 3.0	2026-09-25	284.75	2.609	1	3	35.83	1	20	33	4	0.188	0	0	1	
ZQDWXGKKHFNSQK-UHFFFAOYSA-N	OCCOCCN1CCN(C(c2ccccc2)c2ccc(Cl)cc2)CC1	chembl_approved	CHEMBL896	CC BY-SA 3.0	2026-09-25	374.91	3.056	1	4	35.94	8	26	53	3	0.429	0	0	0	chembl_approved:CHEMBL3186993
ZQHFZHPUZXNPMF-UHFFFAOYSA-N	NC(N)=Nc1nc(CSCCN/C=N/S(=O)(=O)c2ccc(Br)cc2)cs1	chembl_approved	CHEMBL1742471	CC BY-SA 3.0	2026-09-25	477.44	2.05	3	6	135.82	9	26	43	2	0.214	0	0	0	
ZQPPMHVWECSIRJ-KTKRTIGZSA-N	CCCCCCCC/C=C\CCCCCCCC(=O)O	chembl_approved	CHEMBL3989529	CC BY-SA 3.0	2026-09-25	282.47	6.109	1	1	37.3	15	20	54	0	0.833	0	1	0	
ZQTNQVWKHCQYLQ-UHFFFAOYSA-N	CCCCc1oc2ccc(NS(C)(=O)=O)cc2c1C(=O)c1ccc(OCCCN(CCCC)CCCC)cc1	chembl_approved	CHEMBL184412	CC BY-SA 3.0	2026-09-25	556.77	7.049	1	6	88.85	18	39	83	3	0.516	0	2	0	chembl_approved:CHEMBL1201729
ZRCVYEYHRGVLOC-HYARGMPZSA-N	CO/N=C1\CN(c2nc3c(cc2F)c(=O)c(C(=O)O)cn3C2CC2)CC1CN	chembl_approved	CHEMBL430	CC BY-SA 3.0	2026-09-25	389.39	0.966	2	7	123.04	5	28	48	4	0.444	0	0	0	chembl_approved:CHEMBL1200621
ZRIHAIZYIMGOAB-UHFFFAOYSA-M	CCC(C)C1(CC)C(=O)[N-]C(=O)NC1=O	chembl_approved	CHEMBL1200982	CC BY-SA 3.0	2026-09-25	211.24	1.579	1	3	77.34	3	15	30	1	0.7	0	0	1	
ZRIHAIZYIMGOAB-UHFFFAOYSA-N	CCC(C)C1(CC)C(=O)NC(=O)NC1=O	chembl_approved	CHEMBL449	CC BY-SA 3.0	2026-09-25	212.25	0.795	2	3	75.27	3	15	31	1	0.7	0	0	1	
ZRVUJXDFFKFLMG-UHFFFAOYSA-N	Cc1cnc(NC(=O)C2=C(O)c3ccccc3S(=O)(=O)N2C)s1	chembl_approved	CHEMBL599	CC BY-SA 3.0	2026-09-25	351.41	1.951	2	6	99.6	2	23	36	3	0.143	0	0	0	
ZRYHPQCHHOKSMD-UHFFFAOYSA-N	C[N+]1(C)CCN(CC(O)(c2ccccc2)C2CCCCC2)CC1	chembl_approved	CHEMBL1201325	CC BY-SA 3.0	2026-09-25	317.5	2.847	1	2	23.47	4	23	56	3	0.7	0	0	0	chembl_approved:CHEMBL1626570
ZSBOMTDTBDDKMP-OAHLLOKOSA-N	Cn1c(=O)cc(N2CCC[C@@H](N)C2)n(Cc2ccccc2C#N)c1=O	chembl_approved	CHEMBL227529	CC BY-SA 3.0	2026-09-25	339.4	0.394	1	5	97.05	3	25	46	3	0.389	0	0	0	chembl_approved:CHEMBL376359
ZSCDBOWYZJWBIY-UHFFFAOYSA-N	CC(CN(C)C)CN1c2ccccc2CCc2ccccc21	chembl_approved	CHEMBL644	CC BY-SA 3.0	2026-09-25	294.44	4.121	0	2	6.48	4	22	48	3	0.4	0	0	0	chembl_approved:CHEMBL1200948
ZSDBFLMJVAGKOU-UHFFFAOYSA-N	O=C(CCCc1ccccc1)OCC(COC(=O)CCCc1ccccc1)OC(=O)CCCc1ccccc1	chembl_approved	CHEMBL2105745	CC BY-SA 3.0	2026-09-25	530.66	6.053	0	6	78.9	17	39	77	3	0.364	0	2	0	
ZSKVGTPCRGIANV-ZXFLCMHBSA-N	C[C@@H](O)[C@H]1C(=O)N2C(C(=O)O)=C(SCCNC=N)C[C@H]12	chembl_approved	CHEMBL148	CC BY-SA 3.0	2026-09-25	299.35	-0.176	4	5	113.72	7	20	37	2	0.583	0	0	0	chembl_approved:CHEMBL43708
ZTVIKZXZYLEVOL-MCOXGKPRSA-N	CN1[C@@H]2CC[C@H]1C[C@@H](OC(=O)C(O)c1ccccc1)C2	chembl_approved	CHEMBL1319362	CC BY-SA 3.0	2026-09-25	275.35	1.888	1	4	49.77	3	20	41	3	0.562	0	0	0	chembl_approved:CHEMBL1618018
ZTVQQQVZCWLTDF-UHFFFAOYSA-N	CCC(=O)N(c1ccccc1)C1(C(=O)OC)CCN(CCC(=O)OC)CC1	chembl_approved	CHEMBL1005	CC BY-SA 3.0	2026-09-25	376.45	2.0	0	6	76.15	7	27	55	2	0.55	0	0	0	chembl_approved:CHEMBL1201120
ZVHNDZWQTBEVRY-UHFFFAOYSA-N	N#CCNC(=O)c1ccc(-c2ccnc(Nc3ccc(N4CCOCC4)cc3)n2)cc1	chembl_approved	CHEMBL1078178	CC BY-SA 3.0	2026-09-25	414.47	2.977	2	7	103.17	6	31	53	4	0.217	1	0	0	chembl_approved:CHEMBL2219411;chembl_approved:CHEMBL6068336
ZXERDUOLZKYMJM-ZWECCWDJSA-N	CC[C@H]1[C@@H](O)[C@@H]2[C@H](CC[C@]3(C)[C@@H]([C@H](C)CCC(=O)O)CC[C@@H]23)[C@@]2(C)CC[C@@H](O)C[C@@H]12	chembl_approved	CHEMBL566315	CC BY-SA 3.0	2026-09-25	420.63	5.114	3	3	77.76	5	30	74	4	0.962	0	1	0	
ZXIBCJHYVWYIKI-PZJWPPBQSA-N	CCOC(=O)CN[C@@H](C(=O)N1CC[C@H]1C(=O)NCc1ccc(/C(N)=N\O)cc1)C1CCCCC1	chembl_approved	CHEMBL522038	CC BY-SA 3.0	2026-09-25	473.57	1.1	4	7	146.35	10	34	69	3	0.583	0	0	0	
ZXVNMYWKKDOREA-UHFFFAOYSA-M	Cc1cc(CC(=O)[O-])n(C)c1C(=O)c1ccc(Cl)cc1	chembl_approved	CHEMBL3989403	CC BY-SA 3.0	2026-09-25	290.73	1.51	0	3	62.13	4	20	33	2	0.2	0	0	1	
ZXVNMYWKKDOREA-UHFFFAOYSA-N	Cc1cc(CC(=O)O)n(C)c1C(=O)c1ccc(Cl)cc1	chembl_approved	CHEMBL19490	CC BY-SA 3.0	2026-09-25	291.73	2.845	1	2	59.3	4	20	34	2	0.2	0	0	1	
ZYGHJZDHTFUPRJ-UHFFFAOYSA-N	O=c1ccc2ccccc2o1	chembl_approved	CHEMBL6466	CC BY-SA 3.0	2026-09-25	146.14	1.793	0	2	30.21	0	11	17	2	0.0	0	0	1	
ZYTXTXAMMDTYDQ-DGEXFFLYSA-N	C[C@@H]1C[C@H]2[C@@H]3CCC4=CC(=O)C=C[C@]4(C)C3=CC[C@]2(C)[C@@]1(O)C(=O)CO	chembl_approved	CHEMBL2348780	CC BY-SA 3.0	2026-09-25	356.46	2.753	2	4	74.6	2	26	54	4	0.636	0	0	0	
ZZHLYYDVIOPZBE-UHFFFAOYSA-N	CC(CN(C)C)CN1c2ccccc2Sc2ccccc21	chembl_approved	CHEMBL829	CC BY-SA 3.0	2026-09-25	298.46	4.487	0	3	6.48	4	21	43	3	0.333	1	0	0	chembl_approved:CHEMBL3989885
ZZORFUFYDOWNEF-UHFFFAOYSA-N	COc1cc(NS(=O)(=O)c2ccc(N)cc2)nc(OC)n1	chembl_approved	CHEMBL62193	CC BY-SA 3.0	2026-09-25	310.34	0.877	2	7	116.43	5	21	35	2	0.167	0	0	0	
ZZUFCTLCJUWOSV-UHFFFAOYSA-N	NS(=O)(=O)c1cc(C(=O)O)c(NCc2ccco2)cc1Cl	chembl_approved	CHEMBL35	CC BY-SA 3.0	2026-09-25	330.75	1.891	3	5	122.63	5	21	32	2	0.083	0	0	0	
ZZVUWRFHKOJYTH-UHFFFAOYSA-N	CN(C)CCOC(c1ccccc1)c1ccccc1	chembl_approved	CHEMBL657	CC BY-SA 3.0	2026-09-25	255.36	3.354	0	2	12.47	6	19	40	2	0.294	0	0	0	chembl_approved:CHEMBL1620;chembl_approved:CHEMBL1200406;chembl_approved:CHEMBL1201089
