arm	inchikey	smiles	source	source_id	licence	fetched	mw	clogp	hbd	hba	tpsa	rotb	heavy	total_atoms	rings	frac_csp3	pains	ro5_viol	is_fragment	also_in	stratum
screen	RNUZGLNPXJEBKW-UHFFFAOYSA-N	CC(C(N)=O)N1CCC(C(=O)NC2CCCCC2)CC1	coadd	CHEMBL4554904	CC BY-SA 3.0 via ChEMBL. NOT taken from db.co-add.org, whose own notice restricts systematic download and non-commercial use	2026-09-26	281.4	1.021	2	3	75.43	4	20	47	2	0.867	0	0	1		fragment
screen	RPEWDZWYXHOICS-UHFFFAOYSA-N	COc1cc(Cl)c(CN)cc1OC	coadd	CHEMBL4538604	CC BY-SA 3.0 via ChEMBL. NOT taken from db.co-add.org, whose own notice restricts systematic download and non-commercial use	2026-09-26	201.65	1.816	1	3	44.48	3	13	25	1	0.333	0	0	1		fragment
screen	HEMQINSXWBMZOJ-UHFFFAOYSA-N	CC1=C(C(=O)NC(C)c2nc3ccccc3[nH]2)CCO1	coadd	CHEMBL4571386	CC BY-SA 3.0 via ChEMBL. NOT taken from db.co-add.org, whose own notice restricts systematic download and non-commercial use	2026-09-26	271.32	2.434	2	3	67.01	3	20	37	3	0.333	0	0	1		fragment
screen	CUKQFZDGLCFERQ-UHFFFAOYSA-N	CCCCN1CCN=C1S	coadd	CHEMBL1308178	CC BY-SA 3.0 via ChEMBL. NOT taken from db.co-add.org, whose own notice restricts systematic download and non-commercial use	2026-09-26	158.27	1.388	1	2	15.6	3	10	24	1	0.857	0	0	1		fragment
screen	NSQBJDBKAYSFTP-UHFFFAOYSA-N	O=C(CNCc1ccco1)Nc1ccccc1	coadd	CHEMBL4514877	CC BY-SA 3.0 via ChEMBL. NOT taken from db.co-add.org, whose own notice restricts systematic download and non-commercial use	2026-09-26	230.27	2.008	2	3	54.27	5	17	31	2	0.154	0	0	1		fragment
screen	OUYCCCASQSFEME-QMMMGPOBSA-N	N[C@@H](Cc1ccc(O)cc1)C(=O)O	chembl_approved	CHEMBL925	CC BY-SA 3.0	2026-09-25	181.19	0.347	3	3	83.55	3	13	24	1	0.222	0	0	1		fragment
screen	GPMOGKAJTTXKII-UHFFFAOYSA-N	CC(CNS(N)(=O)=O)Cc1cccs1	coadd	CHEMBL4548660	CC BY-SA 3.0 via ChEMBL. NOT taken from db.co-add.org, whose own notice restricts systematic download and non-commercial use	2026-09-26	234.35	0.72	2	3	72.19	5	14	28	1	0.5	0	0	1		fragment
screen	PMHFLBQRALFMRT-UHFFFAOYSA-N	NNC(=O)CP(=O)(c1ccccc1)c1ccccc1	chembl_phase2	CHEMBL1357989	CC BY-SA 3.0	2026-09-25	274.26	0.99	2	3	72.19	4	19	34	2	0.071	0	0	1		fragment
screen	CVRWHBCQJCUBFE-UHFFFAOYSA-N	c1n[nH]c2c1CNC2	coadd	CHEMBL4556908	CC BY-SA 3.0 via ChEMBL. NOT taken from db.co-add.org, whose own notice restricts systematic download and non-commercial use	2026-09-26	109.13	0.013	2	2	40.71	0	8	15	2	0.4	0	0	1		fragment
screen	MGOCBXKZDZRPMK-UHFFFAOYSA-N	CC1Oc2ccc(Cl)cc2NC1=O	coadd	CHEMBL4559369	CC BY-SA 3.0 via ChEMBL. NOT taken from db.co-add.org, whose own notice restricts systematic download and non-commercial use	2026-09-26	197.62	2.059	1	2	38.33	0	13	21	2	0.222	0	0	1		fragment
screen	LREQLEBVOXIEOM-UHFFFAOYSA-N	CC(N)CCCC(C)(C)O	chembl_phase2	CHEMBL2111076	CC BY-SA 3.0	2026-09-25	145.25	1.275	2	2	46.25	4	10	29	0	1.0	0	0	1		fragment
screen	OFCNXPDARWKPPY-UHFFFAOYSA-M	O=c1[n-]cnc2[nH]ncc12	chembl_approved	CHEMBL1200477	CC BY-SA 3.0	2026-09-25	135.11	-0.725	1	3	72.74	0	10	13	2	0.0	0	0	1		fragment
screen	OLUYJVIMMJKRAS-UHFFFAOYSA-N	CN(C)C(=O)CCN1CCC(N)CC1	coadd	CHEMBL4546410	CC BY-SA 3.0 via ChEMBL. NOT taken from db.co-add.org, whose own notice restricts systematic download and non-commercial use	2026-09-26	199.3	-0.112	1	3	49.57	3	14	35	1	0.9	0	0	1		fragment
screen	OHQIHBSBDGTMOL-UHFFFAOYSA-N	CN(CCc1cnn(C)c1)C(=O)c1c[nH]c(=O)[nH]1	coadd	CHEMBL4531899	CC BY-SA 3.0 via ChEMBL. NOT taken from db.co-add.org, whose own notice restricts systematic download and non-commercial use	2026-09-26	249.27	-0.249	2	3	86.78	4	18	33	2	0.364	0	0	1		fragment
screen	ODHCTXKNWHHXJC-VKHMYHEASA-M	O=C([O-])[C@@H]1CCC(O)=N1	chembl_phase2	CHEMBL3707303	CC BY-SA 3.0	2026-09-25	128.11	-1.145	1	3	72.72	1	9	15	1	0.6	0	0	1		fragment
screen	DREKKJYQRXGNSY-UHFFFAOYSA-N	CN(CCN)CC(=O)N(C)C	coadd	CHEMBL4582819	CC BY-SA 3.0 via ChEMBL. NOT taken from db.co-add.org, whose own notice restricts systematic download and non-commercial use	2026-09-26	159.23	-1.035	1	3	49.57	4	11	28	0	0.857	0	0	1		fragment
screen	LSUZTWXFZMOPGU-UHFFFAOYSA-N	CC1CCCN1S(=O)(=O)N1CC(N2CCNC2=O)C1	coadd	CHEMBL4576674	CC BY-SA 3.0 via ChEMBL. NOT taken from db.co-add.org, whose own notice restricts systematic download and non-commercial use	2026-09-26	288.37	-0.575	1	3	72.96	3	19	39	3	0.909	0	0	1		fragment
screen	PIRQFBKWGQLLMT-UHFFFAOYSA-N	Cc1cccc(C(C)(C)N)c1	coadd	CHEMBL4526481	CC BY-SA 3.0 via ChEMBL. NOT taken from db.co-add.org, whose own notice restricts systematic download and non-commercial use	2026-09-26	149.24	2.189	1	1	26.02	1	11	26	1	0.4	0	0	1		fragment
screen	LCTONWCANYUPML-UHFFFAOYSA-N	CC(=O)C(=O)O	chembl_phase2	CHEMBL1162144	CC BY-SA 3.0	2026-09-25	88.06	-0.34	1	2	54.37	1	6	10	0	0.333	0	0	1		fragment
screen	KYQCOXFCLRTKLS-UHFFFAOYSA-N	c1cnccn1	chembl_phase3	CHEMBL15797	CC BY-SA 3.0	2026-09-25	80.09	0.477	0	2	25.78	0	6	10	1	0.0	0	0	1		fragment
screen	UPOBGZKUNWGEET-UHFFFAOYSA-N	NS(=O)(=O)N1CCCC1C(=O)NC1CC1	coadd	CHEMBL4592096	CC BY-SA 3.0 via ChEMBL. NOT taken from db.co-add.org, whose own notice restricts systematic download and non-commercial use	2026-09-26	233.29	-1.067	2	3	92.5	3	15	30	2	0.875	0	0	1		fragment
screen	LCTONWCANYUPML-UHFFFAOYSA-M	CC(=O)C(=O)[O-]	chembl_phase2	CHEMBL181886	CC BY-SA 3.0	2026-09-25	87.05	-1.675	0	3	57.2	1	6	9	0	0.333	0	0	1		fragment
screen	YXFVVABEGXRONW-UHFFFAOYSA-N	Cc1ccccc1	chembl_phase2	CHEMBL9113	CC BY-SA 3.0	2026-09-25	92.14	1.995	0	0	0.0	0	7	15	1	0.143	0	0	1		fragment
screen	KJUYFPJSIRWYOW-UHFFFAOYSA-N	NC1CCS(=O)(=O)c2ccc(Br)cc21	coadd	CHEMBL4557038	CC BY-SA 3.0 via ChEMBL. NOT taken from db.co-add.org, whose own notice restricts systematic download and non-commercial use	2026-09-26	276.16	1.626	1	3	60.16	0	14	24	2	0.333	0	0	1		fragment
screen	OMUGUMYARREANB-UHFFFAOYSA-N	O=C(CCC1CCCCC1)N1CCNCC1	coadd	CHEMBL4555606	CC BY-SA 3.0 via ChEMBL. NOT taken from db.co-add.org, whose own notice restricts systematic download and non-commercial use	2026-09-26	224.35	1.779	1	2	32.34	3	16	40	2	0.923	0	0	1		fragment
screen	WXDTZNAJANCJIW-UHFFFAOYSA-N	CC(=O)Nc1ccccc1CN(C)Cc1nccn1C	coadd	CHEMBL4559260	CC BY-SA 3.0 via ChEMBL. NOT taken from db.co-add.org, whose own notice restricts systematic download and non-commercial use	2026-09-26	272.35	2.01	1	3	50.16	5	20	40	2	0.333	0	0	1		fragment
screen	ZOMOUQHBJCPYNA-UHFFFAOYSA-N	Cc1ccc2c(c1)OC(C)C(=O)N2	coadd	CHEMBL4518151	CC BY-SA 3.0 via ChEMBL. NOT taken from db.co-add.org, whose own notice restricts systematic download and non-commercial use	2026-09-26	177.2	1.714	1	2	38.33	0	13	24	2	0.3	0	0	1		fragment
screen	WWNOVKZOKFLYAF-UHFFFAOYSA-N	CSCCC(N)c1nc2ccccc2[nH]1	coadd	CHEMBL4517680	CC BY-SA 3.0 via ChEMBL. NOT taken from db.co-add.org, whose own notice restricts systematic download and non-commercial use	2026-09-26	221.33	2.316	2	3	54.7	4	15	30	2	0.364	0	0	1		fragment
screen	JOXQHYFVXZZGQZ-UHFFFAOYSA-N	OC1CN(Cc2ccccc2)C1	coadd	CHEMBL4590264	CC BY-SA 3.0 via ChEMBL. NOT taken from db.co-add.org, whose own notice restricts systematic download and non-commercial use	2026-09-26	163.22	0.863	1	2	23.47	2	12	25	2	0.4	0	0	1		fragment
screen	NZERRTYPTPRCIR-ARSLAPBQSA-N	O=C(O)/C=C/CC[C@@H]1SC[C@@H]2NC(=O)N[C@@H]21	chembl_phase2	CHEMBL3989616	CC BY-SA 3.0	2026-09-25	242.3	0.573	3	3	78.43	4	16	30	2	0.6	0	0	1		fragment
screen	NZXKDOXHBHYTKP-UHFFFAOYSA-M	C=CCC1(C(C)C#CCC)C(=O)N=C([O-])N(C)C1=O	chembl_approved	CHEMBL30219	CC BY-SA 3.0	2026-09-25	261.3	0.313	0	3	72.8	3	19	36	1	0.5	0	0	1		fragment
screen	HZSTVWBHDTTXEW-UHFFFAOYSA-N	Cc1cc(=O)n2nccc2[nH]1	coadd	CHEMBL4525057	CC BY-SA 3.0 via ChEMBL. NOT taken from db.co-add.org, whose own notice restricts systematic download and non-commercial use	2026-09-26	149.15	0.331	1	2	50.16	0	11	18	2	0.143	0	0	1		fragment
screen	ABJKIHHNDMEBNA-UHFFFAOYSA-N	Cc1coc2ccccc2c1=O	chembl_phase2	CHEMBL2105215	CC BY-SA 3.0	2026-09-25	160.17	2.101	0	2	30.21	0	12	20	2	0.1	0	0	1		fragment
screen	WVDDGKGOMKODPV-UHFFFAOYSA-N	OCc1ccccc1	chembl_approved	CHEMBL720	CC BY-SA 3.0	2026-09-25	108.14	1.179	1	1	20.23	1	8	16	1	0.143	0	0	1		fragment
screen	WPHKSKAWLZGADW-UHFFFAOYSA-N	OC1CCN(C2CNC2)C1	coadd	CHEMBL4592524	CC BY-SA 3.0 via ChEMBL. NOT taken from db.co-add.org, whose own notice restricts systematic download and non-commercial use	2026-09-26	142.2	-0.975	2	3	35.5	1	10	24	2	1.0	0	0	1		fragment
screen	GJXWDTUCERCKIX-UHFFFAOYSA-N	O=CN(O)CCCP(=O)(O)O	chembl_phase3	CHEMBL203125	CC BY-SA 3.0	2026-09-25	183.1	-0.598	3	3	98.07	5	11	21	0	0.75	0	0	1		fragment
screen	QIKUORMAINBTRU-UHFFFAOYSA-N	CNC(=O)CNC(=O)c1ccccc1O	coadd	CHEMBL4538657	CC BY-SA 3.0 via ChEMBL. NOT taken from db.co-add.org, whose own notice restricts systematic download and non-commercial use	2026-09-26	208.22	-0.132	3	3	78.43	3	15	27	1	0.2	0	0	1		fragment
screen	DYDCUQKUCUHJBH-UWTATZPHSA-N	N[C@@H]1CONC1=O	chembl_approved	CHEMBL771	CC BY-SA 3.0	2026-09-25	102.09	-1.625	2	3	64.35	0	7	13	1	0.667	0	0	1	coadd:CHEMBL771	fragment
screen	UDYSDVVJHGYAHB-UHFFFAOYSA-N	CS(=O)(=O)N1CCC(N)C1	coadd	CHEMBL4549024	CC BY-SA 3.0 via ChEMBL. NOT taken from db.co-add.org, whose own notice restricts systematic download and non-commercial use	2026-09-26	164.23	-1.021	1	3	63.4	1	10	22	1	1.0	0	0	1		fragment
screen	PXLFIPZYSXZASY-UHFFFAOYSA-N	Cc1cccc(C(=O)N2CCN(S(N)(=O)=O)CC2)c1	coadd	CHEMBL4538778	CC BY-SA 3.0 via ChEMBL. NOT taken from db.co-add.org, whose own notice restricts systematic download and non-commercial use	2026-09-26	283.35	-0.044	1	3	83.71	2	19	36	2	0.417	0	0	1		fragment
screen	FPLOWPOUHNRUMN-UHFFFAOYSA-N	CCC(CC)c1ncc[nH]1	coadd	CHEMBL1567276	CC BY-SA 3.0 via ChEMBL. NOT taken from db.co-add.org, whose own notice restricts systematic download and non-commercial use	2026-09-26	138.21	2.313	1	1	28.68	3	10	24	1	0.625	0	0	1		fragment
screen	QNAYBMKLOCPYGJ-REOHCLBHSA-N	C[C@H](N)C(=O)O	chembl_phase3	CHEMBL279597	CC BY-SA 3.0	2026-09-25	89.09	-0.582	2	2	63.32	1	6	13	0	0.667	0	0	1		fragment
screen	CZPWVGJYEJSRLH-UHFFFAOYSA-N	c1cncnc1	chembl_phase3	CHEMBL15562	CC BY-SA 3.0	2026-09-25	80.09	0.477	0	2	25.78	0	6	10	1	0.0	0	0	1		fragment
screen	NDLGRDVAZOSBPM-UHFFFAOYSA-N	CC(=O)N1CCc2nn(C)c(=O)n2CC1	coadd	CHEMBL4513245	CC BY-SA 3.0 via ChEMBL. NOT taken from db.co-add.org, whose own notice restricts systematic download and non-commercial use	2026-09-26	210.24	-1.014	0	3	60.13	0	15	29	2	0.667	0	0	1		fragment
screen	JVTAAEKCZFNVCJ-UHFFFAOYSA-M	CC(O)C(=O)[O-]	chembl_approved	CHEMBL1357	CC BY-SA 3.0	2026-09-25	89.07	-1.883	1	3	60.36	1	6	11	0	0.667	0	0	1	chembl_approved:CHEMBL1200664;chembl_phase1:CHEMBL2106111	fragment
screen	WJBCFBOSJLLNNA-UHFFFAOYSA-N	O=C(N1CCNCC1)C1(c2ccc(F)cc2F)CCC1	coadd	CHEMBL4532715	CC BY-SA 3.0 via ChEMBL. NOT taken from db.co-add.org, whose own notice restricts systematic download and non-commercial use	2026-09-26	280.32	1.818	1	2	32.34	2	20	38	3	0.533	0	0	1		fragment
screen	CRLGPRNTBCRIBM-UHFFFAOYSA-N	CS(=O)(=O)Nc1ccc(F)c(F)c1	coadd	CHEMBL4076637	CC BY-SA 3.0 via ChEMBL. NOT taken from db.co-add.org, whose own notice restricts systematic download and non-commercial use	2026-09-26	207.2	1.336	1	2	46.17	2	13	20	1	0.143	0	0	1		fragment
screen	JQTFCVJYIKJDMB-UHFFFAOYSA-N	Cc1c(C(=O)N2CCCC2)cnn1-c1ccc(F)cc1	coadd	CHEMBL4577521	CC BY-SA 3.0 via ChEMBL. NOT taken from db.co-add.org, whose own notice restricts systematic download and non-commercial use	2026-09-26	273.31	2.556	0	2	38.13	2	20	36	3	0.333	0	0	1		fragment
screen	SCLDJNREJBDLHE-VHSXEESVSA-N	COc1ccc([C@@H]2C[C@H]2N)cc1	coadd	CHEMBL254970	CC BY-SA 3.0 via ChEMBL. NOT taken from db.co-add.org, whose own notice restricts systematic download and non-commercial use	2026-09-26	163.22	1.51	1	2	35.25	2	12	25	2	0.4	0	0	1		fragment
screen	ROPVVNSELUFZHJ-UHFFFAOYSA-N	CC(=O)c1c(F)cccc1N(C)CCC(C)O	coadd	CHEMBL4554847	CC BY-SA 3.0 via ChEMBL. NOT taken from db.co-add.org, whose own notice restricts systematic download and non-commercial use	2026-09-26	239.29	2.235	1	3	40.54	5	17	35	1	0.462	0	0	1		fragment
screen	GGGMTJQCYUFHPX-UHFFFAOYSA-N	CN(C)C(=O)OC1CCNCC1	coadd	CHEMBL4563225	CC BY-SA 3.0 via ChEMBL. NOT taken from db.co-add.org, whose own notice restricts systematic download and non-commercial use	2026-09-26	172.23	0.437	1	3	41.57	1	12	28	1	0.875	0	0	1		fragment
screen	ANDMIYNRUJEEMJ-UHFFFAOYSA-N	Cn1ccnc1CN(CCO)CC1CC1	coadd	CHEMBL4554737	CC BY-SA 3.0 via ChEMBL. NOT taken from db.co-add.org, whose own notice restricts systematic download and non-commercial use	2026-09-26	209.29	0.624	1	3	41.29	6	15	34	2	0.727	0	0	1		fragment
screen	RXFWGSDACKDJBP-UHFFFAOYSA-N	O=C(CC1CCCC1)NCCN1C(=O)CCC1=O	coadd	CHEMBL4546179	CC BY-SA 3.0 via ChEMBL. NOT taken from db.co-add.org, whose own notice restricts systematic download and non-commercial use	2026-09-26	252.31	0.832	1	3	66.48	5	18	38	2	0.769	0	0	1		fragment
screen	ZQSLNSHMUQXSQJ-UHFFFAOYSA-N	NCCc1ccco1	coadd	CHEMBL4552984	CC BY-SA 3.0 via ChEMBL. NOT taken from db.co-add.org, whose own notice restricts systematic download and non-commercial use	2026-09-26	111.14	0.781	1	2	39.16	2	8	17	1	0.333	0	0	1		fragment
screen	BCQZXOMGPXTTIC-UHFFFAOYSA-N	FC(F)(F)C(Cl)Br	chembl_approved	CHEMBL931	CC BY-SA 3.0	2026-09-25	197.38	2.508	0	0	0.0	0	7	8	0	1.0	0	0	1		fragment
screen	FWFZOFOJIGRTLM-UHFFFAOYSA-N	Cc1cc(C#N)ccc1CO	coadd	CHEMBL4542244	CC BY-SA 3.0 via ChEMBL. NOT taken from db.co-add.org, whose own notice restricts systematic download and non-commercial use	2026-09-26	147.18	1.359	1	2	44.02	1	11	20	1	0.222	0	0	1		fragment
screen	SNKZJIOFVMKAOJ-UHFFFAOYSA-N	NCCCS(=O)(=O)O	chembl_phase3	CHEMBL149082	CC BY-SA 3.0	2026-09-25	139.18	-0.777	2	3	80.39	3	8	17	0	1.0	0	0	1		fragment
screen	XXPMWCAKYNQCQM-UHFFFAOYSA-N	NC(CO)Cc1ccncc1	coadd	CHEMBL4590939	CC BY-SA 3.0 via ChEMBL. NOT taken from db.co-add.org, whose own notice restricts systematic download and non-commercial use	2026-09-26	152.2	-0.056	2	3	59.14	3	11	23	1	0.375	0	0	1		fragment
screen	BCIAYBFBYYYPBP-UHFFFAOYSA-N	CC(C)NS(=O)(=O)NC1CCCCNC1=O	coadd	CHEMBL4590723	CC BY-SA 3.0 via ChEMBL. NOT taken from db.co-add.org, whose own notice restricts systematic download and non-commercial use	2026-09-26	249.34	-0.512	3	3	87.3	4	16	35	1	0.889	0	0	1		fragment
screen	JQYPNVKUMXATFT-RFZPGFLSSA-N	CN[C@@H]1COC[C@H]1O	coadd	CHEMBL4587967	CC BY-SA 3.0 via ChEMBL. NOT taken from db.co-add.org, whose own notice restricts systematic download and non-commercial use	2026-09-26	117.15	-1.035	2	3	41.49	1	8	19	1	1.0	0	0	1		fragment
screen	ITLYXQBZTJGFTB-UHFFFAOYSA-N	CN(C)CCN(C)S(N)(=O)=O	coadd	CHEMBL4539773	CC BY-SA 3.0 via ChEMBL. NOT taken from db.co-add.org, whose own notice restricts systematic download and non-commercial use	2026-09-26	181.26	-1.317	1	3	66.64	4	11	26	0	1.0	0	0	1		fragment
screen	BMUPKNRHQBSTAK-JTQLQIEISA-N	CC(C)[C@H](N)C(=O)N1CCN(C(=O)N(C)C)CC1	coadd	CHEMBL4548242	CC BY-SA 3.0 via ChEMBL. NOT taken from db.co-add.org, whose own notice restricts systematic download and non-commercial use	2026-09-26	256.35	-0.204	1	3	69.88	2	18	42	1	0.833	0	0	1		fragment
screen	XTEXFYLWOKPGFE-UHFFFAOYSA-N	CCc1ccc(C(C)=O)o1	coadd	CHEMBL4544435	CC BY-SA 3.0 via ChEMBL. NOT taken from db.co-add.org, whose own notice restricts systematic download and non-commercial use	2026-09-26	138.17	2.045	0	2	30.21	2	10	20	1	0.375	0	0	1		fragment
screen	JVTAAEKCZFNVCJ-UHFFFAOYSA-N	CC(O)C(=O)O	chembl_approved	CHEMBL1200559	CC BY-SA 3.0	2026-09-25	90.08	-0.548	2	2	57.53	1	6	12	0	0.667	0	0	1	chembl_approved:CHEMBL1200747	fragment
screen	SECXISVLQFMRJM-UHFFFAOYSA-N	CN1CCCC1=O	chembl_phase1	CHEMBL12543	CC BY-SA 3.0	2026-09-25	99.13	0.239	0	1	20.31	0	7	16	1	0.8	0	0	1		fragment
screen	RANIJPHIVXVUEN-UHFFFAOYSA-N	O=C(O)c1ccccc1[As](=O)(O)O	coadd	CHEMBL1350983	CC BY-SA 3.0 via ChEMBL. NOT taken from db.co-add.org, whose own notice restricts systematic download and non-commercial use	2026-09-26	246.05	-1.054	3	2	94.83	2	13	20	1	0.0	0	0	1		fragment
screen	MCNFWQSWHABLQZ-UHFFFAOYSA-N	O=C(CCN1C(=O)CCC1=O)Nc1ccc(F)cc1	coadd	CHEMBL4591731	CC BY-SA 3.0 via ChEMBL. NOT taken from db.co-add.org, whose own notice restricts systematic download and non-commercial use	2026-09-26	264.26	1.303	1	3	66.48	4	19	32	2	0.308	0	0	1		fragment
screen	BYCOSSYLDOXDNE-UHFFFAOYSA-N	FC(F)Oc1cccc(N2CCNCC2)c1	coadd	CHEMBL4532401	CC BY-SA 3.0 via ChEMBL. NOT taken from db.co-add.org, whose own notice restricts systematic download and non-commercial use	2026-09-26	228.24	1.698	1	3	24.5	3	16	30	2	0.455	0	0	1		fragment
screen	CKOLMDGOIFWQJJ-UHFFFAOYSA-N	CSCCC(NC(=O)c1ccccc1)C(=O)NC(C)C	coadd	CHEMBL4529585	CC BY-SA 3.0 via ChEMBL. NOT taken from db.co-add.org, whose own notice restricts systematic download and non-commercial use	2026-09-26	294.42	2.063	2	3	58.2	7	20	42	1	0.467	0	0	1		fragment
screen	ZIOFMQVJOFSLSH-IONNQARKSA-N	N[C@@H]1C[C@H]1c1ccccc1F	coadd	CHEMBL4573742	CC BY-SA 3.0 via ChEMBL. NOT taken from db.co-add.org, whose own notice restricts systematic download and non-commercial use	2026-09-26	151.18	1.64	1	1	26.02	1	11	21	2	0.333	0	0	1		fragment
screen	CELFORIQAQLUCB-UHFFFAOYSA-N	CC(N)c1ccc(NC(=O)C2CC2)cc1	coadd	CHEMBL4580001	CC BY-SA 3.0 via ChEMBL. NOT taken from db.co-add.org, whose own notice restricts systematic download and non-commercial use	2026-09-26	204.27	2.055	2	2	55.12	3	15	31	2	0.417	0	0	1		fragment
screen	JTSKASLHYOPXMP-UHFFFAOYSA-N	NCC(CO)Cc1cccnc1	coadd	CHEMBL4538998	CC BY-SA 3.0 via ChEMBL. NOT taken from db.co-add.org, whose own notice restricts systematic download and non-commercial use	2026-09-26	166.22	0.191	2	3	59.14	4	12	26	1	0.444	0	0	1		fragment
screen	NTZDIRFODDGCIF-UHFFFAOYSA-N	Cc1ccccc1C(=O)NP(N)(N)=O	chembl_phase2	CHEMBL2107099	CC BY-SA 3.0	2026-09-25	213.18	0.75	3	2	98.21	2	14	26	1	0.125	0	0	1		fragment
screen	ZTHUADIJJGOSLJ-UHFFFAOYSA-N	CCN(CC)C(=O)C(C)NC(=O)c1cc(C#N)c[nH]1	coadd	CHEMBL4549158	CC BY-SA 3.0 via ChEMBL. NOT taken from db.co-add.org, whose own notice restricts systematic download and non-commercial use	2026-09-26	262.31	0.873	2	3	88.99	5	19	37	1	0.462	0	0	1		fragment
screen	VPFGKEVDZXXQAV-UHFFFAOYSA-N	CC(O)Cn1cccn1	coadd	CHEMBL4542851	CC BY-SA 3.0 via ChEMBL. NOT taken from db.co-add.org, whose own notice restricts systematic download and non-commercial use	2026-09-26	126.16	0.264	1	2	38.05	2	9	19	1	0.5	0	0	1		fragment
screen	JCRIVQIOJSSCQD-VIFPVBQESA-N	CN[C@@H](C)CC1CCCCC1	chembl_phase2	CHEMBL2105014	CC BY-SA 3.0	2026-09-25	155.28	2.565	1	1	12.03	3	11	32	1	1.0	0	0	1		fragment
screen	PUAQLLVFLMYYJJ-ZETCQYMHSA-N	C[C@H](N)C(=O)c1ccccc1	chembl_phase2	CHEMBL2104047	CC BY-SA 3.0	2026-09-25	149.19	1.217	1	2	43.09	2	11	22	1	0.222	0	0	1		fragment
screen	RYKLZUPYJFFNRR-UHFFFAOYSA-N	O=C1NCCCC1O	coadd	CHEMBL4535577	CC BY-SA 3.0 via ChEMBL. NOT taken from db.co-add.org, whose own notice restricts systematic download and non-commercial use	2026-09-26	115.13	-0.743	2	2	49.33	0	8	17	1	0.8	0	0	1		fragment
screen	ZPQJOIRRDRCCIR-UHFFFAOYSA-N	CC(C)NCC(=O)NC(N)=O	coadd	CHEMBL4533630	CC BY-SA 3.0 via ChEMBL. NOT taken from db.co-add.org, whose own notice restricts systematic download and non-commercial use	2026-09-26	159.19	-0.821	3	3	84.22	3	11	24	0	0.667	0	0	1		fragment
screen	LFHWVCNZGTVNBE-UHFFFAOYSA-N	O=S1(=O)CCCN1C1CCNCC1	coadd	CHEMBL4538133	CC BY-SA 3.0 via ChEMBL. NOT taken from db.co-add.org, whose own notice restricts systematic download and non-commercial use	2026-09-26	204.29	-0.226	1	3	49.41	1	13	29	2	1.0	0	0	1		fragment
screen	CVSVTCORWBXHQV-UHFFFAOYSA-N	CN(CC(=O)O)C(=N)N	chembl_phase3	CHEMBL283800	CC BY-SA 3.0	2026-09-25	131.13	-1.104	3	2	90.41	2	9	18	0	0.5	0	0	1		fragment
screen	MRIJEFMQMXBWPV-BQBZGAKWSA-N	CN(C)C(=O)N[C@@H]1CN[C@H](CO)C1	coadd	CHEMBL4583152	CC BY-SA 3.0 via ChEMBL. NOT taken from db.co-add.org, whose own notice restricts systematic download and non-commercial use	2026-09-26	187.24	-1.02	3	3	64.6	2	13	30	1	0.875	0	0	1		fragment
screen	OUOGODSBBXXITH-UHFFFAOYSA-N	CN(C)C(=O)N1CCN(C(=O)C2CCCNC2)CC1	coadd	CHEMBL4549472	CC BY-SA 3.0 via ChEMBL. NOT taken from db.co-add.org, whose own notice restricts systematic download and non-commercial use	2026-09-26	268.36	-0.188	1	3	55.89	1	19	43	2	0.846	0	0	1		fragment
screen	QNIVIMYXGGFTAK-UHFFFAOYSA-N	CC(C)CCCC(C)N	chembl_phase2	CHEMBL2105833	CC BY-SA 3.0	2026-09-25	129.25	2.16	1	1	26.02	4	9	28	0	1.0	0	0	1		fragment
screen	GLUUGHFHXGJENI-UHFFFAOYSA-N	C1CNCCN1	chembl_approved	CHEMBL1412	CC BY-SA 3.0	2026-09-25	86.14	-0.821	2	2	24.06	0	6	16	1	1.0	0	0	1		fragment
screen	NUKYPUAOHBNCPY-UHFFFAOYSA-N	Nc1ccncc1	chembl_approved	CHEMBL284348	CC BY-SA 3.0	2026-09-25	94.12	0.664	1	2	38.91	0	7	13	1	0.0	0	0	1		fragment
screen	OHWXQQZJQIYOOL-UHFFFAOYSA-N	O=C(NCc1ccncc1)NCC1CCN(C2CC2)C1	coadd	CHEMBL4542988	CC BY-SA 3.0 via ChEMBL. NOT taken from db.co-add.org, whose own notice restricts systematic download and non-commercial use	2026-09-26	274.37	1.365	2	3	57.26	5	20	42	3	0.6	0	0	1		fragment
screen	SMVAIZXVZZXCNA-UHFFFAOYSA-N	O=C(CCc1ccccc1)NC1CCNCC1	coadd	CHEMBL4591783	CC BY-SA 3.0 via ChEMBL. NOT taken from db.co-add.org, whose own notice restricts systematic download and non-commercial use	2026-09-26	232.33	1.487	2	2	41.13	4	17	37	2	0.5	0	0	1		fragment
screen	AENJYEVKNPZDMU-UHFFFAOYSA-N	Cc1ccc(NC(=O)N2CCC(O)C2)cc1OC(F)F	coadd	CHEMBL4547212	CC BY-SA 3.0 via ChEMBL. NOT taken from db.co-add.org, whose own notice restricts systematic download and non-commercial use	2026-09-26	286.28	2.195	2	3	61.8	3	20	36	2	0.462	0	0	1		fragment
screen	WHSXTWFYRGOBGO-UHFFFAOYSA-N	Cc1cccc(C(=O)O)c1O	chembl_phase2	CHEMBL448399	CC BY-SA 3.0	2026-09-25	152.15	1.399	2	2	57.53	1	11	19	1	0.125	0	0	1		fragment
screen	VIQUFMLYRNORQX-UHFFFAOYSA-N	C#CCN(C)Cc1cc2cc(OC)ccc2n1C	coadd	CHEMBL46898	CC BY-SA 3.0 via ChEMBL. NOT taken from db.co-add.org, whose own notice restricts systematic download and non-commercial use	2026-09-26	242.32	2.252	0	2	17.4	4	18	36	2	0.333	0	0	1		fragment
screen	OCSOHUROTFFTFO-UHFFFAOYSA-N	NC(=O)OCC(O)c1ccccc1	chembl_phase2	CHEMBL2104534	CC BY-SA 3.0	2026-09-25	181.19	0.815	2	3	72.55	3	13	24	1	0.222	0	0	1		fragment
screen	INEUFSRGEOFGFX-UHFFFAOYSA-N	CCn1nc(C(=O)NC)c2ccccc2c1=O	coadd	CHEMBL4513632	CC BY-SA 3.0 via ChEMBL. NOT taken from db.co-add.org, whose own notice restricts systematic download and non-commercial use	2026-09-26	231.25	0.776	1	3	63.99	2	17	30	2	0.25	0	0	1		fragment
screen	FIHKHHVNFCZBGF-QWHCGFSZSA-N	CN1CC[C@H]2CN(C(=O)CCCc3cn[nH]c3)C[C@H]21	coadd	CHEMBL4537206	CC BY-SA 3.0 via ChEMBL. NOT taken from db.co-add.org, whose own notice restricts systematic download and non-commercial use	2026-09-26	262.36	0.895	1	3	52.23	4	19	41	3	0.714	0	0	1		fragment
screen	VQOUDUVJUBAXKV-UHFFFAOYSA-N	CNC(C)(C)CCO	coadd	CHEMBL4514814	CC BY-SA 3.0 via ChEMBL. NOT taken from db.co-add.org, whose own notice restricts systematic download and non-commercial use	2026-09-26	117.19	0.367	2	2	32.26	3	8	23	0	1.0	0	0	1		fragment
screen	KWWWFTBWCKTBQI-UHFFFAOYSA-N	CC(=O)c1ccc(C(C)(C)O)cc1	coadd	CHEMBL4543820	CC BY-SA 3.0 via ChEMBL. NOT taken from db.co-add.org, whose own notice restricts systematic download and non-commercial use	2026-09-26	178.23	2.117	1	2	37.3	2	13	27	1	0.364	0	0	1		fragment
screen	OMOMUFTZPTXCHP-UHFFFAOYSA-N	CCCC(CCC)C(N)=O	chembl_phase2	CHEMBL93836	CC BY-SA 3.0	2026-09-25	143.23	1.688	1	1	43.09	5	10	27	0	0.875	0	0	1		fragment
screen	HAASCECTXNYFCI-UHFFFAOYSA-N	N#CC1CNCCO1	coadd	CHEMBL4585769	CC BY-SA 3.0 via ChEMBL. NOT taken from db.co-add.org, whose own notice restricts systematic download and non-commercial use	2026-09-26	112.13	-0.502	1	3	45.05	0	8	16	1	0.8	0	0	1		fragment
screen	KSAVFNYOYFWHBP-UHFFFAOYSA-N	NC(=O)CC(N)C1CCOCC1	coadd	CHEMBL4517323	CC BY-SA 3.0 via ChEMBL. NOT taken from db.co-add.org, whose own notice restricts systematic download and non-commercial use	2026-09-26	172.23	-0.384	2	3	78.34	3	12	28	1	0.875	0	0	1		fragment
screen	DDBREPKUVSBGFI-UHFFFAOYSA-M	CCC1(c2ccccc2)C(=O)N=C([O-])NC1=O	chembl_approved	CHEMBL149972	CC BY-SA 3.0	2026-09-25	231.23	-0.293	1	3	81.59	2	17	28	2	0.25	0	0	1		fragment
screen	IZXWMVPZODQBRB-UHNVWZDZSA-N	O[C@@H]1CCNC[C@@H]1O	coadd	CHEMBL4574872	CC BY-SA 3.0 via ChEMBL. NOT taken from db.co-add.org, whose own notice restricts systematic download and non-commercial use	2026-09-26	117.15	-1.298	3	3	52.49	0	8	19	1	1.0	0	0	1		fragment
screen	JHKHDIBLFHELCU-UHFFFAOYSA-N	CS(=O)(=O)NC1CNC1	coadd	CHEMBL4573161	CC BY-SA 3.0 via ChEMBL. NOT taken from db.co-add.org, whose own notice restricts systematic download and non-commercial use	2026-09-26	150.2	-1.493	2	3	58.2	2	9	19	1	1.0	0	0	1		fragment
screen	WMKONRFEZGAHTE-UHFFFAOYSA-N	O=C(NCN1CCCC1=O)NCN1CCCC1=O	chembl_phase2	CHEMBL2106342	CC BY-SA 3.0	2026-09-25	254.29	-0.555	2	3	81.75	4	18	36	2	0.727	0	0	1		fragment
screen	ZKFCBMREQURXHM-UHFFFAOYSA-N	c1coc(-c2ccncc2)c1	coadd	CHEMBL4548971	CC BY-SA 3.0 via ChEMBL. NOT taken from db.co-add.org, whose own notice restricts systematic download and non-commercial use	2026-09-26	145.16	2.342	0	2	26.03	1	11	18	2	0.0	0	0	1		fragment
screen	FSYKKLYZXJSNPZ-UHFFFAOYSA-N	CNCC(=O)O	chembl_phase2	CHEMBL304383	CC BY-SA 3.0	2026-09-25	89.09	-0.71	2	2	49.33	2	6	13	0	0.667	0	0	1		fragment
screen	FFDDYBSPEPJBMG-UHFFFAOYSA-N	CC(NC(=O)c1ccccc1Cl)C(=O)NC1CC1	coadd	CHEMBL4518525	CC BY-SA 3.0 via ChEMBL. NOT taken from db.co-add.org, whose own notice restricts systematic download and non-commercial use	2026-09-26	266.73	1.737	2	2	58.2	4	18	33	2	0.385	0	0	1		fragment
screen	VCAONUYLBSXAIA-UHFFFAOYSA-N	O=C(Nc1ccc(F)cc1)NC1CCNCC1	coadd	CHEMBL4581125	CC BY-SA 3.0 via ChEMBL. NOT taken from db.co-add.org, whose own notice restricts systematic download and non-commercial use	2026-09-26	237.28	1.699	3	2	53.16	2	17	33	2	0.417	0	0	1		fragment
screen	BFSSXYAIBDMFGG-UHFFFAOYSA-N	CCCN1CCN(C(=O)Nc2ccc(OC)cc2)CC1	coadd	CHEMBL4576949	CC BY-SA 3.0 via ChEMBL. NOT taken from db.co-add.org, whose own notice restricts systematic download and non-commercial use	2026-09-26	277.37	2.255	1	3	44.81	4	20	43	2	0.533	0	0	1		fragment
screen	HGFKBMNAAHURFG-UHFFFAOYSA-N	CC(C)CC(O)C1CCNCC1	coadd	CHEMBL4583954	CC BY-SA 3.0 via ChEMBL. NOT taken from db.co-add.org, whose own notice restricts systematic download and non-commercial use	2026-09-26	171.28	1.393	2	2	32.26	3	12	33	1	1.0	0	0	1		fragment
screen	STQACGCOGOJIDC-UHFFFAOYSA-N	CC(=O)N(C1CC1)C(C)c1ccccn1	coadd	CHEMBL4587684	CC BY-SA 3.0 via ChEMBL. NOT taken from db.co-add.org, whose own notice restricts systematic download and non-commercial use	2026-09-26	204.27	2.154	0	2	33.2	3	15	31	2	0.5	0	0	1		fragment
screen	IGZNDNGPEIYQPX-UHFFFAOYSA-N	CS(=O)(=O)Cc1cccc(CN)c1	coadd	CHEMBL4567771	CC BY-SA 3.0 via ChEMBL. NOT taken from db.co-add.org, whose own notice restricts systematic download and non-commercial use	2026-09-26	199.28	0.69	1	3	60.16	3	13	26	1	0.333	0	0	1		fragment
screen	LCAFGJGYCUMTGS-UHFFFAOYSA-N	NCC1CC(=O)N(Cc2ccccc2)C1	chembl_phase2	CHEMBL2104682	CC BY-SA 3.0	2026-09-25	204.27	0.994	1	2	46.33	3	15	31	2	0.417	0	0	1	coadd:CHEMBL2104682	fragment
screen	AKQPOUXKVPZDQT-CYBMUJFWSA-N	CC(C)(C)[C@H](N)C(=O)N1CCC(N2CCCC2=O)CC1	coadd	CHEMBL4552720	CC BY-SA 3.0 via ChEMBL. NOT taken from db.co-add.org, whose own notice restricts systematic download and non-commercial use	2026-09-26	281.4	0.973	1	3	66.64	2	20	47	2	0.867	0	0	1		fragment
screen	OOASDBUGFZMERT-UHFFFAOYSA-N	N#CC(N)C1CCOCC1	coadd	CHEMBL4526259	CC BY-SA 3.0 via ChEMBL. NOT taken from db.co-add.org, whose own notice restricts systematic download and non-commercial use	2026-09-26	140.19	0.264	1	3	59.04	1	10	22	1	0.857	0	0	1		fragment
screen	RFKMCNOHBTXSMU-UHFFFAOYSA-N	COC(F)(F)C(Cl)Cl	chembl_approved	CHEMBL1341	CC BY-SA 3.0	2026-09-25	164.97	2.029	0	1	9.23	2	8	12	0	1.0	0	0	1		fragment
screen	YVHXIPNMFOMUSL-UHFFFAOYSA-N	CC(C)OCCC1(N)CC1	coadd	CHEMBL4586125	CC BY-SA 3.0 via ChEMBL. NOT taken from db.co-add.org, whose own notice restricts systematic download and non-commercial use	2026-09-26	143.23	1.293	1	2	35.25	4	10	27	1	1.0	0	0	1		fragment
screen	CTCJZEIJGYQHQH-UHFFFAOYSA-N	CN1CC(CN)OC1=O	coadd	CHEMBL4527047	CC BY-SA 3.0 via ChEMBL. NOT taken from db.co-add.org, whose own notice restricts systematic download and non-commercial use	2026-09-26	130.15	-0.604	1	3	55.56	1	9	19	1	0.8	0	0	1		fragment
screen	XKJNFGXYEDMIEM-RKDXNWHRSA-N	C[C@@H]1CNC[C@H]1C(=O)N1CCOCC1	coadd	CHEMBL4526147	CC BY-SA 3.0 via ChEMBL. NOT taken from db.co-add.org, whose own notice restricts systematic download and non-commercial use	2026-09-26	198.27	-0.299	1	3	41.57	1	14	32	2	0.9	0	0	1		fragment
screen	DSAOEEFDKLCTCN-UHFFFAOYSA-N	CN(C)C(=O)CCn1nc2ccccn2c1=O	coadd	CHEMBL4558750	CC BY-SA 3.0 via ChEMBL. NOT taken from db.co-add.org, whose own notice restricts systematic download and non-commercial use	2026-09-26	234.26	-0.026	0	3	59.61	3	17	31	2	0.364	0	0	1		fragment
screen	DYDCUQKUCUHJBH-REOHCLBHSA-N	N[C@H]1CONC1=O	chembl_phase2	CHEMBL448864	CC BY-SA 3.0	2026-09-25	102.09	-1.625	2	3	64.35	0	7	13	1	0.667	0	0	1		fragment
screen	PHIQHXFUZVPYII-ZCFIWIBFSA-N	C[N+](C)(C)C[C@H](O)CC(=O)[O-]	chembl_approved	CHEMBL1149	CC BY-SA 3.0	2026-09-25	161.2	-1.806	1	3	60.36	4	11	26	0	0.857	0	0	1		fragment
screen	NJYRQXQFIDSGOX-UHFFFAOYSA-N	Nc1cccc2ccc([As](=O)(O)O)cc12	coadd	CHEMBL1484234	CC BY-SA 3.0 via ChEMBL. NOT taken from db.co-add.org, whose own notice restricts systematic download and non-commercial use	2026-09-26	267.12	-0.017	3	2	83.55	1	15	25	2	0.0	0	0	1		fragment
screen	UFWIBTONFRDIAS-UHFFFAOYSA-N	c1ccc2ccccc2c1	chembl_phase1	CHEMBL16293	CC BY-SA 3.0	2026-09-25	128.17	2.84	0	0	0.0	0	10	18	2	0.0	0	0	1		fragment
screen	JQOYZIJVFAUYKR-UHFFFAOYSA-N	CCc1ccc(CN2CCN(C(=O)N(C)C)CC2)o1	coadd	CHEMBL4577689	CC BY-SA 3.0 via ChEMBL. NOT taken from db.co-add.org, whose own notice restricts systematic download and non-commercial use	2026-09-26	265.36	1.641	0	3	39.93	3	19	42	2	0.643	0	0	1		fragment
screen	WIKNLIGHOXHKOK-UHFFFAOYSA-N	COc1ccccc1C(N)c1nccn1C	coadd	CHEMBL4522706	CC BY-SA 3.0 via ChEMBL. NOT taken from db.co-add.org, whose own notice restricts systematic download and non-commercial use	2026-09-26	217.27	1.477	1	3	53.07	3	16	31	2	0.25	0	0	1		fragment
screen	WKWOJBUWWZTUQV-SPUOUPEWSA-N	C[N+]1(C)[C@@H]2CC[C@H]1C[C@@H](OC(=O)C(O)c1ccccc1)C2	chembl_approved	CHEMBL1200851	CC BY-SA 3.0	2026-09-25	290.38	2.033	1	3	46.53	3	21	45	3	0.588	0	0	1	chembl_approved:CHEMBL1201235	fragment
screen	PSLIVHAAGFOXER-UHFFFAOYSA-N	CCc1cc(C(=O)NCC(C)C)no1	coadd	CHEMBL4588947	CC BY-SA 3.0 via ChEMBL. NOT taken from db.co-add.org, whose own notice restricts systematic download and non-commercial use	2026-09-26	196.25	1.623	1	3	55.13	4	14	30	1	0.6	0	0	1		fragment
screen	BDQGKNPWECYVNK-UHFFFAOYSA-N	O=C(Cn1ccc2ccccc21)N1CCCC1	coadd	CHEMBL4534309	CC BY-SA 3.0 via ChEMBL. NOT taken from db.co-add.org, whose own notice restricts systematic download and non-commercial use	2026-09-26	228.29	2.264	0	1	25.24	2	17	33	3	0.357	0	0	1		fragment
screen	VECAHXXHWPTURX-UHFFFAOYSA-N	O=C1CC(c2cccnc2)=NCCN1	coadd	CHEMBL4593929	CC BY-SA 3.0 via ChEMBL. NOT taken from db.co-add.org, whose own notice restricts systematic download and non-commercial use	2026-09-26	189.22	0.391	1	3	54.35	1	14	25	2	0.3	0	0	1		fragment
screen	KRERRUIDSPKFAN-UHFFFAOYSA-N	CS(=O)(=O)NCc1cn2c(n1)CCCC2	coadd	CHEMBL4589084	CC BY-SA 3.0 via ChEMBL. NOT taken from db.co-add.org, whose own notice restricts systematic download and non-commercial use	2026-09-26	229.3	0.269	1	3	63.99	3	15	30	2	0.667	0	0	1		fragment
screen	SMVREFRNEPYGAM-UHFFFAOYSA-N	CC(C)(CNS(N)(=O)=O)N1CCc2ccccc2C1	coadd	CHEMBL4586598	CC BY-SA 3.0 via ChEMBL. NOT taken from db.co-add.org, whose own notice restricts systematic download and non-commercial use	2026-09-26	283.4	0.616	2	3	75.43	4	19	40	2	0.538	0	0	1		fragment
screen	VXHFPFMVXWCZLH-UHFFFAOYSA-N	Nc1cnccc1CO	coadd	CHEMBL4592707	CC BY-SA 3.0 via ChEMBL. NOT taken from db.co-add.org, whose own notice restricts systematic download and non-commercial use	2026-09-26	124.14	0.156	2	3	59.14	1	9	17	1	0.167	0	0	1		fragment
screen	QQXQAEWRSVZPJM-UHFFFAOYSA-N	CCOC(=O)c1cc2ccccc2[nH]1	coadd	CHEMBL84245	CC BY-SA 3.0 via ChEMBL. NOT taken from db.co-add.org, whose own notice restricts systematic download and non-commercial use	2026-09-26	189.21	2.345	1	2	42.09	2	14	25	2	0.182	0	0	1		fragment
screen	PVHKVJILIKYGAO-UHFFFAOYSA-N	N#CC(C#N)c1ccccn1	coadd	CHEMBL4577272	CC BY-SA 3.0 via ChEMBL. NOT taken from db.co-add.org, whose own notice restricts systematic download and non-commercial use	2026-09-26	143.15	1.212	0	3	60.47	1	11	16	1	0.125	0	0	1		fragment
screen	MZFBWODPTSTYAI-UHFFFAOYSA-N	Cn1ncc(C#N)c1N	coadd	CHEMBL4542449	CC BY-SA 3.0 via ChEMBL. NOT taken from db.co-add.org, whose own notice restricts systematic download and non-commercial use	2026-09-26	122.13	-0.126	1	3	67.63	0	9	15	1	0.2	0	0	1		fragment
screen	RJFAYQIBOAGBLC-BYPYZUCNSA-N	C[Se]CC[C@H](N)C(=O)O	chembl_approved	CHEMBL113178	CC BY-SA 3.0	2026-09-25	196.11	-0.041	2	2	63.32	4	9	20	0	0.8	0	0	1		fragment
screen	LMQXNURVVYWBSR-UHFFFAOYSA-N	CCCc1nc2c(=O)n(C)c(=O)n(C)c2[nH]1	coadd	CHEMBL1567539	CC BY-SA 3.0 via ChEMBL. NOT taken from db.co-add.org, whose own notice restricts systematic download and non-commercial use	2026-09-26	222.25	-0.087	1	3	72.68	2	16	30	2	0.5	0	0	1		fragment
screen	MTCFGRXMJLQNBG-UWTATZPHSA-N	N[C@H](CO)C(=O)O	chembl_phase3	CHEMBL285123	CC BY-SA 3.0	2026-09-25	105.09	-1.609	3	3	83.55	2	7	14	0	0.667	0	0	1		fragment
screen	YXOCGSWPIMLMPX-UHFFFAOYSA-N	NCC(=O)N1CCC(C(N)=O)CC1	coadd	CHEMBL4568251	CC BY-SA 3.0 via ChEMBL. NOT taken from db.co-add.org, whose own notice restricts systematic download and non-commercial use	2026-09-26	185.23	-1.331	2	3	89.42	2	13	28	1	0.75	0	0	1		fragment
screen	XSXGYPYSPSTKPQ-UHFFFAOYSA-N	O=C1CC(C(=O)NCCNC(=O)c2ccccc2)CN1	coadd	CHEMBL4516116	CC BY-SA 3.0 via ChEMBL. NOT taken from db.co-add.org, whose own notice restricts systematic download and non-commercial use	2026-09-26	275.31	-0.331	3	3	87.3	5	20	37	2	0.357	0	0	1		fragment
screen	WPFPTAWUHHGUDQ-UHFFFAOYSA-N	CCCCCc1cccnc1	coadd	CHEMBL1423619	CC BY-SA 3.0 via ChEMBL. NOT taken from db.co-add.org, whose own notice restricts systematic download and non-commercial use	2026-09-26	149.24	2.814	0	1	12.89	4	11	26	1	0.5	0	0	1		fragment
screen	OTTPANJFBWATJY-UHFFFAOYSA-N	CC(=O)NC(C(=O)Nc1cnn(C)c1)C1CCCC1	coadd	CHEMBL4574482	CC BY-SA 3.0 via ChEMBL. NOT taken from db.co-add.org, whose own notice restricts systematic download and non-commercial use	2026-09-26	264.33	1.053	2	3	76.02	4	19	39	2	0.615	0	0	1		fragment
screen	HTFVKXJKSSRXQI-UHFFFAOYSA-N	NCc1ccccc1CN1CCC(O)CC1	coadd	CHEMBL4545157	CC BY-SA 3.0 via ChEMBL. NOT taken from db.co-add.org, whose own notice restricts systematic download and non-commercial use	2026-09-26	220.32	1.102	2	3	49.49	3	16	36	2	0.538	0	0	1		fragment
screen	RONZAEMNMFQXRA-UHFFFAOYSA-N	CN1CCN2c3ncccc3Cc3ccccc3C2C1	chembl_approved	CHEMBL654	CC BY-SA 3.0	2026-09-25	265.36	2.479	0	3	19.37	0	20	39	4	0.353	0	0	1	coadd:CHEMBL654	fragment
screen	QVDPRDMFHSTLOH-UHFFFAOYSA-N	NCCc1ccc(-n2cccn2)cc1	coadd	CHEMBL4537178	CC BY-SA 3.0 via ChEMBL. NOT taken from db.co-add.org, whose own notice restricts systematic download and non-commercial use	2026-09-26	187.25	1.374	1	2	43.84	3	14	27	2	0.182	0	0	1		fragment
screen	UEZCGMZUOXVLQA-UHFFFAOYSA-N	Cc1ccc(C(=O)N2CCCC2(C)C)c(C)n1	coadd	CHEMBL4586195	CC BY-SA 3.0 via ChEMBL. NOT taken from db.co-add.org, whose own notice restricts systematic download and non-commercial use	2026-09-26	232.33	2.713	0	2	33.2	1	17	37	2	0.571	0	0	1		fragment
screen	YMMXHEYLRHNXAB-RMKNXTFCSA-N	CO/N=C/C1=CCCN(C)C1	chembl_phase2	CHEMBL151938	CC BY-SA 3.0	2026-09-25	154.21	0.881	0	3	24.83	2	11	25	1	0.625	0	0	1		fragment
screen	CCWYFOXFJOYWTC-UHFFFAOYSA-N	COCCNC(=O)c1cc2ccncc2[nH]1	coadd	CHEMBL4566598	CC BY-SA 3.0 via ChEMBL. NOT taken from db.co-add.org, whose own notice restricts systematic download and non-commercial use	2026-09-26	219.24	0.939	2	3	67.01	4	16	29	2	0.273	0	0	1		fragment
screen	LUQVNGHMMYSDNM-UHFFFAOYSA-N	CN1C(=O)CC(C(=O)NCCc2nccn2C)C1(C)C	coadd	CHEMBL4579431	CC BY-SA 3.0 via ChEMBL. NOT taken from db.co-add.org, whose own notice restricts systematic download and non-commercial use	2026-09-26	278.36	0.336	1	3	67.23	4	20	42	2	0.643	0	0	1		fragment
screen	BGDGMIWDPMJYPP-UHFFFAOYSA-N	CC1CN(C)CCC1=O	coadd	CHEMBL4513461	CC BY-SA 3.0 via ChEMBL. NOT taken from db.co-add.org, whose own notice restricts systematic download and non-commercial use	2026-09-26	127.19	0.527	0	2	20.31	0	9	22	1	0.857	0	0	1		fragment
screen	PGMGOZXFOTVSIX-UHFFFAOYSA-N	CCCCCC(=O)N1CCCC1	coadd	CHEMBL1370892	CC BY-SA 3.0 via ChEMBL. NOT taken from db.co-add.org, whose own notice restricts systematic download and non-commercial use	2026-09-26	169.27	2.189	0	1	20.31	4	12	31	1	0.9	0	0	1		fragment
screen	NICYTXJGZRYCEQ-UHFFFAOYSA-N	N#Cc1ccc2nc[nH]c2c1	coadd	CHEMBL4585888	CC BY-SA 3.0 via ChEMBL. NOT taken from db.co-add.org, whose own notice restricts systematic download and non-commercial use	2026-09-26	143.15	1.435	1	2	52.47	0	11	16	2	0.0	0	0	1		fragment
screen	BEAWFOYVSBYVCD-UHFFFAOYSA-N	CC(=O)NCC1CCNC1	coadd	CHEMBL4526835	CC BY-SA 3.0 via ChEMBL. NOT taken from db.co-add.org, whose own notice restricts systematic download and non-commercial use	2026-09-26	142.2	-0.268	2	2	41.13	2	10	24	1	0.857	0	0	1		fragment
screen	DZVIAESJBCREQR-UHFFFAOYSA-N	NC(=O)CCn1ccc(N)n1	coadd	CHEMBL4568309	CC BY-SA 3.0 via ChEMBL. NOT taken from db.co-add.org, whose own notice restricts systematic download and non-commercial use	2026-09-26	154.17	-0.659	2	3	86.93	3	11	21	1	0.333	0	0	1		fragment
screen	LGFIETVWUNDZTM-QMMMGPOBSA-N	CCN(C)S(=O)(=O)N1CCC[C@H]1CO	coadd	CHEMBL4531833	CC BY-SA 3.0 via ChEMBL. NOT taken from db.co-add.org, whose own notice restricts systematic download and non-commercial use	2026-09-26	222.31	-0.36	1	3	60.85	4	14	32	1	1.0	0	0	1		fragment
screen	KMMBJDNXKWZSLX-UHFFFAOYSA-N	NCCN1CCNC(=O)C1	coadd	CHEMBL4563865	CC BY-SA 3.0 via ChEMBL. NOT taken from db.co-add.org, whose own notice restricts systematic download and non-commercial use	2026-09-26	143.19	-1.623	2	3	58.36	2	10	23	1	0.833	0	0	1		fragment
screen	YAPQBXQYLJRXSA-UHFFFAOYSA-N	Cn1cnc2c1c(=O)[nH]c(=O)n2C	chembl_phase3	CHEMBL1114	CC BY-SA 3.0	2026-09-25	180.17	-1.04	1	3	72.68	0	13	21	2	0.286	0	0	1		fragment
screen	MVGMEXMOWNAPLM-UHFFFAOYSA-N	CCc1n[nH]c2c1CN(C(=O)CNC(N)=O)CC2	coadd	CHEMBL4585714	CC BY-SA 3.0 via ChEMBL. NOT taken from db.co-add.org, whose own notice restricts systematic download and non-commercial use	2026-09-26	251.29	-0.475	3	3	104.11	3	18	35	2	0.545	0	0	1		fragment
screen	XVQUOJBERHHONY-SECBINFHSA-N	CN[C@H](C)CCC=C(C)C	chembl_phase2	CHEMBL1476245	CC BY-SA 3.0	2026-09-25	141.26	2.341	1	1	12.03	4	10	29	0	0.778	0	0	1		fragment
screen	QPQCGIYRAMNHKH-UHFFFAOYSA-N	O=C(c1ccccc1Br)N1CCOCC1	coadd	CHEMBL4550909	CC BY-SA 3.0 via ChEMBL. NOT taken from db.co-add.org, whose own notice restricts systematic download and non-commercial use	2026-09-26	270.13	1.921	0	2	29.54	1	15	27	2	0.364	0	0	1		fragment
screen	QDBVVYKPZMDPDB-UHFFFAOYSA-N	CCN(CC)CC(=O)N(C)Cc1ccncc1	coadd	CHEMBL4581784	CC BY-SA 3.0 via ChEMBL. NOT taken from db.co-add.org, whose own notice restricts systematic download and non-commercial use	2026-09-26	235.33	1.382	0	3	36.44	6	17	38	1	0.538	0	0	1		fragment
screen	FEYLSTREBWNZHL-UHFFFAOYSA-N	Cc1cncc(CNC(=O)N2CCSCCC2C)c1	coadd	CHEMBL4533096	CC BY-SA 3.0 via ChEMBL. NOT taken from db.co-add.org, whose own notice restricts systematic download and non-commercial use	2026-09-26	279.41	2.427	1	3	45.23	2	19	40	2	0.571	0	0	1		fragment
screen	YWRCDZKEGISYMG-UHFFFAOYSA-N	CC(C)C(=O)c1cnccc1N	coadd	CHEMBL4588260	CC BY-SA 3.0 via ChEMBL. NOT taken from db.co-add.org, whose own notice restricts systematic download and non-commercial use	2026-09-26	164.21	1.502	1	3	55.98	2	12	24	1	0.333	0	0	1		fragment
screen	QPAFLHXRQYGHSK-UHFFFAOYSA-N	O=C1CN(C(=O)C2=CCCC2)c2ccccc2N1	coadd	CHEMBL4572740	CC BY-SA 3.0 via ChEMBL. NOT taken from db.co-add.org, whose own notice restricts systematic download and non-commercial use	2026-09-26	242.28	2.082	1	2	49.41	1	18	32	3	0.286	0	0	1		fragment
screen	XWZXRENCCHMZNF-UHFFFAOYSA-N	C=CCN1C(=O)OC(C)C1=O	chembl_phase2	CHEMBL93070	CC BY-SA 3.0	2026-09-25	155.15	0.54	0	3	46.61	2	11	20	1	0.429	0	0	1		fragment
screen	KVAZXZSOLFWVRB-UHFFFAOYSA-N	CCC1CN(CCn2cccn2)CCN1	coadd	CHEMBL4560488	CC BY-SA 3.0 via ChEMBL. NOT taken from db.co-add.org, whose own notice restricts systematic download and non-commercial use	2026-09-26	208.31	0.567	1	3	33.09	4	15	35	2	0.727	0	0	1		fragment
screen	AIUSJVMJLFLYCT-UHFFFAOYSA-N	CCCNC(=O)C(C)N(C)CCN1CCCC1=O	coadd	CHEMBL4576890	CC BY-SA 3.0 via ChEMBL. NOT taken from db.co-add.org, whose own notice restricts systematic download and non-commercial use	2026-09-26	255.36	0.455	1	3	52.65	7	18	43	1	0.846	0	0	1		fragment
screen	BHTZCIGVYSJBQB-UHFFFAOYSA-N	CC(=O)c1cc[nH]n1	coadd	CHEMBL3275951	CC BY-SA 3.0 via ChEMBL. NOT taken from db.co-add.org, whose own notice restricts systematic download and non-commercial use	2026-09-26	110.12	0.612	1	2	45.75	1	8	14	1	0.2	0	0	1		fragment
screen	IGIDZGNPFWGICD-UHFFFAOYSA-N	Nc1cc(-c2ccccc2)ccc1O	coadd	CHEMBL574583	CC BY-SA 3.0 via ChEMBL. NOT taken from db.co-add.org, whose own notice restricts systematic download and non-commercial use	2026-09-26	185.23	2.641	2	2	46.25	1	14	25	2	0.0	0	0	1		fragment
screen	WUVYUJQJHJGINF-UHFFFAOYSA-N	NCC1COc2ccccc21	coadd	CHEMBL4534358	CC BY-SA 3.0 via ChEMBL. NOT taken from db.co-add.org, whose own notice restricts systematic download and non-commercial use	2026-09-26	149.19	1.121	1	2	35.25	1	11	22	2	0.333	0	0	1		fragment
screen	CROOPTGQTSCWCM-OLQVQODUSA-N	CO[C@H]1CNC[C@H]1OC	coadd	CHEMBL4552022	CC BY-SA 3.0 via ChEMBL. NOT taken from db.co-add.org, whose own notice restricts systematic download and non-commercial use	2026-09-26	131.17	-0.38	1	3	30.49	2	9	22	1	1.0	0	0	1		fragment
screen	QEHVPEYPZVKGEZ-ZETCQYMHSA-N	C#CCNC(=O)[C@H](O)C(C)(C)CO	coadd	CHEMBL500281	CC BY-SA 3.0 via ChEMBL. NOT taken from db.co-add.org, whose own notice restricts systematic download and non-commercial use	2026-09-26	185.22	-0.885	3	3	69.56	4	13	28	0	0.667	0	0	1		fragment
screen	CZSSUEPLDSCXSI-UHFFFAOYSA-N	CC(C)NS(=O)(=O)N1CCNCC1	coadd	CHEMBL4540669	CC BY-SA 3.0 via ChEMBL. NOT taken from db.co-add.org, whose own notice restricts systematic download and non-commercial use	2026-09-26	207.3	-0.866	2	3	61.44	3	13	30	1	1.0	0	0	1		fragment
screen	RVBVQBYYWQSUAB-UHFFFAOYSA-N	NC1CNCCNC1	coadd	CHEMBL4529290	CC BY-SA 3.0 via ChEMBL. NOT taken from db.co-add.org, whose own notice restricts systematic download and non-commercial use	2026-09-26	115.18	-1.493	3	3	50.08	0	8	21	1	1.0	0	0	1		fragment
screen	OWWXXNVDTAJQFY-UHFFFAOYSA-N	NS(=O)(=O)N1CCCNCC1	coadd	CHEMBL4576660	CC BY-SA 3.0 via ChEMBL. NOT taken from db.co-add.org, whose own notice restricts systematic download and non-commercial use	2026-09-26	179.24	-1.515	2	3	75.43	1	11	24	1	1.0	0	0	1		fragment
screen	JZWKYRXKZUDQHB-UHFFFAOYSA-N	NC(=O)C1CCN(CC(=O)NCC(F)(F)F)CC1	coadd	CHEMBL4586948	CC BY-SA 3.0 via ChEMBL. NOT taken from db.co-add.org, whose own notice restricts systematic download and non-commercial use	2026-09-26	267.25	-0.138	2	3	75.43	4	18	34	1	0.8	0	0	1		fragment
screen	SVUOLADPCWQTTE-UHFFFAOYSA-N	C1=Cc2ccccc2NN=C1	chembl_phase3	CHEMBL4297264	CC BY-SA 3.0	2026-09-25	144.18	2.111	1	2	24.39	0	11	19	2	0.0	0	0	1		fragment
screen	WFPYIMKNRDHWKF-UHFFFAOYSA-N	Cc1cc(C(=O)N(C)Cc2cccc(C#N)c2)[nH]n1	coadd	CHEMBL4540829	CC BY-SA 3.0 via ChEMBL. NOT taken from db.co-add.org, whose own notice restricts systematic download and non-commercial use	2026-09-26	254.29	1.862	1	3	72.78	3	19	33	2	0.214	0	0	1		fragment
screen	ZGFOCXPPTMDJCG-UHFFFAOYSA-N	Cc1cccc(C(=O)NC2CCCNC2)c1F	coadd	CHEMBL4566650	CC BY-SA 3.0 via ChEMBL. NOT taken from db.co-add.org, whose own notice restricts systematic download and non-commercial use	2026-09-26	236.29	1.616	2	2	41.13	2	17	34	2	0.462	0	0	1		fragment
screen	BNLPMZGENANJON-UHFFFAOYSA-N	Cc1cccc(C)c1NC(=O)CCCS(C)(=O)=O	coadd	CHEMBL4536004	CC BY-SA 3.0 via ChEMBL. NOT taken from db.co-add.org, whose own notice restricts systematic download and non-commercial use	2026-09-26	269.37	2.067	1	3	63.24	5	18	37	1	0.462	0	0	1		fragment
screen	YKSBVTHTVHRBIY-UHFFFAOYSA-N	NC1CCN(c2ccccc2F)CC1	coadd	CHEMBL4583530	CC BY-SA 3.0 via ChEMBL. NOT taken from db.co-add.org, whose own notice restricts systematic download and non-commercial use	2026-09-26	194.25	1.753	1	2	29.26	1	14	29	2	0.455	0	0	1		fragment
screen	FWNXQHNUAKLNOT-UHFFFAOYSA-N	CNc1cc(-c2cccc(OC)c2)[nH]n1	coadd	CHEMBL4542726	CC BY-SA 3.0 via ChEMBL. NOT taken from db.co-add.org, whose own notice restricts systematic download and non-commercial use	2026-09-26	203.25	2.127	2	3	49.94	3	15	28	2	0.182	0	0	1		fragment
screen	KXCFZIVKJRDVEX-UHFFFAOYSA-N	NCC(CO)Cc1ccncc1	coadd	CHEMBL4563072	CC BY-SA 3.0 via ChEMBL. NOT taken from db.co-add.org, whose own notice restricts systematic download and non-commercial use	2026-09-26	166.22	0.191	2	3	59.14	4	12	26	1	0.444	0	0	1		fragment
screen	VUWXTYDBOSJSJO-UHFFFAOYSA-N	CCC(O)(CC)CN1CCC(O)CC1	coadd	CHEMBL4555614	CC BY-SA 3.0 via ChEMBL. NOT taken from db.co-add.org, whose own notice restricts systematic download and non-commercial use	2026-09-26	201.31	0.994	2	3	43.7	4	14	37	1	1.0	0	0	1		fragment
screen	GAHOJARRTJDDDU-UHFFFAOYSA-N	CN1CCCC(N2C(=O)c3ccccc3C2=O)C1=O	coadd	CHEMBL4543297	CC BY-SA 3.0 via ChEMBL. NOT taken from db.co-add.org, whose own notice restricts systematic download and non-commercial use	2026-09-26	258.28	0.903	0	3	57.69	1	19	33	3	0.357	0	0	1		fragment
screen	PSLSUCQNMWXXKI-UHFFFAOYSA-O	C#CC[n+]1ccccc1N	coadd	CHEMBL4574613	CC BY-SA 3.0 via ChEMBL. NOT taken from db.co-add.org, whose own notice restricts systematic download and non-commercial use	2026-09-26	133.17	0.19	1	1	29.9	1	10	19	1	0.125	0	0	1		fragment
screen	XVZQKVKVDOXQJG-NSHDSACASA-N	COc1ccc2c(c1)[C@@H](N)CCC2	coadd	CHEMBL4549291	CC BY-SA 3.0 via ChEMBL. NOT taken from db.co-add.org, whose own notice restricts systematic download and non-commercial use	2026-09-26	177.25	2.031	1	2	35.25	1	13	28	2	0.455	0	0	1		fragment
screen	OFMIMSPBHXZKRI-UHFFFAOYSA-N	NCc1ccc2occc2c1	coadd	CHEMBL4555015	CC BY-SA 3.0 via ChEMBL. NOT taken from db.co-add.org, whose own notice restricts systematic download and non-commercial use	2026-09-26	147.18	1.891	1	2	39.16	1	11	20	2	0.111	0	0	1		fragment
screen	YXNPVBNVXFDPHF-NTSWFWBYSA-N	O[C@@]12CCNC[C@@H]1C2	coadd	CHEMBL4592402	CC BY-SA 3.0 via ChEMBL. NOT taken from db.co-add.org, whose own notice restricts systematic download and non-commercial use	2026-09-26	113.16	-0.269	2	2	32.26	0	8	19	2	1.0	0	0	1		fragment
screen	NPOAOTPXWNWTSH-UHFFFAOYSA-N	CC(O)(CC(=O)O)CC(=O)O	chembl_phase2	CHEMBL50444	CC BY-SA 3.0	2026-09-25	162.14	-0.313	3	3	94.83	4	11	21	0	0.667	0	0	1		fragment
screen	JMDUASXFXSWTNK-UHFFFAOYSA-N	CC(=O)NCCNC(=O)c1ccncc1	coadd	CHEMBL4580821	CC BY-SA 3.0 via ChEMBL. NOT taken from db.co-add.org, whose own notice restricts systematic download and non-commercial use	2026-09-26	207.23	-0.053	2	3	71.09	4	15	28	1	0.3	0	0	1		fragment
screen	DDRJAANPRJIHGJ-UHFFFAOYSA-N	CN1CC(=O)NC1=N	chembl_phase3	CHEMBL65567	CC BY-SA 3.0	2026-09-25	113.12	-1.017	2	2	56.19	0	8	15	1	0.5	0	0	1		fragment
screen	GYHOZHXQWSDSDJ-NKWVEPMBSA-N	CC(=O)N[C@@H]1CNC[C@H]1CO	coadd	CHEMBL4521945	CC BY-SA 3.0 via ChEMBL. NOT taken from db.co-add.org, whose own notice restricts systematic download and non-commercial use	2026-09-26	158.2	-1.297	3	3	61.36	2	11	25	1	0.857	0	0	1		fragment
screen	CCHLSGCZHQIQLD-UHFFFAOYSA-N	CC(=O)N1CCCN(C(=O)C2CCN(C)C(=O)C2)CC1	coadd	CHEMBL4550015	CC BY-SA 3.0 via ChEMBL. NOT taken from db.co-add.org, whose own notice restricts systematic download and non-commercial use	2026-09-26	281.36	-0.064	0	3	60.93	1	20	43	2	0.786	0	0	1		fragment
screen	FOICFBOJFSSCDE-UHFFFAOYSA-N	CCC(CC)NC(=O)CN1CCCC(C)(CO)C1	coadd	CHEMBL4557643	CC BY-SA 3.0 via ChEMBL. NOT taken from db.co-add.org, whose own notice restricts systematic download and non-commercial use	2026-09-26	256.39	1.386	2	3	52.57	6	18	46	1	0.929	0	0	1		fragment
screen	GNANSSCIKPXJLA-ZCFIWIBFSA-N	CNC(=O)[C@@H](C)Nc1ccc(C(F)(F)F)cn1	coadd	CHEMBL4562430	CC BY-SA 3.0 via ChEMBL. NOT taken from db.co-add.org, whose own notice restricts systematic download and non-commercial use	2026-09-26	247.22	1.647	2	3	54.02	3	17	29	1	0.4	0	0	1		fragment
screen	XIVAEPFCLYYROQ-UHFFFAOYSA-N	Cc1cccc(NCCNC(=O)c2ccccc2)n1	coadd	CHEMBL4575188	CC BY-SA 3.0 via ChEMBL. NOT taken from db.co-add.org, whose own notice restricts systematic download and non-commercial use	2026-09-26	255.32	2.232	2	3	54.02	5	19	36	2	0.2	0	0	1		fragment
screen	KWUIUZNTUGNFOF-UHFFFAOYSA-N	c1coc(CNCC2CCCO2)c1	coadd	CHEMBL4581683	CC BY-SA 3.0 via ChEMBL. NOT taken from db.co-add.org, whose own notice restricts systematic download and non-commercial use	2026-09-26	181.23	1.548	1	3	34.4	4	13	28	2	0.6	0	0	1		fragment
screen	KGLFPBPJMWCIIT-UHFFFAOYSA-N	CC(C)(C)CCOc1cnccc1CN	coadd	CHEMBL4531491	CC BY-SA 3.0 via ChEMBL. NOT taken from db.co-add.org, whose own notice restricts systematic download and non-commercial use	2026-09-26	208.3	2.355	1	3	48.14	4	15	35	1	0.583	0	0	1		fragment
screen	NRNFOCWICHLLEQ-UHFFFAOYSA-N	N#Cc1ccc(CC(N)=O)cc1	coadd	CHEMBL4561922	CC BY-SA 3.0 via ChEMBL. NOT taken from db.co-add.org, whose own notice restricts systematic download and non-commercial use	2026-09-26	160.18	0.586	1	2	66.88	2	12	20	1	0.111	0	0	1		fragment
screen	CULUWZNBISUWAS-UHFFFAOYSA-N	O=C(Cn1ccnc1[N+](=O)[O-])NCc1ccccc1	chembl_approved	CHEMBL110	CC BY-SA 3.0	2026-09-25	260.25	1.108	1	4	90.06	5	19	31	2	0.167	0	0	0	coadd:CHEMBL110;mmv_pathogen_box:CHEMBL110	druglike
screen	WNWMRUJGAIDODI-UHFFFAOYSA-N	CCOC(=O)c1cnc(SCC(=O)NC2CC2)nc1N	coadd	CHEMBL4552434	CC BY-SA 3.0 via ChEMBL. NOT taken from db.co-add.org, whose own notice restricts systematic download and non-commercial use	2026-09-26	296.35	0.606	2	7	107.2	6	20	36	2	0.5	0	0	0		druglike
screen	CALFKOXHVJCZQS-UHFFFAOYSA-N	CC(=O)N1N=C(c2cccnc2)CC1c1ccco1	coadd	CHEMBL4593798	CC BY-SA 3.0 via ChEMBL. NOT taken from db.co-add.org, whose own notice restricts systematic download and non-commercial use	2026-09-26	255.28	2.372	0	4	58.7	2	19	32	3	0.214	0	0	0		druglike
screen	KVCJCEKJKGLBOK-UHFFFAOYSA-N	COc1cc(C(=O)c2ccc(Cl)cc2)cc(OC)c1OCCN1CCOCC1	chembl_phase2	CHEMBL2105158	CC BY-SA 3.0	2026-09-25	405.88	3.299	0	6	57.23	8	28	52	3	0.381	0	0	0		druglike
screen	UYCNINFNERIXCS-UHFFFAOYSA-N	COc1cc(NC(=O)c2cncc(Br)c2)ncn1	coadd	CHEMBL4544758	CC BY-SA 3.0 via ChEMBL. NOT taken from db.co-add.org, whose own notice restricts systematic download and non-commercial use	2026-09-26	309.12	1.895	1	5	77.0	3	18	27	2	0.091	0	0	0		druglike
screen	FOMJBQUIMDXCJS-UHFFFAOYSA-N	CN(Cc1ccc(N)nc1)c1ccc(C#N)cn1	coadd	CHEMBL4584186	CC BY-SA 3.0 via ChEMBL. NOT taken from db.co-add.org, whose own notice restricts systematic download and non-commercial use	2026-09-26	239.28	1.567	1	5	78.83	3	18	31	2	0.154	0	0	0		druglike
screen	DKSDLGLRESJFOT-UHFFFAOYSA-N	C[N+]1(C)CCC(OC(=O)C(O)(c2ccccc2)c2ccccc2)C1	chembl_phase2	CHEMBL2106583	CC BY-SA 3.0	2026-09-25	326.42	2.314	1	3	46.53	4	24	48	3	0.35	0	0	0	chembl_phase2:CHEMBL2110903	druglike
screen	YTKGCACMVXAYLA-UHFFFAOYSA-N	O=c1c2ccsc2ncn1CCn1cncn1	coadd	CHEMBL4536757	CC BY-SA 3.0 via ChEMBL. NOT taken from db.co-add.org, whose own notice restricts systematic download and non-commercial use	2026-09-26	247.28	0.75	0	5	65.6	3	17	26	3	0.2	0	0	0		druglike
screen	CYTUCYWEWVQTAZ-UHFFFAOYSA-N	CC(C)(C)Sc1ccc2nn(CC(=O)Nc3ccc(Cl)cc3)c(=O)n2n1	coadd	CHEMBL4542451	CC BY-SA 3.0 via ChEMBL. NOT taken from db.co-add.org, whose own notice restricts systematic download and non-commercial use	2026-09-26	391.88	3.074	1	5	81.29	4	26	44	3	0.294	0	0	0		druglike
screen	MALWOGDXLOLYKL-XFXZXTDPSA-N	CN(C)c1n/c(=N/c2cccc(Cl)c2)ss1	coadd	CHEMBL2005998	CC BY-SA 3.0 via ChEMBL. NOT taken from db.co-add.org, whose own notice restricts systematic download and non-commercial use	2026-09-26	271.8	3.156	0	5	28.49	2	16	26	2	0.2	0	0	0		druglike
screen	LQXYCDLHSKICDY-UHFFFAOYSA-N	CN(C)CCCN1c2ccccc2CCc2ccc(C#N)cc21	chembl_phase2	CHEMBL2106504	CC BY-SA 3.0	2026-09-25	305.43	3.747	0	3	30.27	4	23	46	3	0.35	0	0	0		druglike
screen	YIDDLAAKOYYGJG-UHFFFAOYSA-N	Cc1cc(F)c(C(=O)Nc2cccc(-c3nncn3C(C)C)n2)cc1-n1cnc(C2CC2)c1	chembl_phase3	CHEMBL3916717	CC BY-SA 3.0	2026-09-25	445.5	4.684	1	5	90.52	6	33	57	5	0.292	0	0	0		druglike
screen	HTIQEAQVCYTUBX-UHFFFAOYSA-N	CCOC(=O)C1=C(COCCN)NC(C)=C(C(=O)OC)C1c1ccccc1Cl	chembl_approved	CHEMBL1491	CC BY-SA 3.0	2026-09-25	408.88	2.266	2	7	99.88	8	28	53	2	0.4	0	0	0	chembl_approved:CHEMBL1200402;chembl_approved:CHEMBL1200984;chembl_approved:CHEMBL4594262;coadd:CHEMBL1491	druglike
screen	AUIHHZBJBKRDIE-UHFFFAOYSA-N	CC(C)NCC(O)COc1cccc2c1N(C(=O)c1cccnc1)CCC2	chembl_phase2	CHEMBL2106788	CC BY-SA 3.0	2026-09-25	369.47	2.412	2	5	74.69	7	27	54	3	0.429	0	0	0		druglike
screen	QFQMJOLIUCNBOA-UHFFFAOYSA-N	COc1ccc(Cl)cc1NC(=O)Cn1nc2c3cc(-c4ccc(C)c(C)c4)nn3ccn2c1=O	coadd	CHEMBL4593300	CC BY-SA 3.0 via ChEMBL. NOT taken from db.co-add.org, whose own notice restricts systematic download and non-commercial use	2026-09-26	476.92	3.728	1	5	94.93	5	34	55	5	0.167	0	0	0		druglike
screen	YXZWPKTWLHVLEY-CAOOACKPSA-N	CN(C)CC/C=C1\c2ccccc2CNc2cc(Cl)ccc21	chembl_phase2	CHEMBL2105588	CC BY-SA 3.0	2026-09-25	312.84	4.649	1	2	15.27	3	22	43	3	0.263	0	0	0		druglike
screen	YCIBZAFYEWHIRE-UHFFFAOYSA-N	CN(C)CCCn1cnc2c1c(=O)n(C)c(=O)n2C	coadd	CHEMBL4558171	CC BY-SA 3.0 via ChEMBL. NOT taken from db.co-add.org, whose own notice restricts systematic download and non-commercial use	2026-09-26	265.32	-0.615	0	4	65.06	4	19	38	2	0.583	0	0	0		druglike
screen	DCGAHTOWJJPYRC-UHFFFAOYSA-N	Clc1ccc(Cn2c(-c3cscn3)nc3c(Cl)cccc32)cn1	coadd	CHEMBL4593655	CC BY-SA 3.0 via ChEMBL. NOT taken from db.co-add.org, whose own notice restricts systematic download and non-commercial use	2026-09-26	361.26	4.91	0	4	43.6	3	23	33	4	0.062	0	0	0		druglike
screen	FPGXSCZDAVUNGD-UHFFFAOYSA-N	CCCCOc1ccc(-c2cc3c4nnc(SCC(=O)NCc5ccccc5)n4ccn3n2)cc1	coadd	CHEMBL4554464	CC BY-SA 3.0 via ChEMBL. NOT taken from db.co-add.org, whose own notice restricts systematic download and non-commercial use	2026-09-26	486.6	4.631	1	6	85.82	10	35	61	5	0.231	0	0	0		druglike
screen	YXQNGFLYVQCAIB-UHFFFAOYSA-N	CN(CCCNc1ncc(C(N)=O)cc1Cl)S(C)(=O)=O	coadd	CHEMBL4520798	CC BY-SA 3.0 via ChEMBL. NOT taken from db.co-add.org, whose own notice restricts systematic download and non-commercial use	2026-09-26	320.8	0.527	2	5	105.39	7	20	37	1	0.455	0	0	0		druglike
screen	ZIEBSNCRFOIFDG-UHFFFAOYSA-N	COc1cccc(-n2ccn3c(SCC(=O)Nc4ccc5c(c4)OCCO5)nnc3c2=O)c1	coadd	CHEMBL4566590	CC BY-SA 3.0 via ChEMBL. NOT taken from db.co-add.org, whose own notice restricts systematic download and non-commercial use	2026-09-26	465.49	2.391	1	8	108.98	6	33	52	5	0.182	0	0	0		druglike
screen	QVVOZYKELHAIPX-WVHCHWADSA-N	C[N+]1(CC2CC2)[C@@H]2C[C@@H](OC(=O)[C@H](CO)c3ccccc3)C[C@H]1[C@@H]1O[C@@H]12	chembl_phase3	CHEMBL2105977	CC BY-SA 3.0	2026-09-25	358.46	1.843	1	4	59.06	6	26	54	5	0.667	0	0	0	chembl_phase3:CHEMBL2110773	druglike
screen	WCGKVETXIRUCNS-UHFFFAOYSA-N	O=C(Nc1ccc2[nH]c(CN3CCCCC3)nc2c1)c1ccc(Cl)c(Cl)c1	ippidb	2242	Institut Pasteur, no licence stated, academic-open	2026-09-25	403.31	5.108	2	3	61.02	4	27	47	4	0.3	0	1	0		druglike
screen	QFLNTQDOVCLQKW-UHFFFAOYSA-N	CC(OC(=O)c1ccc(Cc2c(O)c3ccccc3oc2=O)cc1)(C(F)(F)F)C(F)(F)F	chembl_phase3	CHEMBL2105664	CC BY-SA 3.0	2026-09-25	460.33	5.13	1	5	76.74	4	32	46	3	0.238	0	1	0		druglike
screen	ANCYSMCIEKATGN-UHFFFAOYSA-N	CCC1C(=O)NCCN1C(=O)c1cnsn1	coadd	CHEMBL4575268	CC BY-SA 3.0 via ChEMBL. NOT taken from db.co-add.org, whose own notice restricts systematic download and non-commercial use	2026-09-26	240.29	-0.111	1	5	75.19	2	16	28	2	0.556	0	0	0		druglike
screen	DGWUVKLBXCWNTA-UHFFFAOYSA-N	Clc1ccc(-c2nc3c4ccccc4ccn3n2)cc1	chembl_phase2	CHEMBL94113	CC BY-SA 3.0	2026-09-25	279.73	4.203	0	2	30.19	1	20	30	4	0.0	0	0	0		druglike
screen	OHABWGYGWOWJML-UHFFFAOYSA-N	N#Cc1ccnc(N2CCNCC2)c1	coadd	CHEMBL4540174	CC BY-SA 3.0 via ChEMBL. NOT taken from db.co-add.org, whose own notice restricts systematic download and non-commercial use	2026-09-26	188.23	0.363	1	4	51.95	1	14	26	2	0.4	0	0	0		druglike
screen	HMNLOSYSAMRFEP-UHFFFAOYSA-N	CCC(C)NC(=O)c1ccc2c(=O)n(CCC(C)C)c3nn(CC#N)c(=O)n3c2c1	coadd	CHEMBL4514804	CC BY-SA 3.0 via ChEMBL. NOT taken from db.co-add.org, whose own notice restricts systematic download and non-commercial use	2026-09-26	410.48	1.909	1	5	114.19	7	30	56	3	0.476	0	0	0		druglike
screen	ZYSCOUXLBXGGIM-UHFFFAOYSA-N	Nc1[nH]ncc1-c1cc(Cl)ccc1Oc1cc(F)c(S(=O)(=O)Nc2cscn2)cc1Cl	chembl_phase2	CHEMBL2325014	CC BY-SA 3.0	2026-09-25	500.36	5.154	3	7	122.99	6	31	43	4	0.0	0	2	0		druglike
screen	URGJOYDECMYFMJ-UHFFFAOYSA-N	SC1=NC2(CCCCC2)NC12CCCCC2	coadd	CHEMBL1352046	CC BY-SA 3.0 via ChEMBL. NOT taken from db.co-add.org, whose own notice restricts systematic download and non-commercial use	2026-09-26	238.4	3.281	2	2	24.39	0	16	38	3	0.923	0	0	0		druglike
screen	MTEWEELSRDFKMF-UHFFFAOYSA-N	O=[N+]([O-])c1ccc(-c2ccccc2Nc2ccccc2Br)cc1	coadd	CHEMBL4586337	CC BY-SA 3.0 via ChEMBL. NOT taken from db.co-add.org, whose own notice restricts systematic download and non-commercial use	2026-09-26	369.22	5.768	1	3	55.17	4	23	36	3	0.0	0	1	0		druglike
screen	YRRQAALAOMOXJW-UHFFFAOYSA-N	N#Cc1cccc(-c2csc(N)n2)c1	coadd	CHEMBL4532621	CC BY-SA 3.0 via ChEMBL. NOT taken from db.co-add.org, whose own notice restricts systematic download and non-commercial use	2026-09-26	201.25	2.264	1	4	62.7	1	14	21	2	0.0	0	0	0		druglike
screen	LPHMXAWJYFROCO-KYJUHHDHSA-N	CNC(=O)[C@H](Cc1ccc2ccccc2c1)N1CCC(=O)N(Cc2ccc3ncccc3c2)[C@@H](CC(C)C)C1=O	ippidb	489	Institut Pasteur, no licence stated, academic-open	2026-09-25	536.68	4.721	1	4	82.61	8	40	76	5	0.333	0	1	0		druglike
screen	LGSDFTPAICUONK-UHFFFAOYSA-N	CNc1cc2[nH]c(=O)n(-c3ccc(NC(=O)NS(=O)(=O)c4ccc(Cl)s4)cc3)c(=O)c2cc1F	chembl_phase2	CHEMBL2103828	CC BY-SA 3.0	2026-09-25	523.96	3.085	4	7	142.16	5	34	49	4	0.05	0	1	0		druglike
screen	FOBMOHYBRJMHEY-IBGZPJMESA-N	O=C(NC[C@H](NC(=O)c1c(Cl)cc2c(c1Cl)CCN(C(=O)c1ccc3ccoc3c1)C2)C(=O)O)c1cccs1	ippidb	181	Institut Pasteur, no licence stated, academic-open	2026-09-25	586.45	4.613	3	6	128.95	7	39	60	5	0.185	0	1	0		druglike
screen	HSSYLIYWARWUTA-SFHVURJKSA-N	CC(C)c1ccccc1Sc1ccc(-c2cc(N3CCC[C@H](CO)C3)ncn2)cc1C(F)(F)F	ippidb	1295	Institut Pasteur, no licence stated, academic-open	2026-09-25	487.59	6.646	1	5	49.25	6	34	62	4	0.385	0	1	0		druglike
screen	OAEWBOSXVQAOGM-UHFFFAOYSA-N	Cc1c(C#N)nn(-c2cccnc2)c1N	coadd	CHEMBL4535787	CC BY-SA 3.0 via ChEMBL. NOT taken from db.co-add.org, whose own notice restricts systematic download and non-commercial use	2026-09-26	199.22	1.03	1	4	80.52	1	15	24	2	0.1	0	0	0		druglike
screen	UZMUDQFNZPSMQU-UHFFFAOYSA-N	Cc1cc(C)c(Nc2ccccc2-c2ccccc2[N+](=O)[O-])c(C)c1	coadd	CHEMBL4584319	CC BY-SA 3.0 via ChEMBL. NOT taken from db.co-add.org, whose own notice restricts systematic download and non-commercial use	2026-09-26	332.4	5.931	1	3	55.17	4	25	45	3	0.143	0	1	0		druglike
screen	SZEAUPPGLDXGJG-UHFFFAOYSA-N	CCCN1CCCC1CNC(=O)c1cc(S(N)(=O)=O)ccc1OC	chembl_phase2	CHEMBL2105329	CC BY-SA 3.0	2026-09-25	355.46	0.947	2	5	101.73	7	24	49	2	0.562	0	0	0		druglike
screen	WMJNWYCBXNTPQN-UHFFFAOYSA-N	CC(=O)Nn1cnc(=O)c(C#N)c1	chembl_phase2	CHEMBL2104115	CC BY-SA 3.0	2026-09-25	178.15	-0.795	1	4	87.78	1	13	19	1	0.143	0	0	0		druglike
screen	QCGUSIANLFXSGE-GFCCVEGCSA-N	Cn1nnc(-c2ccc(-c3ccc(N4C[C@H](COP(=O)(O)O)OC4=O)cc3F)cn2)n1	chembl_approved	CHEMBL2105669	CC BY-SA 3.0	2026-09-25	450.32	1.513	2	8	152.79	6	31	47	4	0.235	0	0	0		druglike
screen	BDUHCSBCVGXTJM-WUFINQPMSA-N	COc1ccc(C2=N[C@@H](c3ccc(Cl)cc3)[C@@H](c3ccc(Cl)cc3)N2C(=O)N2CCNC(=O)C2)c(OC(C)C)c1	ippidb	1650	Institut Pasteur, no licence stated, academic-open	2026-09-25	581.5	5.886	1	5	83.47	6	40	70	5	0.3	0	2	0	ippidb:2020	druglike
screen	ACLVTPBNANYOKG-UHFFFAOYSA-N	CC(C)c1ccccc1Sc1ccc(-c2cc(N3CCC(C(=O)O)CC3)ncn2)cc1C(F)(F)F	ippidb	1142	Institut Pasteur, no licence stated, academic-open	2026-09-25	501.57	6.738	1	5	66.32	6	35	61	4	0.346	0	2	0		druglike
screen	UXUZARPLRQRNNX-DXTOWSMRSA-N	Nc1nc(O)c2ncn([C@@H]3O[C@H](CO)[C@@H](O)[C@H]3F)c2n1	coadd	CHEMBL308759	CC BY-SA 3.0 via ChEMBL. NOT taken from db.co-add.org, whose own notice restricts systematic download and non-commercial use	2026-09-26	285.24	-1.297	4	8	139.54	2	20	32	3	0.5	0	0	0		druglike
screen	TWJVPUPAIVMXNV-UHFFFAOYSA-N	N#Cc1ccccc1-c1ccc(Cn2c(-c3cscn3)nc3c(Cl)cccc32)cc1	coadd	CHEMBL4594035	CC BY-SA 3.0 via ChEMBL. NOT taken from db.co-add.org, whose own notice restricts systematic download and non-commercial use	2026-09-26	426.93	6.4	0	4	54.5	4	30	45	5	0.042	0	1	0		druglike
screen	RILWUTQZRXWBOB-GIDUJCDVSA-N	Cn1c([N+](=O)[O-])cnc1/C=N/N1CC(CN2CCOCC2)OC1=O	chembl_phase2	CHEMBL3989625	CC BY-SA 3.0	2026-09-25	338.32	-0.185	0	8	115.33	5	24	42	3	0.615	0	0	0		druglike
screen	XLSYZSRXVVCHLS-UHFFFAOYSA-N	COCCN1CCN(Cc2ccc(-c3n[nH]c4c3C(=O)c3c(NC(=O)NN5CCOCC5)cccc3-4)cc2)CC1	chembl_phase1	CHEMBL3545083	CC BY-SA 3.0	2026-09-25	545.64	2.421	3	8	115.06	8	40	75	6	0.414	0	1	0		druglike
screen	YPAQBCLUJBPATB-SSEXGKCCSA-N	O=C(N1CCC[C@](Oc2ccc(C(F)(F)F)cc2)(C(=O)NCCc2ccccc2)C1)C1(c2ccc(Cl)cc2)CC1	ippidb	200	Institut Pasteur, no licence stated, academic-open	2026-09-25	571.04	6.19	1	3	58.64	8	40	70	5	0.355	0	2	0		druglike
screen	BXQRASWFYHJONT-UHFFFAOYSA-N	CN(C)CCCn1cnc(NC(=O)c2cc(NC(=O)c3cc(NC(=O)c4cc5ccccc5cn4)cn3C)cn2C)c1	coadd	CHEMBL3814528	CC BY-SA 3.0 via ChEMBL. NOT taken from db.co-add.org, whose own notice restricts systematic download and non-commercial use	2026-09-26	567.65	3.817	3	6	131.11	10	42	75	5	0.233	0	1	0		druglike
screen	PMQVHZWPTPIEOF-UHFFFAOYSA-N	COc1ccc(NC(=O)Cn2nc3c(N4CCOCC4)nccn3c2=O)c(OC)c1	coadd	CHEMBL4557853	CC BY-SA 3.0 via ChEMBL. NOT taken from db.co-add.org, whose own notice restricts systematic download and non-commercial use	2026-09-26	414.42	0.384	1	8	112.22	6	30	52	4	0.368	0	0	0		druglike
screen	WOQIDNWTQOYDLF-CGAIIQECSA-N	CN1CCC[C@H]1CCNC(=O)c1cn2c3c(c(N4CCC(c5cnccn5)C4)c(F)cc3c1=O)Oc1cc3ccccc3cc1-2	chembl_phase2	CHEMBL3989407	CC BY-SA 3.0	2026-09-25	604.69	5.387	1	7	92.59	6	45	78	8	0.314	0	2	0		druglike
screen	SNPLKNRPJHDVJA-UHFFFAOYSA-N	CC(C)(CO)C(O)C(=O)NCCCO	chembl_phase3	CHEMBL1371937	CC BY-SA 3.0	2026-09-25	205.25	-1.136	4	4	89.79	6	14	33	0	0.889	0	0	0		druglike
screen	YJCZPJQGFSSFOL-MNZPCBJKSA-N	CCN1[C@@H](C(=O)NC23CCC(C(=O)O)(CC2)CC3)[C@H](c2cccc(Cl)c2F)[C@]2(C(=O)Nc3cc(Cl)ccc32)C12CCCCC2	chembl_phase2	CHEMBL4091801	CC BY-SA 3.0	2026-09-25	642.6	6.807	3	4	98.74	5	44	82	8	0.559	0	2	0		druglike
screen	NVNDSZWHCFDEAR-UCDLYESDSA-N	CC[C@H](NC)C(=O)N[C@@H]1C(=O)N2[C@@H](CC[C@@H]1CCNCc1ccccc1)CC[C@H]2C(=O)NC(c1ccccc1)c1ccccc1	ippidb	2077	Institut Pasteur, no licence stated, academic-open	2026-09-25	609.82	4.325	4	5	102.57	13	45	92	5	0.432	0	1	0		druglike
screen	FTMNZJASLMPPNW-MHFVGYLCSA-N	Cc1cn([C@H]2O[C@@H](CO[P@@](=O)(N[C@@H](C)C(=O)OC(C)C)Oc3ccccc3)[C@H](O)[C@H]2F)c(=O)[nH]c1=O	chembl_phase2	CHEMBL5095214	CC BY-SA 3.0	2026-09-25	529.46	1.575	3	9	158.18	10	36	65	3	0.5	0	1	0		druglike
screen	BCIPILGGOSCOMC-MHZLTWQESA-N	CCC(CC)(NC(=O)C(C)C)C(=O)N[C@@H](CCCNC(=N)N)C(=O)NC1(C(=O)NC(c2ccccc2)c2ccccc2)CCCC1	ippidb	2089	Institut Pasteur, no licence stated, academic-open	2026-09-25	633.84	3.4	7	5	178.3	16	46	97	3	0.514	0	2	0		druglike
screen	SASAWKFCSDRAGD-UHFFFAOYSA-N	Oc1c(-c2cc(Cl)c(Cl)c(Cl)c2)cc(Cl)c(Cl)c1Cl	ippidb	1929	Institut Pasteur, no licence stated, academic-open	2026-09-25	376.88	6.98	1	1	20.23	1	19	23	2	0.0	0	1	0		druglike
screen	SBFXHXZNBNFPHV-PXXBSISHSA-N	CC[C@@H](C)[C@H]1C(=O)N2CCC[C@H]2[C@]2(O)O[C@](NC(=O)[C@@H]3C[C@@H]4c5cccc6[nH]cc(c56)C[C@H]4N(C)C3)(C(C)C)C(=O)N12	chembl_phase2	CHEMBL2106411	CC BY-SA 3.0	2026-09-25	577.73	2.521	3	6	118.21	5	42	85	7	0.656	0	1	0		druglike
screen	UOCJDOLVGGIYIQ-PBFPGSCMSA-N	N[C@@H](C(=O)N[C@@H]1C(=O)N2C(C(=O)O)=C(CSc3c[nH]nn3)CS[C@H]12)c1ccc(O)cc1	chembl_phase2	CHEMBL1095284	CC BY-SA 3.0	2026-09-25	462.51	0.041	5	9	174.53	7	31	49	4	0.278	0	0	0	coadd:CHEMBL3115472	druglike
screen	FYRJJCYFYLLOSC-LXFBAYGMSA-N	CCC[C@H](c1ccc(C(=O)NCCC(=O)O)cc1)[C@H](c1ccc(Cl)cc1)c1c[nH]c2c(F)cc(C)cc12	chembl_phase2	CHEMBL1933350	CC BY-SA 3.0	2026-09-25	521.03	7.189	3	2	82.19	10	37	67	4	0.267	0	2	0		druglike
screen	SWOYNTHAVGKVJZ-HNQUOIGGSA-N	O=C(/C=C/c1ccc(Cl)s1)c1ccc(Cl)s1	coadd	CHEMBL4296971	CC BY-SA 3.0 via ChEMBL. NOT taken from db.co-add.org, whose own notice restricts systematic download and non-commercial use	2026-09-26	289.21	5.013	0	3	17.07	3	16	22	2	0.0	0	1	0		druglike
screen	DNTVJEMGHBIUMW-IBGZPJMESA-N	COc1ccc2cc(-c3cc(-c4cc(Cl)cc(Cl)c4)nn3[C@@H](C)c3ccc(C(=O)NCCC(=O)O)cc3)ccc2c1	chembl_phase2	CHEMBL1933349	CC BY-SA 3.0	2026-09-25	588.49	7.5	2	4	93.45	9	41	68	5	0.156	0	2	0		druglike
screen	MJJALKDDGIKVBE-UHFFFAOYSA-N	CC(C)(C)c1ccc(C(=O)CCCN2CCC(OC(c3ccccc3)c3ccccc3)CC2)cc1	chembl_approved	CHEMBL305660	CC BY-SA 3.0	2026-09-25	469.67	7.218	0	3	29.54	9	35	74	4	0.406	0	1	0		druglike
screen	ITWIHGMLGQLAFE-UFSUGYSCSA-N	CC(=O)O[C@H]1C[C@@]2(C)C(CC(=O)C3[C@@]4(C)CCC(=O)[C@@H](C)C4CC[C@@]32C)/C1=C(\CCC=C(C)C)C(=O)OCc1ccccc1	coadd	CHEMBL4514717	CC BY-SA 3.0 via ChEMBL. NOT taken from db.co-add.org, whose own notice restricts systematic download and non-commercial use	2026-09-26	602.81	7.741	0	6	86.74	7	44	94	5	0.632	0	2	0		druglike
screen	MUNWOYRHJPWQNE-GMFUQMJFSA-N	COC[C@H]1CN(C(=O)[C@]2(F)CN(C3CCCC3)C[C@H]2c2ccc(OC)cc2)C[C@@H]1c1ccc(C(F)(F)F)cc1N1CCC(C(=O)O)CC1	chembl_phase1	CHEMBL4802244	CC BY-SA 3.0	2026-09-25	675.76	5.954	1	6	82.55	9	48	93	6	0.611	0	2	0	chembl_phase3:CHEMBL4802160	druglike
screen	RCMMPOBOKPZDDU-UHFFFAOYSA-N	COC(=O)C(C)S(N)(=O)=O	coadd	CHEMBL4572436	CC BY-SA 3.0 via ChEMBL. NOT taken from db.co-add.org, whose own notice restricts systematic download and non-commercial use	2026-09-26	167.19	-1.164	1	4	86.46	2	10	19	0	0.75	0	0	0		druglike
screen	ATPRYWVAPFXDLB-XHCCPWGMSA-N	C[C@H](c1ccc(Cl)cc1)N1C(=O)c2cc(I)ccc2N(CCN2CCOCC2)C(=O)[C@H]1c1ccc(Cl)cc1	ippidb	1374	Institut Pasteur, no licence stated, academic-open	2026-09-25	664.37	6.222	0	4	53.09	6	38	66	5	0.31	0	2	0		druglike
screen	LVBMFPUTQOHXQE-UHFFFAOYSA-N	N=C(N)NCCCCCCNC(=O)COC(=O)NCCCCNCCCN	chembl_phase2	CHEMBL98034	CC BY-SA 3.0	2026-09-25	387.53	-0.409	7	6	167.38	17	27	64	0	0.824	0	1	0		druglike
screen	MHOPTQKTBICWMN-WDYNHAJCSA-N	CCN(CC)C(=O)[C@@H](c1ccc(Cl)cc1)N1C(=O)c2cc(I)ccc2N(CCCCC(=O)O)C(=O)[C@@H]1c1ccc(Cl)cc1	ippidb	807	Institut Pasteur, no licence stated, academic-open	2026-09-25	736.43	6.993	1	4	98.23	11	43	75	4	0.312	0	2	0		druglike
screen	RACMGQBQYYWANW-UHFFFAOYSA-N	Oc1ccc(Nc2ccc3ccccc3c2)cc1	coadd	CHEMBL1699265	CC BY-SA 3.0 via ChEMBL. NOT taken from db.co-add.org, whose own notice restricts systematic download and non-commercial use	2026-09-26	235.29	4.289	2	2	32.26	2	18	31	3	0.0	0	0	0		druglike
screen	ZNKWRAKPQQZLNX-ZDQHWEPJSA-N	CN(CCCn1nnc2cc(CNC[C@H](O)c3ccc(O)c4[nH]c(=O)ccc34)ccc21)[C@H]1CC[C@H](OC(=O)C(O)(c2cccs2)c2cccs2)CC1	chembl_phase1	CHEMBL4650222	CC BY-SA 3.0	2026-09-25	742.92	5.037	5	12	165.83	14	52	94	7	0.368	0	3	0	chembl_phase2:CHEMBL4297483	druglike
screen	QXACEHWTBCFNSA-SFQUDFHCSA-N	CCCCCc1cc(O)c(C/C=C(\C)CCC=C(C)C)c(O)c1	chembl_phase2	CHEMBL497318	CC BY-SA 3.0	2026-09-25	316.49	6.066	2	2	40.46	9	23	55	1	0.524	0	1	0		druglike
screen	PACJCVGQWPAPTF-UHFFFAOYSA-N	CS(=O)(=O)NCCNC(=O)C1CCN(S(C)(=O)=O)CC1	coadd	CHEMBL4573439	CC BY-SA 3.0 via ChEMBL. NOT taken from db.co-add.org, whose own notice restricts systematic download and non-commercial use	2026-09-26	327.43	-1.677	2	5	112.65	6	20	41	1	0.9	0	0	0		druglike
screen	XOXBNFKSIDCMFB-QHCPKHFHSA-N	CS(=O)(=O)n1cc(C(=O)NC[C@H](NC(=O)c2c(Cl)cc3c(c2Cl)CCN(C(=O)c2ccc(Cl)cc2)C3)C(=O)O)c2ccccc21	ippidb	639	Institut Pasteur, no licence stated, academic-open	2026-09-25	691.98	4.221	3	6	154.88	8	45	70	5	0.2	0	1	0		druglike
screen	NHVGUHQBLOOYQG-UHFFFAOYSA-N	COC(=O)COCC(C)=O	coadd	CHEMBL4517762	CC BY-SA 3.0 via ChEMBL. NOT taken from db.co-add.org, whose own notice restricts systematic download and non-commercial use	2026-09-26	146.14	-0.235	0	4	52.6	4	10	20	0	0.667	0	0	0		druglike
screen	XESARGFCSKSFID-FLLFQEBCSA-N	NC(=O)c1[nH]nc([C@@H]2O[C@H](CO)[C@@H](O)[C@H]2O)c1O	chembl_phase2	CHEMBL2105330	CC BY-SA 3.0	2026-09-25	259.22	-2.632	6	7	161.92	3	18	31	2	0.556	0	1	0		druglike
screen	OIECDSKSPRTZHG-NJBDSQKTSA-N	CC1(C)S[C@@H]2[C@H](NC(=O)[C@H](NS(=O)(=O)O)c3ccccc3)C(=O)N2[C@H]1C(=O)O	chembl_phase2	CHEMBL2111139	CC BY-SA 3.0	2026-09-25	429.48	-0.248	4	6	153.11	6	28	47	3	0.438	0	0	0		druglike
screen	WWYUYRBRIOXUHU-UHFFFAOYSA-N	CC(C)c1sc(NC(=O)c2cc(NC(=O)c3cc(NC(=O)c4cc(NC=O)cn4C)cn3C)cn2C)nc1C(=O)NCCCN(C)C	coadd	CHEMBL4586465	CC BY-SA 3.0 via ChEMBL. NOT taken from db.co-add.org, whose own notice restricts systematic download and non-commercial use	2026-09-26	664.79	3.289	5	8	176.42	14	47	87	4	0.355	0	1	0		druglike
screen	AWSWJRUMDBPELJ-UHFFFAOYSA-N	Cc1ncc([N+](=O)[O-])n1CCOC(=O)CN(CC(=O)O)CC(=O)OCCn1c([N+](=O)[O-])cnc1C	chembl_phase2	CHEMBL4303058	CC BY-SA 3.0	2026-09-25	497.42	-0.314	1	12	215.06	14	35	58	2	0.5	0	1	0		druglike
screen	WFJIVOKAWHGMBH-UHFFFAOYSA-N	CCCCCCc1ccc(O)cc1O	chembl_approved	CHEMBL443605	CC BY-SA 3.0	2026-09-25	194.27	3.221	2	2	40.46	5	14	32	1	0.5	0	0	0		druglike
screen	LFEGKCKGGNXWDV-KBPBESRZSA-N	O=C(O)CC[C@H](NC(=O)N[C@@H](CCCCNC(=O)Nc1ccc(I)cc1)C(=O)O)C(=O)O	chembl_phase1	CHEMBL456029	CC BY-SA 3.0	2026-09-25	564.33	1.653	7	5	194.16	13	32	57	1	0.421	0	2	0		druglike
screen	RCKCYCDBDYUIGM-LFMHJWGUSA-N	O=C(O[C@H]1[C@H](Oc2ccccc2COC(=O)C2(O)C=CCCC2=O)O[C@H](CO)[C@@H](O)[C@@H]1O)c1ccccc1	coadd	CHEMBL462996	CC BY-SA 3.0 via ChEMBL. NOT taken from db.co-add.org, whose own notice restricts systematic download and non-commercial use	2026-09-26	528.51	0.423	4	11	169.05	8	38	66	4	0.37	0	2	0		druglike
screen	HZAAIHQAMUVVHZ-MPWZMCHYSA-N	CC(=O)O[C@H]1C[C@@]2(C)C(C[C@@H](O)C3[C@@]4(C)CC[C@@H](OC(=O)CO[N+](=O)[O-])[C@@H](C)C4CC[C@@]32C)/C1=C(\CCC=C(C)C)C(=O)OCc1ccccc1	coadd	CHEMBL4526161	CC BY-SA 3.0 via ChEMBL. NOT taken from db.co-add.org, whose own notice restricts systematic download and non-commercial use	2026-09-26	709.88	7.084	1	10	151.5	11	51	106	5	0.675	0	2	0		druglike
screen	TUWLYFAEAPMOJS-UHFFFAOYSA-N	COCc1cc(O)ncn1	coadd	CHEMBL4528560	CC BY-SA 3.0 via ChEMBL. NOT taken from db.co-add.org, whose own notice restricts systematic download and non-commercial use	2026-09-26	140.14	0.329	1	4	55.24	2	10	18	1	0.333	0	0	0		druglike
screen	OGWKCGZFUXNPDA-CFWMRBGOSA-N	CC[C@]1(O)C[C@@H]2CN(CCc3c([nH]c4ccccc34)[C@@](C(=O)OC)(c3cc4c(cc3OC)N(C=O)[C@H]3[C@@](O)(C(=O)OC)[C@H](OC(C)=O)[C@]5(CC)C=CCN6CC[C@]43[C@@H]65)C2)C1	coadd	CHEMBL385978	CC BY-SA 3.0 via ChEMBL. NOT taken from db.co-add.org, whose own notice restricts systematic download and non-commercial use	2026-09-26	824.97	3.518	3	12	171.17	8	60	116	9	0.565	0	2	0		druglike
screen	FJKOYBHMMTVFHK-TWYJFGHKSA-N	CO/N=C(\C(=O)N[C@@H]1C(=O)N(OCC(=O)O)[C@H]1C)c1csc(N)n1	chembl_phase2	CHEMBL2104567	CC BY-SA 3.0	2026-09-25	357.35	-1.192	3	9	156.44	7	24	39	2	0.417	0	0	0		druglike
screen	KRKNYBCHXYNGOX-UHFFFAOYSA-M	O=C([O-])CC(O)(CC(=O)O)C(=O)O	chembl_phase2	CHEMBL4650302	CC BY-SA 3.0	2026-09-25	191.11	-2.583	3	5	134.96	5	13	20	0	0.5	0	0	0		druglike
screen	NJXZWIIMWNEOGJ-WEWKHQNJSA-N	COc1ccc(S(=O)(=O)N2C(=O)[C@@](c3ccccc3OC)(N3C[C@H](O)C[C@H]3C(=O)N(C)C)c3cc(Cl)ccc32)c(OC)c1	chembl_phase2	CHEMBL582857	CC BY-SA 3.0	2026-09-25	630.12	2.868	1	9	125.92	8	43	75	5	0.333	0	1	0		druglike
screen	BGHYXWAGTHCGIM-CYEXUTLASA-N	C[C@@H]1Cc2c(ncnc2NS(=O)(=O)c2ccc(N[C@H](CCN(C)C)CSc3ccccc3)c(S(=O)(=O)C(F)(F)F)c2)CN1C1CCN(Cc2ccccc2-c2ccc(Cl)cc2)CC1	ippidb	1313	Institut Pasteur, no licence stated, academic-open	2026-09-25	942.6	8.827	2	11	127.84	16	63	114	7	0.378	0	3	0		druglike
screen	WDPFJWLDPVQCAJ-UHFFFAOYSA-N	CCN(CC)CCN(Cc1ccc(-c2ccc(C(F)(F)F)cc2)cc1)C(=O)Cn1c(SCc2ccc(F)cc2)nc(=O)c2c1CCC2	chembl_phase3	CHEMBL204021	CC BY-SA 3.0	2026-09-25	666.78	7.22	0	5	58.44	13	47	85	5	0.361	0	2	0		druglike
screen	NLRHSJVARIXWGQ-UHFFFAOYSA-N	O=C(O)Cc1ccc(Cl)c(F)c1-n1c(C2CCCCC2)nc(C(=O)OCc2ccccc2)c1-c1ccc(F)c(Cl)c1	ippidb	862	Institut Pasteur, no licence stated, academic-open	2026-09-25	599.46	8.156	1	4	81.42	8	41	67	5	0.258	0	2	0		druglike
screen	GWKUQIDUBUTSSN-DEOSSOPVSA-N	Cc1ccc2c(c1)c(C(=O)NC[C@H](NC(=O)c1c(Cl)cc3c(c1Cl)CCN(C(=O)c1ccc(Cl)cc1)C3)C(=O)O)cn2S(C)(=O)=O	ippidb	160	Institut Pasteur, no licence stated, academic-open	2026-09-25	706.0	4.529	3	6	154.88	8	46	73	5	0.226	0	1	0		druglike
screen	LEQAKWQJCITZNK-AXHKHJLKSA-N	COc1c(O[C@@H]2O[C@H](CO)[C@@H](O)[C@H](O)[C@H]2O)cc2c(c1OC)-c1ccc(SC)c(=O)cc1[C@@H](NC(C)=O)CC2	chembl_phase3	CHEMBL213907	CC BY-SA 3.0	2026-09-25	563.63	0.755	5	11	164.01	7	39	72	4	0.481	0	2	0		druglike
screen	LHXFPSQJODNWEW-UHFFFAOYSA-N	C=CC1=C(C)c2cc3[nH]c(cc4nc(cc5[nH]c(cc1n2)c(C)c5CCC(=O)OCCC)C(CCC(=O)OCCO)=C4C)C1(C)C3=CC=C(C(=O)OC)C1C(=O)OC	chembl_phase2	CHEMBL2107756	CC BY-SA 3.0	2026-09-25	790.91	6.838	3	11	182.79	13	58	108	6	0.378	0	3	0		druglike
screen	AWSWJRUMDBPELJ-UHFFFAOYSA-M	Cc1ncc([N+](=O)[O-])n1CCOC(=O)CN(CC(=O)[O-])CC(=O)OCCn1c([N+](=O)[O-])cnc1C	chembl_phase2	CHEMBL4297660	CC BY-SA 3.0	2026-09-25	496.41	-1.649	0	13	217.89	14	35	57	2	0.5	0	1	0		druglike
screen	BCKMDCAQOKRTLA-UHFFFAOYSA-N	CC(C)c1ccccc1Sc1ccc(-c2coc(N3CCCCC3)n2)cc1C(F)(F)F	ippidb	504	Institut Pasteur, no licence stated, academic-open	2026-09-25	446.54	7.625	0	4	29.27	5	31	56	4	0.375	0	1	0		druglike
screen	KAYBFGCVDVUQHJ-SSEXGKCCSA-N	CN(C)CC[C@H](CSc1ccccc1)Nc1ccc(S(=O)(=O)NC(=O)c2ccc(N3CCN(Cc4ccccc4S(C)(=O)=O)CC3)cc2)cc1[N+](=O)[O-]	ippidb	367	Institut Pasteur, no licence stated, academic-open	2026-09-25	780.99	4.964	2	12	162.27	16	53	97	5	0.324	0	2	0		druglike
screen	QNTASHOAVRSLMD-GYKMGIIDSA-N	CC(C)CCC[C@@H](C)[C@H]1CC[C@H]2[C@@H]3CCC4=CC(=NO)CC[C@]4(C)[C@H]3CC[C@]12C	chembl_phase3	CHEMBL3545254	CC BY-SA 3.0	2026-09-25	399.66	7.858	1	2	32.59	5	29	74	4	0.889	0	1	0		druglike
screen	WQZGKKKJIJFFOK-QTVWNMPRSA-N	OC[C@H]1OC(O)[C@@H](O)[C@@H](O)[C@@H]1O	chembl_phase2	CHEMBL469448	CC BY-SA 3.0	2026-09-25	180.16	-3.221	5	6	110.38	1	12	24	1	1.0	0	0	0		druglike
screen	MURWMFYCSWNAJE-UUWRZZSWSA-N	CN(C)CC[C@H](CSc1ccccc1Cl)Nc1ccc(S(=O)(=O)Nc2ncnc3c2CCN(C2CCN(CC4=C(c5ccc(Cl)cc5)CC(C)(C)CC4)CC2)C3)cc1S(=O)(=O)C(F)(F)F	ippidb	399	Institut Pasteur, no licence stated, academic-open	2026-09-25	995.1	9.889	2	11	127.84	16	65	121	7	0.478	0	3	0		druglike
screen	KXYGAIVJVQJFDQ-CXDLDTBJSA-N	CC[C@@H]1NC(=O)[C@H](CCCNC(=N)N)NC(=O)[C@](C)(NC(=O)C(C)C)CCCCN(C)C(=O)[C@@H](c2ccc(Cl)cc2)NC1=O	ippidb	2093	Institut Pasteur, no licence stated, academic-open	2026-09-25	635.21	1.313	7	6	198.61	8	44	91	2	0.6	0	2	0		druglike
screen	RPDFDSQFBCJTDY-GAQXSTBRSA-N	CC(C)Oc1cccc(CC(=O)N2CCC[C@](CC[N+]34CCC(c5ccccc5)(CC3)CC4)(c3ccc(Cl)c(Cl)c3)C2)c1	chembl_phase2	CHEMBL1178725	CC BY-SA 3.0	2026-09-25	620.69	8.226	0	2	29.54	9	43	88	7	0.486	0	2	0	chembl_phase2:CHEMBL2105831	druglike
screen	QXGLJOAZNUMSJD-WFBBNMDISA-N	C[C@H](CC1O[C@H]([C@@H](O)CO)[C@@H](O)[C@H](O)[C@@H]1O)OP(=O)(O)O	coadd	CHEMBL4584418	CC BY-SA 3.0 via ChEMBL. NOT taken from db.co-add.org, whose own notice restricts systematic download and non-commercial use	2026-09-26	332.24	-2.922	7	8	177.14	6	21	42	1	1.0	0	1	0		druglike
screen	OZQDLJNDRVBCST-UHFFFAOYSA-N	Nc1cnn(C2OC(CO)C(O)C2O)c(=O)n1	coadd	CHEMBL1464327	CC BY-SA 3.0 via ChEMBL. NOT taken from db.co-add.org, whose own notice restricts systematic download and non-commercial use	2026-09-26	244.21	-3.168	4	8	143.72	2	17	29	2	0.625	0	0	0		druglike
screen	GMNKCZROCVXPTB-UHFFFAOYSA-N	CCSc1nc(C)cc(S)n1	coadd	CHEMBL1505370	CC BY-SA 3.0 via ChEMBL. NOT taken from db.co-add.org, whose own notice restricts systematic download and non-commercial use	2026-09-26	186.31	2.186	1	4	25.78	2	11	21	1	0.429	0	0	0		druglike
screen	KXTYBXCEQOANSX-LQKUVRPKSA-N	C=CC(C)(C)OC[C@H]1O[C@H](O[C@@H]2C3=C([C@H](C)COC(C)=O)C[C@H](O)[C@]3(C)/C=C3\[C@@H](COC)CC[C@H]3[C@@H](C)[C@H]2O)[C@H](O)[C@@H](OC(C)=O)[C@@H]1O	ippidb	2030	Institut Pasteur, no licence stated, academic-open	2026-09-25	680.83	2.608	4	12	170.44	12	48	104	4	0.778	0	2	0		druglike
screen	AAFJXZWCNVJTMK-GUCUJZIJSA-N	O[C@H]([C@H](O)[C@@H]1CO1)[C@H]1CO1	chembl_phase3	CHEMBL3137322	CC BY-SA 3.0	2026-09-25	146.14	-1.494	2	4	65.52	3	10	20	2	1.0	0	0	0		druglike
screen	IVBHGBMCVLDMKU-GXNBUGAJSA-N	CCN1CCN(C(=O)N[C@@H](C(=O)N[C@@H]2C(=O)N3[C@@H]2SC(C)(C)[C@@H]3C(=O)O)c2ccccc2)C(=O)C1=O	chembl_approved	CHEMBL702	CC BY-SA 3.0	2026-09-25	517.56	-0.24	3	7	156.43	6	36	63	4	0.478	0	1	0		druglike
screen	WRUUGTRCQOWXEG-UHFFFAOYSA-L	NCCC(O)(P(=O)([O-])O)P(=O)([O-])O	chembl_approved	CHEMBL3989401	CC BY-SA 3.0	2026-09-25	233.05	-2.927	4	6	166.97	4	13	22	0	1.0	0	0	0		druglike
screen	NRWORBQAOQVYBJ-GJZUVCINSA-N	CCOC(=O)N1c2ccc(C(F)(F)F)cc2[C@@H](N(Cc2cc(C(F)(F)F)cc(C(F)(F)F)c2)c2ncc(OCCCC(=O)O)cn2)C[C@H]1CC	chembl_phase3	CHEMBL3785197	CC BY-SA 3.0	2026-09-25	722.6	8.67	1	7	105.09	11	50	81	4	0.438	0	2	0		druglike
screen	MZZLGJHLQGUVPN-HAWMADMCSA-N	COc1cc(F)c(C(C)C)cc1-c1ccc(C(F)(F)F)cc1CN1C(=O)O[C@H](c2cc(C(F)(F)F)cc(C(F)(F)F)c2)[C@@H]1C	chembl_phase3	CHEMBL1800807	CC BY-SA 3.0	2026-09-25	637.51	9.763	0	3	38.77	6	44	69	4	0.367	0	2	0		druglike
screen	JWCSIUVGFCSJCK-CAVRMKNVSA-N	CO[C@@]1(NC(=O)C(C(=O)O)c2ccc(O)cc2)C(=O)N2C(C(=O)O)=C(CSc3nnnn3C)CO[C@@H]21	chembl_approved	CHEMBL74632	CC BY-SA 3.0	2026-09-25	520.48	-1.128	4	11	206.3	9	36	56	4	0.35	0	2	0		druglike
screen	GUTXTARXLVFHDK-UHFFFAOYSA-N	CCCCCCCCCC(=O)OC1(c2ccc(Cl)cc2)CCN(CCCC(=O)c2ccc(F)cc2)CC1	chembl_approved	CHEMBL1200986	CC BY-SA 3.0	2026-09-25	530.12	8.117	0	4	46.61	15	37	78	3	0.548	0	2	0		druglike
screen	JQUNFHFWXCXPRK-AMMMHQJVSA-N	CC(C)CN(C[C@@H](O)[C@H](Cc1ccccc1)NC(=O)O[C@H]1CO[C@H]2OCC[C@H]21)S(=O)(=O)c1ccc2nc(NC3CCN(C4CCCC4)CC3)sc2c1	chembl_phase2	CHEMBL4756129	CC BY-SA 3.0	2026-09-25	756.0	5.222	3	11	142.56	14	52	105	7	0.632	0	3	0		druglike
screen	QJJXYPPXXYFBGM-LFZNUXCKSA-N	C=CC[C@@H]1/C=C(\C)C[C@H](C)C[C@H](OC)[C@H]2O[C@@](O)(C(=O)C(=O)N3CCCC[C@H]3C(=O)O[C@H](/C(C)=C/[C@@H]3CC[C@@H](O)[C@H](OC)C3)[C@H](C)[C@@H](O)CC1=O)[C@H](C)C[C@@H]2OC	chembl_approved	CHEMBL269732	CC BY-SA 3.0	2026-09-25	804.03	4.639	3	12	178.36	7	57	126	4	0.773	0	2	0	chembl_approved:CHEMBL3989887	druglike
screen	CHCWDBMFOLTXQX-OBTVHEKISA-N	Cn1nc(NS(C)(=O)=O)c2c(Cl)ccc(-n3c([C@H](Cc4cc(F)cc(F)c4)NC(=O)Cn4nc(C(F)F)c5c4C(F)(F)[C@@H]4C[C@H]54)nc4cc(-c5cccc(C(F)(F)F)n5)ccc4c3=O)c21	chembl_phase2	CHEMBL6068076	CC BY-SA 3.0	2026-09-25	950.24	8.1	2	8	158.69	11	65	94	9	0.268	0	2	0		druglike
screen	XRWSZZJLZRKHHD-WVWIJVSJSA-N	C=C[C@@H]1C[C@]1(NC(=O)[C@@H]1C[C@@H](Oc2ncc(OC)c3ccc(Cl)cc23)CN1C(=O)[C@@H](NC(=O)OC(C)(C)C)C(C)(C)C)C(=O)NS(=O)(=O)C1CC1	chembl_approved	CHEMBL2105735	CC BY-SA 3.0	2026-09-25	748.3	3.854	3	10	182.33	11	51	97	5	0.571	0	1	0		druglike
screen	UUVIQYKKKBJYJT-ZYUZMQFOSA-N	CS(=O)(=O)OC[C@@H](OS(C)(=O)=O)[C@@H](O)[C@H](O)[C@@H](COS(C)(=O)=O)OS(C)(=O)=O	chembl_phase2	CHEMBL460282	CC BY-SA 3.0	2026-09-25	494.54	-3.65	2	14	213.94	13	28	50	0	1.0	0	1	0		druglike
screen	KUBPNVYPKPWGRJ-LIVOIKKVSA-N	NC(=O)C1(NC(=O)[C@H](Cc2ccccc2)NC(=O)[C@@H](Cc2c[nH]c3ccccc23)NC(=O)[C@@H](Cc2csc3ccccc23)NC(=O)C2CCNCC2)CCNCC1	chembl_phase3	CHEMBL4297525	CC BY-SA 3.0	2026-09-25	790.99	2.588	8	8	199.34	15	57	107	7	0.372	0	2	0		druglike
screen	XUIIKFGFIJCVMT-GFCCVEGCSA-M	N[C@H](Cc1cc(I)c(Oc2cc(I)c(O)c(I)c2)c(I)c1)C(=O)[O-]	chembl_approved	CHEMBL3545058	CC BY-SA 3.0	2026-09-25	775.86	3.223	2	5	95.61	5	24	34	2	0.133	0	1	0		druglike
screen	ULGZDMOVFRHVEP-RWJQBGPGSA-N	CC[C@H]1OC(=O)[C@H](C)[C@@H](O[C@H]2C[C@@](C)(OC)[C@@H](O)[C@H](C)O2)[C@H](C)[C@@H](O[C@@H]2O[C@H](C)C[C@H](N(C)C)[C@H]2O)[C@](C)(O)C[C@@H](C)C(=O)[C@H](C)[C@@H](O)[C@]1(C)O	chembl_approved	CHEMBL532	CC BY-SA 3.0	2026-09-25	733.94	1.786	5	14	193.91	7	51	118	3	0.946	0	2	0	chembl_approved:CHEMBL1200510;coadd:CHEMBL532	druglike
screen	DYEXZAMWDDJPBR-UUWRZZSWSA-N	COC1(c2ccccc2-c2ccccc2)CCN(c2ccc(C(=O)NS(=O)(=O)c3ccc(N[C@H](CCN(C)C)CSc4ccccc4)c([N+](=O)[O-])c3)cc2)CC1	ippidb	421	Institut Pasteur, no licence stated, academic-open	2026-09-25	794.01	8.047	2	10	134.12	16	56	103	6	0.279	0	2	0		druglike
screen	NZUSPSJNMJQPFS-ZHACJKMWSA-N	Cn1cc(NC(=O)c2ccc(/C=C/c3ccncc3)cc2)cc1C(=O)Nc1cc(C(=O)NCCN2CCOCC2)n(CCCN2CCN(Cc3cccc4ccccc34)CC2)c1	coadd	CHEMBL4552936	CC BY-SA 3.0 via ChEMBL. NOT taken from db.co-add.org, whose own notice restricts systematic download and non-commercial use	2026-09-26	834.04	6.32	3	8	129.0	16	62	117	8	0.306	0	2	0		druglike
screen	XTEGRRHNMFDROI-YRRQLQLVSA-N	Cn1c(=O)c2c(ncn2CCCN[C@H]2CO[C@H]3[C@@H]2OC[C@@H]3O[N+](=O)[O-])n(C)c1=O	chembl_phase2	CHEMBL2107483	CC BY-SA 3.0	2026-09-25	410.39	-1.843	1	9	144.68	7	29	51	4	0.688	0	0	0		druglike
screen	JBLHDYOCJVQGEP-CXDLDTBJSA-N	CC[C@@H]1NC(=O)[C@H](CCCNC(=N)N)NC(=O)[C@](C)(NC(=O)C(C)C)CCCCN(C)C(=O)[C@@H](c2ccccc2)NC1=O	ippidb	2091	Institut Pasteur, no licence stated, academic-open	2026-09-25	600.77	0.66	7	6	198.61	8	43	91	2	0.6	0	2	0		druglike
screen	CMLNPOWEANUBIB-XIGHHNHFSA-N	COC(=O)N[C@H](C(=O)N1CCC[C@H]1c1ncc(-c2ccc(-c3ccc(-c4ccc5nc([C@@H]6CCCN6C(=O)[C@@H](NC(=O)OC)C(C)C)[nH]c5c4)c4c3[C@@H]3CC[C@H]4C3)cc2)[nH]1)C(C)C	chembl_phase1	CHEMBL5095204	CC BY-SA 3.0	2026-09-25	855.05	8.74	4	8	174.64	11	63	121	9	0.469	0	2	0	chembl_phase3:CHEMBL5095203	druglike
screen	OHKOGUYZJXTSFX-KZFFXBSXSA-L	CC1(C)S[C@@H]2[C@H](NC(=O)[C@H](C(=O)[O-])c3ccsc3)C(=O)N2[C@H]1C(=O)[O-]	chembl_approved	CHEMBL1200855	CC BY-SA 3.0	2026-09-25	382.42	-2.121	1	8	129.67	5	25	39	3	0.467	0	0	0		druglike
screen	FVTCRASFADXXNN-SCRDCRAPSA-M	Cc1cc2nc3c(=O)[nH]c(=O)nc-3n(C[C@H](O)[C@H](O)[C@H](O)COP(=O)([O-])O)c2cc1C	chembl_approved	CHEMBL3989697	CC BY-SA 3.0	2026-09-25	455.34	-2.239	5	10	210.92	7	31	51	3	0.412	0	0	0		druglike
screen	FNTVQNGVYYXLQU-MUUNZHRXSA-N	COC1(c2ccccc2Cl)CCN(c2ccc(C(=O)NS(=O)(=O)c3ccc(N[C@H](CCN(C)C)CSc4ccccc4)c([N+](=O)[O-])c3)cc2)CC1	ippidb	1100	Institut Pasteur, no licence stated, academic-open	2026-09-25	752.36	7.034	2	10	134.12	15	51	93	5	0.324	0	2	0		druglike
screen	FAXGPCHRFPCXOO-LXTPJMTPSA-N	CC(C)CC(=O)N[C@H](C(=O)N[C@H](C(=O)N[C@@H](CC(C)C)[C@@H](O)CC(=O)N[C@@H](C)C(=O)N[C@@H](CC(C)C)[C@@H](O)CC(=O)O)C(C)C)C(C)C	chembl_phase2	CHEMBL296588	CC BY-SA 3.0	2026-09-25	685.9	1.467	8	8	223.26	22	48	111	0	0.824	0	2	0		druglike
screen	KZTXNPVFWHWJSH-UHFFFAOYSA-N	C[N+](C)(C)CCCOc1ccc(-c2c3nc(cc4ccc([nH]4)c(-c4ccc(OCCC[N+](C)(C)C)cc4)c4nc(cc5ccc2[nH]5)C=C4)C=C3)cc1	chembl_phase2	CHEMBL3822503	CC BY-SA 3.0	2026-09-25	694.92	8.94	2	4	75.82	12	52	102	7	0.273	0	2	0	chembl_phase2:CHEMBL3824393	druglike
screen	GNHNBHWIJCLLSK-QLXPXKAKSA-N	CC(C)(CO)[C@H](O)C(=O)NCCC(=O)OCc1cn(C[C@H]2O[C@@H](n3ccc(N)nc3=O)[C@H](O)[C@@H]2O)nn1	coadd	CHEMBL4582079	CC BY-SA 3.0 via ChEMBL. NOT taken from db.co-add.org, whose own notice restricts systematic download and non-commercial use	2026-09-26	525.52	-3.335	6	13	237.17	11	37	68	3	0.619	0	3	0		druglike
screen	MVGHTOGJZPPSRC-MPQUPPDSSA-N	CCOc1cc(C(C)(C)C)ccc1C1=N[C@@](C)(c2ccc(Cl)cc2)[C@@](C)(c2ccc(Cl)cc2)N1C(=O)N1CCN(CCC(F)(F)F)CC1	ippidb	955	Institut Pasteur, no licence stated, academic-open	2026-09-25	703.68	9.273	0	4	48.38	7	48	91	5	0.459	0	2	0	ippidb:2390	druglike
screen	NNIBWLKDWXOMEW-UDOOFANFSA-N	CC[C@@H]1NC(=O)[C@H](CCCNC(=N)N)NC(=O)[C@](C)(NC(=O)C(C)C)CCNC(=O)[C@@H](c2ccccc2)NC1=O	ippidb	2101	Institut Pasteur, no licence stated, academic-open	2026-09-25	558.68	-0.462	8	6	207.4	8	40	82	2	0.556	0	2	0		druglike
screen	CAVZBWFUMSXZFB-LJWNLINESA-N	CCC(C)(C)OC(=O)N[C@@H](Cc1c[nH]c2ccccc12)C(=O)N[C@@H](CCSC)C(=O)N[C@@H](CC(=O)O)C(=O)N[C@@H](Cc1ccccc1)C(N)=O	chembl_phase2	CHEMBL3187384	CC BY-SA 3.0	2026-09-25	710.85	2.404	7	8	221.81	19	50	96	3	0.429	0	2	0		druglike
screen	HRWVXKVRSNICJQ-GMJIGYHYSA-N	CN(C)[C@@H]1C(O)=C(C(=O)NC(C(=O)O)N2CCN(CCO)CC2)C(=O)[C@@]2(O)C(O)=C3C(=O)c4c(O)cccc4[C@@](C)(O)[C@H]3C[C@@H]12	chembl_phase2	CHEMBL4297077	CC BY-SA 3.0	2026-09-25	630.65	-1.563	8	13	231.64	7	45	83	5	0.533	0	3	0		druglike
screen	GDKHIRKQQPFANF-UQHPZEPLSA-N	CC(=O)O[C@H]1C[C@@]2(C)C(C[C@@H](O)C3[C@@]4(C)CC[C@@H](OC(=O)CCC(=O)Oc5ccc(CCO[N+](=O)[O-])cc5)[C@@H](C)C4CC[C@@]32C)/C1=C(\CCC=C(C)C)C(=O)OCc1ccccc1	coadd	CHEMBL4562305	CC BY-SA 3.0 via ChEMBL. NOT taken from db.co-add.org, whose own notice restricts systematic download and non-commercial use	2026-09-26	872.06	9.012	1	12	177.8	16	63	128	6	0.6	0	3	0		druglike
screen	LCFWOFKPFDWYLR-CEFNRUSXSA-N	Cc1c(C)c2c(c(C)c1OCC(=O)O)CC[C@@](C)(CCC[C@H](C)CCC[C@H](C)CCCC(C)C)O2	chembl_phase1	CHEMBL2152999	CC BY-SA 3.0	2026-09-25	488.75	8.598	1	3	55.76	15	35	87	2	0.774	0	1	0		druglike
screen	NLFKRXQLNYARFY-DIPNUNPCSA-N	O=S(=O)(Nc1nnc2n1CCN(C1CCN(Cc3ccccc3-c3ccc(Cl)cc3)CC1)CCC2)c1ccc(N[C@H](CCN2CCOCC2)CSc2ccccc2)c(S(=O)(=O)C(F)(F)F)c1	ippidb	886	Institut Pasteur, no licence stated, academic-open	2026-09-25	987.64	7.901	2	12	142.0	16	66	120	8	0.435	0	3	0		druglike
screen	RSLQBRWTDJTEHT-UHFFFAOYSA-N	CC(C)(Oc1ccc(Cl)cc1)C(=O)OCCSCCCCCCCCCCSCCOC(=O)C(C)(C)Oc1ccc(Cl)cc1	chembl_phase2	CHEMBL2105781	CC BY-SA 3.0	2026-09-25	687.79	9.682	0	8	71.06	23	44	92	2	0.588	0	2	0		druglike
screen	LLJSSTLCMHGPSB-UUWRZZSWSA-N	CN(C)CC[C@H](CSc1ccccc1)Nc1ccc(S(=O)(=O)Nc2ncnc3cc(N4CCN(Cc5ccccc5-c5ccc(Cl)cc5)CC4)ccc23)cc1[N+](=O)[O-]	ippidb	623	Institut Pasteur, no licence stated, academic-open	2026-09-25	837.47	8.506	2	11	136.84	16	58	103	7	0.256	0	3	0		druglike
screen	YECRYLBCIYSJSO-UHFFFAOYSA-N	CC1CCCC(C)(C)C1CCC(C)[N+](C)(C)CCCCCC[N+](C)(C)C(C)CCC1C(C)CCCC1(C)C	chembl_phase2	CHEMBL2104480	CC BY-SA 3.0	2026-09-25	535.0	9.962	0	0	0.0	15	38	112	2	1.0	0	2	0	chembl_phase2:CHEMBL2110626	druglike
screen	HDFVMCZXNURVCU-UHFFFAOYSA-N	Cc1ccc(C(C)C)c(OCC[N+](C)(C)CCCCCCCCCC[N+](C)(C)CCOc2cc(C)ccc2C(C)C)c1	chembl_phase2	CHEMBL2106404	CC BY-SA 3.0	2026-09-25	582.96	9.282	0	2	18.46	21	42	108	2	0.684	0	2	0	chembl_phase2:CHEMBL2110872	druglike
screen	LOXPOGRMWCDHGI-RERZGLEZSA-N	CN(C)CC[C@H](CSc1ccccc1)Nc1ccc(S(=O)(=O)Nc2ncnc3c2CCN(C2CCC(=Cc4ccccc4-c4ccc(Cl)cc4)CC2)C3)cc1S(=O)(=O)C(F)(F)F	ippidb	487	Institut Pasteur, no licence stated, academic-open	2026-09-25	925.56	9.8	2	10	124.6	15	62	110	7	0.333	0	2	0		druglike
screen	BWKDAMBGCPRVPI-ZQRPHVBESA-N	CC(=O)O[C@H]1C(=O)[C@@]2(C)[C@H]([C@H](OC(=O)c3ccccc3)[C@]34OC(=O)O[C@H]3[C@H](OC(=O)[C@H](O)[C@H](CC(C)C)NC(=O)OC(C)(C)C)C(C)=C1C4(C)C)[C@]1(OC(C)=O)CO[C@@H]1C[C@@H]2O	chembl_phase2	CHEMBL382300	CC BY-SA 3.0	2026-09-25	871.93	3.657	3	17	245.82	10	62	119	6	0.659	0	2	0		druglike
screen	JCQLYHFGKNRPGE-FCVZTGTOSA-N	OC[C@H]1O[C@@H](O[C@@H]2[C@@H](CO)O[C@](O)(CO)[C@H]2O)[C@H](O)[C@@H](O)[C@H]1O	chembl_approved	CHEMBL296306	CC BY-SA 3.0	2026-09-25	342.3	-5.396	8	11	189.53	5	23	45	2	1.0	0	2	0		druglike
screen	NPCYYZYVQAQDBM-UHFFFAOYSA-N	CNC(=O)C(CO)NC(=O)c1c(I)c(NC(=O)COC)c(I)c(C(=O)O)c1I	chembl_phase2	CHEMBL2104817	CC BY-SA 3.0	2026-09-25	731.02	0.62	5	6	154.06	8	28	44	1	0.333	0	1	0		druglike
screen	QDUIJCOKQCCXQY-WHJQOFBOSA-N	CO/N=C(\C(=O)N[C@@H]1C(=O)N2C(C(=O)[O-])=C(C[n+]3ccn4ncccc43)CS[C@H]12)c1nsc(N)n1	chembl_phase2	CHEMBL1276663	CC BY-SA 3.0	2026-09-25	515.54	-2.49	2	12	184.11	7	35	52	5	0.263	0	2	0		druglike
screen	LYMICVBGNUEHGE-FUQPUAIBSA-N	CO[C@@H]1[C@H](OP(=O)(S)OC[C@H]2O[C@@H](n3cnc4c(N)ncnc43)C[C@@H]2O)[C@@H](CO)O[C@H]1n1ccc(=O)[nH]c1=O	chembl_phase2	CHEMBL1084430	CC BY-SA 3.0	2026-09-25	587.51	-1.048	5	14	228.16	9	39	65	5	0.55	0	2	0		druglike
screen	YLMURQOFHMQRRU-PGUFJCEWSA-N	CN(C)CC[C@H](CSc1ccccc1)Nc1ccc(S(=O)(=O)NC(=O)c2ccc(N3CCN(Cc4ccccc4NC4CCCCC4)CC3)cc2)cc1[N+](=O)[O-]	ippidb	940	Institut Pasteur, no licence stated, academic-open	2026-09-25	800.06	7.305	3	11	140.16	17	56	109	6	0.405	0	3	0		druglike
screen	NMDYYWFGPIMTKO-KLCPSUAYSA-N	CC[C@]12C=CCN3CC[C@@]4(c5cc([C@@]6(C(=O)OC)C[C@@H]7C[C@@H](C(C)(F)F)CN(Cc8c6[nH]c6ccccc86)C7)c(OC)cc5N(C)[C@H]4[C@@](O)(C(=O)OC)[C@@H]1OC(C)=O)[C@@H]32	chembl_approved	CHEMBL2105629	CC BY-SA 3.0	2026-09-25	816.94	5.079	2	11	133.87	7	59	113	9	0.578	0	3	0	chembl_approved:CHEMBL2110725	druglike
screen	QPYJXFZUIJOGNX-HSUXUTPPSA-N	OC[C@H]1CNC[C@@H](O)[C@@H]1O	chembl_phase2	CHEMBL206468	CC BY-SA 3.0	2026-09-25	147.17	-2.08	4	4	72.72	1	10	23	1	1.0	0	0	0		druglike
screen	NCXMLFZGDNKEPB-FFPOYIOWSA-N	C[C@@H]1C/C=C/C=C/C=C/C=C/[C@H](O[C@@H]2O[C@H](C)[C@@H](O)[C@H](N)[C@@H]2O)C[C@@H]2O[C@](O)(C[C@@H](O)C[C@H]3O[C@@H]3/C=C/C(=O)O1)C[C@H](O)[C@H]2C(=O)O	chembl_approved	CHEMBL1200656	CC BY-SA 3.0	2026-09-25	665.73	0.12	7	13	230.99	3	47	94	4	0.636	0	3	0		druglike
screen	YGIDGBAHDZEYMT-MQFIMZJJSA-N	OC[C@H]1O[C@@H](S[C@@H]2O[C@H](CO)[C@H](O)[C@H](n3cc(-c4cccc(F)c4)nn3)[C@H]2O)[C@H](O)[C@@H](n2cc(-c3cccc(F)c3)nn2)[C@H]1O	chembl_phase2	CHEMBL4297442	CC BY-SA 3.0	2026-09-25	648.65	-0.125	6	13	201.26	8	45	75	6	0.429	0	3	0		druglike
screen	SQVRNKJHWKZAKO-USOVHJGOSA-N	CC(=O)N[C@H]1[C@H]([C@@H](O)[C@@H](O)CO)O[C@@](O)(C(=O)O)C[C@@H]1O	chembl_phase2	CHEMBL152452	CC BY-SA 3.0	2026-09-25	309.27	-3.872	7	8	176.78	5	21	40	1	0.818	0	1	0		druglike
screen	UDIIBEDMEYAVNG-ZKFPOVNWSA-N	CN[C@@H]1[C@@H](O)[C@@H](O[C@@H]2[C@@H](O)[C@H](O[C@H]3O[C@H](CN)[C@@H](O)[C@H](O)[C@H]3O)[C@@H](N)C[C@H]2NC(=O)[C@@H](O)CN)OC[C@]1(C)O	chembl_phase2	CHEMBL272080	CC BY-SA 3.0	2026-09-25	569.61	-7.524	12	16	297.72	9	39	82	3	0.955	0	3	0		druglike
screen	GKDKOMAJZATYAY-UOTPTPDRSA-N	O=P(O)(O)O[C@@H]1[C@H](OP(=O)(O)O)[C@H](O)[C@@H](O)[C@H](O)[C@H]1OP(=O)(O)O	chembl_phase2	CHEMBL2106016	CC BY-SA 3.0	2026-09-25	420.09	-3.484	9	9	260.97	6	24	39	1	1.0	0	1	0		druglike
screen	TXVKIODSSHFXBS-PSXMRANNSA-N	CN(C)CC[C@H](COCc1ccccc1)Nc1ccc(S(=O)(=O)Nc2ncnc3c2CCN(C2CCN(Cc4ccccc4-c4ccc(Cl)cc4)CC2)C3)cc1S(=O)(=O)C(F)(F)F	ippidb	458	Institut Pasteur, no licence stated, academic-open	2026-09-25	926.53	7.863	2	11	137.07	17	63	114	7	0.378	0	3	0		druglike
screen	HCCUQCPVNVAHMV-UHFFFAOYSA-J	O=S(=O)(c1ccc(NC(CC(c2ccccc2)S(=O)(=O)[O-])S(=O)(=O)[O-])cc1)c1ccc(NC(CC(c2ccccc2)S(=O)(=O)[O-])S(=O)(=O)[O-])cc1	chembl_phase2	CHEMBL2106031	CC BY-SA 3.0	2026-09-25	800.89	2.439	2	16	287.0	16	51	79	4	0.2	0	2	0		druglike
screen	VZBFNUHVIOAUFH-PSXMRANNSA-N	O=[N+]([O-])c1cc(S(=O)(=O)Nc2ncnc3c2CCN(C2CCN(Cc4ccccc4-c4ccc(Cl)cc4)CC2)C3)ccc1N[C@H](CCN1CCOCC1)CSc1ccccc1	ippidb	538	Institut Pasteur, no licence stated, academic-open	2026-09-25	883.54	7.824	2	12	146.07	16	61	112	8	0.378	0	3	0		druglike
screen	MODVSQKJJIBWPZ-VLLPJHQWSA-N	CC(=O)O[C@@]12CO[C@@H]1CC[C@@]1(C)[C@@H]3O[C@H](CN(C)C)O[C@@H]3C3=C(C)[C@@H](OC(=O)[C@H](O)[C@@H](NC(=O)OC(C)(C)C)c4ncccc4F)C[C@@](O)([C@@H](OC(=O)c4ccccc4)[C@@H]12)C3(C)C	chembl_phase3	CHEMBL2107787	CC BY-SA 3.0	2026-09-25	881.99	4.565	3	15	201.51	10	63	123	7	0.63	0	2	0		druglike
screen	QTPZAEAYDWMVJO-GGCSAXROSA-N	CCc1c2c(nc3ccc(OC(=O)N4CCC(CCn5ccc6cc(-n7c(-c8cc(C(C)C)c(O)cc8O)n[nH]c7=O)ccc65)CC4)cc13)-c1cc3c(c(=O)n1C2)COC(=O)[C@]3(O)CC	chembl_phase1	CHEMBL4297475	CC BY-SA 3.0	2026-09-25	879.97	6.973	4	11	207.03	9	65	114	10	0.347	0	3	0		druglike
screen	KZYHGCLDUQBASN-UHFFFAOYSA-N	O=C(c1c(I)c(C(=O)N(CCO)CCO)c(I)c(C(=O)N(CCO)CCO)c1I)N(CCO)CCO	chembl_phase2	CHEMBL2105004	CC BY-SA 3.0	2026-09-25	849.19	-1.219	6	9	182.31	15	36	66	1	0.571	0	2	0		druglike
screen	LKCWBDHBTVXHDL-SPJYSWOQSA-N	NCCC(O)C(=O)N[C@@H]1C[C@H](N)[C@@H](OC2O[C@H](CN)[C@@H](O)[C@H](O)[C@H]2O)[C@H](O)C1OC1O[C@H](CO)[C@@H](O)[C@H](N)[C@H]1O	coadd	CHEMBL4525418	CC BY-SA 3.0 via ChEMBL. NOT taken from db.co-add.org, whose own notice restricts systematic download and non-commercial use	2026-09-26	585.61	-8.424	13	17	331.94	10	40	83	3	0.955	0	3	0	mmv_pathogen_box:CHEMBL3637935	druglike
screen	XYITYONGQARSQX-JOJMXTOGSA-N	CN(C)CC[C@H](CSc1ccccc1)Nc1ccc(S(=O)(=O)Nc2nc(C(F)(F)F)nc3c2CCN([C@H]2CCN(Cc4ccccc4-c4ccc(Cl)cc4)C[C@@H]2F)C3)cc1S(=O)(=O)C(F)(F)F	ippidb	1221	Institut Pasteur, no licence stated, academic-open	2026-09-25	1014.56	9.405	2	11	127.84	16	67	114	7	0.378	0	3	0		druglike
screen	IQUHNCOJRJBMSU-UHFFFAOYSA-N	CC(O)CN1CCN(CC(=O)O)CCN(CC(=O)O)CCN(CC(=O)O)CC1	chembl_phase2	CHEMBL1615776	CC BY-SA 3.0	2026-09-25	404.46	-2.157	4	8	145.09	8	28	60	1	0.824	0	0	0		druglike
screen	KMYAQBXCNBRSNR-ZQGTYGFESA-N	C[C@H](CC1O[C@H]([C@H](O)CO)[C@@H](O)[C@H](O)[C@@H]1O)OP(=O)(O)OC[C@H]1O[C@@H](n2cnc3c(N)ncnc32)[C@H](O)[C@@H]1O	coadd	CHEMBL4561034	CC BY-SA 3.0 via ChEMBL. NOT taken from db.co-add.org, whose own notice restricts systematic download and non-commercial use	2026-09-26	581.47	-3.857	9	16	285.45	10	39	71	4	0.75	0	3	0		druglike
screen	NAPSCFZYZVSQHF-UHFFFAOYSA-N	CCCCCCCCCCCCCCCCCCN(C)C	chembl_phase2	CHEMBL2110847	CC BY-SA 3.0	2026-09-25	297.57	6.81	0	1	3.24	17	21	64	0	1.0	0	1	0		druglike
screen	NEYNJQRKHLUJRU-DZUOILHNSA-N	CSCC[C@H](NC(=O)[C@H](Cc1c[nH]c2ccccc12)NC(=O)CCNC(=O)OC(C)(C)C)C(=O)N[C@@H](CC(=O)O)C(=O)N[C@@H](Cc1ccccc1)C(N)=O	chembl_approved	CHEMBL1328	CC BY-SA 3.0	2026-09-25	767.91	1.52	8	9	250.91	20	54	103	3	0.432	0	2	0		druglike
screen	AGRCPNMCOXLKFO-BDVNFPICSA-N	CN(N=O)C(=O)N[C@@H](C=O)[C@@H](O)[C@H](O)[C@H](O)CO	chembl_approved	CHEMBL1977579	CC BY-SA 3.0	2026-09-25	265.22	-3.048	5	8	159.76	7	18	33	0	0.75	0	0	0		druglike
screen	VPRFDABTJNLKKR-UHFFFAOYSA-N	Cc1c(C)c2c(c(C)c1OC(=O)C(C)(C)Oc1ccc(Cl)cc1)CCC(C)(CCCC(C)CCCC(C)CCCC(C)C)O2	chembl_phase2	CHEMBL2106035	CC BY-SA 3.0	2026-09-25	627.35	11.551	0	4	44.76	16	44	103	3	0.667	0	2	0		druglike
screen	BAQCROVBDNBEEB-UBYUBLNFSA-N	CC(=O)Nc1c(I)c(C(=O)N[C@H]2C(O)O[C@H](CO)[C@@H](O)[C@@H]2O)c(I)c(N(C)C(C)=O)c1I	chembl_approved	CHEMBL462394	CC BY-SA 3.0	2026-09-25	789.1	-0.029	6	8	168.66	5	32	54	2	0.5	0	2	0		druglike
screen	BAWFJGJZGIEFAR-NNYOXOHSSA-N	NC(=O)c1ccc[n+]([C@@H]2O[C@H](COP(=O)([O-])OP(=O)(O)OC[C@H]3O[C@@H](n4cnc5c(N)ncnc54)[C@H](O)[C@@H]3O)[C@@H](O)[C@H]2O)c1	chembl_phase2	CHEMBL1234613	CC BY-SA 3.0	2026-09-25	663.43	-3.648	7	17	321.09	11	44	71	5	0.476	0	3	0		druglike
screen	BSKVVWMQRIUXTP-UHFFFAOYSA-N	Cc1c(C)c2c(c(C)c1OC(=O)COc1ccc(Cl)cc1)CCC(C)(CCCC(C)CCCC(C)CCCC(C)C)O2	chembl_phase2	CHEMBL2105793	CC BY-SA 3.0	2026-09-25	599.3	10.772	0	4	44.76	16	42	97	3	0.649	0	2	0		druglike
screen	IWKDFAWZFVGWAH-UHFFFAOYSA-N	c1ccc2c(c1)Nc1cc3ccccc3cc1S2	coadd	CHEMBL1450360	CC BY-SA 3.0 via ChEMBL. NOT taken from db.co-add.org, whose own notice restricts systematic download and non-commercial use	2026-09-26	249.34	5.048	1	2	12.03	0	18	29	4	0.0	0	1	0		druglike
screen	BYZJBHCTZJGJFV-AOOOYVTPSA-N	CS(=O)(=O)OCCNC[C@@H](O)[C@@H](O)CNCCOS(C)(=O)=O	chembl_phase2	CHEMBL3989812	CC BY-SA 3.0	2026-09-25	364.44	-3.16	4	10	151.26	13	22	46	0	1.0	0	0	0		druglike
screen	KBGAYAKRZNYFFG-BOHATCBPSA-N	CC(=O)N[C@@H]([C@@H](O)[C@H](O)[C@H](O)CO)[C@@H](O)CC(=O)C(=O)O	chembl_phase3	CHEMBL2105945	CC BY-SA 3.0	2026-09-25	309.27	-4.029	7	8	184.62	9	21	40	0	0.727	0	1	0		druglike
screen	MEFAKOINNJLWFO-UWXQCODUSA-N	CC(C)(COC(=O)c1cccnc1)[C@@H](OC(=O)c1cccnc1)C(=O)NCCC(=O)NCCSSCCNC(=O)CCNC(=O)[C@H](OC(=O)c1cccnc1)C(C)(C)COC(=O)c1cccnc1	chembl_phase2	CHEMBL2104399	CC BY-SA 3.0	2026-09-25	975.12	3.41	4	18	273.16	27	68	122	4	0.391	0	2	0		druglike
screen	FNRCIXMWIGGAPP-JGCGQSQUSA-N	CN(C)CC[C@H](CSc1ccccc1Cl)Nc1ccc(S(=O)(=O)Nc2nc(C(F)(F)F)nc3c2CCN(C2CCN(Cc4ccccc4-c4ccc(Cl)cc4)CC2)C3)cc1S(=O)(=O)C(F)(F)F	ippidb	1280	Institut Pasteur, no licence stated, academic-open	2026-09-25	1031.01	10.111	2	11	127.84	16	67	114	7	0.378	0	3	0		druglike
screen	SFHMWDMKUYVSQJ-VECBPBMLSA-N	CC(=O)N1CCC2(CC1)c1cc(C#C[C@H]3O[C@H](CO)[C@@H](O)[C@H](O)[C@@H]3O)ccc1-c1ccc(C#C[C@H]3O[C@H](CO)[C@@H](O)[C@H](O)[C@@H]3O)cc12	chembl_phase2	CHEMBL4594305	CC BY-SA 3.0	2026-09-25	649.69	-2.017	8	11	200.61	2	47	86	6	0.514	0	3	0		druglike
screen	GSPPFJJUCULBDC-NQLNTKRDSA-N	CCCCC/C=C\C/C=C\CCCCCCCC(=O)NC(Cc1ccc(C)cc1)c1ccccc1	chembl_phase2	CHEMBL2105100	CC BY-SA 3.0	2026-09-25	473.75	9.209	1	1	29.1	18	35	82	2	0.485	0	1	0		druglike
screen	XAKKNLNAJBNLPC-MAYKBZFQSA-N	CC[N+](C)(C/C=C/C1=C(C(=O)[O-])N2C(=O)[C@@H](NC(=O)/C(=N\OCF)c3nsc(N)n3)[C@H]2SC1)CC(N)=O	chembl_phase2	CHEMBL2074822	CC BY-SA 3.0	2026-09-25	556.6	-2.32	3	12	206.02	12	37	62	3	0.45	0	2	0		druglike
screen	HFTSMHTWUFCYMJ-FDNJTQOMSA-N	Cc1oc(=O)oc1COC(=O)N1CC[C@@H](N2CC/C(=C\C3=C(C(=O)O)N4C(=O)[C@@H](NC(=O)/C(=N/O)c5nsc(N)n5)[C@H]4SC3)C2=O)C1	chembl_approved	CHEMBL1652606	CC BY-SA 3.0	2026-09-25	690.67	-0.538	4	16	264.3	8	47	73	6	0.423	0	2	0		druglike
screen	UDMJANYPQWEDFT-ZAWFUYGJSA-N	COc1ccc2c(O[C@@H]3C[C@H]4C(=O)N[C@]5(C(=O)NS(=O)(=O)C6CC6)C[C@H]5/C=C\CCCCC[C@H](CC(=O)N5CCCC(F)(F)C5)C(=O)N4C3)cc(-c3nc(C(C)C)cs3)nc2c1C	chembl_phase2	CHEMBL3040582	CC BY-SA 3.0	2026-09-25	911.11	6.415	2	11	177.2	10	63	119	8	0.6	0	3	0		druglike
screen	NEKCOKJRDOPRSK-UHFFFAOYSA-N	CSc1nnc(C)s1	coadd	CHEMBL4571907	CC BY-SA 3.0 via ChEMBL. NOT taken from db.co-add.org, whose own notice restricts systematic download and non-commercial use	2026-09-26	146.24	1.568	0	4	25.78	1	8	14	1	0.5	0	0	0		druglike
screen	NJKDOADNQSYQEV-UHFFFAOYSA-N	CN(C(=O)CO)c1c(I)c(C(=O)NCC(O)CO)c(I)c(C(=O)NCC(O)CO)c1I	chembl_approved	CHEMBL2107214	CC BY-SA 3.0	2026-09-25	777.09	-1.378	7	8	179.66	10	31	53	1	0.471	0	2	0		druglike
screen	NSKGQURZWSPSBC-VVPCINPTSA-N	NC[C@H]1O[C@H](O[C@H]2[C@H](O[C@@H]3O[C@H](CO)[C@@H](O)[C@H]3O)[C@@H](O)[C@H](N)C[C@@H]2N)[C@H](N)[C@@H](O)[C@@H]1O	chembl_phase2	CHEMBL221572	CC BY-SA 3.0	2026-09-25	454.48	-6.652	10	14	262.38	6	31	65	3	1.0	0	2	0		druglike
screen	QMGQISZMOZNURR-DYKQPOOOSA-N	C[C@@H](c1cc(F)ccc1-c1ccc(Cl)cc1)N1CCC(N2CCc3c(ncnc3NS(=O)(=O)c3ccc(N[C@H](CCN4CCN(C)CC4)CSc4ccccc4)c(S(=O)(=O)C(F)(F)F)c3)C2)CC1	ippidb	124	Institut Pasteur, no licence stated, academic-open	2026-09-25	1015.67	8.824	2	12	131.08	16	68	123	8	0.417	0	3	0		druglike
screen	SYCYJNHKNPPDAT-UHFFFAOYSA-N	CCCCCCCCCCCCCCCCCC(O)c1ccc(C(=O)O)c(Cl)c1	chembl_phase2	CHEMBL2105119	CC BY-SA 3.0	2026-09-25	425.05	8.333	2	2	57.53	18	29	70	1	0.72	0	1	0		druglike
screen	SBUJHOSQTJFQJX-NOAMYHISSA-N	NC[C@H]1O[C@H](O[C@H]2[C@H](O)[C@@H](O[C@H]3O[C@H](CO)[C@@H](O)[C@H](N)[C@H]3O)[C@H](N)C[C@@H]2N)[C@H](O)[C@@H](O)[C@@H]1O	chembl_approved	CHEMBL1384	CC BY-SA 3.0	2026-09-25	484.5	-7.291	11	15	282.61	6	33	69	3	1.0	0	2	0	chembl_approved:CHEMBL1446	druglike
screen	XMGQYMWWDOXHJM-JTQLQIEISA-N	C=C(C)[C@H]1CC=C(C)CC1	chembl_phase2	CHEMBL449062	CC BY-SA 3.0	2026-09-25	136.24	3.309	0	0	0.0	1	10	26	1	0.6	0	0	0		druglike
screen	AEMOLEFTQBMNLQ-WAXACMCWSA-M	O=C([O-])[C@H]1O[C@H](O)[C@H](O)[C@@H](O)[C@@H]1O	chembl_approved	CHEMBL2068884	CC BY-SA 3.0	2026-09-25	193.13	-4.464	4	7	130.28	1	13	22	1	0.833	0	0	0		druglike
screen	BSOQXXWZTUDTEL-QAQREVAFSA-N	CC(=O)N[C@H]1C(O)O[C@H](CO)[C@@H](O)[C@@H]1O[C@H](C)C(=O)N[C@@H](C)C(=O)N[C@H](CCC(=O)O)C(N)=O	chembl_phase1	CHEMBL1779325	CC BY-SA 3.0	2026-09-25	492.48	-4.325	8	10	246.84	12	34	66	1	0.737	0	1	0		druglike
screen	BVOUHCBXPGSSCX-UUWRZZSWSA-N	CCC[C@H](CSc1ccccc1)Nc1ccc(S(=O)(=O)Nc2ncnc3c2CCN(C2CCN(CC4=C(c5ccc(Cl)cc5)CC(C)(C)CC4)CC2)C3)cc1S(=O)(=O)C(F)(F)F	ippidb	1402	Institut Pasteur, no licence stated, academic-open	2026-09-25	931.61	10.084	2	10	124.6	15	62	116	7	0.467	0	2	0		druglike
screen	CZONNRSTWJECNT-UHFFFAOYSA-N	O=[Si]([O-])O[Si]([O-])([O-])O[Si](=O)[O-]	chembl_approved	CHEMBL2096633	CC BY-SA 3.0	2026-09-25	212.25	-6.273	0	8	144.84	4	11	11	0	0.0	0	0	0		druglike
screen	FEPMHVLSLDOMQC-UHFFFAOYSA-N	CCC1NC(=O)C(NC(=O)c2ncccc2O)C(C)OC(=O)C(c2ccccc2)NC(=O)C2CC(=O)CCN2C(=O)C(Cc2ccccc2)N(C)C(=O)C2CCCN2C1=O	coadd	CHEMBL1886037	CC BY-SA 3.0 via ChEMBL. NOT taken from db.co-add.org, whose own notice restricts systematic download and non-commercial use	2026-09-26	823.9	1.204	4	11	224.72	6	60	109	6	0.419	0	2	0		druglike
screen	FEWJPZIEWOKRBE-UHFFFAOYSA-M	O=C([O-])C(O)C(O)C(=O)O	chembl_phase3	CHEMBL2105935	CC BY-SA 3.0	2026-09-25	149.08	-3.457	3	5	117.89	3	10	15	0	0.5	0	0	0		druglike
screen	WWVAPFRKZMUPHZ-UHFFFAOYSA-N	O=C(CCOCCOCCOCCOCCC(=O)Nc1c(I)cc(I)c(C(=O)O)c1I)Nc1c(I)cc(I)c(C(=O)O)c1I	chembl_approved	CHEMBL1615487	CC BY-SA 3.0	2026-09-25	1287.92	6.134	4	8	169.72	19	44	70	2	0.385	0	2	0	chembl_approved:CHEMBL4594231	druglike
screen	RTJVUHUGTUDWRK-CSLCKUBZSA-N	COc1cc([C@@H]2c3cc4c(cc3[C@@H](O[C@@H]3O[C@@H]5CO[C@@H](C)O[C@H]5[C@H](OC(=O)COc5c(F)c(F)c(F)c(F)c5F)[C@H]3OC(=O)COc3c(F)c(F)c(F)c(F)c3F)[C@H]3COC(=O)[C@H]23)OCO4)cc(OC)c1OP(=O)(O)O	chembl_phase2	CHEMBL3989413	CC BY-SA 3.0	2026-09-25	1116.71	5.755	2	18	237.96	15	76	111	9	0.4	0	3	0		druglike
screen	FZNCGRZWXLXZSZ-CIQUZCHMSA-N	OCC(CO)N[C@H]1C[C@](O)(CO)[C@@H](O)[C@H](O)[C@H]1O	chembl_approved	CHEMBL476960	CC BY-SA 3.0	2026-09-25	267.28	-4.492	8	8	153.64	5	18	39	1	1.0	0	1	0		druglike
decoy	ANKUTHYEGGHUSE-UHFFFAOYSA-N	O=C(NC1(N2CCOCC2)CC1)c1ccc(Cl)cc1	coadd	CHEMBL1730634	CC BY-SA 3.0 via ChEMBL. NOT taken from db.co-add.org, whose own notice restricts systematic download and non-commercial use	2026-09-26	280.75	1.892	1	3	41.57	3	19	36	3	0.5	0	0	1		fragment
decoy	BNKWLRYQORWPHE-UHFFFAOYSA-N	CN(C)c1cc(CNC(=O)NC2CC2)ccn1	coadd	CHEMBL4522748	CC BY-SA 3.0 via ChEMBL. NOT taken from db.co-add.org, whose own notice restricts systematic download and non-commercial use	2026-09-26	234.3	1.109	2	3	57.26	4	17	35	2	0.5	0	0	1		fragment
decoy	QGQGUINWEGBCSB-UHFFFAOYSA-N	Cc1ccc(Cl)cc1NC(=O)CN1CCC(O)CC1	coadd	CHEMBL4584000	CC BY-SA 3.0 via ChEMBL. NOT taken from db.co-add.org, whose own notice restricts systematic download and non-commercial use	2026-09-26	282.77	2.044	2	3	52.57	3	19	38	2	0.5	0	0	1		fragment
decoy	INIIZXNMNKIITF-UHFFFAOYSA-N	NC(CCO)C1CCCCC1	coadd	CHEMBL4542536	CC BY-SA 3.0 via ChEMBL. NOT taken from db.co-add.org, whose own notice restricts systematic download and non-commercial use	2026-09-26	157.26	1.276	2	2	46.25	3	11	30	1	1.0	0	0	1		fragment
decoy	XADCESSVHJOZHK-UHFFFAOYSA-N	CCOC(=O)C1(c2ccccc2)CCN(C)CC1	chembl_approved	CHEMBL607	CC BY-SA 3.0	2026-09-25	247.34	2.213	0	3	29.54	3	18	39	2	0.533	0	0	1	chembl_approved:CHEMBL1701	fragment
decoy	XQNXXQGHSDDDQO-UHFFFAOYSA-N	NCc1cc2c([nH]c1=O)CCCC2	coadd	CHEMBL4558722	CC BY-SA 3.0 via ChEMBL. NOT taken from db.co-add.org, whose own notice restricts systematic download and non-commercial use	2026-09-26	178.23	0.712	2	2	58.88	1	13	27	2	0.5	0	0	1		fragment
decoy	SQWNTAXUEPFDSL-UHFFFAOYSA-N	N#CCC(=O)NCCNC(=O)c1ccccc1	coadd	CHEMBL4559645	CC BY-SA 3.0 via ChEMBL. NOT taken from db.co-add.org, whose own notice restricts systematic download and non-commercial use	2026-09-26	231.26	0.446	2	3	81.99	5	17	30	1	0.25	0	0	1		fragment
decoy	IDTFDAIRGALQII-UHFFFAOYSA-N	CC1(C)CN(S(=O)(=O)N2CCCCC2)CC[S+]1[O-]	coadd	CHEMBL4541092	CC BY-SA 3.0 via ChEMBL. NOT taken from db.co-add.org, whose own notice restricts systematic download and non-commercial use	2026-09-26	294.44	0.56	0	3	63.68	2	18	40	2	1.0	0	0	1		fragment
decoy	RMUCZJUITONUFY-UHFFFAOYSA-N	NNCCc1ccccc1	chembl_approved	CHEMBL1089	CC BY-SA 3.0	2026-09-25	136.2	0.692	2	2	38.05	3	10	22	1	0.25	0	0	1	chembl_approved:CHEMBL1200895;coadd:CHEMBL1200895	fragment
decoy	LHLKBBIYRNFVSS-UHFFFAOYSA-N	CC(C)(C)C(=O)Cc1ccncc1	coadd	CHEMBL4548190	CC BY-SA 3.0 via ChEMBL. NOT taken from db.co-add.org, whose own notice restricts systematic download and non-commercial use	2026-09-26	177.25	2.239	0	2	29.96	2	13	28	1	0.455	0	0	1		fragment
decoy	NWVVVBRKAWDGAB-UHFFFAOYSA-N	COc1ccc(O)cc1	chembl_approved	CHEMBL544	CC BY-SA 3.0	2026-09-25	124.14	1.401	1	2	29.46	1	9	17	1	0.143	0	0	1		fragment
decoy	GKMIDMKPBOUSBQ-UHFFFAOYSA-N	Cc1cn(C)c(=O)[nH]c1=O	coadd	CHEMBL4586019	CC BY-SA 3.0 via ChEMBL. NOT taken from db.co-add.org, whose own notice restricts systematic download and non-commercial use	2026-09-26	140.14	-0.618	1	2	54.86	0	10	18	1	0.333	0	0	1		fragment
decoy	FAGDKDUYJZUVOH-UHFFFAOYSA-N	NC1(C(=O)O)CCP(=O)(O)CC1	coadd	CHEMBL4578058	CC BY-SA 3.0 via ChEMBL. NOT taken from db.co-add.org, whose own notice restricts systematic download and non-commercial use	2026-09-26	193.14	-0.167	3	3	100.62	1	12	24	1	0.833	0	0	1		fragment
decoy	HAJPQNAQTALTRN-UHFFFAOYSA-N	O=S(=O)(NC1CCCC1)C1CNC1	coadd	CHEMBL4590254	CC BY-SA 3.0 via ChEMBL. NOT taken from db.co-add.org, whose own notice restricts systematic download and non-commercial use	2026-09-26	204.29	-0.18	2	3	58.2	3	13	29	2	1.0	0	0	1		fragment
decoy	UPPHKLRGHMXIIY-SCSAIBSYSA-N	CN[C@H](COC)C(N)=O	coadd	CHEMBL4525055	CC BY-SA 3.0 via ChEMBL. NOT taken from db.co-add.org, whose own notice restricts systematic download and non-commercial use	2026-09-26	132.16	-1.294	2	3	64.35	4	9	21	0	0.8	0	0	1		fragment
decoy	ZKCWWKRPEWYQBE-UHFFFAOYSA-N	CS(=O)(=O)N1CC(CN)C1	coadd	CHEMBL4552120	CC BY-SA 3.0 via ChEMBL. NOT taken from db.co-add.org, whose own notice restricts systematic download and non-commercial use	2026-09-26	164.23	-1.163	1	3	63.4	2	10	22	1	1.0	0	0	1		fragment
decoy	PQATWXVDRZZHBC-UHFFFAOYSA-N	Nc1cccc2c([As](=O)(O)O)cccc12	coadd	CHEMBL1403970	CC BY-SA 3.0 via ChEMBL. NOT taken from db.co-add.org, whose own notice restricts systematic download and non-commercial use	2026-09-26	267.12	-0.017	3	2	83.55	1	15	25	2	0.0	0	0	1		fragment
decoy	KBPLFHHGFOOTCA-UHFFFAOYSA-N	CCCCCCCCO	chembl_phase2	CHEMBL26215	CC BY-SA 3.0	2026-09-25	130.23	2.339	1	1	20.23	6	9	27	0	1.0	0	0	1		fragment
decoy	UEEJHVSXFDXPFK-UHFFFAOYSA-N	CN(C)CCO	chembl_phase2	CHEMBL1135	CC BY-SA 3.0	2026-09-25	89.14	-0.46	1	2	23.47	2	6	17	0	1.0	0	0	1		fragment
decoy	RIKMMFOAQPJVMX-UHFFFAOYSA-N	Cc1cn[nH]c1	chembl_approved	CHEMBL1308	CC BY-SA 3.0	2026-09-25	82.11	0.718	1	1	28.68	0	6	12	1	0.25	0	0	1		fragment
decoy	DBWMTOKAPZXGSX-UHFFFAOYSA-N	O=[As](O)(O)c1cccnc1	coadd	CHEMBL1601413	CC BY-SA 3.0 via ChEMBL. NOT taken from db.co-add.org, whose own notice restricts systematic download and non-commercial use	2026-09-26	203.03	-1.357	2	2	70.42	1	10	16	1	0.0	0	0	1		fragment
decoy	HPHBOJANXDKUQD-UHFFFAOYSA-N	N#CCC(=O)NN	chembl_phase2	CHEMBL2106008	CC BY-SA 3.0	2026-09-25	99.09	-1.11	2	3	78.91	1	7	12	0	0.333	0	0	1		fragment
decoy	ZOJBYZNEUISWFT-UHFFFAOYSA-N	C=CCN=C=S	chembl_phase1	CHEMBL233248	CC BY-SA 3.0	2026-09-25	99.16	1.275	0	2	12.36	2	6	11	0	0.25	0	0	1		fragment
decoy	OGQKOFDXXFDOBH-UHFFFAOYSA-N	CCN1CCN(S(=O)(=O)c2c(F)cccc2F)CC1	coadd	CHEMBL4544150	CC BY-SA 3.0 via ChEMBL. NOT taken from db.co-add.org, whose own notice restricts systematic download and non-commercial use	2026-09-26	290.34	1.291	0	3	40.62	3	19	35	2	0.5	0	0	1		fragment
decoy	RRCZVRXKLGLIQD-UHFFFAOYSA-N	c1ccc(-c2n[nH]c(C3CCNCC3)n2)cc1	coadd	CHEMBL4565022	CC BY-SA 3.0 via ChEMBL. NOT taken from db.co-add.org, whose own notice restricts systematic download and non-commercial use	2026-09-26	228.3	1.939	2	3	53.6	2	17	33	3	0.385	0	0	1		fragment
decoy	PRTMCDUZAVNQLB-UHFFFAOYSA-N	O=C(Cn1cnc2ccccc2c1=O)Nc1ccccc1	coadd	CHEMBL3331271	CC BY-SA 3.0 via ChEMBL. NOT taken from db.co-add.org, whose own notice restricts systematic download and non-commercial use	2026-09-26	279.3	2.035	1	3	63.99	3	21	34	3	0.062	0	0	1		fragment
decoy	FXMDYAUMFAPUCR-UHFFFAOYSA-N	Cc1ccc2c(c1)nc(CCN)n2C	coadd	CHEMBL4582648	CC BY-SA 3.0 via ChEMBL. NOT taken from db.co-add.org, whose own notice restricts systematic download and non-commercial use	2026-09-26	189.26	1.383	1	2	43.84	2	14	29	2	0.364	0	0	1		fragment
decoy	ZFHVCSLZFILITG-OVCLIPMQSA-N	CC(C)C(=O)N/N=C/c1c[nH]c2ccccc12	coadd	CHEMBL4546119	CC BY-SA 3.0 via ChEMBL. NOT taken from db.co-add.org, whose own notice restricts systematic download and non-commercial use	2026-09-26	229.28	2.274	2	2	57.25	3	17	32	2	0.231	0	0	1		fragment
decoy	MEWCPBOFWYJTNM-UHFFFAOYSA-N	Cc1cc(N2CCNCC2)n[nH]1	coadd	CHEMBL4558891	CC BY-SA 3.0 via ChEMBL. NOT taken from db.co-add.org, whose own notice restricts systematic download and non-commercial use	2026-09-26	166.23	0.128	2	3	43.95	1	12	26	2	0.625	0	0	1		fragment
decoy	FBLQQIZRPNSJAH-UHFFFAOYSA-N	CCS(=O)(=O)N1CCC(C(C)NC)CC1	coadd	CHEMBL4592604	CC BY-SA 3.0 via ChEMBL. NOT taken from db.co-add.org, whose own notice restricts systematic download and non-commercial use	2026-09-26	234.36	0.656	1	3	49.41	4	15	37	1	1.0	0	0	1		fragment
decoy	PJIAEQRLYOSQBA-DGCLKSJQSA-N	O=C(NCc1ccccc1F)N1CC[C@H](CO)[C@H](O)C1	coadd	CHEMBL4573336	CC BY-SA 3.0 via ChEMBL. NOT taken from db.co-add.org, whose own notice restricts systematic download and non-commercial use	2026-09-26	282.31	0.71	3	3	72.8	3	20	39	2	0.5	0	0	1		fragment
decoy	ZRJJXXDQIQFZBW-UHFFFAOYSA-N	Nc1cc(CO)ccn1	coadd	CHEMBL4557698	CC BY-SA 3.0 via ChEMBL. NOT taken from db.co-add.org, whose own notice restricts systematic download and non-commercial use	2026-09-26	124.14	0.156	2	3	59.14	1	9	17	1	0.167	0	0	1		fragment
decoy	DDMOUSALMHHKOS-UHFFFAOYSA-N	FC(F)(Cl)C(F)(F)Cl	chembl_phase2	CHEMBL325436	CC BY-SA 3.0	2026-09-25	170.92	2.65	0	0	0.0	1	8	8	0	1.0	0	0	1		fragment
decoy	MYWUZJCMWCOHBA-SECBINFHSA-N	CN[C@H](C)Cc1ccccc1	chembl_phase2	CHEMBL1927030	CC BY-SA 3.0	2026-09-25	149.24	1.837	1	1	12.03	3	11	26	1	0.4	0	0	1		fragment
decoy	PBVFROWIWWGIFK-UHFFFAOYSA-N	C[N+](C)(CF)CCO	chembl_phase3	CHEMBL4303280	CC BY-SA 3.0	2026-09-25	122.16	-0.018	1	1	20.23	3	8	21	0	1.0	0	0	1		fragment
decoy	SZHQGRXHKRQMLH-UHFFFAOYSA-N	CN(C)c1ncc(CN)n1C	coadd	CHEMBL4550240	CC BY-SA 3.0 via ChEMBL. NOT taken from db.co-add.org, whose own notice restricts systematic download and non-commercial use	2026-09-26	154.22	-0.055	1	3	47.08	2	11	25	1	0.571	0	0	1		fragment
decoy	HUMBMNXQIZEAMO-UHFFFAOYSA-N	CN(C)S(=O)(=O)N1CCCCC1CN	coadd	CHEMBL4535037	CC BY-SA 3.0 via ChEMBL. NOT taken from db.co-add.org, whose own notice restricts systematic download and non-commercial use	2026-09-26	221.33	-0.394	1	3	66.64	3	14	33	1	1.0	0	0	1		fragment
decoy	YUCBEWDNQMVFKF-UHFFFAOYSA-N	COCC(=O)NC1CNC1	coadd	CHEMBL4534442	CC BY-SA 3.0 via ChEMBL. NOT taken from db.co-add.org, whose own notice restricts systematic download and non-commercial use	2026-09-26	144.17	-1.279	2	3	50.36	3	10	22	1	0.833	0	0	1		fragment
decoy	RNIWYWXEAVKVKV-UHFFFAOYSA-N	Cn1cc(CNS(N)(=O)=O)cn1	coadd	CHEMBL4519226	CC BY-SA 3.0 via ChEMBL. NOT taken from db.co-add.org, whose own notice restricts systematic download and non-commercial use	2026-09-26	190.23	-1.287	2	3	90.01	3	12	22	1	0.4	0	0	1		fragment
decoy	HOJADQWKJHWRID-UHFFFAOYSA-N	Cn1c(=O)ccn(CC(=O)NCc2ccccc2)c1=O	coadd	CHEMBL4536739	CC BY-SA 3.0 via ChEMBL. NOT taken from db.co-add.org, whose own notice restricts systematic download and non-commercial use	2026-09-26	273.29	-0.137	1	3	73.1	4	20	35	2	0.214	0	0	1		fragment
decoy	XVQUOJBERHHONY-UHFFFAOYSA-N	CNC(C)CCC=C(C)C	chembl_approved	CHEMBL1697841	CC BY-SA 3.0	2026-09-25	141.26	2.341	1	1	12.03	4	10	29	0	0.778	0	0	1		fragment
decoy	KIDHWZJUCRJVML-UHFFFAOYSA-N	NCCCCN	chembl_phase3	CHEMBL46257	CC BY-SA 3.0	2026-09-25	88.15	-0.316	2	2	52.04	3	6	18	0	1.0	0	0	1		fragment
decoy	QLWUUDMYTAATJZ-UHFFFAOYSA-N	C#CCNCC	coadd	CHEMBL4586961	CC BY-SA 3.0 via ChEMBL. NOT taken from db.co-add.org, whose own notice restricts systematic download and non-commercial use	2026-09-26	83.13	0.229	1	1	12.03	2	6	15	0	0.6	0	0	1		fragment
decoy	QNOMKPPKXCFWOI-UHFFFAOYSA-N	CCn1c(=O)n(C)c2c(=O)n(C)c(=O)n(C)c21	coadd	CHEMBL1890265	CC BY-SA 3.0 via ChEMBL. NOT taken from db.co-add.org, whose own notice restricts systematic download and non-commercial use	2026-09-26	238.25	-1.243	0	3	70.93	1	17	31	2	0.5	0	0	1		fragment
decoy	JVTAAEKCZFNVCJ-REOHCLBHSA-M	C[C@H](O)C(=O)[O-]	chembl_phase2	CHEMBL6068557	CC BY-SA 3.0	2026-09-25	89.07	-1.883	1	3	60.36	1	6	11	0	0.667	0	0	1	chembl_phase2:CHEMBL6068765	fragment
decoy	BYQIDBOUTNKYCY-UHFFFAOYSA-N	C[S+]([O-])c1nncn1Cc1ccccc1Cl	coadd	CHEMBL4533059	CC BY-SA 3.0 via ChEMBL. NOT taken from db.co-add.org, whose own notice restricts systematic download and non-commercial use	2026-09-26	255.73	1.717	0	3	53.77	3	16	26	2	0.2	0	0	1		fragment
decoy	YOGNIRLYJFDRBP-UHFFFAOYSA-N	NC1CCN(c2ccccc2OC(F)F)C1	coadd	CHEMBL4584038	CC BY-SA 3.0 via ChEMBL. NOT taken from db.co-add.org, whose own notice restricts systematic download and non-commercial use	2026-09-26	228.24	1.825	1	3	38.49	3	16	30	2	0.455	0	0	1		fragment
decoy	FIYIDQPTORBSOZ-UHFFFAOYSA-N	CC1CCCN(Cn2nccc2-c2cccnc2)C1	coadd	CHEMBL4518777	CC BY-SA 3.0 via ChEMBL. NOT taken from db.co-add.org, whose own notice restricts systematic download and non-commercial use	2026-09-26	256.35	2.635	0	3	33.95	3	19	39	3	0.467	0	0	1		fragment
decoy	KWNBXYJSCFAYMC-UHFFFAOYSA-N	Cc1cc(N2CCCC2)nc(C)n1	coadd	CHEMBL4546249	CC BY-SA 3.0 via ChEMBL. NOT taken from db.co-add.org, whose own notice restricts systematic download and non-commercial use	2026-09-26	177.25	1.694	0	3	29.02	1	13	28	2	0.6	0	0	1		fragment
decoy	ARBWTUWVRPAEFC-UHFFFAOYSA-N	CCN1CCN(C(=O)c2ccc(C)c(C)c2)CC1	coadd	CHEMBL4593337	CC BY-SA 3.0 via ChEMBL. NOT taken from db.co-add.org, whose own notice restricts systematic download and non-commercial use	2026-09-26	246.35	2.081	0	2	23.55	2	18	40	2	0.533	0	0	1		fragment
decoy	JSVIHPQXZPTUCQ-UHFFFAOYSA-N	CC(C)CCC(=O)N1CCNC(=O)C1	coadd	CHEMBL4554232	CC BY-SA 3.0 via ChEMBL. NOT taken from db.co-add.org, whose own notice restricts systematic download and non-commercial use	2026-09-26	198.27	0.381	1	2	49.41	3	14	32	1	0.8	0	0	1		fragment
decoy	WEDNHMPCZCGSRY-UHFFFAOYSA-N	Cn1nc2n(c1=O)C(=O)N(c1ccccc1)C2	coadd	CHEMBL4576997	CC BY-SA 3.0 via ChEMBL. NOT taken from db.co-add.org, whose own notice restricts systematic download and non-commercial use	2026-09-26	230.23	0.57	0	3	60.13	1	17	27	3	0.182	0	0	1		fragment
decoy	QVCFRJIMYWZFEX-BQBZGAKWSA-N	CNC(=O)[C@@H]1C[C@H](N)CN1C(=O)C1(C(F)(F)F)CC1	coadd	CHEMBL4578729	CC BY-SA 3.0 via ChEMBL. NOT taken from db.co-add.org, whose own notice restricts systematic download and non-commercial use	2026-09-26	279.26	0.003	2	3	75.43	2	19	35	2	0.818	0	0	1		fragment
decoy	IRYJRGCIQBGHIV-UHFFFAOYSA-N	CN1C(=O)OC(C)(C)C1=O	chembl_approved	CHEMBL695	CC BY-SA 3.0	2026-09-25	143.14	0.374	0	3	46.61	0	10	19	1	0.667	0	0	1		fragment
decoy	HQHHWOJYOUTZHZ-UHFFFAOYSA-N	NCc1ccc(-c2ccccc2)o1	coadd	CHEMBL214859	CC BY-SA 3.0 via ChEMBL. NOT taken from db.co-add.org, whose own notice restricts systematic download and non-commercial use	2026-09-26	173.21	2.405	1	2	39.16	2	13	24	2	0.091	0	0	1		fragment
decoy	QRBVCAWHUSTDOT-UHFFFAOYSA-N	COCCc1ccccn1	chembl_phase2	CHEMBL2105211	CC BY-SA 3.0	2026-09-25	137.18	1.27	0	2	22.12	3	10	21	1	0.375	0	0	1		fragment
decoy	HVLMPZKZNIVYOE-UHFFFAOYSA-N	NCC1(CC(N)=O)CC1	coadd	CHEMBL4547804	CC BY-SA 3.0 via ChEMBL. NOT taken from db.co-add.org, whose own notice restricts systematic download and non-commercial use	2026-09-26	128.17	-0.399	2	2	69.11	3	9	21	1	0.833	0	0	1		fragment
decoy	DTFBQVLNVYUNQW-DTWKUNHWSA-N	O=C(N[C@@H]1CNC[C@H]1CO)C1CCC1	coadd	CHEMBL4567368	CC BY-SA 3.0 via ChEMBL. NOT taken from db.co-add.org, whose own notice restricts systematic download and non-commercial use	2026-09-26	198.27	-0.517	3	3	61.36	3	14	32	2	0.9	0	0	1		fragment
decoy	AOYXWYFGLFWATH-UHFFFAOYSA-N	NC1CCN(S(=O)(=O)C2CC2)CC1	coadd	CHEMBL4554338	CC BY-SA 3.0 via ChEMBL. NOT taken from db.co-add.org, whose own notice restricts systematic download and non-commercial use	2026-09-26	204.29	-0.098	1	3	63.4	2	13	29	2	1.0	0	0	1		fragment
decoy	SJLSQITZGUTOMN-UHFFFAOYSA-N	OC1CNCCNC1	coadd	CHEMBL4585632	CC BY-SA 3.0 via ChEMBL. NOT taken from db.co-add.org, whose own notice restricts systematic download and non-commercial use	2026-09-26	116.16	-1.46	3	3	44.29	0	8	20	1	1.0	0	0	1		fragment
decoy	VRZZMRYGHFNKEN-UHFFFAOYSA-N	CN1CCN(CC(N)=O)CC1	coadd	CHEMBL4544983	CC BY-SA 3.0 via ChEMBL. NOT taken from db.co-add.org, whose own notice restricts systematic download and non-commercial use	2026-09-26	157.22	-1.281	1	3	49.57	2	11	26	1	0.857	0	0	1		fragment
decoy	SHHHPJIYJOZUCY-UHFFFAOYSA-N	CCOC(=O)Nc1cccc([As](=O)(O)O)c1	coadd	CHEMBL1467687	CC BY-SA 3.0 via ChEMBL. NOT taken from db.co-add.org, whose own notice restricts systematic download and non-commercial use	2026-09-26	289.12	-0.184	3	3	95.86	3	16	28	1	0.222	0	0	1		fragment
decoy	CFKMVGJGLGKFKI-UHFFFAOYSA-N	Cc1cc(O)ccc1Cl	chembl_phase2	CHEMBL1230222	CC BY-SA 3.0	2026-09-25	142.58	2.354	1	1	20.23	0	9	16	1	0.143	0	0	1		fragment
decoy	FERIUCNNQQJTOY-UHFFFAOYSA-M	CCCC(=O)[O-]	chembl_phase2	CHEMBL62381	CC BY-SA 3.0	2026-09-25	87.1	-0.464	0	2	40.13	2	6	13	0	0.75	0	0	1		fragment
decoy	JOYRKODLDBILNP-UHFFFAOYSA-N	CCOC(N)=O	chembl_approved	CHEMBL462547	CC BY-SA 3.0	2026-09-25	89.09	0.102	1	2	52.32	1	6	13	0	0.667	0	0	1		fragment
decoy	MZPQMMXAIRCELT-UHFFFAOYSA-N	CN(C)C(=O)N1CCN(C(=O)CN)CC1	coadd	CHEMBL4514158	CC BY-SA 3.0 via ChEMBL. NOT taken from db.co-add.org, whose own notice restricts systematic download and non-commercial use	2026-09-26	214.27	-1.229	1	3	69.88	1	15	33	1	0.778	0	0	1		fragment
decoy	BOJWRBHXAWFZOJ-UHFFFAOYSA-N	CN(c1ccc(F)cc1)S(=O)(=O)N1CCCCC1	coadd	CHEMBL4526559	CC BY-SA 3.0 via ChEMBL. NOT taken from db.co-add.org, whose own notice restricts systematic download and non-commercial use	2026-09-26	272.35	1.993	0	2	40.62	3	18	35	2	0.5	0	0	1		fragment
decoy	GYTUNMBXYMEZCB-UHFFFAOYSA-N	Cc1cc(C(=O)NCCNC2CC2)ccc1F	coadd	CHEMBL4593781	CC BY-SA 3.0 via ChEMBL. NOT taken from db.co-add.org, whose own notice restricts systematic download and non-commercial use	2026-09-26	236.29	1.616	2	2	41.13	5	17	34	2	0.462	0	0	1		fragment
decoy	JIWPFQSVGHOSSG-UHFFFAOYSA-N	O=C(c1ccccc1)N1CCN(Cc2ccco2)CC1	coadd	CHEMBL4584927	CC BY-SA 3.0 via ChEMBL. NOT taken from db.co-add.org, whose own notice restricts systematic download and non-commercial use	2026-09-26	270.33	2.238	0	3	36.69	3	20	38	3	0.312	0	0	1		fragment
decoy	SPLIVFYNGMDOBZ-UHFFFAOYSA-N	Cn1c(CN)nc2cc(Cl)ccc21	coadd	CHEMBL4553530	CC BY-SA 3.0 via ChEMBL. NOT taken from db.co-add.org, whose own notice restricts systematic download and non-commercial use	2026-09-26	195.65	1.685	1	2	43.84	1	13	23	2	0.222	0	0	1		fragment
decoy	HJXDCJDHQUQKKW-UHFFFAOYSA-N	NCc1ccc(NC(=O)c2ccccc2O)cc1	coadd	CHEMBL4551695	CC BY-SA 3.0 via ChEMBL. NOT taken from db.co-add.org, whose own notice restricts systematic download and non-commercial use	2026-09-26	242.28	2.103	3	3	75.35	3	18	32	2	0.071	0	0	1		fragment
decoy	QIAFMBKCNZACKA-UHFFFAOYSA-N	O=C(O)CNC(=O)c1ccccc1	chembl_approved	CHEMBL1201104	CC BY-SA 3.0	2026-09-25	179.18	0.501	2	2	66.4	3	13	22	1	0.111	0	0	1		fragment
decoy	PLWRKSTVTHJZMM-UHFFFAOYSA-N	O=C(NCc1ccccc1)N1CCNCC(O)C1	coadd	CHEMBL4583167	CC BY-SA 3.0 via ChEMBL. NOT taken from db.co-add.org, whose own notice restricts systematic download and non-commercial use	2026-09-26	249.31	0.162	3	3	64.6	2	18	37	2	0.462	0	0	1		fragment
decoy	QDRACLAKIZITPM-UHFFFAOYSA-N	CCCN1CC(C(=O)NCc2cccnc2)CC1=O	coadd	CHEMBL4546817	CC BY-SA 3.0 via ChEMBL. NOT taken from db.co-add.org, whose own notice restricts systematic download and non-commercial use	2026-09-26	261.32	0.956	1	3	62.3	5	19	38	2	0.5	0	0	1		fragment
decoy	AHOJTPZHHMJMCW-UHFFFAOYSA-N	CCN1CCC(O)CC1	coadd	CHEMBL4526324	CC BY-SA 3.0 via ChEMBL. NOT taken from db.co-add.org, whose own notice restricts systematic download and non-commercial use	2026-09-26	129.2	0.463	1	2	23.47	1	9	24	1	1.0	0	0	1		fragment
decoy	NFGGQMYSOLVBLF-UHFFFAOYSA-N	O=C(c1ccccc1)c1ccc[nH]1	coadd	CHEMBL2136039	CC BY-SA 3.0 via ChEMBL. NOT taken from db.co-add.org, whose own notice restricts systematic download and non-commercial use	2026-09-26	171.2	2.246	1	1	32.86	2	13	22	2	0.0	0	0	1		fragment
decoy	VKJXAQYPOTYDLO-UHFFFAOYSA-N	Cc1ccc(CCN)cc1	coadd	CHEMBL103299	CC BY-SA 3.0 via ChEMBL. NOT taken from db.co-add.org, whose own notice restricts systematic download and non-commercial use	2026-09-26	135.21	1.496	1	1	26.02	2	10	23	1	0.333	0	0	1		fragment
decoy	RLZUSGLTXIXXAP-UHFFFAOYSA-N	NCC1CCCNC1=O	coadd	CHEMBL4576575	CC BY-SA 3.0 via ChEMBL. NOT taken from db.co-add.org, whose own notice restricts systematic download and non-commercial use	2026-09-26	128.18	-0.529	2	2	55.12	1	9	21	1	0.833	0	0	1		fragment
decoy	HPHUVLMMVZITSG-LURJTMIESA-N	CC[C@@H](C(N)=O)N1CCCC1=O	chembl_approved	CHEMBL1286	CC BY-SA 3.0	2026-09-25	170.21	-0.127	1	2	63.4	3	12	26	1	0.75	0	0	1	coadd:CHEMBL1286	fragment
decoy	JVFJSUCEQDCCAH-UHFFFAOYSA-N	NCCNS(=O)(=O)c1ccccc1	coadd	CHEMBL2448846	CC BY-SA 3.0 via ChEMBL. NOT taken from db.co-add.org, whose own notice restricts systematic download and non-commercial use	2026-09-26	200.26	-0.076	2	3	72.19	4	13	25	1	0.25	0	0	1		fragment
decoy	AEBUFXQFNREKLG-UHFFFAOYSA-N	COC(CN)CC(N)=O	coadd	CHEMBL4581725	CC BY-SA 3.0 via ChEMBL. NOT taken from db.co-add.org, whose own notice restricts systematic download and non-commercial use	2026-09-26	132.16	-1.164	2	3	78.34	4	9	21	0	0.8	0	0	1		fragment
decoy	DXLMAWKTIWMTIM-UHFFFAOYSA-N	CC(C(N)=O)N1CCNCC1	coadd	CHEMBL4532895	CC BY-SA 3.0 via ChEMBL. NOT taken from db.co-add.org, whose own notice restricts systematic download and non-commercial use	2026-09-26	157.22	-1.235	2	3	58.36	2	11	26	1	0.857	0	0	1		fragment
decoy	KTUOCBPRVGCOOV-UHFFFAOYSA-N	O=C1CCN(S(=O)(=O)N2CCCCC2)CCN1	coadd	CHEMBL4567375	CC BY-SA 3.0 via ChEMBL. NOT taken from db.co-add.org, whose own notice restricts systematic download and non-commercial use	2026-09-26	261.35	-0.461	1	3	69.72	2	17	36	2	0.9	0	0	1		fragment
decoy	NIJJYAXOARWZEE-UHFFFAOYSA-N	CCCC(CCC)C(=O)O	chembl_approved	CHEMBL109	CC BY-SA 3.0	2026-09-25	144.21	2.287	1	1	37.3	5	10	26	0	0.875	0	0	1	chembl_approved:CHEMBL2105613;coadd:CHEMBL109	fragment
decoy	JVTAAEKCZFNVCJ-UWTATZPHSA-N	C[C@@H](O)C(=O)O	chembl_phase3	CHEMBL358850	CC BY-SA 3.0	2026-09-25	90.08	-0.548	2	2	57.53	1	6	12	0	0.667	0	0	1		fragment
decoy	QXLPXWSKPNOQLE-UHFFFAOYSA-N	C#CC(C)(O)CC	chembl_phase2	CHEMBL501613	CC BY-SA 3.0	2026-09-25	98.14	0.781	1	1	20.23	1	7	17	0	0.667	0	0	1		fragment
decoy	UHCNQJGLFZQVRB-UHFFFAOYSA-N	Cc1cc(N2CCNC2=O)ccc1NS(=O)(=O)C1CC1	coadd	CHEMBL4562390	CC BY-SA 3.0 via ChEMBL. NOT taken from db.co-add.org, whose own notice restricts systematic download and non-commercial use	2026-09-26	295.36	1.429	2	3	78.51	4	20	37	3	0.462	0	0	1		fragment
decoy	VEZXEOWXHFHYHC-CMDGGOBGSA-N	CC1(C)NC(=O)C(/C=C/c2ccccc2)O1	chembl_phase2	CHEMBL2106979	CC BY-SA 3.0	2026-09-25	217.27	1.951	1	2	38.33	2	16	31	2	0.308	0	0	1		fragment
decoy	JYNVGCAZMIHJTI-UHFFFAOYSA-N	CS(=O)(=O)Cc1ccc(C(=O)Nc2ccccc2)cc1	coadd	CHEMBL4566522	CC BY-SA 3.0 via ChEMBL. NOT taken from db.co-add.org, whose own notice restricts systematic download and non-commercial use	2026-09-26	289.36	2.484	1	3	63.24	4	20	35	2	0.133	0	0	1		fragment
decoy	BUJAGSGYPOAWEI-UHFFFAOYSA-N	Cc1cccc(C)c1NC(=O)C(C)N	chembl_approved	CHEMBL1762	CC BY-SA 3.0	2026-09-25	192.26	1.589	2	2	55.12	2	14	30	1	0.364	0	0	1	chembl_approved:CHEMBL1200773;coadd:CHEMBL1762	fragment
decoy	YYRKUIUQAYBENO-UHFFFAOYSA-N	O=C1CC(c2ccc(F)cc2F)c2cn[nH]c2N1	coadd	CHEMBL4534895	CC BY-SA 3.0 via ChEMBL. NOT taken from db.co-add.org, whose own notice restricts systematic download and non-commercial use	2026-09-26	249.22	2.162	2	2	57.78	1	18	27	3	0.167	0	0	1		fragment
decoy	CWXYHOHYCJXYFQ-UHFFFAOYSA-N	O=C(O)CCNC(=O)c1ccccc1	chembl_phase2	CHEMBL1231530	CC BY-SA 3.0	2026-09-25	193.2	0.891	2	2	66.4	4	14	25	1	0.2	0	0	1	coadd:CHEMBL1231530	fragment
decoy	DQMZLTXERSFNPB-UHFFFAOYSA-N	CCC1(c2ccccc2)C(=O)NCNC1=O	chembl_approved	CHEMBL856	CC BY-SA 3.0	2026-09-25	218.26	0.538	2	2	58.2	2	16	30	2	0.333	0	0	1	coadd:CHEMBL856	fragment
decoy	QSRCHYWYLVMUOO-UHFFFAOYSA-N	Cc1cccn2cc(CCNS(C)(=O)=O)nc12	coadd	CHEMBL4547338	CC BY-SA 3.0 via ChEMBL. NOT taken from db.co-add.org, whose own notice restricts systematic download and non-commercial use	2026-09-26	253.33	0.734	1	3	63.47	4	17	32	2	0.364	0	0	1		fragment
decoy	PGGCTNQYCZTVNL-UHFFFAOYSA-N	OCC12CCN(CC1)CC2	coadd	CHEMBL4519854	CC BY-SA 3.0 via ChEMBL. NOT taken from db.co-add.org, whose own notice restricts systematic download and non-commercial use	2026-09-26	141.21	0.465	1	2	23.47	1	10	25	3	1.0	0	0	1		fragment
decoy	UJDGVHVIOMSXMR-UHFFFAOYSA-N	c1ccc(-n2ncc3cccnc32)cc1	coadd	CHEMBL1417062	CC BY-SA 3.0 via ChEMBL. NOT taken from db.co-add.org, whose own notice restricts systematic download and non-commercial use	2026-09-26	195.23	2.421	0	2	30.71	1	15	24	3	0.0	0	0	1		fragment
decoy	VJXKVDLXKYYYBX-AOOOYVTPSA-N	N[C@H]1C[C@@H](c2ccccc2)C1	coadd	CHEMBL4568652	CC BY-SA 3.0 via ChEMBL. NOT taken from db.co-add.org, whose own notice restricts systematic download and non-commercial use	2026-09-26	147.22	1.891	1	1	26.02	1	11	24	2	0.4	0	0	1		fragment
decoy	XUYJLQHKOGNDPB-UHFFFAOYSA-N	O=C(O)CP(=O)(O)O	chembl_phase2	CHEMBL50300	CC BY-SA 3.0	2026-09-25	140.03	-0.751	3	2	94.83	2	8	13	0	0.5	0	0	1		fragment
decoy	XRPROSVPWUUCLT-UHFFFAOYSA-N	CN(Cc1ccncc1)C(=O)CN	coadd	CHEMBL4525254	CC BY-SA 3.0 via ChEMBL. NOT taken from db.co-add.org, whose own notice restricts systematic download and non-commercial use	2026-09-26	179.22	-0.001	1	3	59.22	3	13	26	1	0.333	0	0	1		fragment
decoy	ZHDATZMWGSUDMP-UHFFFAOYSA-N	NC(=O)CN1C(=O)COc2ccccc21	chembl_phase2	CHEMBL2105270	CC BY-SA 3.0	2026-09-25	206.2	-0.103	1	3	72.63	2	15	25	2	0.2	0	0	1		fragment
decoy	LQVAQUHURBYBSG-UHFFFAOYSA-N	CC(CN)S(N)(=O)=O	coadd	CHEMBL4579075	CC BY-SA 3.0 via ChEMBL. NOT taken from db.co-add.org, whose own notice restricts systematic download and non-commercial use	2026-09-26	138.19	-1.378	2	3	86.18	2	8	18	0	1.0	0	0	1		fragment
decoy	VFSHLEHNCCVYOM-UHFFFAOYSA-N	CS(=O)(=O)NCCCN	coadd	CHEMBL4528575	CC BY-SA 3.0 via ChEMBL. NOT taken from db.co-add.org, whose own notice restricts systematic download and non-commercial use	2026-09-26	152.22	-1.116	2	3	72.19	4	9	21	0	1.0	0	0	1		fragment
decoy	INJOYSHXGZXVEO-UHFFFAOYSA-N	CCCN(CC(N)=O)S(=O)(=O)N1CCCCC1	coadd	CHEMBL4593031	CC BY-SA 3.0 via ChEMBL. NOT taken from db.co-add.org, whose own notice restricts systematic download and non-commercial use	2026-09-26	263.36	-0.086	1	3	83.71	6	17	38	1	0.9	0	0	1		fragment
decoy	AUFSOOYCQYDGES-UHFFFAOYSA-N	CNCC(C)c1ccccc1	chembl_phase2	CHEMBL1622886	CC BY-SA 3.0	2026-09-25	149.24	2.01	1	1	12.03	3	11	26	1	0.4	0	0	1		fragment
decoy	MUBZPKHOEPUJKR-UHFFFAOYSA-N	O=C(O)C(=O)O	coadd	CHEMBL4593088	CC BY-SA 3.0 via ChEMBL. NOT taken from db.co-add.org, whose own notice restricts systematic download and non-commercial use	2026-09-26	90.03	-0.844	2	2	74.6	0	6	8	0	0.0	0	0	1		fragment
decoy	GJPUAFVJSXMABL-UHFFFAOYSA-N	COc1ccc(C(=O)N(C)C2CCN(C)CC2)cc1	coadd	CHEMBL4552187	CC BY-SA 3.0 via ChEMBL. NOT taken from db.co-add.org, whose own notice restricts systematic download and non-commercial use	2026-09-26	262.35	1.861	0	3	32.78	3	19	41	2	0.533	0	0	1		fragment
decoy	KAIQBYOVFPSBLL-UHFFFAOYSA-N	CCC(C(=O)Nc1ccc(OC)cc1)N(C)C	coadd	CHEMBL4563955	CC BY-SA 3.0 via ChEMBL. NOT taken from db.co-add.org, whose own notice restricts systematic download and non-commercial use	2026-09-26	236.31	1.974	1	3	41.57	5	17	37	1	0.462	0	0	1		fragment
decoy	QLYMJKGHYRRMDO-AWNIVKPZSA-N	CC/C(C)=C/CCN1CCC2(CCCNC2=O)C1	coadd	CHEMBL4580847	CC BY-SA 3.0 via ChEMBL. NOT taken from db.co-add.org, whose own notice restricts systematic download and non-commercial use	2026-09-26	250.39	2.335	1	2	32.34	4	18	44	2	0.8	0	0	1		fragment
decoy	KCAMDBNDUHBEBH-UHFFFAOYSA-N	c1ccc2c(c1)COC21CCCNC1	coadd	CHEMBL4535562	CC BY-SA 3.0 via ChEMBL. NOT taken from db.co-add.org, whose own notice restricts systematic download and non-commercial use	2026-09-26	189.26	1.795	1	2	21.26	0	14	29	3	0.5	0	0	1		fragment
decoy	KUDNJELAUXSOIL-UHFFFAOYSA-N	FC(F)(F)c1ccc(OC2CCNCC2)nc1	coadd	CHEMBL4536175	CC BY-SA 3.0 via ChEMBL. NOT taken from db.co-add.org, whose own notice restricts systematic download and non-commercial use	2026-09-26	246.23	2.231	1	3	34.15	2	17	30	2	0.545	0	0	1		fragment
decoy	MIRBDUREIHMEMK-UHFFFAOYSA-N	CN1CCN(CC2CCNCC2)CC1	coadd	CHEMBL4527924	CC BY-SA 3.0 via ChEMBL. NOT taken from db.co-add.org, whose own notice restricts systematic download and non-commercial use	2026-09-26	197.33	0.233	1	3	18.51	2	14	37	2	1.0	0	0	1		fragment
decoy	BPDZBYOFWIFUAI-UHFFFAOYSA-N	CN(C)S(=O)(=O)NCc1ccccc1CO	coadd	CHEMBL4538615	CC BY-SA 3.0 via ChEMBL. NOT taken from db.co-add.org, whose own notice restricts systematic download and non-commercial use	2026-09-26	244.32	0.075	2	3	69.64	5	16	32	1	0.4	0	0	1		fragment
decoy	WNOZIECLFMDBSI-ITGUQSILSA-N	COCCNC(=O)[C@H]1[C@@H]2CN(C3CCCC3)C[C@@H]21	coadd	CHEMBL4583671	CC BY-SA 3.0 via ChEMBL. NOT taken from db.co-add.org, whose own notice restricts systematic download and non-commercial use	2026-09-26	252.36	0.869	1	3	41.57	5	18	42	3	0.929	0	0	1		fragment
decoy	CENPMZAOUBNUCY-UHFFFAOYSA-N	FC(F)OC1CCNC1	coadd	CHEMBL4568220	CC BY-SA 3.0 via ChEMBL. NOT taken from db.co-add.org, whose own notice restricts systematic download and non-commercial use	2026-09-26	137.13	0.587	1	2	21.26	2	9	18	1	1.0	0	0	1		fragment
decoy	HNYJDSVTOYNOLT-UHFFFAOYSA-N	COc1cccc2c(N)c(C)cnc12	coadd	CHEMBL4587432	CC BY-SA 3.0 via ChEMBL. NOT taken from db.co-add.org, whose own notice restricts systematic download and non-commercial use	2026-09-26	188.23	2.134	1	3	48.14	1	14	26	2	0.182	0	0	1		fragment
decoy	ZEHYJZXQEQOSON-AATRIKPKSA-N	C#CC(O)(/C=C/Cl)CC	chembl_approved	CHEMBL591	CC BY-SA 3.0	2026-09-25	144.6	1.513	1	1	20.23	2	9	18	0	0.429	0	0	1		fragment
decoy	DUXPFRRFZLRICX-UHFFFAOYSA-N	NC(=O)C1CCOC1	coadd	CHEMBL4561747	CC BY-SA 3.0 via ChEMBL. NOT taken from db.co-add.org, whose own notice restricts systematic download and non-commercial use	2026-09-26	115.13	-0.492	1	2	52.32	1	8	17	1	0.8	0	0	1		fragment
decoy	QXNKFORAXSMERU-UHFFFAOYSA-N	NC(=O)c1ncccc1CO	coadd	CHEMBL4591077	CC BY-SA 3.0 via ChEMBL. NOT taken from db.co-add.org, whose own notice restricts systematic download and non-commercial use	2026-09-26	152.15	-0.327	2	3	76.21	2	11	19	1	0.143	0	0	1		fragment
decoy	IJVVAJZUEAOQMO-UHFFFAOYSA-N	CCCN(C)C(=O)Cn1ccc(=O)[nH]c1=O	coadd	CHEMBL4533262	CC BY-SA 3.0 via ChEMBL. NOT taken from db.co-add.org, whose own notice restricts systematic download and non-commercial use	2026-09-26	225.25	-0.595	1	3	75.17	4	16	31	1	0.5	0	0	1		fragment
decoy	NLVZYRDCKUFONR-RFZPGFLSSA-N	CO[C@@H]1CNC[C@H]1O	coadd	CHEMBL4534505	CC BY-SA 3.0 via ChEMBL. NOT taken from db.co-add.org, whose own notice restricts systematic download and non-commercial use	2026-09-26	117.15	-1.035	2	3	41.49	1	8	19	1	1.0	0	0	1		fragment
decoy	VXDUVINZNILVIC-UHFFFAOYSA-N	CN(C)S(=O)(=O)NCCN	coadd	CHEMBL4574413	CC BY-SA 3.0 via ChEMBL. NOT taken from db.co-add.org, whose own notice restricts systematic download and non-commercial use	2026-09-26	167.23	-1.659	2	3	75.43	4	10	23	0	1.0	0	0	1		fragment
decoy	LTGKKKITNWDUCD-UHFFFAOYSA-N	CC(=O)Nc1ccc([As](=O)(O)O)cc1	coadd	CHEMBL1605998	CC BY-SA 3.0 via ChEMBL. NOT taken from db.co-add.org, whose own notice restricts systematic download and non-commercial use	2026-09-26	259.09	-0.794	3	2	86.63	2	14	24	1	0.125	0	0	1		fragment
decoy	WWZKQHOCKIZLMA-UHFFFAOYSA-N	CCCCCCCC(=O)O	chembl_phase2	CHEMBL324846	CC BY-SA 3.0	2026-09-25	144.21	2.431	1	1	37.3	6	10	26	0	0.875	0	0	1		fragment
decoy	YBRRKOADEBJDAJ-UHFFFAOYSA-N	CC(C)c1nnc(CNC(=O)NCC(F)(F)F)n1C	coadd	CHEMBL4549510	CC BY-SA 3.0 via ChEMBL. NOT taken from db.co-add.org, whose own notice restricts systematic download and non-commercial use	2026-09-26	279.27	1.3	2	3	71.84	4	19	35	1	0.7	0	0	1		fragment
decoy	HYCFDOWFFGWATE-UHFFFAOYSA-N	CCS(=O)(=O)CC1(O)CCCCC1	coadd	CHEMBL4564158	CC BY-SA 3.0 via ChEMBL. NOT taken from db.co-add.org, whose own notice restricts systematic download and non-commercial use	2026-09-26	206.31	1.116	1	3	54.37	3	13	31	1	1.0	0	0	1		fragment
decoy	VMQMURRCLMLGDC-UHFFFAOYSA-N	CCC(NC(=O)C1CCOCC1)c1cc(C)ccn1	coadd	CHEMBL4532909	CC BY-SA 3.0 via ChEMBL. NOT taken from db.co-add.org, whose own notice restricts systematic download and non-commercial use	2026-09-26	262.35	2.384	1	3	51.22	4	19	41	2	0.6	0	0	1		fragment
decoy	FPUKFDAMYXSCGA-UHFFFAOYSA-N	CC(=O)c1ccc(C#N)cc1F	coadd	CHEMBL4537931	CC BY-SA 3.0 via ChEMBL. NOT taken from db.co-add.org, whose own notice restricts systematic download and non-commercial use	2026-09-26	163.15	1.9	0	2	40.86	1	12	18	1	0.111	0	0	1		fragment
decoy	YREYLAVBNPACJM-UHFFFAOYSA-N	CC(C)(C)NCC(O)c1ccccc1Cl	chembl_phase2	CHEMBL1159717	CC BY-SA 3.0	2026-09-25	227.74	2.762	2	2	32.26	3	15	33	1	0.5	0	0	1		fragment
decoy	FKZSGLDYUYQPLW-UHFFFAOYSA-N	NC1(c2ccccc2)CCNC1	coadd	CHEMBL4541356	CC BY-SA 3.0 via ChEMBL. NOT taken from db.co-add.org, whose own notice restricts systematic download and non-commercial use	2026-09-26	162.24	0.834	2	2	38.05	1	12	26	2	0.4	0	0	1		fragment
decoy	ULCRICUAKCACMW-QMMMGPOBSA-N	CCc1ccccc1C(=O)N[C@@H](C)C(N)=O	coadd	CHEMBL4530782	CC BY-SA 3.0 via ChEMBL. NOT taken from db.co-add.org, whose own notice restricts systematic download and non-commercial use	2026-09-26	220.27	0.853	2	2	72.19	4	16	32	1	0.333	0	0	1		fragment
decoy	VQSPYVIPIAFYAS-UHFFFAOYSA-N	Cc1ccccc1C(=O)NCCN1CCN(C)CC1	coadd	CHEMBL4583416	CC BY-SA 3.0 via ChEMBL. NOT taken from db.co-add.org, whose own notice restricts systematic download and non-commercial use	2026-09-26	261.37	0.972	1	3	35.58	4	19	42	2	0.533	0	0	1		fragment
decoy	PDNIHEMIUHJPQC-UHFFFAOYSA-N	NCCc1ncccc1F	coadd	CHEMBL4514857	CC BY-SA 3.0 via ChEMBL. NOT taken from db.co-add.org, whose own notice restricts systematic download and non-commercial use	2026-09-26	140.16	0.722	1	2	38.91	2	10	19	1	0.286	0	0	1		fragment
decoy	RBMVCCBFSZZWLF-UHFFFAOYSA-N	CCCCC(=O)N(CCC)CCC	coadd	CHEMBL1900621	CC BY-SA 3.0 via ChEMBL. NOT taken from db.co-add.org, whose own notice restricts systematic download and non-commercial use	2026-09-26	185.31	2.825	0	1	20.31	7	13	36	0	0.909	0	0	1		fragment
decoy	IMJRXBSOKCHICY-UHFFFAOYSA-N	CSc1ccncc1N	coadd	CHEMBL4536641	CC BY-SA 3.0 via ChEMBL. NOT taken from db.co-add.org, whose own notice restricts systematic download and non-commercial use	2026-09-26	140.21	1.386	1	3	38.91	1	9	17	1	0.167	0	0	1		fragment
decoy	QIVCLSJTIRCGKW-UHFFFAOYSA-N	CC(C)NC(=O)C(C)N	coadd	CHEMBL4572104	CC BY-SA 3.0 via ChEMBL. NOT taken from db.co-add.org, whose own notice restricts systematic download and non-commercial use	2026-09-26	130.19	-0.142	2	2	55.12	2	9	23	0	0.833	0	0	1		fragment
decoy	LEBFHRAQVDYHQE-UHFFFAOYSA-N	O=C(C1CCNCC1)N1CCNCC1	coadd	CHEMBL4571078	CC BY-SA 3.0 via ChEMBL. NOT taken from db.co-add.org, whose own notice restricts systematic download and non-commercial use	2026-09-26	197.28	-0.582	2	3	44.37	1	14	33	2	0.9	0	0	1		fragment
decoy	CKQHLNVJBNAEEH-UHFFFAOYSA-N	COCCN1C(=O)c2cccn2CC1CN	coadd	CHEMBL4578166	CC BY-SA 3.0 via ChEMBL. NOT taken from db.co-add.org, whose own notice restricts systematic download and non-commercial use	2026-09-26	223.28	-0.082	1	3	60.49	4	16	33	2	0.545	0	0	1		fragment
decoy	OXYALYJRWGRVAM-UHFFFAOYSA-N	NCC1CNCCO1	coadd	CHEMBL4539072	CC BY-SA 3.0 via ChEMBL. NOT taken from db.co-add.org, whose own notice restricts systematic download and non-commercial use	2026-09-26	116.16	-1.067	2	3	47.28	1	8	20	1	1.0	0	0	1		fragment
decoy	NTNHDTQXUCWRCJ-UHFFFAOYSA-N	CS(=O)(=O)NC1CCNC1	coadd	CHEMBL4564676	CC BY-SA 3.0 via ChEMBL. NOT taken from db.co-add.org, whose own notice restricts systematic download and non-commercial use	2026-09-26	164.23	-1.102	2	3	58.2	2	10	22	1	1.0	0	0	1		fragment
decoy	LOXKUDGMPOSVTH-UHFFFAOYSA-N	CS(=O)(=O)N1CCCC(NC(=O)NC2CC2)C1	coadd	CHEMBL4591443	CC BY-SA 3.0 via ChEMBL. NOT taken from db.co-add.org, whose own notice restricts systematic download and non-commercial use	2026-09-26	261.35	-0.128	2	3	78.51	3	17	36	2	0.9	0	0	1		fragment
decoy	GRWFGVWFFZKLTI-UHFFFAOYSA-N	CC1=CCC2CC1C2(C)C	chembl_phase1	CHEMBL442565	CC BY-SA 3.0	2026-09-25	136.24	2.999	0	0	0.0	0	10	26	3	0.8	0	0	1		fragment
decoy	IYDTZYPSJFJRPY-UHFFFAOYSA-N	CCCn1ccnc1-c1nc2c([nH]1)CCCNC2=O	coadd	CHEMBL4589186	CC BY-SA 3.0 via ChEMBL. NOT taken from db.co-add.org, whose own notice restricts systematic download and non-commercial use	2026-09-26	259.31	1.359	2	3	75.6	3	19	36	3	0.462	0	0	1		fragment
decoy	OMVFQIVPQIOFKJ-UHFFFAOYSA-N	COCCNC(C)(CO)C1CCCCC1	coadd	CHEMBL4594181	CC BY-SA 3.0 via ChEMBL. NOT taken from db.co-add.org, whose own notice restricts systematic download and non-commercial use	2026-09-26	215.34	1.554	2	3	41.49	6	15	40	1	1.0	0	0	1		fragment
decoy	KBFHBOMEUKTIEU-YEFDVDDDSA-N	CCC(NC(=O)c1cccc(C(C)=O)c1)[C@H]1C[C@H](O)C1	coadd	CHEMBL4528368	CC BY-SA 3.0 via ChEMBL. NOT taken from db.co-add.org, whose own notice restricts systematic download and non-commercial use	2026-09-26	275.35	2.168	2	3	66.4	5	20	41	2	0.5	0	0	1		fragment
decoy	SUVMJBTUFCVSAD-UHFFFAOYSA-N	C[S+]([O-])CCCCN=C=S	chembl_phase3	CHEMBL48802	CC BY-SA 3.0	2026-09-25	177.29	1.248	0	3	35.42	5	10	21	0	0.833	0	0	1		fragment
decoy	ATAAPRFSXHDIGK-UHFFFAOYSA-N	CN(C)C(=O)c1ccc(-n2cccc2)c(F)c1	coadd	CHEMBL4533055	CC BY-SA 3.0 via ChEMBL. NOT taken from db.co-add.org, whose own notice restricts systematic download and non-commercial use	2026-09-26	232.26	2.318	0	1	25.24	2	17	30	2	0.154	0	0	1		fragment
decoy	ZLKMHBJACFTDJS-UHFFFAOYSA-N	NC(CO)c1nc2ccccc2[nH]1	coadd	CHEMBL4538550	CC BY-SA 3.0 via ChEMBL. NOT taken from db.co-add.org, whose own notice restricts systematic download and non-commercial use	2026-09-26	177.21	0.555	3	3	74.93	2	13	24	2	0.222	0	0	1		fragment
decoy	RRSFQTKMVMUAGE-UHFFFAOYSA-N	CCCNC(=O)Nc1cn(CC)nc1C(N)=O	coadd	CHEMBL4586049	CC BY-SA 3.0 via ChEMBL. NOT taken from db.co-add.org, whose own notice restricts systematic download and non-commercial use	2026-09-26	239.28	0.533	3	3	102.04	5	17	34	1	0.5	0	0	1		fragment
decoy	JNVWKAXIRAYLDW-UHFFFAOYSA-N	O=C1CC(C(=O)N2CCOC3(CCCC3)C2)CCN1	coadd	CHEMBL4572767	CC BY-SA 3.0 via ChEMBL. NOT taken from db.co-add.org, whose own notice restricts systematic download and non-commercial use	2026-09-26	266.34	0.684	1	3	58.64	1	19	41	3	0.857	0	0	1		fragment
decoy	MBGKJOCBUBJWCC-UHFFFAOYSA-N	COC1CCCNCC1	coadd	CHEMBL4585958	CC BY-SA 3.0 via ChEMBL. NOT taken from db.co-add.org, whose own notice restricts systematic download and non-commercial use	2026-09-26	129.2	0.775	1	2	21.26	1	9	24	1	1.0	0	0	1		fragment
decoy	JFEUTBAHESADDB-UHFFFAOYSA-N	CC(=O)c1cccc2c1NCCC2	coadd	CHEMBL4555335	CC BY-SA 3.0 via ChEMBL. NOT taken from db.co-add.org, whose own notice restricts systematic download and non-commercial use	2026-09-26	175.23	2.247	1	2	29.1	1	13	26	2	0.364	0	0	1		fragment
decoy	VBXBKSPNYLEUHJ-UHFFFAOYSA-N	c1cc2c(cn1)NCCCN2	coadd	CHEMBL4517716	CC BY-SA 3.0 via ChEMBL. NOT taken from db.co-add.org, whose own notice restricts systematic download and non-commercial use	2026-09-26	149.2	1.309	2	3	36.95	0	11	22	2	0.375	0	0	1		fragment
decoy	YMDXZJFXQJVXBF-STHAYSLISA-N	C[C@@H]1O[C@@H]1P(=O)(O)O	chembl_approved	CHEMBL1757	CC BY-SA 3.0	2026-09-25	138.06	-0.091	2	2	70.06	1	8	15	1	1.0	0	0	1	chembl_approved:CHEMBL1200331;coadd:CHEMBL4576729	fragment
decoy	LVCLOAQIBREHEW-UHFFFAOYSA-N	O=C1NCCN1CC1CCCN1	coadd	CHEMBL4572659	CC BY-SA 3.0 via ChEMBL. NOT taken from db.co-add.org, whose own notice restricts systematic download and non-commercial use	2026-09-26	169.23	-0.236	2	2	44.37	2	12	27	2	0.875	0	0	1		fragment
decoy	DVYGRMWVSUAWLE-VIFPVBQESA-N	CC[C@H](N)C(=O)N1CCN(C2CC2)C(=O)C1	coadd	CHEMBL4545791	CC BY-SA 3.0 via ChEMBL. NOT taken from db.co-add.org, whose own notice restricts systematic download and non-commercial use	2026-09-26	225.29	-0.443	1	3	66.64	3	16	35	2	0.818	0	0	1		fragment
decoy	CKLJMWTZIZZHCS-UWTATZPHSA-N	N[C@H](CC(=O)O)C(=O)O	chembl_phase2	CHEMBL29757	CC BY-SA 3.0	2026-09-25	133.1	-1.127	3	3	100.62	3	9	16	0	0.5	0	0	1		fragment
decoy	XAZYBLFYZNUKHD-RQJHMYQMSA-N	CNC(=O)[C@@H]1C[C@@H](O)CN1C(C)=O	ippidb	1886	Institut Pasteur, no licence stated, academic-open	2026-09-25	186.21	-1.286	2	3	69.64	1	13	27	1	0.75	0	0	1		fragment
decoy	MIVOMRBNJYIODR-UHFFFAOYSA-N	CC(N1CCN(S(N)(=O)=O)CC1)C(F)(F)F	coadd	CHEMBL4587108	CC BY-SA 3.0 via ChEMBL. NOT taken from db.co-add.org, whose own notice restricts systematic download and non-commercial use	2026-09-26	261.27	-0.242	1	3	66.64	2	16	30	1	1.0	0	0	1		fragment
decoy	KGTCXUVNIBOXQA-UHFFFAOYSA-N	CC(=O)c1csc(C)c1	coadd	CHEMBL4538442	CC BY-SA 3.0 via ChEMBL. NOT taken from db.co-add.org, whose own notice restricts systematic download and non-commercial use	2026-09-26	140.21	2.259	0	2	17.07	1	9	17	1	0.286	0	0	1		fragment
decoy	YDHZRTRLPVMPAT-UHFFFAOYSA-N	O=C(Cn1ncc2ccccc21)N1CCCC1CO	coadd	CHEMBL4537715	CC BY-SA 3.0 via ChEMBL. NOT taken from db.co-add.org, whose own notice restricts systematic download and non-commercial use	2026-09-26	259.31	1.02	1	3	58.36	3	19	36	3	0.429	0	0	1		fragment
decoy	ITMSAWKLJVGBIT-UHFFFAOYSA-N	CCOC(=O)NC(O)C(Cl)(Cl)Cl	chembl_phase2	CHEMBL2104032	CC BY-SA 3.0	2026-09-25	236.48	1.421	2	3	58.56	2	12	20	0	0.8	0	0	1		fragment
decoy	VFIDUCMKNJIJTO-UHFFFAOYSA-N	Cc1ccc(OCC(O)C(C)NC(C)C)c2c1CCC2	chembl_phase2	CHEMBL513389	CC BY-SA 3.0	2026-09-25	277.41	2.61	2	3	41.49	6	20	47	2	0.647	0	0	1		fragment
decoy	CHHKBQOLWAUFPM-UHFFFAOYSA-N	CCNC1CCOC(C)(C)C1	coadd	CHEMBL4553564	CC BY-SA 3.0 via ChEMBL. NOT taken from db.co-add.org, whose own notice restricts systematic download and non-commercial use	2026-09-26	157.26	1.553	1	2	21.26	2	11	30	1	1.0	0	0	1		fragment
decoy	GNKNYDRCFXMNBL-UHFFFAOYSA-N	CCOc1cc(CN)ccc1OC(F)F	coadd	CHEMBL4515992	CC BY-SA 3.0 via ChEMBL. NOT taken from db.co-add.org, whose own notice restricts systematic download and non-commercial use	2026-09-26	217.21	2.145	1	3	44.48	5	15	28	1	0.4	0	0	1		fragment
decoy	MZQBYOLBYFHTNL-UHFFFAOYSA-N	COc1ccnc(CN)c1F	coadd	CHEMBL4563449	CC BY-SA 3.0 via ChEMBL. NOT taken from db.co-add.org, whose own notice restricts systematic download and non-commercial use	2026-09-26	156.16	0.688	1	3	48.14	2	11	20	1	0.286	0	0	1		fragment
decoy	GABVCTPSIBKUMB-UHFFFAOYSA-N	CN(CC(=O)N1CCCC1)C(=O)C1CCC1	coadd	CHEMBL4586261	CC BY-SA 3.0 via ChEMBL. NOT taken from db.co-add.org, whose own notice restricts systematic download and non-commercial use	2026-09-26	224.3	0.867	0	2	40.62	3	16	36	2	0.833	0	0	1		fragment
decoy	XIGLQWLWWCXSFN-UHFFFAOYSA-N	CC(=O)NCCS(=O)(=O)N1CCc2ccccc21	coadd	CHEMBL4556205	CC BY-SA 3.0 via ChEMBL. NOT taken from db.co-add.org, whose own notice restricts systematic download and non-commercial use	2026-09-26	268.34	0.515	1	3	66.48	4	18	34	2	0.417	0	0	1		fragment
decoy	AKYKNKLVGMYOIL-UHFFFAOYSA-N	COc1ccc(CN)nc1	coadd	CHEMBL4554814	CC BY-SA 3.0 via ChEMBL. NOT taken from db.co-add.org, whose own notice restricts systematic download and non-commercial use	2026-09-26	138.17	0.549	1	3	48.14	2	10	20	1	0.286	0	0	1		fragment
decoy	ZFXVCQDQLDXEFS-UHFFFAOYSA-N	ClCCCCCN1CCCCC1	coadd	CHEMBL4544603	CC BY-SA 3.0 via ChEMBL. NOT taken from db.co-add.org, whose own notice restricts systematic download and non-commercial use	2026-09-26	189.73	2.881	0	1	3.24	5	12	32	1	1.0	0	0	1		fragment
decoy	MQOFXVWAFFJFJH-UHFFFAOYSA-N	NC1CCC(F)(F)CC1	coadd	CHEMBL4527203	CC BY-SA 3.0 via ChEMBL. NOT taken from db.co-add.org, whose own notice restricts systematic download and non-commercial use	2026-09-26	135.16	1.523	1	1	26.02	0	9	20	1	1.0	0	0	1		fragment
decoy	QKHNQZUVFSQKFD-UHFFFAOYSA-N	Cn1cc(C(O)CN)cn1	coadd	CHEMBL4570948	CC BY-SA 3.0 via ChEMBL. NOT taken from db.co-add.org, whose own notice restricts systematic download and non-commercial use	2026-09-26	141.17	-0.588	2	3	64.07	2	10	21	1	0.5	0	0	1		fragment
decoy	LTPNIBJYDJTQNJ-UHFFFAOYSA-N	CN1C(=O)c2cccn2CC1CN	coadd	CHEMBL4547404	CC BY-SA 3.0 via ChEMBL. NOT taken from db.co-add.org, whose own notice restricts systematic download and non-commercial use	2026-09-26	179.22	-0.099	1	2	51.26	1	13	26	2	0.444	0	0	1		fragment
decoy	WFGRTRULPNUXGG-UHFFFAOYSA-N	CN(C)S(=O)(=O)N1CCCNCC1	coadd	CHEMBL4540093	CC BY-SA 3.0 via ChEMBL. NOT taken from db.co-add.org, whose own notice restricts systematic download and non-commercial use	2026-09-26	207.3	-0.912	1	3	52.65	2	13	30	1	1.0	0	0	1		fragment
decoy	GIQLCQSZZQXKAS-UHFFFAOYSA-N	NC(=O)C1(N)CCOCC1	coadd	CHEMBL4536170	CC BY-SA 3.0 via ChEMBL. NOT taken from db.co-add.org, whose own notice restricts systematic download and non-commercial use	2026-09-26	144.17	-1.02	2	3	78.34	1	10	22	1	0.833	0	0	1		fragment
decoy	PXQPEWDEAKTCGB-UHFFFAOYSA-N	O=C(O)c1cc(=O)[nH]c(=O)[nH]1	chembl_phase2	CHEMBL1235017	CC BY-SA 3.0	2026-09-25	156.1	-1.239	3	3	103.02	1	11	15	1	0.0	0	0	1		fragment
decoy	IPMRCNACTAFKMI-UHFFFAOYSA-N	CN(Cc1cnn(C)c1)C(=O)C1CCC(=O)NC1	coadd	CHEMBL4513711	CC BY-SA 3.0 via ChEMBL. NOT taken from db.co-add.org, whose own notice restricts systematic download and non-commercial use	2026-09-26	250.3	-0.095	1	3	67.23	3	18	36	2	0.583	0	0	1		fragment
decoy	JESIHYIJKKUWIS-MRVPVSSYSA-N	Cc1ccc([C@@H](C)O)cc1	coadd	CHEMBL4517133	CC BY-SA 3.0 via ChEMBL. NOT taken from db.co-add.org, whose own notice restricts systematic download and non-commercial use	2026-09-26	136.19	2.048	1	1	20.23	1	10	22	1	0.333	0	0	1		fragment
decoy	YPQLCFAJLTYBMG-UHFFFAOYSA-N	CC(C)C(=O)N1CCC2(CCNC(=O)CC2)CC1	coadd	CHEMBL4518373	CC BY-SA 3.0 via ChEMBL. NOT taken from db.co-add.org, whose own notice restricts systematic download and non-commercial use	2026-09-26	252.36	1.551	1	2	49.41	1	18	42	2	0.857	0	0	1		fragment
decoy	HMZDSBSMNLBGIW-UHFFFAOYSA-N	O=C(O)c1ccc2nc3ccccn3c(=O)c2c1	chembl_phase2	CHEMBL172498	CC BY-SA 3.0	2026-09-25	240.22	1.546	1	3	71.67	1	18	26	3	0.0	0	0	1		fragment
decoy	DDWBORAVXJGWPK-UHFFFAOYSA-N	CCCCS(=O)(=O)Nc1ccc2cnn(C)c2c1	coadd	CHEMBL2098221	CC BY-SA 3.0 via ChEMBL. NOT taken from db.co-add.org, whose own notice restricts systematic download and non-commercial use	2026-09-26	267.35	2.115	1	3	63.99	5	18	35	2	0.417	0	0	1	mmv_pathogen_box:CHEMBL2098221	fragment
decoy	DUZLYYVHAOTWSF-UHFFFAOYSA-N	OC(c1ccccc1)C1CCNCC1	coadd	CHEMBL4552066	CC BY-SA 3.0 via ChEMBL. NOT taken from db.co-add.org, whose own notice restricts systematic download and non-commercial use	2026-09-26	191.27	1.72	2	2	32.26	2	14	31	2	0.5	0	0	1		fragment
decoy	VKTTUWOYAYRJDX-UHFFFAOYSA-N	COc1cccc(C=C2CCNCC2)c1	coadd	CHEMBL4551826	CC BY-SA 3.0 via ChEMBL. NOT taken from db.co-add.org, whose own notice restricts systematic download and non-commercial use	2026-09-26	203.28	2.462	1	2	21.26	2	15	32	2	0.385	0	0	1		fragment
decoy	FOZWWJMAFNEKFU-QMMMGPOBSA-N	c1ccc(O[C@H]2CCNC2)nc1	coadd	CHEMBL4556718	CC BY-SA 3.0 via ChEMBL. NOT taken from db.co-add.org, whose own notice restricts systematic download and non-commercial use	2026-09-26	164.21	0.822	1	3	34.15	2	12	24	2	0.444	0	0	1		fragment
decoy	QEIFOBIEPFUAIA-NEPJUHHUSA-N	N[C@@H]1CC[C@@H]1NC(=O)COCc1ccccc1	coadd	CHEMBL4545466	CC BY-SA 3.0 via ChEMBL. NOT taken from db.co-add.org, whose own notice restricts systematic download and non-commercial use	2026-09-26	234.3	0.809	2	3	64.35	5	17	35	2	0.462	0	0	1		fragment
decoy	DQLYRJIYWWANED-UHFFFAOYSA-N	CCC(N)(CC)CNS(=O)(=O)N1CCCCC1	coadd	CHEMBL4579881	CC BY-SA 3.0 via ChEMBL. NOT taken from db.co-add.org, whose own notice restricts systematic download and non-commercial use	2026-09-26	263.41	0.824	2	3	75.43	6	17	42	1	1.0	0	0	1		fragment
decoy	ZIJGMQSKZSFBRT-UHFFFAOYSA-N	COCCNC1CCOC1	coadd	CHEMBL4546084	CC BY-SA 3.0 via ChEMBL. NOT taken from db.co-add.org, whose own notice restricts systematic download and non-commercial use	2026-09-26	145.2	0.011	1	3	30.49	4	10	25	1	1.0	0	0	1		fragment
decoy	HUUYTKLYVDOBIA-UHFFFAOYSA-N	Cc1ccc2ncc(CCN)cc2c1	coadd	CHEMBL4532476	CC BY-SA 3.0 via ChEMBL. NOT taken from db.co-add.org, whose own notice restricts systematic download and non-commercial use	2026-09-26	186.26	2.044	1	2	38.91	2	14	28	2	0.25	0	0	1		fragment
decoy	KINVSCCCUSCXTA-UHFFFAOYSA-N	c1ccc(-n2ccnn2)cc1	coadd	CHEMBL2148096	CC BY-SA 3.0 via ChEMBL. NOT taken from db.co-add.org, whose own notice restricts systematic download and non-commercial use	2026-09-26	145.17	1.267	0	2	30.71	1	11	18	2	0.0	0	0	1		fragment
decoy	LQFRYKBDZNPJSW-UHFFFAOYSA-N	CS(=O)(=O)CCC#N	chembl_phase2	CHEMBL3989943	CC BY-SA 3.0	2026-09-25	133.17	-0.055	0	3	57.93	2	8	15	0	0.75	0	0	1		fragment
decoy	SZDACTNQFJOYSU-UHFFFAOYSA-N	CC(N)CCS(C)(=O)=O	coadd	CHEMBL4524786	CC BY-SA 3.0 via ChEMBL. NOT taken from db.co-add.org, whose own notice restricts systematic download and non-commercial use	2026-09-26	151.23	-0.232	1	3	60.16	3	9	22	0	1.0	0	0	1		fragment
decoy	AIAMWBJIUOYCKV-XCBNKYQSSA-N	CN1C(=O)C[C@H](CN)[C@H]1c1cnn(C)c1	coadd	CHEMBL4536503	CC BY-SA 3.0 via ChEMBL. NOT taken from db.co-add.org, whose own notice restricts systematic download and non-commercial use	2026-09-26	208.27	-0.102	1	3	64.15	2	15	31	2	0.6	0	0	1		fragment
decoy	MMSRGBOXMVSUGD-UHFFFAOYSA-N	NCCC1(O)CNC1	coadd	CHEMBL4522832	CC BY-SA 3.0 via ChEMBL. NOT taken from db.co-add.org, whose own notice restricts systematic download and non-commercial use	2026-09-26	116.16	-1.33	3	3	58.28	2	8	20	1	1.0	0	0	1		fragment
decoy	CEJLBZWIKQJOAT-UHFFFAOYSA-N	O=c1[nH]c(=O)n(Cl)c(=O)n1Cl	chembl_phase2	CHEMBL2111065	CC BY-SA 3.0	2026-09-25	197.97	-1.298	1	3	76.86	0	11	12	1	0.0	0	0	1		fragment
decoy	QFJOQTYJOMHIFC-UHFFFAOYSA-N	O=C(Cn1c(=O)[nH]c(=O)c2ccccc21)NC1CC1	coadd	CHEMBL4546458	CC BY-SA 3.0 via ChEMBL. NOT taken from db.co-add.org, whose own notice restricts systematic download and non-commercial use	2026-09-26	259.27	-0.032	2	3	83.96	3	19	32	3	0.308	0	0	1		fragment
decoy	FHFHENPOVSRJLJ-UHFFFAOYSA-N	CN(C1(C#N)CCC1)S(=O)(=O)c1ccccc1	coadd	CHEMBL4534179	CC BY-SA 3.0 via ChEMBL. NOT taken from db.co-add.org, whose own notice restricts systematic download and non-commercial use	2026-09-26	250.32	1.753	0	3	61.17	3	17	31	2	0.417	0	0	1		fragment
decoy	RBMGBWISOFISNU-UHFFFAOYSA-N	OCC1(Cc2ccc(F)cc2)CCNC1	coadd	CHEMBL4557955	CC BY-SA 3.0 via ChEMBL. NOT taken from db.co-add.org, whose own notice restricts systematic download and non-commercial use	2026-09-26	209.26	1.34	2	2	32.26	3	15	31	2	0.5	0	0	1		fragment
decoy	IKOWICFKMUQXIK-BDAKNGLRSA-N	CC1=CC[C@@H]2CN(C(=O)c3n[nH]c(N)c3Cl)C[C@@H]2C1	coadd	CHEMBL4552054	CC BY-SA 3.0 via ChEMBL. NOT taken from db.co-add.org, whose own notice restricts systematic download and non-commercial use	2026-09-26	280.76	2.074	2	3	75.01	1	19	36	3	0.538	0	0	1		fragment
decoy	PRNNIHPVNFPWAH-UHFFFAOYSA-N	CCS(=O)(=O)c1ccc(F)cc1	chembl_phase2	CHEMBL93309	CC BY-SA 3.0	2026-09-25	188.22	1.619	0	2	34.14	2	12	21	1	0.25	0	0	1		fragment
decoy	SBXDENYROQKXBE-UHFFFAOYSA-N	NS(=O)(=O)c1ccccc1-c1ccccc1	coadd	CHEMBL4091235	CC BY-SA 3.0 via ChEMBL. NOT taken from db.co-add.org, whose own notice restricts systematic download and non-commercial use	2026-09-26	233.29	2.001	1	2	60.16	2	16	27	2	0.0	0	0	1		fragment
decoy	HYBWJSXMJVVCOE-UHFFFAOYSA-N	CN(C)CCCOC1CCNCC1	coadd	CHEMBL4546421	CC BY-SA 3.0 via ChEMBL. NOT taken from db.co-add.org, whose own notice restricts systematic download and non-commercial use	2026-09-26	186.3	0.707	1	3	24.5	5	13	35	1	1.0	0	0	1		fragment
decoy	VKDZSYKAMSOOTM-UHFFFAOYSA-N	CNc1snc(C)c1C(=O)Nc1ncccc1O	coadd	CHEMBL4528070	CC BY-SA 3.0 via ChEMBL. NOT taken from db.co-add.org, whose own notice restricts systematic download and non-commercial use	2026-09-26	264.31	1.846	3	6	87.14	3	18	30	2	0.182	0	0	0		druglike
decoy	VJUJOCZVJDNYEQ-UHFFFAOYSA-N	CSc1cccc(-n2c(CCN)n[nH]c2=O)c1	coadd	CHEMBL4590266	CC BY-SA 3.0 via ChEMBL. NOT taken from db.co-add.org, whose own notice restricts systematic download and non-commercial use	2026-09-26	250.33	0.784	2	4	76.7	4	17	31	2	0.273	0	0	0		druglike
decoy	CMNJPCSSBYHLND-UHFFFAOYSA-N	COc1ccc(C=C2N=C(SC)N(C)C2=O)cc1	coadd	CHEMBL4577922	CC BY-SA 3.0 via ChEMBL. NOT taken from db.co-add.org, whose own notice restricts systematic download and non-commercial use	2026-09-26	262.33	2.227	0	4	41.9	2	18	32	2	0.231	0	0	0		druglike
decoy	WKJDXKWFGJWGAS-XMMPIXPASA-N	O=C(N[C@H]1N=C(c2ccccc2F)c2cccc3c2N(CC3)C1=O)c1cc2ccccc2[nH]1	chembl_phase2	CHEMBL300072	CC BY-SA 3.0	2026-09-25	438.46	3.803	2	3	77.56	3	33	52	6	0.115	0	0	0		druglike
decoy	HIVRCMFJEMKPDS-UHFFFAOYSA-N	CN(C)Cc1ccc(CSCCNC(=O)c2ccc[n+]([O-])c2)o1	chembl_phase2	CHEMBL1742444	CC BY-SA 3.0	2026-09-25	335.43	1.638	1	5	72.42	8	23	44	2	0.375	0	0	0		druglike
decoy	MORUHTLPFKVODR-UHFFFAOYSA-N	CCC(C)Cn1nc(COC)oc1=O	coadd	CHEMBL4582887	CC BY-SA 3.0 via ChEMBL. NOT taken from db.co-add.org, whose own notice restricts systematic download and non-commercial use	2026-09-26	200.24	1.029	0	4	57.26	5	14	30	1	0.778	0	0	0		druglike
decoy	OVZKDPDAXFAGDB-UHFFFAOYSA-N	COc1nc2nc3c(c(N)c2cc1C#N)CN(Cc1ccccc1)CC3	coadd	CHEMBL1644731	CC BY-SA 3.0 via ChEMBL. NOT taken from db.co-add.org, whose own notice restricts systematic download and non-commercial use	2026-09-26	345.41	2.651	1	6	88.06	3	26	45	4	0.25	0	0	0		druglike
decoy	MGQGJSPDNDRVNV-UHFFFAOYSA-N	NC(=O)CCc1nc(-c2cccnc2)no1	coadd	CHEMBL4574136	CC BY-SA 3.0 via ChEMBL. NOT taken from db.co-add.org, whose own notice restricts systematic download and non-commercial use	2026-09-26	218.22	0.55	1	5	94.9	4	16	26	2	0.2	0	0	0		druglike
decoy	UDZXQJGCHYGHOK-UHFFFAOYSA-N	COc1ccccc1-n1ccn2c(SCc3ccccc3Cl)nnc2c1=O	coadd	CHEMBL4536317	CC BY-SA 3.0 via ChEMBL. NOT taken from db.co-add.org, whose own notice restricts systematic download and non-commercial use	2026-09-26	398.88	3.835	0	5	61.42	5	27	42	4	0.105	0	0	0		druglike
decoy	NPAGDVCDWIYMMC-IZPLOLCNSA-N	C[C@]12CC[C@H]3[C@@H](CCC4=CC(=O)CC[C@@H]43)[C@@H]1CC[C@@H]2O	chembl_phase3	CHEMBL757	CC BY-SA 3.0	2026-09-25	274.4	3.489	1	2	37.3	0	20	46	4	0.833	0	0	0	coadd:CHEMBL757	druglike
decoy	CFJMRBQWBDQYMK-UHFFFAOYSA-N	CCN(CC)CCOCCOC(=O)C1(c2ccccc2)CCCC1	chembl_approved	CHEMBL73234	CC BY-SA 3.0	2026-09-25	333.47	3.4	0	4	38.77	10	24	55	2	0.65	0	0	0	chembl_approved:CHEMBL1256696	druglike
decoy	GGXICVAJURFBLW-CEYXHVGTSA-N	CC(C)OC(=O)CCC/C=C\C[C@@H]1[C@@H](CC[C@@H](O)CCc2ccccc2)[C@H](O)C[C@@H]1O	chembl_approved	CHEMBL1051	CC BY-SA 3.0	2026-09-25	432.6	4.186	3	5	86.99	13	31	71	2	0.654	0	0	0	coadd:CHEMBL1051	druglike
decoy	COLCNDRDBCLVOC-ICSRJNTNSA-N	Cc1nc[nH]c1CN1CCN(C(=O)N[C@@H](CC(C)C)C(=O)O)[C@@H](Cc2ccccc2)C1=O	chembl_phase1	CHEMBL3218390	CC BY-SA 3.0	2026-09-25	441.53	2.183	3	4	118.63	8	32	63	3	0.478	0	0	0		druglike
decoy	VCPBYLUDWGYFIQ-UHFFFAOYSA-N	CCCCNc1cc(C(=O)O)cc(S(N)(=O)=O)c1Cc1ccccc1	chembl_phase2	CHEMBL2106072	CC BY-SA 3.0	2026-09-25	362.45	2.835	3	4	109.49	8	25	47	2	0.278	0	0	0		druglike
decoy	DYVLXWPZFQQUIU-WGNDVSEMSA-N	CN1C(=O)[C@]23C[C@H]4C(C)(C)[C@]5(CNc6c5ccc5c6OC=CC(C)(C)O5)C[C@@]41CN2CC[C@@]3(C)O	chembl_phase2	CHEMBL2103805	CC BY-SA 3.0	2026-09-25	479.62	3.27	2	6	74.27	0	35	72	8	0.679	0	0	0		druglike
decoy	QIRAYNIFEOXSPW-UHFFFAOYSA-N	CCC(O)C(CC(C)N(C)C)(c1ccccc1)c1ccccc1	chembl_phase2	CHEMBL368591	CC BY-SA 3.0	2026-09-25	311.47	4.084	1	2	23.47	7	23	52	2	0.429	0	0	0		druglike
decoy	PKFMVIASFQZQSY-RKDXNWHRSA-N	COc1ncc(C(=O)N[C@@H]2COCC[C@H]2O)cn1	coadd	CHEMBL4565761	CC BY-SA 3.0 via ChEMBL. NOT taken from db.co-add.org, whose own notice restricts systematic download and non-commercial use	2026-09-26	253.26	-0.635	2	6	93.57	3	18	33	2	0.545	0	0	0		druglike
decoy	ORXQGKIUCDPEAJ-YRNVUSSQSA-N	COc1cc(O)c(CC=C(C)C)c(O)c1C(=O)/C=C/c1ccc(O)cc1	chembl_phase2	CHEMBL253896	CC BY-SA 3.0	2026-09-25	354.4	4.217	3	5	86.99	6	26	48	2	0.19	0	0	0		druglike
decoy	CLEDYXXBPZCGOA-WDNCENIBSA-N	CN[C@@H](C)C(=O)N[C@H](C(=O)N1CCC[C@H]1c1cncc(Oc2ccc(F)cc2)c1)C1CCCCC1	ippidb	41	Institut Pasteur, no licence stated, academic-open	2026-09-25	482.6	4.35	2	5	83.56	8	35	70	4	0.519	0	0	0		druglike
decoy	COIODCKGFKCMKH-UHFFFAOYSA-N	Cn1cnc(S(=O)(=O)NCCc2cccnc2)c1Cl	coadd	CHEMBL4524721	CC BY-SA 3.0 via ChEMBL. NOT taken from db.co-add.org, whose own notice restricts systematic download and non-commercial use	2026-09-26	300.77	0.989	1	4	76.88	5	19	32	2	0.273	0	0	0		druglike
decoy	WIIAMRXFUJLYEF-SNVBAGLBSA-N	COC(=O)c1nc(C(F)(F)F)n2c1CN(C(=O)C[C@H](N)Cc1cc(F)c(F)cc1F)CC2	chembl_phase3	CHEMBL4297435	CC BY-SA 3.0	2026-09-25	464.37	2.408	1	5	90.45	5	32	50	3	0.421	0	0	0		druglike
decoy	UWJBYNLLMAPJMM-UHFFFAOYSA-N	O=c1c(O)c(-c2ccc(O)c(OP(=O)(O)O)c2)oc2cc(O)cc(O)c12	chembl_phase2	CHEMBL4297397	CC BY-SA 3.0	2026-09-25	382.22	1.754	6	8	177.89	3	26	37	3	0.0	0	1	0		druglike
decoy	NOAPVKQSSCRBKE-KRWDZBQOSA-N	C[C@H](N)C(=O)Nc1nc(-c2ccc(Cc3ccccc3)cc2)c(-c2ccccc2)s1	ippidb	1500	Institut Pasteur, no licence stated, academic-open	2026-09-25	413.55	5.354	2	4	68.01	6	30	53	4	0.12	0	1	0		druglike
decoy	GVHKSMYWAFEEBI-UHFFFAOYSA-N	COc1ccc2c(c1)c(CC(=O)SCc1cccnc1)c(C)n2C(=O)c1ccc(Cl)cc1	chembl_phase2	CHEMBL2106942	CC BY-SA 3.0	2026-09-25	464.97	5.698	0	5	61.19	6	32	53	4	0.16	0	1	0		druglike
decoy	AKIJUIPLDPPIED-UHFFFAOYSA-N	CCCS(=O)(=O)NCCN1CCN(C)CC1	coadd	CHEMBL4520229	CC BY-SA 3.0 via ChEMBL. NOT taken from db.co-add.org, whose own notice restricts systematic download and non-commercial use	2026-09-26	249.38	-0.437	1	4	52.65	6	16	39	1	1.0	0	0	0		druglike
decoy	BYNQFCJOHGOKSS-UHFFFAOYSA-N	Oc1cc(Cl)ccc1Oc1ccc(Cl)cc1	chembl_phase2	CHEMBL1232142	CC BY-SA 3.0	2026-09-25	255.1	4.491	1	2	29.46	2	16	24	2	0.0	0	0	0		druglike
decoy	GXXFECFLKWGTNP-UHFFFAOYSA-N	Fc1cnc(N2CCNCC2)nc1	coadd	CHEMBL4542429	CC BY-SA 3.0 via ChEMBL. NOT taken from db.co-add.org, whose own notice restricts systematic download and non-commercial use	2026-09-26	182.2	0.025	1	4	41.05	1	13	24	2	0.5	0	0	0		druglike
decoy	ABNXKGFLZFSILK-MOPGFXCFSA-N	O=C(O)C[C@H](NC(=O)[C@@H]1CCCN(C(=O)CCC2CCNCC2)C1)c1cccnc1	chembl_phase2	CHEMBL87728	CC BY-SA 3.0	2026-09-25	416.52	1.732	3	5	111.63	8	30	62	3	0.636	0	0	0		druglike
decoy	RMVSZKVCGGXREW-UHFFFAOYSA-N	COc1ccc(CN2C(=O)C(C)C2(Cc2cn(C(=O)OC(C)(C)C)c3ccccc23)C(=O)OC(C)(C)C)cc1	coadd	CHEMBL4580875	CC BY-SA 3.0 via ChEMBL. NOT taken from db.co-add.org, whose own notice restricts systematic download and non-commercial use	2026-09-26	534.65	5.735	0	6	87.07	6	39	77	4	0.452	0	2	0		druglike
decoy	YTUMWOBUZOYYJQ-UHFFFAOYSA-N	CC(C(=O)O)c1ccc(C2CCCCC2)cc1	chembl_phase2	CHEMBL244138	CC BY-SA 3.0	2026-09-25	232.32	3.922	1	1	37.3	3	17	37	2	0.533	0	0	0		druglike
decoy	UHQFBTAJFNVZIV-UHFFFAOYSA-N	c1cc(-c2nc3cc(-c4ccc5[nH]c(-c6ccncc6)nc5c4)ccc3[nH]2)ccn1	chembl_phase3	CHEMBL3753858	CC BY-SA 3.0	2026-09-25	388.43	5.23	2	4	83.14	3	30	46	6	0.0	0	1	0		druglike
decoy	ITVYGUGIQDTXLO-UHFFFAOYSA-N	CC(C)(C#N)CCCSc1cnn[nH]1	coadd	CHEMBL4522783	CC BY-SA 3.0 via ChEMBL. NOT taken from db.co-add.org, whose own notice restricts systematic download and non-commercial use	2026-09-26	210.31	2.227	1	4	65.36	5	14	28	1	0.667	0	0	0		druglike
decoy	ZWLYHYSXVKYCIB-VXKWHMMOSA-N	CCc1ccc([C@H]2C(=O)Nc3ccc(I)cc3C(=O)N2[C@H](C(=O)O)c2ccccc2)cc1	ippidb	183	Institut Pasteur, no licence stated, academic-open	2026-09-25	540.36	4.815	2	3	86.71	5	32	53	4	0.16	0	1	0		druglike
decoy	NDXFLHPUUKVXLQ-UHFFFAOYSA-N	CCOP(=O)(NC(=S)Nc1ccccc1NC(=O)NS(=O)(=O)c1ccc(C)cc1)OCC	chembl_phase2	CHEMBL2105590	CC BY-SA 3.0	2026-09-25	500.54	3.973	4	7	134.86	9	32	57	2	0.263	0	1	0		druglike
decoy	CNIJVNPIIHWRRP-WKDCXCOVSA-N	COC(=O)C1=C(C)NC(C)=C(C(=O)OCC2COC3(CCN(c4ccc(Cl)cc4)CC3)O2)[C@H]1c1cccc([N+](=O)[O-])c1	chembl_phase2	CHEMBL2106056	CC BY-SA 3.0	2026-09-25	598.05	4.611	1	10	129.47	7	42	74	5	0.4	0	1	0		druglike
decoy	YMXDNHQKJGJSQW-UHFFFAOYSA-N	Cc1ccc(-c2nc(-c3nn[nH]n3)c(-c3cccc(Cl)c3)n2-c2cc(Cl)ccc2C)cc1C	ippidb	1235	Institut Pasteur, no licence stated, academic-open	2026-09-25	475.38	6.618	1	4	72.28	4	33	53	5	0.12	0	1	0		druglike
decoy	XHQPPAWVXJBMRK-UHFFFAOYSA-N	CCSc1nc(O)cc(O)n1	coadd	CHEMBL1906094	CC BY-SA 3.0 via ChEMBL. NOT taken from db.co-add.org, whose own notice restricts systematic download and non-commercial use	2026-09-26	172.21	1.0	2	5	66.24	2	11	19	1	0.333	0	0	0		druglike
decoy	LJCANTASZGYJLG-UHFFFAOYSA-N	CCn1c2ccccc2c2cc(-n3nncc3-c3ccccc3)ccc21	chembl_phase1	CHEMBL5290216	CC BY-SA 3.0	2026-09-25	338.41	5.062	0	2	35.64	3	26	44	5	0.091	0	1	0		druglike
decoy	HRYYDNAJRUXAJE-TUUVXOQKSA-N	C[C@H](N)C(=O)N[C@H]1CC[C@H]2CC[C@@H](C(=O)NCc3ccccc3)N2C1=O	ippidb	605	Institut Pasteur, no licence stated, academic-open	2026-09-25	358.44	0.288	3	4	104.53	5	26	52	3	0.526	0	0	0		druglike
decoy	YJZJEQBSODVMTH-UHFFFAOYSA-N	O=NN(CCCl)C(=O)NCCO	chembl_phase2	CHEMBL284907	CC BY-SA 3.0	2026-09-25	195.61	-0.09	2	4	82.0	5	12	22	0	0.8	0	0	0		druglike
decoy	GWUMOYRYGZWMSL-CABCVRRESA-N	CNC(=O)c1cc(OC)c(O[C@@H](C)C(=O)N2CCN(c3n[nH]c4ccccc34)C[C@H]2C)cn1	ippidb	1196	Institut Pasteur, no licence stated, academic-open	2026-09-25	452.52	1.831	2	7	112.68	6	33	61	4	0.391	0	0	0		druglike
decoy	FIKYECRHLXONOX-UHFFFAOYSA-N	CCCCc1nc(Cl)c(C(=O)O)n1Cc1ccc2oc(-c3ccccc3-c3nnn[nH]3)c(Br)c2c1	chembl_phase2	CHEMBL304639	CC BY-SA 3.0	2026-09-25	555.82	5.981	2	6	122.72	8	35	55	5	0.208	0	2	0		druglike
decoy	BXCHTLMFBBEGGC-UHFFFAOYSA-N	COc1ccc(Cl)cc1-c1c(-c2nn[nH]n2)nc(-c2ccc(C)c(C)c2)n1-c1cc(Cl)ccc1C	ippidb	447	Institut Pasteur, no licence stated, academic-open	2026-09-25	505.41	6.627	1	5	81.51	5	35	57	5	0.154	0	2	0		druglike
decoy	ZZKNRXZVGOYGJT-UHFFFAOYSA-N	O=C(O)CC(NC(=O)CP(=O)(O)O)C(=O)O	chembl_phase2	CHEMBL37681	CC BY-SA 3.0	2026-09-25	255.12	-1.792	5	4	161.23	6	16	26	0	0.5	0	0	0		druglike
decoy	NJHITNNANZJYHI-UHFFFAOYSA-N	N#Cc1c(-c2cc(Cl)ccc2Cl)cc(-c2cc(C3CCCCC3)ccc2O)[nH]c1=O	ippidb	1949	Institut Pasteur, no licence stated, academic-open	2026-09-25	439.34	6.641	2	3	76.88	3	30	50	4	0.25	0	1	0		druglike
decoy	DMEYZPJEFHGESJ-CPWLGJMPSA-M	O=C([O-])C1=CS[C@@H]2/C(=C\c3cn4c(n3)COCC4)C(=O)N12	chembl_phase1	CHEMBL4297265	CC BY-SA 3.0	2026-09-25	304.31	-0.697	0	6	87.49	2	21	31	4	0.308	0	0	0		druglike
decoy	UQZCQKXJAXKZQH-LBPRGKRZSA-N	C[C@@H](COCCC(=O)N1CCN(c2ncc(C(F)(F)F)cn2)CC1)Nc1cn[nH]c(=O)c1C(F)(F)F	chembl_phase1	CHEMBL5095043	CC BY-SA 3.0	2026-09-25	523.44	2.153	2	8	116.34	8	36	59	3	0.55	0	1	0		druglike
decoy	LUWQOLUBBVTNCZ-FNORWQNLSA-N	O=C(/C=C/c1ccc(Sc2cccc(OCc3ccncc3)c2)c(C(F)(F)F)c1C(F)(F)F)N1CCOCC1	ippidb	880	Institut Pasteur, no licence stated, academic-open	2026-09-25	568.54	6.721	0	5	51.66	7	39	61	4	0.259	0	2	0		druglike
decoy	ZWYOHVUUYAVHLC-KVVBJTDHSA-N	CN[C@@H](C)C(=O)N[C@H](C(=O)N1CC[C@@H]2[C@H]1[C@@H](c1c[nH]c3cc(F)ccc13)CN2C(=O)C(F)(F)F)C1CCCCC1	ippidb	448	Institut Pasteur, no licence stated, academic-open	2026-09-25	565.61	3.438	3	4	97.54	6	40	75	5	0.607	0	1	0		druglike
decoy	PJQOITFBTRDYKI-UHFFFAOYSA-N	COc1ccccc1CNC(=O)Cn1nc2c(N3CCSCC3)nccn2c1=O	coadd	CHEMBL4533344	CC BY-SA 3.0 via ChEMBL. NOT taken from db.co-add.org, whose own notice restricts systematic download and non-commercial use	2026-09-26	414.49	0.769	1	7	93.76	6	29	51	4	0.368	0	0	0		druglike
decoy	GNFYUMDTXAXKFG-IKHSWBDUSA-N	COc1ccc([C@@H]2C3=C(N=c4s/c(=C\c5ccc(OCc6cccc(C(=O)O)c6)c(OC)c5)c(=O)n42)c2ccccc2CC3)cc1	ippidb	249	Institut Pasteur, no licence stated, academic-open	2026-09-25	630.72	5.613	1	7	99.35	8	46	76	7	0.162	0	2	0		druglike
decoy	QITPQJKWDAOVHP-UHFFFAOYSA-N	O=C(O)C1OCC2(CO1)COC(C(=O)O)OC2	coadd	CHEMBL1703042	CC BY-SA 3.0 via ChEMBL. NOT taken from db.co-add.org, whose own notice restricts systematic download and non-commercial use	2026-09-26	248.19	-1.112	2	6	111.52	2	17	29	2	0.778	0	0	0		druglike
decoy	WBSXKVRTVMHGNY-BZZHFGAJSA-N	O=C(/C=C/c1ccc(Sc2cccc(O[C@H]3CC[C@@H](C(=O)O)CC3)c2)c(C(F)(F)F)c1C(F)(F)F)N1CCOCC1	ippidb	1162	Institut Pasteur, no licence stated, academic-open	2026-09-25	603.58	6.77	1	5	76.07	7	41	68	4	0.429	0	2	0		druglike
decoy	TYEKMRFDECJMAW-UHFFFAOYSA-N	c1ccc2c(-n3cc(CN4CCCNCCN(Cc5cn(-c6cccc7ccccc67)nn5)CCCNCC4)nn3)cccc2c1	coadd	CHEMBL4537745	CC BY-SA 3.0 via ChEMBL. NOT taken from db.co-add.org, whose own notice restricts systematic download and non-commercial use	2026-09-26	614.8	4.432	2	8	91.96	6	46	88	7	0.333	0	1	0		druglike
decoy	GIAUJOMDUOPYLU-XFCBJTKFSA-N	CN[C@@H](C)C(=O)N[C@H](C(=O)N1C[C@H]2CCCN2C[C@H]1C(=O)N[C@@H]1CCOc2ccccc21)C1CCCCC1	ippidb	2079	Institut Pasteur, no licence stated, academic-open	2026-09-25	525.69	1.975	3	6	103.01	7	38	81	5	0.69	0	1	0		druglike
decoy	OWWLUIWOFHMHOQ-XGHATYIMSA-N	CC(=O)O[C@H]1C[C@@H]2CC[C@@H]3[C@H](CC[C@@]4(C)[C@H]3C[C@H](N3CC[N+](C)(C)CC3)[C@@H]4OC(C)=O)[C@@]2(C)C[C@@H]1N1CC[N+](C)(C)CC1	chembl_approved	CHEMBL1200722	CC BY-SA 3.0	2026-09-25	602.91	3.634	0	6	59.08	4	43	105	6	0.943	0	1	0	chembl_approved:CHEMBL1201206	druglike
decoy	NVBCATDOLBSLLJ-UHFFFAOYSA-N	CCCCc1ccc(-c2cc(C(=O)O)cc(-c3ccc(Cl)cc3)n2)cc1	coadd	CHEMBL45841	CC BY-SA 3.0 via ChEMBL. NOT taken from db.co-add.org, whose own notice restricts systematic download and non-commercial use	2026-09-26	365.86	6.11	1	2	50.19	6	26	46	3	0.182	0	1	0		druglike
decoy	VVWLHUXTBJWIOB-JLTRQRTNSA-N	COC[C@H]1CC[C@@H]2C1=C[C@]1(C)C(=C(C(C)C)[C@@H]3CCO[C@@H]31)[C@@H](O[C@H]1O[C@@H]3COC(C)(C)O[C@H]3[C@H](O)[C@H]1O)[C@H](O)[C@@H]2C	ippidb	2029	Institut Pasteur, no licence stated, academic-open	2026-09-25	578.74	2.957	3	9	116.07	5	41	91	6	0.875	0	1	0		druglike
decoy	OGSBUKJUDHAQEA-WMCAAGNKSA-N	C#CCC(Cc1cnc2nc(N)nc(N)c2n1)c1ccc(C(=O)N[C@@H](CCC(=O)O)C(=O)O)cc1	chembl_approved	CHEMBL1201746	CC BY-SA 3.0	2026-09-25	477.48	0.982	5	9	207.3	10	35	58	3	0.261	0	0	0		druglike
decoy	ACEPRGXMVXFNRW-RDKBUKGGSA-N	CCC(c1ccc(C)cn1)N1C(=O)[C@@](C)(CC(=O)O)C[C@H](c2cccc(Cl)c2)[C@H]1c1ccc(Cl)cc1	ippidb	2295	Institut Pasteur, no licence stated, academic-open	2026-09-25	525.48	7.386	1	3	70.5	7	36	66	4	0.345	0	2	0		druglike
decoy	PPQNQXQZIWHJRB-UHFFFAOYSA-N	Cc1ccc2cc3c(ccc4ccccc43)c3c2c1CC3	coadd	CHEMBL40583	CC BY-SA 3.0 via ChEMBL. NOT taken from db.co-add.org, whose own notice restricts systematic download and non-commercial use	2026-09-26	268.36	5.553	0	0	0.0	0	21	37	5	0.143	0	1	0		druglike
decoy	IAAIGCGTGAJLIA-FHBFZVEGSA-N	C[C@H]1CC[C@H](Oc2ccccc2Sc2ccc(/C=C/C(=O)N3CCOCC3)c(C(F)(F)F)c2C(F)(F)F)CC1	ippidb	1158	Institut Pasteur, no licence stated, academic-open	2026-09-25	573.6	7.705	0	4	38.77	6	39	68	4	0.464	0	2	0		druglike
decoy	QOUIVZIZMDEBJC-YTMVLYRLSA-N	CCCCc1ccc(NC(=O)Nc2ccc(O[C@H]3CCCC[C@@H]3N(C)c3ccccc3)c(F)c2)cc1	coadd	CHEMBL3637912	CC BY-SA 3.0 via ChEMBL. NOT taken from db.co-add.org, whose own notice restricts systematic download and non-commercial use	2026-09-26	489.64	7.639	2	3	53.6	9	36	72	4	0.367	0	1	0	mmv_pathogen_box:CHEMBL3637912	druglike
decoy	SMUUKZTVPGSBEE-UHFFFAOYSA-N	Nc1nnc(-c2nc(C3CCCCC3)n(-c3c(CC(=O)NC4CCCCC4)ccc(Cl)c3F)c2-c2ccc(F)c(Cl)c2)o1	ippidb	1136	Institut Pasteur, no licence stated, academic-open	2026-09-25	629.54	7.796	2	6	111.86	7	43	75	6	0.419	0	2	0		druglike
decoy	SKDYLCZPJKRLHY-MHZLTWQESA-N	Nc1cc(C2(N3C(=O)c4cc(I)ccc4N(CCN4CCOCC4)C(=O)[C@@H]3c3ccc(Cl)cc3)CC2)ccc1Cl	ippidb	912	Institut Pasteur, no licence stated, academic-open	2026-09-25	691.4	5.732	1	5	79.11	6	40	69	6	0.333	0	2	0		druglike
decoy	ODKSFYDXXFIFQN-BYPYZUCNSA-N	N=C(N)NCCC[C@H](N)C(=O)O	chembl_approved	CHEMBL1200381	CC BY-SA 3.0	2026-09-25	174.2	-1.338	5	3	125.22	5	12	26	0	0.667	0	0	0	chembl_phase2:CHEMBL6067996;chembl_phase2:CHEMBL6068508;chembl_phase3:CHEMBL1485;chembl_phase3:CHEMBL2104514	druglike
decoy	UCQSBGOFELXYIN-UHFFFAOYSA-N	CONC(=O)Nc1ccc(-c2sc3c(c2CN(C)Cc2ccccc2)c(=O)n(-c2ccccc2)c(=O)n3Cc2c(F)cccc2F)cc1	chembl_phase2	CHEMBL22055	CC BY-SA 3.0	2026-09-25	667.74	6.522	2	6	97.6	10	48	79	6	0.139	0	2	0		druglike
decoy	FBLKQHCNHSWGPU-UHFFFAOYSA-N	Cc1cc2cc3c(=O)[nH]c(=O)cc-3n(CC(O)C(O)C(O)CO)c2cc1C	coadd	CHEMBL1876238	CC BY-SA 3.0 via ChEMBL. NOT taken from db.co-add.org, whose own notice restricts systematic download and non-commercial use	2026-09-26	374.39	-0.514	5	6	135.78	5	27	49	3	0.368	0	0	0		druglike
decoy	DBUSEADEVKSVOU-SSEXGKCCSA-N	CN(C)CC[C@H](CSc1ccccc1)Nc1ccc(S(=O)(=O)NC(=O)c2ccc(N3CCN(Cc4cccc(Cl)c4)CC3)cc2)cc1[N+](=O)[O-]	ippidb	630	Institut Pasteur, no licence stated, academic-open	2026-09-25	737.35	6.214	2	10	128.13	15	50	91	5	0.306	0	2	0		druglike
decoy	FPQLXWGSGNEDCF-UHFFFAOYSA-N	c1ccc2c(c1)[nH]c1c3ccccc3sc21	coadd	CHEMBL1490022	CC BY-SA 3.0 via ChEMBL. NOT taken from db.co-add.org, whose own notice restricts systematic download and non-commercial use	2026-09-26	223.3	4.536	1	1	15.79	0	16	25	4	0.0	0	0	0		druglike
decoy	SMQYDTWNUNHOFH-WJOKGBTCSA-N	Cc1ccccc1CN1CCN(c2ccc(C(=O)NS(=O)(=O)c3ccc(N[C@H](CCN(C)C)CSc4ccccc4)c([N+](=O)[O-])c3)cc2)CC1	ippidb	964	Institut Pasteur, no licence stated, academic-open	2026-09-25	716.93	5.869	2	10	128.13	15	50	94	5	0.324	0	2	0		druglike
decoy	YRNAHKPMDMVFMV-GMICYETFSA-N	CC1=C(/C=C/C(C)=C/C=C/c2ccc(C(=O)O)cc2)C(C)(C)CCC1	chembl_phase2	CHEMBL39861	CC BY-SA 3.0	2026-09-25	336.48	6.427	1	1	37.3	5	25	53	2	0.348	0	1	0		druglike
decoy	ZAEVKSGPTHHRFD-VXGBXAGGSA-N	CN(C)S(=O)(=O)N1C[C@@H](CN2CCOCC2)[C@@H](CO)C1	coadd	CHEMBL4550748	CC BY-SA 3.0 via ChEMBL. NOT taken from db.co-add.org, whose own notice restricts systematic download and non-commercial use	2026-09-26	307.42	-1.335	1	5	73.32	5	20	45	2	1.0	0	0	0		druglike
decoy	RGBXXQNFNMCTOB-AATRIKPKSA-N	COCCOC1CCN(CCNC(=O)c2cc(NC(=O)c3cc(NC(=O)c4ccc(/C=C/c5ccc(OC)cc5)cc4)cn3C)cn2C)CC1	coadd	CHEMBL4570386	CC BY-SA 3.0 via ChEMBL. NOT taken from db.co-add.org, whose own notice restricts systematic download and non-commercial use	2026-09-26	682.82	4.904	3	7	128.09	15	50	96	5	0.342	0	1	0		druglike
decoy	ZNEWHQLOPFWXOF-UHFFFAOYSA-M	O=S(=O)([O-])CCS	chembl_approved	CHEMBL975	CC BY-SA 3.0	2026-09-25	141.19	-0.539	1	4	57.2	2	7	12	0	1.0	0	0	0	coadd:CHEMBL975	druglike
decoy	FHIDNBAQOFJWCA-UAKXSSHOSA-N	O=c1[nH]c(=O)n([C@@H]2O[C@H](CO)[C@@H](O)[C@H]2O)cc1F	chembl_phase2	CHEMBL54918	CC BY-SA 3.0	2026-09-25	262.19	-2.713	4	6	124.78	2	18	29	2	0.556	0	0	0		druglike
decoy	PKXWXHGLEXOSQK-UHFFFAOYSA-N	CCN(CC)C(=O)N1CCN(CCCc2nc3c(c(=O)n(C)c(=O)n3C)n2C)CC1	chembl_phase2	CHEMBL2107536	CC BY-SA 3.0	2026-09-25	419.53	-0.017	0	5	88.61	6	30	63	3	0.7	0	0	0		druglike
decoy	KUUYAEZGPLGUAU-UHFFFAOYSA-N	Cn1cc(NC(=O)c2cc(NC(=O)c3cc(NC(=O)c4ccc(Cl)cc4Cl)cn3C)cn2C)cc1C(=O)NCCN1CCOCC1	coadd	CHEMBL4525707	CC BY-SA 3.0 via ChEMBL. NOT taken from db.co-add.org, whose own notice restricts systematic download and non-commercial use	2026-09-26	669.57	3.828	4	6	143.66	10	46	80	5	0.29	0	1	0		druglike
decoy	ZNOVTXRBGFNYRX-STQMWFEESA-N	CN1c2c([nH]c(N)nc2=O)NC[C@@H]1CNc1ccc(C(=O)N[C@@H](CCC(=O)O)C(=O)O)cc1	chembl_approved	CHEMBL1231574	CC BY-SA 3.0	2026-09-25	459.46	-0.258	7	9	202.77	9	33	58	3	0.35	0	1	0		druglike
decoy	ZUOUZKKEUPVFJK-UHFFFAOYSA-N	c1ccc(-c2ccccc2)cc1	ippidb	1918	Institut Pasteur, no licence stated, academic-open	2026-09-25	154.21	3.354	0	0	0.0	1	12	22	2	0.0	0	0	0		druglike
decoy	YSUBQYRZZFVMTL-YNDGFOBUSA-N	CC1(C)S[C@@H]2[C@H](NC(=O)[C@H](NC(=O)N3CCN(/N=C/c4ccco4)C3=O)c3ccc(O)cc3)C(=O)N2[C@H]1C(=O)O	chembl_phase2	CHEMBL3989440	CC BY-SA 3.0	2026-09-25	570.58	1.139	4	9	185.09	7	40	66	5	0.36	0	1	0		druglike
decoy	NXHAXEBZOXCDKD-XIXRRVGJSA-L	CCNC(=O)Nc1ncnc2c1ncn2[C@@H]1O[C@H](COP(=O)([O-])[O-])[C@H]2O[C@H](/C=C/c3ccccc3)O[C@H]21	chembl_phase2	CHEMBL261244	CC BY-SA 3.0	2026-09-25	530.43	0.534	2	11	184.84	8	37	60	5	0.364	0	2	0		druglike
decoy	VTCJNYICQADBJD-UHFFFAOYSA-N	Cc1cnc(N2CC3(CCOCC3)C2)c(C(=O)Nc2ccc(C(=O)N3CCc4cc(C(=O)Nc5c(C)cccc5F)sc4-c4ccccc43)cc2)c1	chembl_phase2	CHEMBL4291143	CC BY-SA 3.0	2026-09-25	715.85	7.89	2	7	103.87	6	52	90	8	0.268	0	2	0		druglike
decoy	ULWHWCKQINGKAY-UHFFFAOYSA-N	Cc1nc(N)sc1C#N	coadd	CHEMBL4570412	CC BY-SA 3.0 via ChEMBL. NOT taken from db.co-add.org, whose own notice restricts systematic download and non-commercial use	2026-09-26	139.18	0.905	1	4	62.7	0	9	14	1	0.2	0	0	0		druglike
decoy	WZESQBIPMBSRTJ-YVIUUZNPSA-N	CC[C@@H]1CN2CCc3c([nH]c4ccccc34)[C@@](C(=O)OC)(c3cc4c(cc3OC)N(C)[C@H]3[C@@](O)(C(=O)OC)[C@H](OC(C)=O)[C@]5(CC)C=CCN6CC[C@]43[C@@H]65)C[C@@H](C2)C1O	chembl_phase2	CHEMBL3990345	CC BY-SA 3.0	2026-09-25	810.99	3.847	3	12	154.1	7	59	117	9	0.587	0	2	0		druglike
decoy	IDINUJSAMVOPCM-UHFFFAOYSA-N	N=C(N)NCCCCCCC(=O)NC(O)C(=O)NCCCCNCCCN	chembl_phase1	CHEMBL2356648	CC BY-SA 3.0	2026-09-25	387.53	-1.311	8	6	178.38	17	27	64	0	0.824	0	1	0	chembl_phase3:CHEMBL406117	druglike
decoy	FEWJPZIEWOKRBE-UHFFFAOYSA-N	O=C(O)C(O)C(O)C(=O)O	chembl_phase2	CHEMBL2105671	CC BY-SA 3.0	2026-09-25	150.09	-2.123	4	4	115.06	3	10	16	0	0.5	0	0	0		druglike
decoy	CWCLCJUWNJYVCD-UHFFFAOYSA-N	CC(C)CC1NC(=O)C(C(C)C)NC(=O)CC(C)COC(=O)C(CC(C)C)N(C)C(=O)C(C(C)C)NC(=O)C(C(C)C)OC1=O	coadd	CHEMBL2002215	CC BY-SA 3.0 via ChEMBL. NOT taken from db.co-add.org, whose own notice restricts systematic download and non-commercial use	2026-09-26	638.85	2.823	3	8	160.21	7	45	103	1	0.818	0	1	0		druglike
decoy	YAVMDSYMZGJNES-UHFFFAOYSA-N	O=S(=O)(O)c1ccc(-c2c3nc(c(-c4ccc(S(=O)(=O)O)cc4)c4ccc([nH]4)c(-c4ccc(S(=O)(=O)O)cc4)c4ccc([nH]4)c(-c4ccc(S(=O)(=O)O)cc4)c4nc2C=C4)C=C3)cc1	chembl_phase1	CHEMBL1207607	CC BY-SA 3.0	2026-09-25	935.01	8.31	6	10	274.84	8	64	94	9	0.0	0	3	0		druglike
decoy	QEHAAELBCKBEBS-MPQUPPDSSA-N	CCOc1cc(C(C)(C)C)ccc1C1=N[C@@](C)(c2ccc(Cl)cc2)[C@@](C)(c2ccc(Cl)cc2)N1C(=O)N1CCN(CCO)CC1	ippidb	2391	Institut Pasteur, no licence stated, academic-open	2026-09-25	651.68	7.313	1	5	68.61	7	45	89	5	0.444	0	2	0		druglike
decoy	VIQCGTZFEYDQMR-UHFFFAOYSA-N	CCCCCCCCCC(=O)OCCN1CCN(CCCN2c3ccccc3Sc3ccc(C(F)(F)F)cc32)CC1	chembl_approved	CHEMBL1200854	CC BY-SA 3.0	2026-09-25	591.78	8.0	0	6	36.02	15	41	85	4	0.594	0	2	0		druglike
decoy	DDSNPBUEIWBYGY-UCGGBYDDSA-N	COc1ccccc1N1CCN(C(=O)[C@]2(Oc3ccc(C(F)(F)F)cc3)CCCN(C(=O)c3cnccc3C(F)(F)F)C2)[C@H](C(=O)NCCO)C1	ippidb	459	Institut Pasteur, no licence stated, academic-open	2026-09-25	723.67	4.008	2	8	124.54	9	51	86	5	0.412	0	1	0		druglike
decoy	AKLMFDDQCHURPW-ISIOAQNYSA-N	CN(C)[C@@H]1C(=O)C(C(N)=O)=C(O)[C@@]2(O)C(=O)C3=C(O)c4c(O)c(NC(=O)CN5CCCC5)cc(F)c4C[C@H]3C[C@@H]12	coadd	CHEMBL4578517	CC BY-SA 3.0 via ChEMBL. NOT taken from db.co-add.org, whose own notice restricts systematic download and non-commercial use	2026-09-26	558.56	0.137	6	10	193.73	5	40	71	5	0.481	0	2	0		druglike
decoy	OYQCZLSTAXXMNL-SSEXGKCCSA-N	CN(C)CC[C@H](CSc1ccccc1)Nc1ccc(S(=O)(=O)NC(=O)c2ccc(N3CCN(Cc4ccc(C(F)(F)F)cc4)CC3)cc2)cc1[N+](=O)[O-]	ippidb	1073	Institut Pasteur, no licence stated, academic-open	2026-09-25	770.9	6.579	2	10	128.13	15	53	94	5	0.324	0	2	0		druglike
decoy	MLYYVTUWGNIJIB-UHFFFAOYSA-M	Cc1nnc(SCC2=C(C(=O)[O-])N3C(=O)C(NC(=O)Cn4cnnn4)C3SC2)s1	coadd	CHEMBL4526291	CC BY-SA 3.0 via ChEMBL. NOT taken from db.co-add.org, whose own notice restricts systematic download and non-commercial use	2026-09-26	453.51	-1.971	1	12	158.92	7	29	42	4	0.429	0	1	0		druglike
decoy	WRYIIOKOQSICTB-UHFFFAOYSA-N	CCCCCCCCC(F)(F)C(F)(F)C(F)(F)C(F)(F)C(F)(F)C(F)(F)F	chembl_approved	CHEMBL5314588	CC BY-SA 3.0	2026-09-25	432.26	7.476	0	0	0.0	11	27	44	0	1.0	0	1	0		druglike
decoy	QHDLYNFVNBCOFT-LBPRGKRZSA-N	N[C@@H](Cc1cc(I)c(-c2cc(I)c(O)c(I)c2)c(I)c1)C(=O)O	ippidb	1916	Institut Pasteur, no licence stated, academic-open	2026-09-25	760.87	4.432	3	3	83.55	4	23	34	2	0.133	0	1	0		druglike
decoy	GJJVAFUKOBZPCB-ZGRPYONQSA-N	CC(C)=CCC/C(C)=C/CC/C(C)=C/CCC1(C)CCc2cc(O)ccc2O1	chembl_phase3	CHEMBL120643	CC BY-SA 3.0	2026-09-25	382.59	7.675	1	2	29.46	9	28	66	2	0.538	0	1	0		druglike
decoy	MBBZMMPHUWSWHV-BDVNFPICSA-N	CNC[C@H](O)[C@@H](O)[C@H](O)[C@H](O)CO	chembl_approved	CHEMBL1200570	CC BY-SA 3.0	2026-09-25	195.21	-3.358	6	6	113.18	6	13	30	0	1.0	0	1	0		druglike
decoy	TXCIYDFKXAEUNM-UUWRZZSWSA-N	CN(C)CC[C@H](CSc1cccc(Cl)c1)Nc1ccc(S(=O)(=O)Nc2ncnc3c2CCN(C2CCN(Cc4ccccc4-c4ccc(Cl)cc4)CC2)C3)cc1S(=O)(=O)C(F)(F)F	ippidb	999	Institut Pasteur, no licence stated, academic-open	2026-09-25	963.01	9.092	2	11	127.84	16	63	111	7	0.364	0	3	0		druglike
decoy	YAAQYJCOIFNMKX-RSTNYOGXSA-N	CC(C)OC(=O)[C@H](C)N[P@+]([O-])(OC[C@H]1O[C@@](C#N)(c2ccc3c(N)ncnn23)[C@](C)(O)[C@@H]1OC(=O)C(C)C)Oc1ccccc1	chembl_phase1	CHEMBL3120793	CC BY-SA 3.0	2026-09-25	644.62	1.811	3	14	215.61	12	45	82	4	0.483	0	2	0		druglike
decoy	RWYWCCRFKVBJBT-UHFFFAOYSA-N	Nc1nnc(-c2nc(C3CCCCC3)n(-c3c(CC(=O)Nc4cccc(F)c4)ccc(Cl)c3F)c2-c2ccc(F)c(Cl)c2)o1	ippidb	127	Institut Pasteur, no licence stated, academic-open	2026-09-25	641.48	8.125	2	6	111.86	7	44	69	6	0.226	0	2	0		druglike
decoy	RNBGYGVWRKECFJ-VRPWFDPXSA-N	O=P(O)(O)OC[C@H]1OC(O)(COP(=O)(O)O)[C@@H](O)[C@@H]1O	chembl_phase2	CHEMBL2111113	CC BY-SA 3.0	2026-09-25	340.11	-2.986	7	8	203.44	6	20	34	1	1.0	0	1	0		druglike
decoy	DSLZVSRJTYRBFB-DUHBMQHGSA-N	O=C(O)[C@@H](O)[C@H](O)[C@H](O)[C@@H](O)C(=O)O	chembl_approved	CHEMBL2355839	CC BY-SA 3.0	2026-09-25	210.14	-3.401	6	6	155.52	5	14	24	0	0.667	0	1	0		druglike
decoy	GYVUGWTVTJMFLI-UHFFFAOYSA-N	c1ccc(Nc2nccs2)nc1	coadd	CHEMBL4537520	CC BY-SA 3.0 via ChEMBL. NOT taken from db.co-add.org, whose own notice restricts systematic download and non-commercial use	2026-09-26	177.23	2.282	1	4	37.81	2	12	19	2	0.0	0	0	0		druglike
decoy	GAOZTHIDHYLHMS-GDMSFIFLSA-M	CC[C@@]1([C@H]2O[C@H]([C@H]3O[C@@](O)(CO)[C@H](C)C[C@@H]3C)C[C@H]2C)CC[C@H]([C@@]2(C)CC[C@]3(C[C@H](O)[C@@H](C)[C@@H]([C@H](C)[C@H](OC)[C@@H](C)C(=O)[O-])O3)O2)O1	chembl_approved	CHEMBL5314365	CC BY-SA 3.0	2026-09-25	669.87	2.938	3	11	156.2	10	47	108	5	0.972	0	2	0		druglike
decoy	MLFKVJCWGUZWNV-REOHCLBHSA-N	N[C@@H](CN(O)N=O)C(=O)O	chembl_phase2	CHEMBL452715	CC BY-SA 3.0	2026-09-25	149.11	-1.229	3	5	116.22	4	10	17	0	0.667	0	0	0		druglike
decoy	YWKJNRNSJKEFMK-PQFQYKRASA-N	CO/N=C(\C(=O)N[C@@H]1C(=O)N2C(C(=O)[O-])=C(C[n+]3cccc4c3CCCC4)CS[C@H]12)c1csc(N)n1	chembl_phase2	CHEMBL1631107	CC BY-SA 3.0	2026-09-25	528.62	-0.654	2	10	153.92	7	36	60	5	0.391	0	1	0		druglike
decoy	GHOKWGTUZJEAQD-ZETCQYMHSA-M	CC(C)(CO)[C@@H](O)C(=O)NCCC(=O)[O-]	chembl_phase2	CHEMBL1901349	CC BY-SA 3.0	2026-09-25	218.23	-2.378	3	5	109.69	6	15	31	0	0.778	0	0	0		druglike
decoy	BODYFEUFKHPRCK-ZCZMVWJSSA-N	CC(C)[C@@H](C)[C@@]1(C)CC[C@]2(C)[C@H]3CC[C@@H]4[C@@]5(COC[C@@]4(C)[C@@H](OC[C@](C)(N)C(C)(C)C)[C@H](n4ncnc4-c4ccncc4)C5)C3=CC[C@@]2(C)[C@@H]1C(=O)O	chembl_approved	CHEMBL4297513	CC BY-SA 3.0	2026-09-25	730.05	8.618	2	7	125.38	8	53	120	7	0.773	0	2	0	chembl_approved:CHEMBL4298168	druglike
decoy	RKSMVPNZHBRNNS-UHFFFAOYSA-N	CC(C)(Sc1cc(C(C)(C)C)c(O)c(C(C)(C)C)c1)Sc1cc(C(C)(C)C)c(OC(=O)CCC(=O)O)c(C(C)(C)C)c1	chembl_phase3	CHEMBL83626	CC BY-SA 3.0	2026-09-25	616.93	9.973	2	6	83.83	8	42	94	2	0.6	0	2	0		druglike
decoy	IVBHGBMCVLDMKU-GXNBUGAJSA-M	CCN1CCN(C(=O)N[C@@H](C(=O)N[C@@H]2C(=O)N3[C@@H]2SC(C)(C)[C@@H]3C(=O)[O-])c2ccccc2)C(=O)C1=O	chembl_approved	CHEMBL1200820	CC BY-SA 3.0	2026-09-25	516.56	-1.575	2	8	159.26	6	36	62	4	0.478	0	1	0	coadd:CHEMBL1200820	druglike
decoy	KJNNWYBAOPXVJY-UHFFFAOYSA-N	CCCCc1nc(-c2ccc(OCCCN(CC)CC)cc2)cn1-c1ccc(Oc2ccc(Cl)cc2)cc1	chembl_phase3	CHEMBL3989929	CC BY-SA 3.0	2026-09-25	532.13	8.438	0	4	39.52	14	38	76	4	0.344	0	2	0		druglike
decoy	PENDGIOBPJLVBT-AMXFZXBBSA-N	CC[C@H]1OC(=O)[C@H](C)C(=O)[C@H](C)[C@@H](O[C@@H]2O[C@H](C)C[C@H](N(C)C)[C@H]2O)[C@](C)(OCC=Cc2cnc3ccccc3c2)C[C@@H](C)C(=O)[C@H](C)[C@H]2NC(=O)O[C@@]21C	chembl_phase3	CHEMBL3989904	CC BY-SA 3.0	2026-09-25	765.95	5.11	2	12	162.82	8	55	114	5	0.643	0	3	0		druglike
decoy	IXXFZUPTQVDPPK-ZAWHAJPISA-N	CC[C@H]1OC(=O)[C@@](C)(F)C(=O)[C@H](C)[C@@H](O[C@@H]2O[C@H](C)C[C@H](N(C)C)[C@H]2O)[C@](C)(OC)C[C@@H](C)C(=O)[C@H](C)[C@H]2N(CCCCn3cc(-c4cccc(N)c4)nn3)C(=O)O[C@]12C	chembl_phase3	CHEMBL1232510	CC BY-SA 3.0	2026-09-25	845.02	4.604	2	14	197.87	11	60	125	5	0.721	0	2	0		druglike
decoy	FMAONFVXGQBHSS-MSEJLTFDSA-N	C[C@@H](c1ccccc1-c1ccc(Cl)cc1)N1CCC(N2CCc3c(ncnc3NS(=O)(=O)c3ccc(N[C@H](CCN4CCOCC4)CSc4ccccc4)c(S(=O)(=O)C(F)(F)F)c3)C2)CC1	ippidb	485	Institut Pasteur, no licence stated, academic-open	2026-09-25	984.63	8.77	2	12	137.07	16	66	119	8	0.404	0	3	0		druglike
decoy	XLWJWCMQMBVNSG-LZDHLTRGSA-N	NC(=O)c1ncc(N2CCCCC2)nc1Nc1ccc(C2CCN(C[C@H]3CCN(c4ccc5c(c4)C(=O)N(C4CCC(=O)NC4=O)C5=O)C3)CC2)cc1	chembl_phase2	CHEMBL5435454	CC BY-SA 3.0	2026-09-25	719.85	3.417	3	11	174.17	9	53	98	8	0.462	0	2	0		druglike
decoy	XYVNSHQRVUPHSK-VPOMQUIYSA-N	CC(C)(CO)[C@H](O)C(=O)NCc1cn(C[C@H]2O[C@@H](n3ccc(N)nc3=O)[C@H](O)[C@@H]2O)nn1	coadd	CHEMBL4570347	CC BY-SA 3.0 via ChEMBL. NOT taken from db.co-add.org, whose own notice restricts systematic download and non-commercial use	2026-09-26	453.46	-3.268	6	11	210.87	8	32	59	3	0.611	0	2	0		druglike
decoy	HHJUWIANJFBDHT-ZVTSDNJWSA-N	CC[C@]1(O)C[C@@H]2CN(CCc3c([nH]c4ccccc34)[C@@](C(=O)OC)(c3cc4c(cc3OC)N(C)[C@H]3[C@@](O)(C(N)=O)[C@H](O)[C@]5(CC)C=CCN6CC[C@]43[C@@H]65)C2)C1	chembl_approved	CHEMBL238071	CC BY-SA 3.0	2026-09-25	753.94	2.732	5	10	164.82	6	55	110	9	0.581	0	1	0	chembl_approved:CHEMBL3989543;coadd:CHEMBL3989543	druglike
decoy	HBAYEVATSBINBX-UHFFFAOYSA-N	CC(=O)N(O)CCCCCNC(=O)CCC(=O)N(O)CCCCCNC(=O)CCC(=O)N(O)CCCCCNC(=S)Nc1ccc(N=C=S)cc1	chembl_phase1	CHEMBL5095413	CC BY-SA 3.0	2026-09-25	752.96	3.684	7	11	216.24	26	51	103	1	0.606	0	3	0		druglike
decoy	SIIGKCBSQKWSLM-RNPBXGGWSA-N	Nc1ncnc2c1ncn2[C@@H]1O[C@@H]2CO[P@@](=O)(S)O[C@@H]3[C@H](O)[C@@H](CO[P@@](=O)(S)O[C@H]2[C@H]1F)O[C@H]3n1cc(F)c2c(=O)nc[nH]c21	chembl_phase2	CHEMBL6067966	CC BY-SA 3.0	2026-09-25	710.53	1.673	5	15	230.05	2	45	67	7	0.476	0	2	0		druglike
decoy	BDBMLMBYCXNVMC-UHFFFAOYSA-M	CC1(C)C(/C=C/C=C/C=C/C=C2\N(CCCCS(=O)(=O)[O-])c3ccc4ccccc4c3C2(C)C)=[N+](CCCCS(=O)(=O)[O-])c2ccc3ccccc3c21	chembl_approved	CHEMBL1646	CC BY-SA 3.0	2026-09-25	751.99	8.37	0	7	120.65	14	53	100	6	0.326	0	2	0		druglike
decoy	UYKNWWODISPUHU-UHFFFAOYSA-N	CN1CCN(CCCNc2ncnc3c2cnn3-c2ccc(OCCCc3sc(N4CCc5cccc(C(=O)Nc6nc7ccccc7s6)c5C4)nc3C(=O)O)cc2)CC1	ippidb	265	Institut Pasteur, no licence stated, academic-open	2026-09-25	844.04	6.456	3	14	166.76	15	60	105	9	0.326	0	3	0		druglike
decoy	JGDXFQORBMPJGR-YUMQZZPRSA-N	C[As](C)SC[C@H](NC(=O)CC[C@H](N)C(=O)O)C(=O)NCC(=O)O	chembl_phase2	CHEMBL3247378	CC BY-SA 3.0	2026-09-25	411.31	-1.152	5	6	158.82	11	23	45	0	0.667	0	0	0		druglike
decoy	NVHRBQOZEMFKLD-CUYJMHBOSA-N	C#CCN(c1ccc(C(=O)N[C@@H](CCC(=O)N[C@H](CCC(=O)O)C(=O)O)C(=O)O)cc1)[C@H]1CCc2cc3nc(CO)[nH]c(=O)c3cc21	chembl_phase2	CHEMBL4594449	CC BY-SA 3.0	2026-09-25	647.64	0.94	7	9	239.32	15	47	80	4	0.344	0	2	0		druglike
decoy	BVAZQCUMNICBAQ-PZHYSIFUSA-N	COC(=O)N[C@H](C(=O)N1CCC[C@H]1c1nc(-c2ccc3c(c2)O[C@@H](c2ccccc2)n2c-3cc3cc(-c4c[nH]c([C@@H]5CCCN5C(=O)[C@@H](NC(=O)OC)C(C)C)n4)ccc32)c[nH]1)C(C)C	chembl_approved	CHEMBL3039514	CC BY-SA 3.0	2026-09-25	882.03	8.116	4	9	188.8	11	65	120	9	0.388	0	2	0		druglike
decoy	FPPNZSSZRUTDAP-UWFZAAFLSA-L	CC1(C)S[C@@H]2[C@H](NC(=O)C(C(=O)[O-])c3ccccc3)C(=O)N2[C@H]1C(=O)[O-]	chembl_approved	CHEMBL606260	CC BY-SA 3.0	2026-09-25	376.39	-2.183	1	7	129.67	5	26	42	3	0.412	0	0	0		druglike
decoy	DGMJZELBSFOPHH-KVTDHHQDSA-N	O=[N+]([O-])OC[C@@H](O[N+](=O)[O-])[C@@H](O[N+](=O)[O-])[C@H](O[N+](=O)[O-])[C@@H](CO[N+](=O)[O-])O[N+](=O)[O-]	chembl_phase2	CHEMBL2104740	CC BY-SA 3.0	2026-09-25	452.15	-2.289	0	18	314.22	17	30	38	0	1.0	0	1	0		druglike
decoy	FIFOMEJSIJQOII-WJOKGBTCSA-N	CN(C)CC[C@H](CSc1ccccc1)Nc1ccc(S(=O)(=O)NC(=O)c2ccc(N3CCC(=Cc4ccc(C(F)(F)F)cc4)CC3)cc2)cc1[N+](=O)[O-]	ippidb	107	Institut Pasteur, no licence stated, academic-open	2026-09-25	767.9	7.941	2	9	124.89	14	53	93	5	0.289	0	2	0		druglike
decoy	HHFIATHHSBFCBY-UHFFFAOYSA-N	CNC(=O)CNC(=O)c1c(I)c(NC(C)=O)c(I)c(C(=O)O)c1I	chembl_phase2	CHEMBL2105024	CC BY-SA 3.0	2026-09-25	670.97	1.633	4	4	124.6	5	24	36	1	0.231	0	1	0		druglike
decoy	MBBCVAKAJPKAKM-UHFFFAOYSA-N	O=C(NC1CCN(CCCCC2(C(=O)NCC(F)(F)F)c3ccccc3-c3ccccc32)CC1)c1ccccc1-c1ccc(C(F)(F)F)cc1	chembl_approved	CHEMBL354541	CC BY-SA 3.0	2026-09-25	693.73	8.382	2	3	61.44	10	50	87	6	0.333	0	2	0	chembl_approved:CHEMBL2105662	druglike
decoy	AXFGWXLCWCNPHP-UHFFFAOYSA-N	COCCNC(=O)CN(CCN(CCN(CC(=O)O)CC(=O)NCCOC)CC(=O)O)CC(=O)O	chembl_phase2	CHEMBL1615772	CC BY-SA 3.0	2026-09-25	507.54	-3.329	5	10	198.28	22	35	72	0	0.75	0	1	0		druglike
decoy	GBEWNNRCXVTBHZ-LQJZCPKCSA-N	CCOc1cc(C(F)(F)F)ccc1C1=N[C@@H](c2ccc(Cl)cc2)[C@H](c2ccc(Cl)cc2)N1C(=O)N1CCC(n2c(=O)[nH]c3ccccc32)CC1	ippidb	1573	Institut Pasteur, no licence stated, academic-open	2026-09-25	722.6	9.056	1	4	82.93	6	50	82	7	0.27	0	2	0		druglike
decoy	PYARBFPEJRKODC-LNRXMEIDSA-N	CC[C@@H]1NC(=O)[C@H](CCCNC(=N)N)NC(=O)[C@H](NC(=O)C(C)C)CCCCNC(=O)[C@@H](c2ccccc2)NC1=O	ippidb	2100	Institut Pasteur, no licence stated, academic-open	2026-09-25	572.71	-0.072	8	6	207.4	8	41	85	2	0.571	0	2	0		druglike
decoy	AGOYDEPGAOXOCK-KCBOHYOISA-N	CC[C@H]1OC(=O)[C@H](C)[C@@H](O[C@H]2C[C@@](C)(OC)[C@@H](O)[C@H](C)O2)[C@H](C)[C@@H](O[C@@H]2O[C@H](C)C[C@H](N(C)C)[C@H]2O)[C@](C)(OC)C[C@@H](C)C(=O)[C@H](C)[C@@H](O)[C@]1(C)O	chembl_approved	CHEMBL1741	CC BY-SA 3.0	2026-09-25	747.96	2.44	4	14	182.91	8	52	121	3	0.947	0	2	0	coadd:CHEMBL1741	druglike
decoy	GZSOSUNBTXMUFQ-YFAPSIMESA-N	COc1ccc(-c2cc(=O)c3c(O)cc(O[C@@H]4O[C@H](CO[C@@H]5O[C@@H](C)[C@H](O)[C@@H](O)[C@H]5O)[C@@H](O)[C@H](O)[C@H]4O)cc3o2)cc1O	chembl_approved	CHEMBL231884	CC BY-SA 3.0	2026-09-25	608.55	-1.09	8	15	238.2	7	43	75	5	0.464	0	3	0		druglike
decoy	LLEQODVGXLRWQQ-MGBGTMOVSA-N	CCC[C@H](CSc1ccccc1)Nc1ccc(S(=O)(=O)Nc2ncnc3c2CCN(C2CCN(Cc4ccccc4-c4ccc(Cl)cc4)CC2)C3)cc1S(=O)(=O)C(F)(F)F	ippidb	801	Institut Pasteur, no licence stated, academic-open	2026-09-25	899.53	9.287	2	10	124.6	15	60	106	7	0.349	0	2	0		druglike
decoy	BKNJRWQHBQLPAQ-UHFFFAOYSA-N	c1ccc2c[n+](CCCCCCCCCCCCCCCC[n+]3ccc4ccccc4c3)ccc2c1	chembl_phase2	CHEMBL2106247	CC BY-SA 3.0	2026-09-25	482.76	8.73	0	0	7.76	17	36	82	4	0.471	0	1	0	chembl_phase2:CHEMBL2110836	druglike
decoy	SXPGTYZKMYKKJU-FZNHDDJXSA-N	O=S(=O)(Nc1nnc2n1CCN([C@@H]1CCCN(Cc3ccccc3-c3ccc(Cl)cc3)CC1)C2)c1ccc(N[C@H](CCN2CCOCC2)CSc2ccccc2)c(S(=O)(=O)C(F)(F)F)c1	ippidb	1453	Institut Pasteur, no licence stated, academic-open	2026-09-25	973.61	7.858	2	12	142.0	16	65	117	8	0.422	0	3	0		druglike
decoy	FQUNFJULCYSSOP-UHFFFAOYSA-N	CC(C)(C)CC(C)(C)c1cc(Cc2cc(C(C)(C)CC(C)(C)C)cc(-n3nc4ccccc4n3)c2O)c(O)c(-n2nc3ccccc3n2)c1	chembl_phase2	CHEMBL2104957	CC BY-SA 3.0	2026-09-25	658.89	9.584	2	6	101.88	8	49	99	6	0.415	0	2	0		druglike
decoy	GKKQUCTYPNTJAE-PSXMRANNSA-N	CN(C)CC[C@H](CSc1ccccc1)Nc1ccc(S(=O)(=O)Nc2ncnc3c2CCN(C2CCN(Cc4ccccc4-c4ccc(Cl)cc4)CC2)C3)cc1C#N	ippidb	590	Institut Pasteur, no licence stated, academic-open	2026-09-25	821.52	8.017	2	10	117.49	15	57	106	7	0.341	0	2	0		druglike
decoy	DRVZFWZGQKGHQO-UHFFFAOYSA-N	CCCCCC(C)C(C)c1cc(OC(=O)CCCN2CCCCCC2)c2c(c1)OC(C)(C)C1=C2CC(C)CC1	chembl_phase2	CHEMBL2107661	CC BY-SA 3.0	2026-09-25	537.83	9.313	0	4	38.77	11	39	94	4	0.743	0	2	0		druglike
decoy	FGBGXESDYFKUFX-UHFFFAOYSA-N	CC(C)(Sc1cc(C(C)(C)C)c(O)c(C(C)(C)C)c1)Sc1cc(C(C)(C)C)c(OCC(=O)O)c(C(C)(C)C)c1	chembl_phase2	CHEMBL2104958	CC BY-SA 3.0	2026-09-25	574.89	9.666	2	5	66.76	7	39	89	2	0.606	0	2	0		druglike
decoy	ARWJIYMQTWOIHU-DIPNUNPCSA-N	CC1(C)CCC(c2ccc(Cl)cc2)=C(CN2CCN(c3ccc4c(NS(=O)(=O)c5ccc(N[C@H](CCN6CCOCC6)CSc6ccccc6)c([N+](=O)[O-])c5)ncnc4c3)CC2)C1	ippidb	662	Institut Pasteur, no licence stated, academic-open	2026-09-25	911.59	9.073	2	12	146.07	16	63	118	8	0.404	0	3	0		druglike
decoy	YNSIUGHLISOIRQ-XGNYHKEJSA-N	CC[C@]1(O)C[C@@H]2CN(CCc3c([nH]c4ccccc34)[C@@](C(=O)OC)(c3cc4c(cc3OC)N(C)[C@H]3[C@@](O)(C(=O)OC)[C@H](OC(=O)CN(C)C)[C@]5(CC)C=CCN6CC[C@]43[C@@H]65)C2)C1	chembl_phase2	CHEMBL3990612	CC BY-SA 3.0	2026-09-25	854.06	3.533	3	13	157.34	9	62	125	9	0.604	0	2	0		druglike
decoy	VQHSOMBJVWLPSR-JVCRWLNRSA-N	OC[C@@H](O)[C@@H](O[C@@H]1O[C@H](CO)[C@H](O)[C@H](O)[C@H]1O)[C@H](O)[C@@H](O)CO	chembl_approved	CHEMBL1661	CC BY-SA 3.0	2026-09-25	344.31	-5.761	9	11	200.53	8	23	47	1	1.0	0	2	0		druglike
decoy	SIIGKCBSQKWSLM-RNPBXGGWSA-L	Nc1ncnc2c1ncn2[C@@H]1O[C@@H]2CO[P@@](=O)([S-])O[C@@H]3[C@H](O)[C@@H](CO[P@@](=O)([S-])O[C@H]2[C@H]1F)O[C@H]3n1cc(F)c2c(=O)nc[nH]c21	chembl_phase1	CHEMBL6068419	CC BY-SA 3.0	2026-09-25	708.51	0.907	3	17	230.05	2	45	65	7	0.476	0	2	0		druglike
decoy	DYAIAHUQIPBDIP-AXAPSJFSSA-L	O=C([O-])C1=C(CSc2nnnn2CS(=O)(=O)[O-])CS[C@@H]2[C@H](NC(=O)[C@H](O)c3ccccc3)C(=O)N12	chembl_approved	CHEMBL1201005	CC BY-SA 3.0	2026-09-25	540.56	-2.595	2	13	210.57	9	35	51	4	0.333	0	2	0		druglike
decoy	DJWYOLJPSHDSAL-ROUUACIJSA-N	CC(C)(CO)[C@@H](O)C(=O)NCCC(=O)NCCSSCCNC(=O)CCNC(=O)[C@H](O)C(C)(C)CO	chembl_phase3	CHEMBL2104786	CC BY-SA 3.0	2026-09-25	554.73	-1.628	8	10	197.32	19	36	78	0	0.818	0	2	0		druglike
decoy	HPLNQCPCUACXLM-PGUFJCEWSA-N	CN(C)CC[C@H](CSc1ccccc1)Nc1ccc(S(=O)(=O)NC(=O)c2ccc(N3CCN(Cc4ccccc4-c4ccc(Cl)cc4)CC3)cc2)cc1[N+](=O)[O-]	chembl_phase1	CHEMBL376408	CC BY-SA 3.0	2026-09-25	813.45	7.881	2	10	128.13	16	56	101	6	0.262	0	2	0	ippidb:1799	druglike
decoy	KASDHRXLYQOAKZ-XDSKOBMDSA-N	CC[C@@H]1/C=C(\C)C[C@H](C)C[C@H](OC)[C@H]2O[C@@](O)(C(=O)C(=O)N3CCCC[C@H]3C(=O)O[C@H](/C(C)=C/[C@@H]3CC[C@H](Cl)[C@H](OC)C3)[C@H](C)[C@@H](O)CC1=O)[C@H](C)C[C@@H]2OC	chembl_approved	CHEMBL1200686	CC BY-SA 3.0	2026-09-25	810.47	5.719	2	11	158.13	6	56	124	4	0.814	0	3	0		druglike
decoy	RMCNETIHECSPMZ-ZXFHETKHSA-N	O[C@@H]1[C@H](O)CNC[C@@H]1O	coadd	CHEMBL4586156	CC BY-SA 3.0 via ChEMBL. NOT taken from db.co-add.org, whose own notice restricts systematic download and non-commercial use	2026-09-26	133.15	-2.328	4	4	72.72	0	9	20	1	1.0	0	0	0		druglike
decoy	HBZAZSCNDMDWEU-GNZRQIOVSA-N	CCCCCCN(CCOc1ccc(CCCCNC(=N)NC(=O)c2nc(Cl)c(N)nc2N)cc1)C[C@H](O)C(O)[C@H](O)[C@H](O)CO	chembl_phase2	CHEMBL5095031	CC BY-SA 3.0	2026-09-25	669.22	0.268	10	13	256.42	21	46	95	2	0.6	0	3	0		druglike
decoy	HCCFUFNFJIUPHS-MZYBJUSBSA-O	C[n+]1ccc(SCC2=C(C(=O)O)N3C(=O)[C@@H](NC(=O)/C(=N\OC(C)(C)C(=O)O)c4csc(N)n4)[C@H]3[S+]([O-])C2)cc1	chembl_phase2	CHEMBL2105810	CC BY-SA 3.0	2026-09-25	609.69	-0.32	4	11	211.45	10	40	65	4	0.348	0	2	0	chembl_phase2:CHEMBL2110741	druglike
decoy	HFZITXBUTWITPT-YWVKMMECSA-N	Cn1cc[n+](C[C@@]2(C)[C@H](C(=O)[O-])N3C(=O)C[C@H]3S2(=O)=O)n1	chembl_approved	CHEMBL4458276	CC BY-SA 3.0	2026-09-25	314.32	-3.428	0	6	116.28	3	21	35	3	0.636	0	0	0		druglike
decoy	RQLDKUSQKQMFCN-AEXVNIBOSA-N	CN[C@@H]1[C@H](O[C@H]2[C@H](O[C@H]3[C@H](O)[C@@H](O)[C@H](OC(N)=O)[C@@H](O)[C@@H]3NC(=N)N)O[C@@H](C)[C@]2(O)CO)O[C@@H](CO)[C@H](O)[C@H]1O	chembl_phase2	CHEMBL2104642	CC BY-SA 3.0	2026-09-25	585.56	-7.336	13	16	325.01	9	40	79	3	0.905	0	3	0		druglike
decoy	URWAJWIAIPFPJE-YFMIWBNJSA-N	CN[C@@H]1[C@@H](O)[C@@H](O[C@@H]2[C@@H](O)[C@H](O[C@H]3OC(CN)=CC[C@H]3N)[C@@H](N)C[C@H]2N)OC[C@]1(C)O	chembl_phase3	CHEMBL221886	CC BY-SA 3.0	2026-09-25	447.53	-3.851	8	12	213.72	6	31	68	3	0.895	0	2	0		druglike
decoy	OGIBAYOMUKQFLE-UHFFFAOYSA-N	CC1(CCCC(=O)O)C(/C=C/C2=C(Oc3ccc(S(=O)(=O)O)cc3)C(=C/C=C3/N(CCCS(=O)(=O)O)c4ccccc4C3(C)C)/CCC2)=[N+](CCCS(=O)(=O)[O-])c2ccccc21	chembl_phase2	CHEMBL6068053	CC BY-SA 3.0	2026-09-25	909.11	7.439	3	10	218.72	18	62	114	6	0.378	0	2	0		druglike
decoy	DMUAPQTXSSNEDD-QALJCMCCSA-N	CCC(=O)O[C@@H]1CC(=O)O[C@H](C)C/C=C/C=C/[C@H](O)[C@H](C)C[C@H](CC=O)[C@H](O[C@@H]2O[C@H](C)[C@@H](O[C@H]3C[C@@](C)(O)[C@@H](OC(=O)CC)[C@H](C)O3)[C@H](N(C)C)[C@H]2O)[C@H]1OC	chembl_phase2	CHEMBL444963	CC BY-SA 3.0	2026-09-25	813.98	2.767	3	16	206.05	12	57	124	3	0.805	0	2	0		druglike
decoy	WDRJGMSUTPVXDH-KBOGUJPVSA-N	CC(C)(O)c1cc2nc([C@H]3CC[C@H](CN4CC5(CC(CCNc6cccc7c6C(=O)N(C6CCC(=O)NC6=O)C7=O)C5)C4)CC3)sc2cc1NC(=O)c1cccc(C(F)(F)F)n1	chembl_phase2	CHEMBL5567890	CC BY-SA 3.0	2026-09-25	871.98	7.079	4	11	173.93	11	62	110	9	0.489	0	3	0		druglike
decoy	RLFCSBSRGRJFRO-QAOQTAGDSA-N	CC[C@H]1OC(=O)[C@H](C)C(=O)[C@H](C)[C@@H](O[C@@H]2O[C@H](C)C[C@H](N(C)C)[C@H]2O)[C@](C)(OC)C[C@@H](C)C(=O)[C@H](C)[C@H]2[C@H](/C(N)=N/O[C@@H](C)c3nnc(-c4ccccn4)s3)C(=O)O[C@@]21C	chembl_phase2	CHEMBL4297519	CC BY-SA 3.0	2026-09-25	859.06	4.122	2	17	224.18	10	60	122	5	0.714	0	2	0		druglike
decoy	OETYXJFKJCPCRN-JGCGQSQUSA-N	CC#CCOc1ccccc1CN1CCC(N2CCc3c(ncnc3NS(=O)(=O)c3ccc(N[C@H](CCN(C)C)CSc4ccccc4)c(S(=O)(=O)C(F)(F)F)c3)C2)CC1	ippidb	469	Institut Pasteur, no licence stated, academic-open	2026-09-25	886.1	6.52	2	12	137.07	17	60	110	6	0.429	0	3	0		druglike
decoy	NTHXOOBQLCIOLC-UHFFFAOYSA-N	CC(=O)N(CC(O)CO)c1c(I)c(C(=O)NCC(O)CO)c(I)c(C(=O)NCC(O)CO)c1I	chembl_approved	CHEMBL1200455	CC BY-SA 3.0	2026-09-25	821.14	-1.627	8	9	199.89	12	34	60	1	0.526	0	2	0		druglike
decoy	VQQSDVBOXQHCHU-SKPOXZENSA-N	Nc1ccn([C@@H]2O[C@H]([C@H](O[C@@H]3O[C@H](CO)[C@@H](O)[C@H](N)[C@H]3O)[C@@H](O)[C@@H](O)[C@H](O)[C@H](O)CO)[C@@H](N)[C@H](O)[C@H]2O)c(=O)n1	chembl_phase2	CHEMBL3989421	CC BY-SA 3.0	2026-09-25	583.55	-8.641	13	18	342.94	10	40	77	3	0.81	0	3	0		druglike
decoy	BOMNURVTAHAEBQ-KWIIHVIGSA-N	Cc1c(Cl)c2c(Cl)c(C)c1-c1c(-c3ccc(F)cc3)sc3ncnc(c13)O[C@@H](C(=O)O)Cc1cc(ccc1OCc1ccnc(-c3ccc(OC[C@H]4COCCO4)cc3)n1)OC[C@@H](CN1CCN(C)CC1)O2	chembl_phase1	CHEMBL6033457	CC BY-SA 3.0	2026-09-25	1037.99	9.38	1	15	159.95	11	72	123	11	0.34	0	3	0		druglike
decoy	WDLRUFUQRNWCPK-UHFFFAOYSA-N	O=C(O)CN1CCN(CC(=O)O)CCN(CC(=O)O)CCN(CC(=O)O)CC1	chembl_phase3	CHEMBL1721515	CC BY-SA 3.0	2026-09-25	404.42	-2.454	4	8	162.16	8	28	56	1	0.75	0	0	0		druglike
decoy	KMYAQBXCNBRSNR-BOWTZNHLSA-N	C[C@@H](CC1O[C@H]([C@@H](O)CO)[C@@H](O)[C@H](O)[C@@H]1O)OP(=O)(O)OC[C@H]1O[C@@H](n2cnc3c(N)ncnc32)[C@H](O)[C@@H]1O	coadd	CHEMBL4569358	CC BY-SA 3.0 via ChEMBL. NOT taken from db.co-add.org, whose own notice restricts systematic download and non-commercial use	2026-09-26	581.47	-3.857	9	16	285.45	10	39	71	4	0.75	0	3	0		druglike
decoy	VCAVAURZPNANDQ-UHFFFAOYSA-N	CCCCCCCCCCCCCCCC[N+](C)(C)CC	chembl_phase2	CHEMBL1550879	CC BY-SA 3.0	2026-09-25	298.58	6.564	0	0	0.0	16	21	65	0	1.0	0	1	0	chembl_phase2:CHEMBL2106839	druglike
decoy	ZOTHAEBAWXWVID-HXEFRTELSA-N	CCNC(=O)[C@H]1O[C@@H](n2cnc3c(NCC(c4ccccc4)c4ccccc4)nc(C(=O)NCCNC(=O)NC4CCN(c5ccccn5)CC4)nc32)[C@H](O)[C@@H]1O	chembl_phase2	CHEMBL1096896	CC BY-SA 3.0	2026-09-25	777.89	1.919	7	12	220.78	14	57	104	7	0.375	0	3	0		druglike
decoy	XVXWUBIIHFDOJO-KQYNXXCUSA-N	NC(=O)c1nccn([C@@H]2O[C@H](CO)[C@@H](O)[C@H]2O)c1=O	coadd	CHEMBL261459	CC BY-SA 3.0 via ChEMBL. NOT taken from db.co-add.org, whose own notice restricts systematic download and non-commercial use	2026-09-26	271.23	-3.046	4	7	147.9	3	19	32	2	0.5	0	0	0		druglike
decoy	AKGJIVJDHCUPMI-ISMOLGHHSA-N	CC[C@H](CC[C@@H](C)[C@H]1CC[C@H]2[C@@H]3CC=C4C[C@@H](OC(=O)C(C)(C)Oc5ccc(Cl)cc5)CC[C@]4(C)[C@H]3CC[C@]12C)C(C)C	chembl_phase2	CHEMBL3989530	CC BY-SA 3.0	2026-09-25	611.35	11.087	0	3	35.53	10	43	102	5	0.769	0	2	0		druglike
decoy	UUMLTINZBQPNGF-UHFFFAOYSA-N	CC(=O)N(CC(O)CO)c1c(I)c(C(=O)NCCO)c(I)c(C(=O)NCC(O)CO)c1I	chembl_approved	CHEMBL1201075	CC BY-SA 3.0	2026-09-25	791.12	-0.988	7	8	179.66	11	32	56	1	0.5	0	2	0		druglike
decoy	JHFNIHVVXRKLEF-DCZLAGFPSA-N	Cn1c(N)c(NC(=O)NCCN)c[n+]1CC1=C(C(=O)O)N2C(=O)[C@@H](NC(=O)/C(=N\OC(C)(C)C(=O)[O-])c3nsc(N)n3)[C@H]2SC1	chembl_approved	CHEMBL1213250	CC BY-SA 3.0	2026-09-25	666.7	-3.903	7	15	302.21	12	45	75	4	0.435	0	3	0	chembl_approved:CHEMBL2103872	druglike
decoy	JKQXZKUSFCKOGQ-QAYBQHTQSA-N	CC1=C(/C=C/C(C)=C/C=C/C(C)=C/C=C/C=C(C)/C=C/C=C(C)/C=C/C2=C(C)C[C@@H](O)CC2(C)C)C(C)(C)C[C@H](O)C1	chembl_phase3	CHEMBL2359248	CC BY-SA 3.0	2026-09-25	568.89	10.547	2	2	40.46	10	42	98	2	0.45	0	2	0		druglike
decoy	FJLUATLTXUNBOT-UHFFFAOYSA-N	CCCCCCCCCCCCCCCCN	chembl_phase2	CHEMBL1534653	CC BY-SA 3.0	2026-09-25	241.46	5.426	1	1	26.02	14	17	52	0	1.0	0	1	0	chembl_phase2:CHEMBL2104336	druglike
decoy	PVPJTBAEAQVTPN-HRAQMCAYSA-N	N[C@@H](CC(=O)Nc1ccn([C@@H]2O[C@H](CO)[C@@H](O)[C@@H]2O)c(=O)n1)C(=O)O	chembl_phase1	CHEMBL4802250	CC BY-SA 3.0	2026-09-25	358.31	-3.405	6	9	197.23	6	25	43	2	0.538	0	1	0	chembl_phase2:CHEMBL4297599	druglike
decoy	UEZIBPZHJNOZNX-CDTKKYFSSA-N	CO[C@H]1O[C@H](CN2C[C@H](O)[C@@H](O)[C@H](O)[C@H]2CO)[C@@H](O)[C@H](O)[C@H]1O	chembl_phase2	CHEMBL2105521	CC BY-SA 3.0	2026-09-25	339.34	-4.8	7	10	163.31	4	23	48	2	1.0	0	1	0		druglike
decoy	HSUDWURBWSUCOB-JPHWUADUSA-N	CC(=O)O[C@H]1C(=O)[C@]2(C)[C@@H](OC(=O)OCC(O)CO)C[C@H]3OC[C@@]3(OC(C)=O)[C@H]2[C@H](OC(=O)c2ccccc2)[C@]2(O)C[C@H](OC(=O)[C@H](O)[C@@H](NC(=O)c3ccccc3)c3ccccc3)C(C)=C1C2(C)C	chembl_phase2	CHEMBL1975551	CC BY-SA 3.0	2026-09-25	972.01	3.25	5	18	277.05	14	70	127	7	0.471	0	2	0		druglike
decoy	YDASRQFUAJBBMS-UUWRZZSWSA-N	CN(C)CC[C@H](CSc1ccccc1)Nc1ccc(S(=O)(=O)Nc2nc(C(F)(F)F)nc3c2CCN(C2CCN(CC4=C(c5ccc(Cl)cc5)CCC(C)(C)C4)CC2)C3)cc1S(=O)(=O)C(F)(F)F	ippidb	1514	Institut Pasteur, no licence stated, academic-open	2026-09-25	1028.65	10.254	2	11	127.84	16	68	124	7	0.489	0	3	0		druglike
decoy	SMSRCGPDNDCXFR-CYWZMYCQSA-N	CCN1CCN(C(=O)N[C@@H](C(=O)N[C@]2(OC)C(=O)N3C(C(=O)O)=C(CSc4nnnn4C)CS[C@@H]32)[C@H](C)O)C(=O)C1=O	chembl_phase2	CHEMBL1908372	CC BY-SA 3.0	2026-09-25	627.66	-2.835	4	13	229.49	10	42	71	4	0.591	0	2	0		druglike
decoy	ZAKOWWREFLAJOT-ADUHFSDSSA-N	CC(=O)Oc1c(C)c(C)c2c(c1C)CCC(C)(CCC[C@H](C)CCC[C@H](C)CCCC(C)C)O2	chembl_approved	CHEMBL3989859	CC BY-SA 3.0	2026-09-25	472.75	9.06	0	3	35.53	13	34	86	2	0.774	0	1	0		druglike
decoy	JUVHVMCKLDZLGN-TVNFHGJBSA-N	CO/N=C(\C(=O)N[C@@H]1C(=O)N2C(C(=O)[O-])=C(C[N+]34CCC(C(N)=O)(CC3)CC4)CS[C@H]12)c1nsc(N)n1	chembl_phase2	CHEMBL1614665	CC BY-SA 3.0	2026-09-25	550.62	-2.639	3	12	206.02	8	37	63	6	0.571	0	2	0		druglike
decoy	ZCCUWMICIWSJIX-NQJJCJBVSA-N	CCO/N=C(\C(=O)N[C@@H]1C(=O)N2C(C(=O)[O-])=C(Sc3nc(-c4cc[n+](C)cc4)cs3)CS[C@H]12)c1nsc(NP(=O)(O)O)n1	chembl_approved	CHEMBL501122	CC BY-SA 3.0	2026-09-25	684.7	-0.115	4	14	223.24	11	43	64	5	0.273	0	2	0	chembl_approved:CHEMBL3544973	druglike
decoy	OTXAMWFYPMNDME-FQQWJMKMSA-N	CC[C@@H]1C[C@]1(NC(=O)[C@@H]1C[C@@H](Oc2cc(-c3csc(NC(C)C)n3)nc3c(Cl)c(OCCN4CCOCC4)ccc23)CN1C(=O)[C@@H](NC(=O)O[C@@H]1C[C@@H]2C[C@@H]2C1)C(C)(C)C)C(=O)O	chembl_phase2	CHEMBL2013174	CC BY-SA 3.0	2026-09-25	910.53	6.2	4	13	193.78	16	63	123	8	0.644	0	3	0		druglike
decoy	UTYDSRLFMRPPHP-UHFFFAOYSA-N	c1cc(-c2nnco2)ccn1	coadd	CHEMBL4545360	CC BY-SA 3.0 via ChEMBL. NOT taken from db.co-add.org, whose own notice restricts systematic download and non-commercial use	2026-09-26	147.14	1.132	0	4	51.81	1	11	16	2	0.0	0	0	0		druglike
decoy	RGJOEKWQDUBAIZ-IBOSZNHHSA-N	CC(C)(COP(=O)(O)OP(=O)(O)OC[C@H]1O[C@@H](n2cnc3c(N)ncnc32)[C@H](O)[C@@H]1OP(=O)(O)O)[C@@H](O)C(=O)NCCC(=O)NCCS	chembl_phase3	CHEMBL1213327	CC BY-SA 3.0	2026-09-25	767.54	-1.665	10	17	346.56	18	48	84	3	0.667	0	3	0		druglike
decoy	NLVFBUXFDBBNBW-PBSUHMDJSA-N	NC[C@H]1O[C@H](O[C@H]2[C@H](O)[C@@H](O[C@H]3O[C@H](CO)[C@@H](O)[C@H](N)[C@H]3O)[C@H](N)C[C@@H]2N)[C@H](N)C[C@@H]1O	chembl_approved	CHEMBL1747	CC BY-SA 3.0	2026-09-25	467.52	-6.296	10	14	268.17	6	32	69	3	1.0	0	2	0	coadd:CHEMBL1747	druglike
decoy	YFAUSZFDWXUZEQ-PSXMRANNSA-N	CN1CCN(CC[C@H](CSc2ccccc2F)Nc2ccc(S(=O)(=O)Nc3ncnc4c3CCN(C3CCN(Cc5ccccc5-c5ccc(Cl)cc5)CC3)C4)cc2S(=O)(=O)C(F)(F)F)CC1	ippidb	1407	Institut Pasteur, no licence stated, academic-open	2026-09-25	1001.64	8.263	2	12	131.08	16	67	120	8	0.404	0	3	0		druglike
decoy	ZPACYDRSPFRDHO-ROBAGEODSA-N	CC(C)=CCC/C(C)=C/CC/C(C)=C/CCC(=O)OC/C=C(\C)CCC=C(C)C	chembl_phase3	CHEMBL2105085	CC BY-SA 3.0	2026-09-25	400.65	8.422	0	2	26.3	14	29	73	0	0.593	0	1	0		druglike
decoy	SKKLOUVUUNMCJE-FQSMHNGLSA-N	NC[C@H]1O[C@H](O[C@H]2[C@H](O)[C@@H](O[C@H]3O[C@H](CO)[C@@H](O)[C@H](N)[C@H]3O)[C@H](N)C[C@@H]2N)[C@H](N)[C@@H](O)[C@@H]1O	chembl_phase3	CHEMBL176	CC BY-SA 3.0	2026-09-25	483.52	-7.325	11	15	288.4	6	33	70	3	1.0	0	2	0		druglike
decoy	SFZCNBIFKDRMGX-UHFFFAOYSA-N	FS(F)(F)(F)(F)F	chembl_approved	CHEMBL1796998	CC BY-SA 3.0	2026-09-25	146.06	3.169	0	0	0.0	0	7	7	0	0.0	0	0	0		druglike
decoy	RGHNJXZEOKUKBD-SQOUGZDYSA-M	O=C([O-])[C@H](O)[C@@H](O)[C@H](O)[C@H](O)CO	chembl_approved	CHEMBL2106119	CC BY-SA 3.0	2026-09-25	195.15	-4.828	5	7	141.28	5	13	24	0	0.833	0	0	0	chembl_phase1:CHEMBL2106978;chembl_phase2:CHEMBL2104182;chembl_phase3:CHEMBL3833377	druglike
decoy	KCUSRWLYTAYGAU-KQSQHPHMSA-N	CC(=O)N[C@H]1C(O)O[C@H](CO)[C@@H](O)[C@@H]1OCC(=O)N[C@@H](C)C(=O)N[C@H](CCC(=O)O)C(N)=O	chembl_phase2	CHEMBL3989787	CC BY-SA 3.0	2026-09-25	478.46	-4.714	8	10	246.84	12	33	63	1	0.722	0	1	0		druglike
decoy	SUCMWQBKNHGKJQ-DIPNUNPCSA-N	CCC[C@H](CSc1ccccc1)Nc1ccc(S(=O)(=O)Nc2ncnc3c2CCN(C2CCN(CC4=C(c5ccc(Cl)cc5)CC(C)(C)CC4)CC2)C3)cc1S(=O)(=O)C(C)(C)C	ippidb	1202	Institut Pasteur, no licence stated, academic-open	2026-09-25	919.72	10.362	2	10	124.6	15	62	125	7	0.5	0	2	0		druglike
decoy	DSLZVSRJTYRBFB-LLEIAEIESA-L	O=C([O-])[C@@H](O)[C@@H](O)[C@H](O)[C@@H](O)C(=O)[O-]	chembl_phase2	CHEMBL2104217	CC BY-SA 3.0	2026-09-25	208.12	-6.07	4	8	161.18	5	14	22	0	0.667	0	0	0		druglike
decoy	FFXJTOKFQATYBI-RUTGJBPVSA-N	CCC(=O)O[C@@H]1CC(=O)O[C@H](C)C[C@@H]2O[C@H]2/C=C/[C@H](O)[C@H](C)C[C@H](CC=O)[C@H](O[C@@H]2O[C@H](C)[C@@H](O[C@H]3C[C@@](C)(O)[C@@H](OC(=O)CC)[C@H](C)O3)[C@H](N(C)C)[C@H]2O)[C@H]1OC	chembl_phase2	CHEMBL2105819	CC BY-SA 3.0	2026-09-25	829.98	1.979	3	17	218.58	12	58	125	4	0.854	0	2	0		druglike
decoy	FEWJPZIEWOKRBE-JCYAYHJZSA-M	O=C([O-])[C@H](O)[C@@H](O)C(=O)O	chembl_approved	CHEMBL2105248	CC BY-SA 3.0	2026-09-25	149.08	-3.457	3	5	117.89	3	10	15	0	0.5	0	0	0		druglike
decoy	FIAFUQMPZJWCLV-UHFFFAOYSA-N	Cc1ccc(C(=O)Nc2ccc(S(=O)(=O)O)c3cc(S(=O)(=O)O)cc(S(=O)(=O)O)c23)cc1NC(=O)c1cccc(NC(=O)Nc2cccc(C(=O)Nc3cc(C(=O)Nc4ccc(S(=O)(=O)O)c5cc(S(=O)(=O)O)cc(S(=O)(=O)O)c45)ccc3C)c2)c1	chembl_phase3	CHEMBL265502	CC BY-SA 3.0	2026-09-25	1297.3	6.743	12	17	483.75	16	86	126	8	0.039	0	4	0	coadd:CHEMBL265502;mmv_pathogen_box:CHEMBL265502	druglike
decoy	FZDZULUFHNDEDJ-UHFFFAOYSA-N	O=C(COCC(=O)Nc1c(I)cc(I)c(C(=O)O)c1I)Nc1c(I)cc(I)c(C(=O)O)c1I	chembl_phase2	CHEMBL2106372	CC BY-SA 3.0	2026-09-25	1127.71	5.304	4	5	142.03	8	33	43	2	0.111	0	2	0		druglike
decoy	KCXVZYZYPLLWCC-UHFFFAOYSA-L	O=C([O-])CN(CCN(CC(=O)[O-])CC(=O)O)CC(=O)O	chembl_approved	CHEMBL1749	CC BY-SA 3.0	2026-09-25	290.23	-4.741	2	8	161.34	11	20	34	0	0.6	0	0	0	chembl_approved:CHEMBL3989507;chembl_phase2:CHEMBL2106963	druglike
