arm	inchikey	smiles	source	source_id	licence	fetched	mw	clogp	hbd	hba	tpsa	rotb	heavy	total_atoms	rings	frac_csp3	pains	ro5_viol	is_fragment	also_in
screen	KMUBBNQZNBTUSH-UHFFFAOYSA-N	O=C(O)COCCOCCN1CCC(=C(c2ccccc2)c2ccccc2)CC1	chembl_phase2	CHEMBL2105247	CC BY-SA 3.0	2026-09-25	395.5	3.702	1	4	59.0	10	29	58	3	0.375	0	0	0	
screen	MDEJTPWQNNMAQF-BVMLLJBZSA-N	C=C1CC[C@H]2[C@H](CN)[C@@H]([C@@]3(C)CC[C@H](O)C[C@@H]3CO)CC[C@]12C	chembl_phase3	CHEMBL3989954	CC BY-SA 3.0	2026-09-25	321.51	3.103	3	3	66.48	3	23	58	3	0.9	0	0	0	
screen	IQWYAQCHYZHJOS-UHFFFAOYSA-N	CN1C(=O)CN=C(C2=CCCCC2)c2cc(Cl)ccc21	chembl_approved	CHEMBL2105527	CC BY-SA 3.0	2026-09-25	288.78	3.606	0	2	32.67	1	20	37	3	0.375	0	0	0	
screen	KUOYUNPLUMKQIF-UHFFFAOYSA-N	O=C1CCCC1(CCN1CCOCC1)C1=CCCC1	chembl_phase2	CHEMBL2104110	CC BY-SA 3.0	2026-09-25	263.38	2.558	0	3	29.54	4	19	44	3	0.812	0	0	1	
screen	GFFFJSWQOUVZCY-UHFFFAOYSA-N	CCN(CC)CCN(CC)CCOC(=O)c1ccc(N)cc1	chembl_phase2	CHEMBL2104039	CC BY-SA 3.0	2026-09-25	307.44	2.089	1	5	58.8	10	22	51	1	0.588	0	0	0	
screen	OGHNVEJMJSYVRP-UHFFFAOYSA-N	COc1ccccc1OCCNCC(O)COc1cccc2[nH]c3ccccc3c12	chembl_approved	CHEMBL723	CC BY-SA 3.0	2026-09-25	406.48	3.738	3	5	75.74	10	30	56	4	0.25	0	0	0	chembl_approved:CHEMBL1201167
screen	ODUOJXZPIYUATO-LJQANCHMSA-N	CC(=O)SC[C@@H](Cc1ccccc1)C(=O)NCC(=O)OCc1ccccc1	chembl_phase2	CHEMBL1516410	CC BY-SA 3.0	2026-09-25	385.49	2.985	1	5	72.47	9	27	50	2	0.286	0	0	0	
screen	IUUBFDSJJHOTDI-UHFFFAOYSA-N	CCC12CCN(CC3CCC3)C(Cc3ccc(O)cc31)C2(C)C	chembl_phase2	CHEMBL2104583	CC BY-SA 3.0	2026-09-25	313.49	4.497	1	2	23.47	3	23	54	4	0.714	0	0	0	
screen	XPHBRTNHVJSEQD-ATJXCDBQSA-N	CCN(CC)CC/C(=N/OC(=O)Nc1ccc(OC)cc1)c1ccccc1	chembl_phase2	CHEMBL2104013	CC BY-SA 3.0	2026-09-25	369.47	4.38	1	5	63.16	9	27	54	2	0.333	0	0	0	
screen	DDDZBLNULGDPGA-UHFFFAOYSA-N	Cc1nc2cccc(C(F)(F)F)c2c(=O)n1-c1ccc(OCCCN2CCCC2)cc1	chembl_phase2	CHEMBL476323	CC BY-SA 3.0	2026-09-25	431.46	4.578	0	4	47.36	6	31	55	4	0.391	0	0	0	
screen	ZJWWWCZRROHPDH-UHFFFAOYSA-N	CC(C)(C)NCC(O)COCC1COc2ccccc2O1	chembl_phase2	CHEMBL2106691	CC BY-SA 3.0	2026-09-25	295.38	1.592	2	5	59.95	6	21	46	2	0.625	0	0	0	
screen	VCZPUGSOJXZKIP-WCQYABFASA-N	O=C(O)[C@@H]1CCCC[C@@]1(O)c1ccccc1	chembl_phase2	CHEMBL2104042	CC BY-SA 3.0	2026-09-25	220.27	2.149	2	2	57.53	2	16	32	2	0.462	0	0	1	
screen	FSXLOWIFSZNIMV-UHFFFAOYSA-N	COc1ccc(NS(=O)(=O)c2c(F)c(F)c(F)c(F)c2F)cc1NC(N)=O	chembl_phase2	CHEMBL4297440	CC BY-SA 3.0	2026-09-25	411.31	2.682	3	4	110.52	5	27	37	2	0.071	0	0	0	
screen	VKEQBMCRQDSRET-UHFFFAOYSA-N	CNC(C)C(=O)c1ccc2c(c1)OCO2	chembl_phase2	CHEMBL3604010	CC BY-SA 3.0	2026-09-25	207.23	1.206	1	4	47.56	3	15	28	2	0.364	0	0	0	
screen	ICAXEUYZCLRXKY-UHFFFAOYSA-N	O=c1c(CO)coc2cc(OCCCN3CCC(c4noc5cc(F)ccc45)CC3)ccc12	chembl_phase2	CHEMBL151475	CC BY-SA 3.0	2026-09-25	452.48	4.214	1	7	88.94	7	33	58	5	0.36	0	0	0	
screen	GNYWBETUYIZBHL-CQSZACIVSA-P	C[C@@H](NC(=O)Cc1c(Cl)ccc(NCC(F)(F)c2cccc[n+]2O)[n+]1O)c1cccc(Cl)c1	chembl_phase2	CHEMBL3545289	CC BY-SA 3.0	2026-09-25	499.35	3.667	4	4	89.35	8	33	55	3	0.227	0	0	0	
screen	OMLDMGPCWMBPAN-YPMHNXCESA-N	COc1cc(N)c(Cl)cc1C(=O)N[C@@H]1CCNC[C@@H]1OC	chembl_phase2	CHEMBL2107465	CC BY-SA 3.0	2026-09-25	313.79	1.037	3	5	85.61	4	21	41	2	0.5	0	0	0	
screen	XUZMWHLSFXCVMG-UHFFFAOYSA-N	CCS(=O)(=O)N1CC(CC#N)(n2cc(-c3ncnc4[nH]ccc34)cn2)C1	chembl_approved	CHEMBL2105759	CC BY-SA 3.0	2026-09-25	371.43	1.096	1	6	120.56	5	26	43	4	0.375	0	0	0	
screen	OINXXHYENYVYPB-UHFFFAOYSA-N	Oc1ccccc1-c1nnco1	chembl_phase2	CHEMBL1903897	CC BY-SA 3.0	2026-09-25	162.15	1.442	1	4	59.15	1	12	18	2	0.0	0	0	0	
screen	SGTNSNPWRIOYBX-HHHXNRCGSA-N	COc1ccc(CCN(C)CCC[C@](C#N)(c2ccc(OC)c(OC)c2)C(C)C)cc1OC	chembl_phase2	CHEMBL197	CC BY-SA 3.0	2026-09-25	454.61	5.093	0	6	63.95	13	33	71	2	0.519	0	1	0	
screen	ZEUITGRIYCTCEM-KRWDZBQOSA-N	CNCC[C@H](Oc1cccc2ccccc12)c1cccs1	chembl_approved	CHEMBL1175	CC BY-SA 3.0	2026-09-25	297.42	4.631	1	3	21.26	6	21	40	3	0.222	0	0	0	chembl_approved:CHEMBL1200328
screen	LHIALLMPKJMSIQ-NSCUHMNNSA-N	Cn1c([N+](=O)[O-])cnc1/C=C/c1ccnc(N)n1	chembl_phase2	CHEMBL134920	CC BY-SA 3.0	2026-09-25	246.23	0.871	1	6	112.76	3	18	28	2	0.1	0	0	0	
screen	KJSGTWFWVTYPFZ-AWEZNQCLSA-N	CCS(=O)(=O)c1ccc(Oc2cc(O[C@@H](C)CO)cc(C(=O)Nc3ccn(C)n3)c2)cn1	chembl_phase2	CHEMBL3580737	CC BY-SA 3.0	2026-09-25	460.51	2.413	2	8	132.64	9	32	56	3	0.286	0	0	0	chembl_phase2:CHEMBL4297302
screen	JDOZJEUDSLGTLU-VWUMJDOOSA-N	C[C@]12C=CC(=O)C=C1CC[C@@H]1[C@@H]2[C@@H](O)C[C@@]2(C)[C@H]1CC[C@]2(O)C(=O)COP(=O)(O)O	chembl_approved	CHEMBL1201231	CC BY-SA 3.0	2026-09-25	440.43	1.675	4	6	141.36	4	30	59	4	0.714	0	0	0	
screen	FLGJKPPXEKYCBY-AKCFYGDASA-N	C#C[C@]1(OC(C)=O)CC[C@H]2[C@@H]3CC=C4C=C(OC5CCCC5)CC[C@@H]4[C@H]3CC[C@@]21C	chembl_phase2	CHEMBL2105291	CC BY-SA 3.0	2026-09-25	408.58	5.947	0	3	35.53	3	30	66	5	0.741	0	1	0	
screen	DUYJMQONPNNFPI-VPYROQPTSA-N	[2H]C([2H])([2H])n1cc(-c2ccnc(Nc3cc(NC(=O)C=C)c(N(C)CCN(C)C)cc3OC)n2)c2ccccc21	chembl_phase2	CHEMBL6068008	CC BY-SA 3.0	2026-09-25	502.64	4.51	2	7	87.55	10	37	70	4	0.25	0	1	0	
screen	BFPSDSIWYFKGBC-UHFFFAOYSA-N	COc1ccc(C(Cl)=C(c2ccc(OC)cc2)c2ccc(OC)cc2)cc1	chembl_approved	CHEMBL1200761	CC BY-SA 3.0	2026-09-25	380.87	5.868	0	3	27.69	6	27	48	3	0.13	0	1	0	
screen	YTLQFZVCLXFFRK-UHFFFAOYSA-N	c1ccc(Cc2nc3ccccc3[nH]2)cc1	chembl_phase2	CHEMBL355063	CC BY-SA 3.0	2026-09-25	208.26	3.154	1	1	28.68	2	16	28	3	0.071	0	0	0	
screen	WDSCBUNMANHPFH-UHFFFAOYSA-N	CC(=O)NCCCCCC(=O)O	chembl_phase3	CHEMBL2105922	CC BY-SA 3.0	2026-09-25	173.21	0.767	2	2	66.4	6	12	27	0	0.75	0	0	1	
screen	HNRWGYDMTRPLCQ-SNVBAGLBSA-N	O=C1CC[C@@H](Oc2cc(Cl)c(-c3noc(-c4cn5cc(C(F)(F)F)cc(Cl)c5n4)n3)cc2Cl)CN1	chembl_phase2	CHEMBL5314488	CC BY-SA 3.0	2026-09-25	546.72	5.688	1	6	94.55	4	35	48	5	0.238	0	2	0	
screen	ALAXZYHFVBSJKZ-UHFFFAOYSA-N	N/N=c1/cc2c(n[nH]1)CCN(C(=O)c1ccccc1)C2	chembl_phase2	CHEMBL254193	CC BY-SA 3.0	2026-09-25	269.31	0.383	2	4	87.37	1	20	35	3	0.214	0	0	0	
screen	XIIOFHFUYBLOLW-UHFFFAOYSA-N	COc1ccc(CN2C3CC2CN(c2ccc(-c4cc(OCC(C)(C)O)cn5ncc(C#N)c45)cn2)C3)cn1	chembl_approved	CHEMBL4559134	CC BY-SA 3.0	2026-09-25	525.61	3.284	1	9	112.04	8	39	70	7	0.379	0	1	0	
screen	QSXXLDDWVCEBFP-UHFFFAOYSA-N	CCOCn1cnc2c1c(=O)n(CCCCC(C)(C)O)c(=O)n2C	chembl_phase2	CHEMBL2104934	CC BY-SA 3.0	2026-09-25	338.41	0.832	1	5	91.28	8	24	50	2	0.688	0	0	0	
screen	NDTYTMIUWGWIMO-SNVBAGLBSA-N	C=C(C)[C@@H]1CC=C(CO)CC1	chembl_phase2	CHEMBL236687	CC BY-SA 3.0	2026-09-25	152.24	2.281	1	1	20.23	2	11	27	1	0.6	0	0	1	
screen	WAAVMZLJRXYRMA-UHFFFAOYSA-N	CC(C)(C)c1cc(C(=O)c2cccs2)cc(C(C)(C)C)c1O	chembl_phase2	CHEMBL8846	CC BY-SA 3.0	2026-09-25	316.47	5.28	1	3	37.3	2	22	46	2	0.421	0	1	0	
screen	HYBAKUMPISVZQP-DEOSSOPVSA-N	N#Cc1ccc(COc2cccc(C3CCN(Cc4nc5ccc(C(=O)O)cc5n4C[C@@H]4CCO4)CC3)n2)c(F)c1	chembl_phase1	CHEMBL4650218	CC BY-SA 3.0	2026-09-25	555.61	4.888	1	7	113.5	9	41	71	6	0.355	0	1	0	chembl_phase2:CHEMBL4518483
screen	WWRKIQZKFGMESZ-SFUJAXRZSA-N	CN(C)C(=O)N1C[C@@H]2C[C@@](C)(NCC(=O)N3C[C@@H](F)C[C@H]3C#N)C[C@@H]2C1	chembl_phase2	CHEMBL4297430	CC BY-SA 3.0	2026-09-25	365.45	0.821	1	4	79.68	3	26	54	3	0.833	0	0	0	chembl_phase2:CHEMBL4300558
screen	UMILHIMHKXVDGH-UHFFFAOYSA-N	C(COCCOCC1CO1)OCCOCC1CO1	chembl_phase2	CHEMBL460287	CC BY-SA 3.0	2026-09-25	262.3	-0.15	0	6	61.98	13	18	40	2	1.0	0	0	0	
screen	ROHFNLRQFUQHCH-YFKPBYRVSA-N	CC(C)C[C@H](N)C(=O)O	chembl_phase3	CHEMBL291962	CC BY-SA 3.0	2026-09-25	131.18	0.444	2	2	63.32	3	9	22	0	0.833	0	0	1	
screen	UCQFSGCWHRTMGG-UHFFFAOYSA-N	N=C(N)n1cccn1	chembl_phase2	CHEMBL503356	CC BY-SA 3.0	2026-09-25	110.12	-0.375	2	2	67.69	0	8	14	1	0.0	0	0	1	
screen	APVPOHHVBBYQAV-UHFFFAOYSA-N	CCCCCCCCCCCCCCCCCC(=O)NS(=O)(=O)c1ccc(N)cc1	chembl_phase2	CHEMBL2107508	CC BY-SA 3.0	2026-09-25	438.68	6.335	2	4	89.26	18	30	72	1	0.708	0	1	0	
screen	KYIAWOXNPBANEW-UHFFFAOYSA-N	CC(O)CN(C)c1ccc(NN)nn1	chembl_phase2	CHEMBL2107172	CC BY-SA 3.0	2026-09-25	197.24	-0.421	3	6	87.3	4	14	29	1	0.5	0	0	0	
screen	AEFFENQISAXIKE-UHFFFAOYSA-N	CC1=Nc2c(F)cc(-c3nc(Nc4ccc(C5CCN(C)CC5)cn4)ncc3F)cc2C12CCCC2	chembl_phase2	CHEMBL4277900	CC BY-SA 3.0	2026-09-25	488.59	6.287	1	6	66.3	4	36	66	6	0.429	0	1	0	
screen	UQZVCDCIMBLVNR-TWYODKAFSA-N	CS(=O)(=O)NC(=O)CCC/C=C\C[C@H]1C(=O)C[C@@H](O)[C@@H]1/C=C/[C@@H](O)COc1ccccc1	chembl_phase2	CHEMBL1472830	CC BY-SA 3.0	2026-09-25	465.57	1.741	3	7	130.0	12	32	63	2	0.478	0	0	0	
screen	WFWLQNSHRPWKFK-UHFFFAOYSA-N	O=c1[nH]c(=O)n(C2CCCO2)cc1F	chembl_approved	CHEMBL20883	CC BY-SA 3.0	2026-09-25	200.17	-0.015	1	3	64.09	1	14	23	2	0.5	0	0	1	
screen	IDKAKZRYYDCJDU-HBMMIIHUSA-N	CC(C)(C)C[C@@H]1N[C@@H](C(=O)N[C@H]2CC[C@H](O)CC2)[C@H](c2cccc(Cl)c2F)[C@]12C(=O)Nc1cc(Cl)ccc12	chembl_phase1	CHEMBL2381408	CC BY-SA 3.0	2026-09-25	562.51	5.303	4	4	90.46	4	38	72	5	0.517	0	2	0	
screen	OCJRRXHWPBXZSU-BNCZGPJRSA-N	CCOC(=O)[C@H](C)N[P@](=O)(CO[C@@H]1C=C(F)[C@H](n2cnc3c(N)ncnc32)O1)Oc1ccccc1	chembl_phase1	CHEMBL4594289	CC BY-SA 3.0	2026-09-25	506.43	2.904	2	10	152.71	10	35	59	4	0.333	0	1	0	chembl_phase2:CHEMBL4594257
screen	OBUIQEYZGMZXPJ-NPQHDNJNSA-N	CC[C@H]1OC(=O)C[C@@H](O)[C@H](C)[C@@H](O[C@@H]2O[C@H](C)C[C@H](N(C)C)[C@H]2O)[C@@H](CC=O)C[C@@H](C)C(=O)/C=C/C(C)=C/[C@@H]1C	chembl_phase2	CHEMBL3138624	CC BY-SA 3.0	2026-09-25	565.75	3.459	2	9	122.6	6	40	91	2	0.774	0	1	0	
screen	UQLLWWBDSUHNEB-CZUORRHYSA-N	CC(=O)OCC1=C(C(=O)O)N2C(=O)[C@@H](NC(=O)CSc3ccncc3)[C@H]2SC1	chembl_approved	CHEMBL1599	CC BY-SA 3.0	2026-09-25	423.47	0.475	2	8	125.9	7	28	45	3	0.353	0	0	0	
screen	BISPBXFUKNXOQY-RITPCOANSA-M	CC1=C[C@@H]2CN(C(=O)N2OS(=O)(=O)[O-])[C@@H]1C(N)=O	chembl_approved	CHEMBL4297378	CC BY-SA 3.0	2026-09-25	276.25	-1.702	1	6	133.07	3	18	28	2	0.5	0	0	0	
screen	KCWZGJVSDFYRIX-YFKPBYRVSA-N	COC(=O)[C@@H](N)CCCNC(=N)N[N+](=O)[O-]	chembl_phase2	CHEMBL7890	CC BY-SA 3.0	2026-09-25	233.23	-1.427	4	6	143.37	6	16	31	0	0.714	0	0	0	
screen	MNEOHCYSHVKLIC-UHFFFAOYSA-N	O=C(O)CC1CCN(C(=O)c2ccc(Cl)c(Cn3ccc4cc(C(F)(F)F)cc(Cl)c43)c2Cl)CC1	chembl_phase2	CHEMBL5095174	CC BY-SA 3.0	2026-09-25	547.79	6.996	1	2	62.54	5	35	55	4	0.333	0	2	0	
screen	LUOUCHOLMUUZBO-SVSXJNCISA-N	CCOC(=O)Oc1ccc(/C=C/C=C/C(=O)NCCN2CCC(OC(c3ccccc3)c3ccccc3)CC2)cc1OC	chembl_phase2	CHEMBL314338	CC BY-SA 3.0	2026-09-25	584.71	6.187	1	7	86.33	13	43	83	4	0.314	0	2	0	
screen	ABAPCYNTEPGBNJ-FTGAXOIBSA-N	C[C@@H](O)[C@@H](C(N)=O)N1C[C@@]2(CCCN2C(=O)OC(C)(C)C)C1=O	chembl_phase2	CHEMBL5314944	CC BY-SA 3.0	2026-09-25	327.38	-0.167	2	5	113.17	3	23	48	2	0.8	0	0	0	
screen	GXTVPHUMJMZDSF-UHFFFAOYSA-N	C1=NC(c2cccnc2)CC1	chembl_phase2	CHEMBL6068056	CC BY-SA 3.0	2026-09-25	146.19	1.987	0	2	25.25	1	11	21	2	0.333	0	0	1	
screen	PCKYITPVOLEZKL-UHFFFAOYSA-N	COc1cc2c(Oc3ccc(NC(=O)C4(C(=O)Nc5ccc(F)cc5)CC4)cc3F)ccnc2cc1OCCCCCC(=O)O	chembl_phase2	CHEMBL5314510	CC BY-SA 3.0	2026-09-25	619.62	6.695	3	7	136.08	14	45	76	5	0.273	0	2	0	
screen	ANEBWFXPVPTEET-UHFFFAOYSA-N	COC(=O)C1=C(C)NC(C)=C(C(=O)OCCN2CCN(C(c3ccccc3)c3ccccc3)CC2)C1c1cccc([N+](=O)[O-])c1	chembl_phase3	CHEMBL1085699	CC BY-SA 3.0	2026-09-25	610.71	4.953	1	9	114.25	10	45	83	5	0.314	0	1	0	
screen	JAYVKNDQKXUNOJ-UHFFFAOYSA-N	COc1ccc(C(=O)Nc2ccc(S(=O)(=O)NC(CC#CCN3CCOCC3)C(=O)O)cc2)cc1	chembl_phase2	CHEMBL4297318	CC BY-SA 3.0	2026-09-25	501.56	1.405	3	7	134.27	9	35	62	3	0.333	0	1	0	
screen	PZBCKZWLPGJMAO-UHFFFAOYSA-N	COc1c(OCCCN2CCOCC2)ccc2c1N=C(NC(=O)c1cnc(N)nc1)N1CCN=C21	chembl_approved	CHEMBL3218576	CC BY-SA 3.0	2026-09-25	480.53	0.662	2	11	139.79	7	35	63	5	0.435	0	1	0	chembl_approved:CHEMBL3545068
screen	RYAYYVTWKAOAJF-QISPRATLSA-N	CC1(C)CCC2(CC1)N[C@@H](C(=O)N[C@@H]1CC[C@@H](C(N)=O)OC1)[C@H](c1ccnc(Cl)c1F)[C@]21C(=O)Nc2cc(Cl)ccc21	chembl_phase1	CHEMBL4297374	CC BY-SA 3.0	2026-09-25	618.54	3.961	4	6	135.44	4	42	76	6	0.533	0	1	0	chembl_phase3:CHEMBL4292264
screen	RLLPVAHGXHCWKJ-UHFFFAOYSA-N	CC1(C)C(C=C(Cl)Cl)C1C(=O)OCc1cccc(Oc2ccccc2)c1	chembl_approved	CHEMBL1525	CC BY-SA 3.0	2026-09-25	391.29	6.113	0	3	35.53	6	26	46	3	0.286	0	1	0	
screen	CEJLBZWIKQJOAT-UHFFFAOYSA-N	O=c1[nH]c(=O)n(Cl)c(=O)n1Cl	chembl_phase2	CHEMBL2111065	CC BY-SA 3.0	2026-09-25	197.97	-1.298	1	3	76.86	0	11	12	1	0.0	0	0	1	
screen	VFUXSYAXEKYYMB-UHFFFAOYSA-N	CCc1c(O)cc(O)c(C(=O)c2ccc(OCCN3CCOCC3)c(OC)c2)c1CC(=O)N(CCOC)CCOC	chembl_phase1	CHEMBL4297298	CC BY-SA 3.0	2026-09-25	574.67	2.275	2	10	127.23	16	41	83	3	0.533	0	1	0	chembl_phase1:CHEMBL4300557
screen	MAFACRSJGNJHCF-UHFFFAOYSA-N	COc1ccc(C)cc1NC(=O)Nc1nc2ccc(Nc3ncnc4cc(OCCCN5CCN(C)CC5)c(OC)cc34)cc2s1	chembl_phase1	CHEMBL5314406	CC BY-SA 3.0	2026-09-25	642.79	5.969	3	11	126.0	11	46	84	6	0.333	0	3	0	
screen	XOAAWQZATWQOTB-UHFFFAOYSA-N	NCCS(=O)(=O)O	chembl_phase3	CHEMBL239243	CC BY-SA 3.0	2026-09-25	125.15	-1.167	2	3	80.39	2	7	14	0	1.0	0	0	1	
screen	JHSLCXRZVJOZQZ-ZJUUUORDSA-N	CCOC(=O)C(C)(C)COS(=O)(=O)ON1C(=O)N2C[C@H]1CC[C@H]2C(N)=O	chembl_phase2	CHEMBL4284604	CC BY-SA 3.0	2026-09-25	393.42	-0.477	1	8	145.54	8	26	49	2	0.786	0	0	0	
screen	MAJFXTGRPADJLU-UHFFFAOYSA-N	CC[N+](C)(CC)CCSC1=Nc2ccccc2N=C(c2ccc(Sc3ccccc3)cc2)C1	chembl_phase2	CHEMBL2107065	CC BY-SA 3.0	2026-09-25	474.72	7.612	0	4	24.72	8	33	65	4	0.286	0	1	0	chembl_phase2:CHEMBL2111016
screen	XEFQLINVKFYRCS-UHFFFAOYSA-N	Oc1cc(Cl)ccc1Oc1ccc(Cl)cc1Cl	chembl_approved	CHEMBL849	CC BY-SA 3.0	2026-09-25	289.54	5.145	1	2	29.46	2	17	24	2	0.0	0	1	0	
screen	OFVLGDICTFRJMM-WESIUVDSSA-N	CN(C)[C@@H]1C(O)=C(C(N)=O)C(=O)[C@@]2(O)C(O)=C3C(=O)c4c(O)cccc4[C@@](C)(O)[C@H]3C[C@@H]12	chembl_approved	CHEMBL1440	CC BY-SA 3.0	2026-09-25	444.44	-0.214	6	9	181.62	2	32	56	4	0.409	0	1	0	chembl_approved:CHEMBL454950;chembl_approved:CHEMBL1201071
screen	CYDRXTMLKJDRQH-UHFFFAOYSA-N	CCCCCCCCCCCC[N+](C)(C)Cc1ccccc1	chembl_phase2	CHEMBL1885899	CC BY-SA 3.0	2026-09-25	304.54	6.184	0	0	0.0	13	22	60	1	0.714	0	1	0	chembl_phase2:CHEMBL1907001
screen	AWSWJRUMDBPELJ-UHFFFAOYSA-N	Cc1ncc([N+](=O)[O-])n1CCOC(=O)CN(CC(=O)O)CC(=O)OCCn1c([N+](=O)[O-])cnc1C	chembl_phase2	CHEMBL4303058	CC BY-SA 3.0	2026-09-25	497.42	-0.314	1	12	215.06	14	35	58	2	0.5	0	1	0	
screen	KSCFJBIXMNOVSH-UHFFFAOYSA-N	Cn1c(=O)c2c(ncn2CC(O)CO)n(C)c1=O	chembl_approved	CHEMBL1752	CC BY-SA 3.0	2026-09-25	254.25	-2.213	2	5	102.28	3	18	32	2	0.5	0	0	0	
screen	NNDHDYDFEDRMGH-ZPGZUGTNSA-N	CCN1C[C@]2(COC(=O)c3ccccc3N)CC[C@H](OC)[C@]34C5C[C@@H]6[C@@H](OC)C[C@@](O)(C5[C@H]6OC)[C@@](O)(C13)[C@@H](OC)C24	chembl_phase1	CHEMBL359227	CC BY-SA 3.0	2026-09-25	586.73	1.718	3	10	132.94	8	42	88	7	0.781	0	1	0	
screen	AJDSHXKJJDQZCJ-UHFFFAOYSA-N	CN(C)CCC(c1ccccc1)C1CCCCC1	chembl_phase2	CHEMBL2106747	CC BY-SA 3.0	2026-09-25	245.41	4.302	0	1	3.24	5	18	45	2	0.647	0	0	0	
screen	AUNGANRZJHBGPY-SCRDCRAPSA-N	Cc1cc2nc3c(=O)[nH]c(=O)nc-3n(C[C@H](O)[C@H](O)[C@H](O)CO)c2cc1C	chembl_approved	CHEMBL1534	CC BY-SA 3.0	2026-09-25	376.37	-1.724	5	8	161.56	5	27	47	3	0.412	0	0	0	
screen	WNEODWDFDXWOLU-QHCPKHFHSA-N	C[C@H]1CN(C2COC2)CCN1c1ccc(Nc2cc(-c3ccnc(N4CCn5c(cc6c5CC(C)(C)C6)C4=O)c3CO)cn(C)c2=O)nc1	chembl_phase3	CHEMBL4065122	CC BY-SA 3.0	2026-09-25	664.81	3.574	2	9	120.99	7	49	93	8	0.459	0	1	0	
screen	KRKNYBCHXYNGOX-UHFFFAOYSA-M	O=C([O-])CC(O)(CC(=O)O)C(=O)O	chembl_phase2	CHEMBL4650302	CC BY-SA 3.0	2026-09-25	191.11	-2.583	3	5	134.96	5	13	20	0	0.5	0	0	0	
screen	GLDSBTCHEGZWCV-NVDFJPPOSA-N	CC[C@]12CN3CCc4c([nH]c5ccccc45)[C@@](C(=O)OC)(c4cc5c(cc4OC)N(C=O)[C@H]4[C@@](O)(C(=O)OC)[C@H](OC(C)=O)[C@]6(CC)C=CCN7CC[C@]54[C@@H]76)C[C@@H](C3)[C@H]1O2	chembl_phase2	CHEMBL3989836	CC BY-SA 3.0	2026-09-25	822.96	3.534	2	12	163.47	8	60	114	10	0.565	0	2	0	
screen	YETULFFXNIHQLK-UHFFFAOYSA-N	C#Cc1ccc(-c2ccccc2F)cc1	chembl_phase2	CHEMBL2106321	CC BY-SA 3.0	2026-09-25	196.22	3.474	0	0	0.0	1	15	24	2	0.0	0	0	0	
screen	KXNPVXPOPUZYGB-IOVMHBDKSA-N	CC1CNc2c(cccc2S(=O)(=O)N[C@@H](CCCNC(=N)N)C(=O)N2CC[C@@H](C)C[C@@H]2C(=O)O)C1	chembl_approved	CHEMBL1166	CC BY-SA 3.0	2026-09-25	508.65	0.913	6	6	177.71	9	35	71	3	0.609	0	2	0	
screen	OPVPGKGADVGKTG-BQBZGAKWSA-N	CC(=O)N[C@@H](CC(=O)O)C(=O)N[C@@H](CCC(=O)O)C(=O)O	chembl_phase2	CHEMBL1329032	CC BY-SA 3.0	2026-09-25	304.25	-1.6	5	5	170.1	9	21	37	0	0.545	0	0	0	
screen	FIOAEFCJGZJUPW-ODFYUTSGSA-N	CC(C)CCC[C@@H](C)[C@H]1CC[C@H]2[C@@H]3CC=C4C[C@@H](O)CC[C@]4(C[131I])[C@H]3CC[C@]12C	chembl_phase2	CHEMBL2105011	CC BY-SA 3.0	2026-09-25	516.56	7.804	1	1	20.23	6	29	74	4	0.926	0	2	0	
screen	QUIJNHUBAXPXFS-XLJNKUFUSA-N	COc1nc2ccc(Br)cc2cc1[C@@H](c1ccccc1)[C@@](O)(CCN(C)C)c1cccc2ccccc12	chembl_approved	CHEMBL376488	CC BY-SA 3.0	2026-09-25	555.52	7.131	1	4	45.59	8	37	68	5	0.219	0	2	0	chembl_approved:CHEMBL2105700
screen	XBUXXJUEBFDQHD-NHCUHLMSSA-N	O=C(O)c1ccc([C@H]2C[C@@H]2c2ccc(OCc3c(-c4c(Cl)cccc4Cl)noc3C3CC3)cc2Cl)cc1	chembl_phase2	CHEMBL3822773	CC BY-SA 3.0	2026-09-25	554.86	8.728	1	4	72.56	8	37	59	6	0.241	0	2	0	
screen	FBPFZTCFMRRESA-KVTDHHQDSA-N	OC[C@@H](O)[C@@H](O)[C@H](O)[C@H](O)CO	chembl_approved	CHEMBL689	CC BY-SA 3.0	2026-09-25	182.17	-3.585	6	6	121.38	5	12	26	0	1.0	0	1	0	
screen	LPUDGHQMOAHMMF-JBACZVJFSA-N	CS(=O)(=O)N[C@@H](CCCCN)C(=O)NC[C@H](CC1(C(=O)N[C@@H](Cc2ccc(O)cc2)C(=O)O)CCCC1)C(=O)O	chembl_phase2	CHEMBL42583	CC BY-SA 3.0	2026-09-25	584.69	0.318	7	8	225.22	17	40	80	2	0.615	0	2	0	
screen	NJXZWIIMWNEOGJ-WEWKHQNJSA-N	COc1ccc(S(=O)(=O)N2C(=O)[C@@](c3ccccc3OC)(N3C[C@H](O)C[C@H]3C(=O)N(C)C)c3cc(Cl)ccc32)c(OC)c1	chembl_phase2	CHEMBL582857	CC BY-SA 3.0	2026-09-25	630.12	2.868	1	9	125.92	8	43	75	5	0.333	0	1	0	
screen	AGURKSYKTJQPNA-UHFFFAOYSA-N	CCCCCC1(CCCCC)Cc2c(cc(C(C)(C)C)c(O)c2C(C)(C)C)O1	chembl_phase2	CHEMBL104186	CC BY-SA 3.0	2026-09-25	388.64	7.822	1	2	29.46	8	28	72	2	0.769	0	1	0	
screen	XSPUSVIQHBDITA-RKYNPMAHSA-N	CO/N=C(\C(=O)N[C@@H]1C(=O)N2C(C(=O)O)=C(Cn3nnc(C)n3)CS[C@H]12)c1csc(N)n1	chembl_phase2	CHEMBL2105953	CC BY-SA 3.0	2026-09-25	479.5	-1.19	3	12	190.81	7	32	49	4	0.375	0	1	0	
screen	SILHYVDKGHXGBL-UHFFFAOYSA-N	Cc1c(F)cccc1CCCCOc1ccc(C#Cc2ccc(F)c3c(CCCC(=O)O)c(C)n(CCCC(=O)O)c23)cc1	chembl_phase2	CHEMBL3597634	CC BY-SA 3.0	2026-09-25	601.69	7.61	2	3	88.76	14	44	81	4	0.333	0	2	0	
screen	ZKIDWWQMNXGYHV-BYJSBFAFSA-N	CC1=C[C@@H]2[C@H]([C@@H](O)C[C@@]3(C)[C@H]2C[C@@H](C)[C@]3(O)C(=O)COC(=O)c2cccc(S(=O)(=O)O)c2)[C@@]2(C)Cc3cnn(-c4ccccc4)c3C=C12	chembl_phase2	CHEMBL2106054	CC BY-SA 3.0	2026-09-25	672.8	4.841	3	8	156.02	6	48	88	7	0.432	0	1	0	
screen	VSEIDZLLWQQJGK-BRXYURPTSA-N	C=Cc1c(C)c2cc3nc(c(CC(=O)N[C@@H](CC(=O)O)C(=O)O)c4[nH]c(cc5nc(cc1[nH]2)C(C)=C5CC)c(C)c4C(=O)O)[C@@H](CCC(=O)O)[C@@H]3C	chembl_approved	CHEMBL2111186	CC BY-SA 3.0	2026-09-25	711.77	5.952	7	7	235.66	12	52	93	5	0.342	0	3	0	
screen	PJZPDFUUXKKDNB-KNINVFKUSA-N	COc1ccc2c(O[C@@H]3C[C@H]4C(=O)N[C@]5(C(=O)O)C[C@H]5/C=C\CCCCC[C@H](NC(=O)OC5CCCC5)C(=O)N4C3)cc(-c3csc(NC(C)C)n3)nc2c1	chembl_phase2	CHEMBL297884	CC BY-SA 3.0	2026-09-25	774.94	6.053	4	11	181.31	9	55	105	7	0.55	0	3	0	
screen	JNSMRGMLNPEWLR-PDCLSYJBSA-N	C[C@@H](O)[C@H]1C(=O)N2C(C(=O)O)=C(S[C@@H]3CN[C@H](C(=O)NCc4ccc(S(N)(=O)=O)cc4)C3)[C@H](C)[C@H]12	chembl_phase2	CHEMBL5095168	CC BY-SA 3.0	2026-09-25	524.62	-0.432	5	8	179.13	8	35	63	4	0.5	0	1	0	
screen	XVQUOJBERHHONY-SECBINFHSA-N	CN[C@H](C)CCC=C(C)C	chembl_phase2	CHEMBL1476245	CC BY-SA 3.0	2026-09-25	141.26	2.341	1	1	12.03	4	10	29	0	0.778	0	0	1	
screen	DVJAMEIQRSHVKC-BDAKNGLRSA-N	O=C(CN[C@@H]1CCNC1)N1CCC[C@H]1B(O)O	chembl_phase3	CHEMBL4296719	CC BY-SA 3.0	2026-09-25	241.1	-2.059	4	5	84.83	4	17	37	2	0.9	0	0	0	chembl_phase3:CHEMBL4297203
screen	DZMVCVHATYROOS-ZBFGKEHZSA-N	CC[C@H](C)[C@@H]([C@@H](CC(=O)N1CCC[C@H]1[C@H](OC)[C@@H](C)C(=O)NCCc1ccccc1)OC)N(C)C(=O)[C@@H](NC(=O)[C@H](C(C)C)N(C)C)C(C)C	chembl_phase2	CHEMBL3989512	CC BY-SA 3.0	2026-09-25	701.99	3.993	2	7	120.52	20	50	117	2	0.744	0	1	0	
screen	GGGDNPWHMNJRFN-UHFFFAOYSA-M	CC(=O)Nc1c(I)c(C(=O)[O-])c(I)c(N(C)C(C)=O)c1I	chembl_approved	CHEMBL1200423	CC BY-SA 3.0	2026-09-25	626.93	1.805	1	4	89.54	3	21	31	1	0.25	0	1	0	chembl_approved:CHEMBL2068723;chembl_approved:CHEMBL2364738
screen	JWCSIUVGFCSJCK-CAVRMKNVSA-N	CO[C@@]1(NC(=O)C(C(=O)O)c2ccc(O)cc2)C(=O)N2C(C(=O)O)=C(CSc3nnnn3C)CO[C@@H]21	chembl_approved	CHEMBL74632	CC BY-SA 3.0	2026-09-25	520.48	-1.128	4	11	206.3	9	36	56	4	0.35	0	2	0	
screen	STPKWKPURVSAJF-LJEWAXOPSA-N	CCCCC1(CCCC)CS(=O)(=O)c2ccc(N(C)C)cc2[C@@H](c2ccc(OCc3ccc(C[N+]45CCN(CC4)CC5)cc3)cc2)[C@H]1O	chembl_approved	CHEMBL17879	CC BY-SA 3.0	2026-09-25	674.97	6.625	1	6	70.08	13	48	104	7	0.55	0	2	0	chembl_approved:CHEMBL363392
screen	ULGZDMOVFRHVEP-RWJQBGPGSA-N	CC[C@H]1OC(=O)[C@H](C)[C@@H](O[C@H]2C[C@@](C)(OC)[C@@H](O)[C@H](C)O2)[C@H](C)[C@@H](O[C@@H]2O[C@H](C)C[C@H](N(C)C)[C@H]2O)[C@](C)(O)C[C@@H](C)C(=O)[C@H](C)[C@@H](O)[C@]1(C)O	chembl_approved	CHEMBL532	CC BY-SA 3.0	2026-09-25	733.94	1.786	5	14	193.91	7	51	118	3	0.946	0	2	0	chembl_approved:CHEMBL1200510
screen	POPWFGNRCCUJGU-RSSVFQIBSA-N	C[C@@H]1C[C@@]2(C)[C@@H](CC[C@@H]3[C@@H]2CC[C@@]2(C)[C@H]3CC[C@]2(C)O)C/C1=N\N=C1/C[C@@H]2CC[C@@H]3[C@H](CC[C@@]4(C)[C@H]3CC[C@]4(C)O)[C@@]2(C)C[C@H]1C	chembl_phase2	CHEMBL2104416	CC BY-SA 3.0	2026-09-25	633.02	9.863	2	4	65.18	1	46	114	8	0.952	0	2	0	
screen	RSBPYSTVZQAADE-RQJHMYQMSA-N	NCCONC(=O)[C@@H]1CC[C@@H]2CN1C(=O)N2OS(=O)(=O)O	chembl_phase3	CHEMBL3989959	CC BY-SA 3.0	2026-09-25	324.31	-2.004	3	7	151.5	6	21	37	2	0.778	0	0	0	
screen	IYJMSDVSVHDVGT-PEQKVOOWSA-N	CO[C@H]1[C@@H](O)C[C@H](O[C@H]2[C@@H](O)C[C@H](O[C@H]3[C@@H](O)C[C@H](O[C@H]4CC[C@@]5(C)[C@H](CC[C@@H]6[C@@H]5C[C@@H](O)[C@]5(C)[C@@H](C7=CC(=O)OC7)CC[C@]65O)C4)O[C@@H]3C)O[C@@H]2C)O[C@@H]1C	chembl_phase2	CHEMBL1697843	CC BY-SA 3.0	2026-09-25	794.98	2.872	5	14	192.06	8	56	122	8	0.929	0	2	0	
screen	QTBMDDQRDDABNC-UHFFFAOYSA-N	CCCCOP(=O)(CC(CCOc1ccccc1)CP(=O)(OCCCC)OCCCC)OCCCC	chembl_phase2	CHEMBL2103776	CC BY-SA 3.0	2026-09-25	548.64	8.725	0	7	80.29	24	36	86	1	0.778	0	2	0	
screen	VWUXBMIQPBEWFH-WCCTWKNTSA-N	C[C@]12CC[C@@H]3c4ccc(O)cc4C[C@@H](CCCCCCCCC[S+]([O-])CCCC(F)(F)C(F)(F)F)[C@H]3[C@@H]1CC[C@@H]2O	chembl_approved	CHEMBL1358	CC BY-SA 3.0	2026-09-25	606.78	8.683	2	3	63.52	14	41	88	4	0.812	0	2	0	
screen	JQXVCGMANURRRW-UHFFFAOYSA-N	O=C1c2cc(-c3ccc(CN4CCCC4)cc3)c3c4c(cc(NCCN5CCCC5)c(c24)C(=O)N1CCCN1CCOCC1)C(=O)N(CCCN1CCOCC1)C3=O	chembl_phase1	CHEMBL4640542	CC BY-SA 3.0	2026-09-25	791.99	4.247	1	11	118.21	15	58	115	9	0.556	0	2	0	
screen	DXOJIXGRFSHVKA-BZVZGCBYSA-N	CC(=O)O[C@H]1C(=O)[C@]23C[C@H]2C[C@H]2OC[C@@]2(OC(C)=O)[C@H]3[C@H](OC(=O)c2ccccc2)[C@]2(O)C[C@H](OC(=O)[C@H](O)[C@@H](NC(=O)OC(C)(C)C)c3ccccc3)C(C)=C1C2(C)C	chembl_phase3	CHEMBL4279455	CC BY-SA 3.0	2026-09-25	831.91	4.47	3	14	210.29	9	60	113	7	0.556	0	2	0	
screen	DSLZVSRJTYRBFB-AJSXGEPRSA-N	O=C(O)[C@@H](O)[C@H](O)[C@@H](O)[C@@H](O)C(=O)O	chembl_phase2	CHEMBL3707373	CC BY-SA 3.0	2026-09-25	210.14	-3.401	6	6	155.52	5	14	24	0	0.667	0	1	0	
screen	KUQWGLQLLVFLSM-ONAXAZCASA-N	CC[C@@H]1C[C@]1(NC(=O)[C@@H]1C[C@@H]2CN1C(=O)[C@H](C(C)(C)C)NC(=O)OCC(C)(C)CCCCc1cccc3c1CN(C3)C(=O)O2)C(=O)NS(=O)(=O)C1CC1	chembl_phase3	CHEMBL4525964	CC BY-SA 3.0	2026-09-25	757.95	3.895	3	9	180.52	6	53	108	6	0.711	0	1	0	
screen	KSKLDMGKWDUQCT-DNQXCXABSA-N	O=C(OCOC(=O)[C@H]1CCCN1C(=O)CCCCC(=O)N1CCC[C@@H]1C(=O)OCOC(=O)OC1CCOCC1)OC1CCOCC1	chembl_phase1	CHEMBL6068552	CC BY-SA 3.0	2026-09-25	656.68	2.195	0	14	182.74	13	46	90	4	0.8	0	2	0	
screen	QYNUQALWYRSVHF-ABLWVSNPSA-L	Nc1nc(=O)c2c([nH]1)NCC1CN(c3ccc(C(=O)N[C@@H](CCC(=O)[O-])C(=O)[O-])cc3)CN21	chembl_phase3	CHEMBL2103811	CC BY-SA 3.0	2026-09-25	455.43	-3.191	4	11	199.64	7	33	54	4	0.35	0	1	0	
screen	OHKOGUYZJXTSFX-KZFFXBSXSA-L	CC1(C)S[C@@H]2[C@H](NC(=O)[C@H](C(=O)[O-])c3ccsc3)C(=O)N2[C@H]1C(=O)[O-]	chembl_approved	CHEMBL1200855	CC BY-SA 3.0	2026-09-25	382.42	-2.121	1	8	129.67	5	25	39	3	0.467	0	0	0	
screen	SNBUBQHDYVFSQF-HIFRSBDPSA-M	CO[C@@]1(NC(=O)CSCC#N)C(=O)N2C(C(=O)[O-])=C(CSc3nnnn3C)CS[C@@H]21	chembl_approved	CHEMBL1201118	CC BY-SA 3.0	2026-09-25	470.54	-2.063	1	12	166.16	9	30	46	3	0.533	0	1	0	
screen	LCTONWCANYUPML-UHFFFAOYSA-N	CC(=O)C(=O)O	chembl_phase2	CHEMBL1162144	CC BY-SA 3.0	2026-09-25	88.06	-0.34	1	2	54.37	1	6	10	0	0.333	0	0	1	
screen	TXHUMRBWIWWBGW-GVGNIZHQSA-N	CCCCCCCCCCC(=O)O[C@H]1CC[C@H]2[C@@H]3CCc4cc(O)ccc4[C@H]3CC[C@]12C	chembl_phase2	CHEMBL1697794	CC BY-SA 3.0	2026-09-25	440.67	7.691	1	3	46.53	10	32	76	4	0.759	0	1	0	
screen	HZIYEEMJNBKMJH-UHFFFAOYSA-N	Cc1ccccc1-c1cc(N2CC[N+](C)(COP(=O)([O-])O)CC2)ncc1N(C)C(=O)C(C)(C)c1cc(C(F)(F)F)cc(C(F)(F)F)c1	chembl_approved	CHEMBL3989917	CC BY-SA 3.0	2026-09-25	688.61	5.737	1	6	106.03	8	47	82	4	0.419	0	2	0	
screen	HHFIATHHSBFCBY-UHFFFAOYSA-N	CNC(=O)CNC(=O)c1c(I)c(NC(C)=O)c(I)c(C(=O)O)c1I	chembl_phase2	CHEMBL2105024	CC BY-SA 3.0	2026-09-25	670.97	1.633	4	4	124.6	5	24	36	1	0.231	0	1	0	
screen	FOYWNSCCNCUEPU-UHFFFAOYSA-N	OCCN(CCO)c1nc(N2CCCCC2)c2nc(N(CCO)CCO)ncc2n1	chembl_phase2	CHEMBL2106769	CC BY-SA 3.0	2026-09-25	421.5	-1.008	4	11	142.2	11	30	61	3	0.684	0	1	0	
screen	OKACKALPXHBEMA-UHFFFAOYSA-N	OC(OCC(COC(O)C(Cl)(Cl)Cl)(COC(O)C(Cl)(Cl)Cl)COC(O)C(Cl)(Cl)Cl)C(Cl)(Cl)Cl	chembl_phase2	CHEMBL2104857	CC BY-SA 3.0	2026-09-25	725.7	4.794	4	8	117.84	12	33	49	0	1.0	0	1	0	
screen	SECXISVLQFMRJM-UHFFFAOYSA-N	CN1CCCC1=O	chembl_phase1	CHEMBL12543	CC BY-SA 3.0	2026-09-25	99.13	0.239	0	1	20.31	0	7	16	1	0.8	0	0	1	
screen	FPUQGCOBYOXAED-UHFFFAOYSA-N	CCOC(=O)C(COC(=O)Cc1ccc(NC(=O)c2ccccc2-c2ccc(C(F)(F)F)cc2)c(C(=O)N(C)C)c1)(C(=O)OCC)c1ccccc1	chembl_phase2	CHEMBL4297618	CC BY-SA 3.0	2026-09-25	718.73	6.476	1	8	128.31	13	52	89	4	0.256	0	2	0	
screen	ZLNMZWDQJJAEAM-QPBDZWBWSA-N	O=C(N[C@H]1[C@H](OC(=O)c2cccnc2)O[C@H](COC(=O)c2cccnc2)[C@@H](OC(=O)c2cccnc2)[C@@H]1OC(=O)c1cccnc1)c1cccnc1	chembl_phase2	CHEMBL2106431	CC BY-SA 3.0	2026-09-25	704.65	2.65	1	15	207.98	11	52	80	6	0.167	0	2	0	
screen	FNDSQXMSCAOERP-UHFFFAOYSA-N	CCC(C(=O)OCC(COC(=O)C(CC)c1ccccc1)(COC(=O)C(CC)c1ccccc1)COC(=O)C(CC)c1ccccc1)c1ccccc1	chembl_phase2	CHEMBL2103934	CC BY-SA 3.0	2026-09-25	720.9	8.921	0	8	105.2	20	53	105	4	0.378	0	2	0	
screen	NRWORBQAOQVYBJ-GJZUVCINSA-M	CCOC(=O)N1c2ccc(C(F)(F)F)cc2[C@@H](N(Cc2cc(C(F)(F)F)cc(C(F)(F)F)c2)c2ncc(OCCCC(=O)[O-])cn2)C[C@H]1CC	chembl_phase1	CHEMBL6068417	CC BY-SA 3.0	2026-09-25	721.6	7.335	0	8	107.92	11	50	80	4	0.438	0	2	0	
screen	JWCSIUVGFCSJCK-CAVRMKNVSA-L	CO[C@@]1(NC(=O)C(C(=O)[O-])c2ccc(O)cc2)C(=O)N2C(C(=O)[O-])=C(CSc3nnnn3C)CO[C@@H]21	chembl_approved	CHEMBL1200357	CC BY-SA 3.0	2026-09-25	518.46	-3.797	2	13	211.96	9	36	54	4	0.35	0	2	0	
screen	GMJWGJSDPOAZTP-MIDYMNAOSA-N	COC(=O)O[C@@]12CO[C@@H]1C[C@H](O)[C@@]1(C)C(=O)[C@H](OC(C)=O)C3=C(C)[C@@H](OC(=O)[C@H](O)[C@@H](NC(=O)c4ccccc4)c4ccccc4)C[C@@](O)([C@@H](OC(=O)c4ccccc4)[C@H]21)C3(C)C	chembl_phase1	CHEMBL1096237	CC BY-SA 3.0	2026-09-25	869.92	3.956	4	15	230.52	10	63	114	7	0.447	0	2	0	
screen	DJSXNILVACEBLP-UHFFFAOYSA-J	N#Cc1c(N(CC(=O)[O-])CC(=O)[O-])sc(C(=O)[O-])c1CC(=O)[O-]	chembl_approved	CHEMBL3707306	CC BY-SA 3.0	2026-09-25	338.25	-5.418	0	11	187.55	8	23	29	1	0.25	0	1	0	
screen	CJCYTUJOSMYXLE-JDLSZIHUSA-N	CO[C@@H]1[C@H](OP(=O)(OC[C@H]2O[C@@H](n3cnc4c(N)ncnc43)C[C@@H]2O)SCOC(=O)OC(C)C)[C@@H](CO)O[C@H]1n1ccc(=O)[nH]c1=O	chembl_phase2	CHEMBL1076930	CC BY-SA 3.0	2026-09-25	703.62	0.274	4	18	263.69	13	47	81	5	0.6	0	2	0	
screen	XDMUFNNPLXHNKA-ZTESCHFWSA-N	C=C(C)[C@@H]1CC[C@]2(NCCN3CCS(=O)(=O)CC3)CC[C@]3(C)[C@H](CC[C@@H]4[C@@]5(C)CC=C(c6ccc(C(=O)O)cc6)C(C)(C)[C@@H]5CC[C@]43C)[C@@H]12	chembl_phase2	CHEMBL3827379	CC BY-SA 3.0	2026-09-25	691.04	8.108	2	5	86.71	7	49	111	7	0.738	0	2	0	
screen	HRWVXKVRSNICJQ-GMJIGYHYSA-N	CN(C)[C@@H]1C(O)=C(C(=O)NC(C(=O)O)N2CCN(CCO)CC2)C(=O)[C@@]2(O)C(O)=C3C(=O)c4c(O)cccc4[C@@](C)(O)[C@H]3C[C@@H]12	chembl_phase2	CHEMBL4297077	CC BY-SA 3.0	2026-09-25	630.65	-1.563	8	13	231.64	7	45	83	5	0.533	0	3	0	
screen	XATZHCXBMKRRDO-REHNUXHNSA-N	CN(C)[C@@H]1C(O)=C(C(=O)NCN2CCN(CCO)CC2)C(=O)[C@@]2(O)C(O)=C3C(=O)c4c(O)cccc4[C@@](C)(O)[C@H]3C[C@@H]12	chembl_phase2	CHEMBL2105824	CC BY-SA 3.0	2026-09-25	586.64	-1.016	7	12	194.34	6	42	80	5	0.552	0	3	0	chembl_phase2:CHEMBL3833378
screen	VMIYNXFWQJSJDA-UHFFFAOYSA-N	CCCCCCCCCCCCCCCC[N+](C)(CCCN1C(C)CCC1C)CCCN1C(C)CCC1C	chembl_phase2	CHEMBL2106964	CC BY-SA 3.0	2026-09-25	534.98	9.44	0	2	6.48	23	38	110	2	1.0	0	2	0	chembl_phase2:CHEMBL2110993
screen	HDFVMCZXNURVCU-UHFFFAOYSA-N	Cc1ccc(C(C)C)c(OCC[N+](C)(C)CCCCCCCCCC[N+](C)(C)CCOc2cc(C)ccc2C(C)C)c1	chembl_phase2	CHEMBL2106404	CC BY-SA 3.0	2026-09-25	582.96	9.282	0	2	18.46	21	42	108	2	0.684	0	2	0	chembl_phase2:CHEMBL2110872
screen	QPYJXFZUIJOGNX-HSUXUTPPSA-N	OC[C@H]1CNC[C@@H](O)[C@@H]1O	chembl_phase2	CHEMBL206468	CC BY-SA 3.0	2026-09-25	147.17	-2.08	4	4	72.72	1	10	23	1	1.0	0	0	0	
screen	JBYJTCVXUMWTJJ-YRCZKMHPSA-N	COC(=O)N[C@H](C(=O)N1CCC[C@H]1c1ncc(-c2ccc(-c3ccc(-c4cnc([C@@H]5CCCN5C(=O)[C@@H](NC(=O)OC)C(C)C)[nH]4)c4c3OCO4)cc2)[nH]1)C(C)C	chembl_phase2	CHEMBL6068007	CC BY-SA 3.0	2026-09-25	782.9	5.951	4	10	193.1	11	57	107	7	0.463	0	2	0	
screen	RGFBRLNVZCCMSV-BIRGHMBHSA-N	CCO/N=C(\C(=O)N[C@@H]1C(=O)N2C(C(=O)[O-])=C(Sc3nc(-c4cc[n+](C)cc4)cs3)CS[C@H]12)c1nsc(N)n1	chembl_phase3	CHEMBL4594371	CC BY-SA 3.0	2026-09-25	604.72	-0.037	2	14	179.7	9	39	59	5	0.273	0	2	0	
screen	SQVRNKJHWKZAKO-USOVHJGOSA-N	CC(=O)N[C@H]1[C@H]([C@@H](O)[C@@H](O)CO)O[C@@](O)(C(=O)O)C[C@@H]1O	chembl_phase2	CHEMBL152452	CC BY-SA 3.0	2026-09-25	309.27	-3.872	7	8	176.78	5	21	40	1	0.818	0	1	0	
screen	RZESKRXOCXWCFX-UHFFFAOYSA-N	CNC(=O)CN(CCN(CCN(CC(=O)O)CC(=O)NC)CC(=O)O)CC(=O)O	chembl_phase2	CHEMBL106971	CC BY-SA 3.0	2026-09-25	419.44	-3.362	5	8	179.82	16	29	58	0	0.688	0	0	0	
screen	ZXEIEKDGPVTZLD-NDEPHWFRSA-N	CCCCCCCCCCCCS[C@H](C(=O)Nc1cc(C)c(O)c(C)c1C)c1ccccc1	chembl_phase2	CHEMBL1908306	CC BY-SA 3.0	2026-09-25	469.74	8.651	2	3	49.33	15	33	76	2	0.552	0	1	0	
screen	DYAIAHUQIPBDIP-AXAPSJFSSA-L	O=C([O-])C1=C(CSc2nnnn2CS(=O)(=O)[O-])CS[C@@H]2[C@H](NC(=O)[C@H](O)c3ccccc3)C(=O)N12	chembl_approved	CHEMBL1201005	CC BY-SA 3.0	2026-09-25	540.56	-2.595	2	13	210.57	9	35	51	4	0.333	0	2	0	
screen	CZPAAISSUBSIDF-ZQZMJUSDSA-N	CCOP(=O)(/N=C(\SCCS/C(=N/P(=O)(OCC)OCC)SCc1ccccc1)SCc1ccccc1)OCC	chembl_phase2	CHEMBL2105439	CC BY-SA 3.0	2026-09-25	664.81	9.394	0	10	95.78	17	40	78	2	0.462	0	2	0	
screen	GZZJHPZDXZCDDA-MBJUQXSJSA-N	C[C@H]1O[C@@H](O[C@H]2[C@@H](O)C[C@H](O[C@H]3[C@@H](O)C[C@H](O[C@H]4CC[C@@]5(C)[C@H](CC[C@@H]6[C@@H]5CC[C@]5(C)[C@@H](C7=CC(=O)OC7)[C@@H](OC=O)C[C@]65O)C4)O[C@@H]3C)O[C@@H]2C)C[C@H](O)[C@@H]1O	chembl_phase2	CHEMBL3989886	CC BY-SA 3.0	2026-09-25	808.96	2.399	5	15	209.13	9	57	121	8	0.905	0	2	0	
screen	ITIXDWVDFFXNEG-JHOUSYSJSA-N	NCCCC[C@H](NC(=O)[C@@H](Cc1cc(Br)c(O)c(Br)c1)NC(=O)N1CCC(N2Cc3ccccc3NC2=O)CC1)C(=O)N1CCN(c2ccncc2)CC1	chembl_phase2	CHEMBL207197	CC BY-SA 3.0	2026-09-25	869.66	4.408	5	8	176.47	12	54	101	6	0.447	0	1	0	
screen	JVTAAEKCZFNVCJ-REOHCLBHSA-M	C[C@H](O)C(=O)[O-]	chembl_phase2	CHEMBL6068557	CC BY-SA 3.0	2026-09-25	89.07	-1.883	1	3	60.36	1	6	11	0	0.667	0	0	1	chembl_phase2:CHEMBL6068765
screen	PFORUFFGGNOLPJ-QAQDUYKDSA-N	Cn1c(Nc2c(Cl)ccc(CNC(=O)C(C)(C)C)c2Cl)nc2cc(C(=O)N[C@H]3CC[C@H](C(F)(F)F)CC3)c(OCC(F)F)cc21	chembl_phase2	CHEMBL3694493	CC BY-SA 3.0	2026-09-25	678.53	7.781	3	5	97.28	9	45	79	4	0.5	0	2	0	
screen	VFYNXKZVOUXHDX-VDPUEHCXSA-N	CCN(CC)C(=O)COc1cc2c(O)c3c(O)c(C)c4c(c13)C(=O)[C@@](C)(O/C=C/[C@H](OC)[C@@H](C)[C@@H](OC(C)=O)[C@H](C)[C@H](O)[C@H](C)[C@@H](O)[C@@H](C)/C=C/C=C(/C)C(=O)N2)O4	chembl_phase2	CHEMBL3989415	CC BY-SA 3.0	2026-09-25	810.94	5.296	5	13	210.62	7	58	116	5	0.535	0	3	0	
screen	KZYHGCLDUQBASN-UHFFFAOYSA-N	O=C(c1c(I)c(C(=O)N(CCO)CCO)c(I)c(C(=O)N(CCO)CCO)c1I)N(CCO)CCO	chembl_phase2	CHEMBL2105004	CC BY-SA 3.0	2026-09-25	849.19	-1.219	6	9	182.31	15	36	66	1	0.571	0	2	0	
screen	ASXBYYWOLISCLQ-HZYVHMACSA-N	CN[C@@H]1[C@H](O[C@H]2[C@H](O[C@H]3[C@H](O)[C@@H](O)[C@H](NC(=N)N)[C@@H](O)[C@@H]3NC(=N)N)O[C@@H](C)[C@]2(O)CO)O[C@@H](CO)[C@H](O)[C@H]1O	chembl_approved	CHEMBL1950576	CC BY-SA 3.0	2026-09-25	583.6	-7.948	15	15	334.59	9	40	81	3	0.905	0	3	0	
screen	AXWDHVUJXNOWCC-RAEGKSCOSA-N	COC(=O)N[C@H](C(=O)N1CCC[C@H]1c1ncc(-c2cc(F)c3c(c2)O[C@@H](c2cnc(C4CC4)s2)n2c-3cc3cc(-c4cnc([C@@H]5CCCN5C(=O)[C@@H](NC(=O)OC)C(C)C)[nH]4)ccc32)[nH]1)C(C)C	chembl_phase2	CHEMBL3971095	CC BY-SA 3.0	2026-09-25	947.11	8.589	4	11	201.69	12	68	123	10	0.449	0	3	0	
screen	FMMCHWHNSUBYAV-UHFFFAOYSA-N	O=C(O)c1ccc(OCCc2c(CCNS(=O)(=O)Cc3ccc(Cl)c(Cl)c3)n(C(c3ccccc3)c3ccccc3)c3ccc(Cl)cc23)cc1	chembl_phase2	CHEMBL269787	CC BY-SA 3.0	2026-09-25	748.13	9.221	2	4	97.63	14	50	83	6	0.154	0	2	0	
screen	BGGBQBAMDUCKFN-ZGJBTBESSA-N	CCCCCCCCCCCC(=O)N[C@@H](C)C(=O)N[C@H](CCC(=O)NC(CCCC(NC(=O)CN)C(N)=O)C(=O)O)C(=O)O	chembl_phase2	CHEMBL3989437	CC BY-SA 3.0	2026-09-25	628.77	0.43	8	8	260.11	26	44	96	0	0.759	0	2	0	
screen	VRTWBAAJJOHBQU-KMWAZVGDSA-N	COC(=O)N[C@H](C(=O)N1CC2(CC2)C[C@H]1c1nc(-c2ccc3c(c2)C(F)(F)c2cc(-c4ccc5[nH]c([C@@H]6[C@H]7CC[C@H](C7)N6C(=O)[C@@H](NC(=O)OC)C(C)C)nc5c4)ccc2-3)c[nH]1)C(C)C	chembl_approved	CHEMBL2374220	CC BY-SA 3.0	2026-09-25	889.02	8.607	4	8	174.64	10	65	119	10	0.469	0	2	0	
screen	WDRJGMSUTPVXDH-KBOGUJPVSA-N	CC(C)(O)c1cc2nc([C@H]3CC[C@H](CN4CC5(CC(CCNc6cccc7c6C(=O)N(C6CCC(=O)NC6=O)C7=O)C5)C4)CC3)sc2cc1NC(=O)c1cccc(C(F)(F)F)n1	chembl_phase2	CHEMBL5567890	CC BY-SA 3.0	2026-09-25	871.98	7.079	4	11	173.93	11	62	110	9	0.489	0	3	0	
screen	SNXJYSXRLKUBSZ-WBXFWKJNSA-N	COc1cc(NC(=O)OCCN(C)[C@H]2CC[C@H](OC(=O)C(O)(c3cccs3)c3cccs3)CC2)c(Cl)cc1CNC[C@H](O)c1ccc(O)c2[nH]c(=O)ccc12	chembl_phase1	CHEMBL3916700	CC BY-SA 3.0	2026-09-25	811.38	6.113	6	13	182.68	15	55	98	6	0.359	0	4	0	
screen	NCXMLFZGDNKEPB-FFPOYIOWSA-N	C[C@@H]1C/C=C/C=C/C=C/C=C/[C@H](O[C@@H]2O[C@H](C)[C@@H](O)[C@H](N)[C@@H]2O)C[C@@H]2O[C@](O)(C[C@@H](O)C[C@H]3O[C@@H]3/C=C/C(=O)O1)C[C@H](O)[C@H]2C(=O)O	chembl_approved	CHEMBL1200656	CC BY-SA 3.0	2026-09-25	665.73	0.12	7	13	230.99	3	47	94	4	0.636	0	3	0	
screen	WDLRUFUQRNWCPK-UHFFFAOYSA-N	O=C(O)CN1CCN(CC(=O)O)CCN(CC(=O)O)CCN(CC(=O)O)CC1	chembl_phase3	CHEMBL1721515	CC BY-SA 3.0	2026-09-25	404.42	-2.454	4	8	162.16	8	28	56	1	0.75	0	0	0	
screen	VQQSDVBOXQHCHU-SKPOXZENSA-N	Nc1ccn([C@@H]2O[C@H]([C@H](O[C@@H]3O[C@H](CO)[C@@H](O)[C@H](N)[C@H]3O)[C@@H](O)[C@@H](O)[C@H](O)[C@H](O)CO)[C@@H](N)[C@H](O)[C@H]2O)c(=O)n1	chembl_phase2	CHEMBL3989421	CC BY-SA 3.0	2026-09-25	583.55	-8.641	13	18	342.94	10	40	77	3	0.81	0	3	0	
screen	NAPSCFZYZVSQHF-UHFFFAOYSA-N	CCCCCCCCCCCCCCCCCCN(C)C	chembl_phase2	CHEMBL2110847	CC BY-SA 3.0	2026-09-25	297.57	6.81	0	1	3.24	17	21	64	0	1.0	0	1	0	
screen	OJLHWPALWODJPQ-QNWVGRARSA-N	N[C@@H](CCC(=O)N[C@@H](CS(=O)(=O)CCOP(=O)(N(CCCl)CCCl)N(CCCl)CCCl)C(=O)N[C@@H](C(=O)O)c1ccccc1)C(=O)O	chembl_phase3	CHEMBL2107319	CC BY-SA 3.0	2026-09-25	787.48	1.704	5	9	225.74	25	47	87	1	0.615	0	1	0	chembl_phase3:CHEMBL2111086
screen	AKGJIVJDHCUPMI-ISMOLGHHSA-N	CC[C@H](CC[C@@H](C)[C@H]1CC[C@H]2[C@@H]3CC=C4C[C@@H](OC(=O)C(C)(C)Oc5ccc(Cl)cc5)CC[C@]4(C)[C@H]3CC[C@]12C)C(C)C	chembl_phase2	CHEMBL3989530	CC BY-SA 3.0	2026-09-25	611.35	11.087	0	3	35.53	10	43	102	5	0.769	0	2	0	
screen	UUMLTINZBQPNGF-UHFFFAOYSA-N	CC(=O)N(CC(O)CO)c1c(I)c(C(=O)NCCO)c(I)c(C(=O)NCC(O)CO)c1I	chembl_approved	CHEMBL1201075	CC BY-SA 3.0	2026-09-25	791.12	-0.988	7	8	179.66	11	32	56	1	0.5	0	2	0	
screen	IMQLKJBTEOYOSI-GPIVLXJGSA-N	O=P(O)(O)O[C@H]1[C@H](OP(=O)(O)O)[C@@H](OP(=O)(O)O)[C@H](OP(=O)(O)O)[C@@H](OP(=O)(O)O)[C@H]1OP(=O)(O)O	chembl_phase3	CHEMBL1233511	CC BY-SA 3.0	2026-09-25	660.03	-3.133	12	12	400.56	12	36	54	1	1.0	0	3	0	
screen	VDNLFJGJEQUWRB-GRMCBZHISA-L	O=C([O-])c1c(Cl)c(Cl)c(Cl)c(Cl)c1-c1c2cc([131I])c(=O)c(I)c-2oc2c(I)c([O-])c([131I])cc12	chembl_approved	CHEMBL3989461	CC BY-SA 3.0	2026-09-25	979.66	7.034	0	5	93.4	2	33	35	4	0.0	0	2	0	
screen	KBPHJBAIARWVSC-RGZFRNHPSA-N	CC1=C[C@H](O)CC(C)(C)[C@H]1/C=C/C(C)=C/C=C/C(C)=C/C=C/C=C(C)/C=C/C=C(C)/C=C/C1=C(C)C[C@@H](O)CC1(C)C	chembl_phase3	CHEMBL173929	CC BY-SA 3.0	2026-09-25	568.89	10.403	2	2	40.46	10	42	98	2	0.45	0	2	0	
screen	BYZJBHCTZJGJFV-AOOOYVTPSA-N	CS(=O)(=O)OCCNC[C@@H](O)[C@@H](O)CNCCOS(C)(=O)=O	chembl_phase2	CHEMBL3989812	CC BY-SA 3.0	2026-09-25	364.44	-3.16	4	10	151.26	13	22	46	0	1.0	0	0	0	
screen	KBGAYAKRZNYFFG-BOHATCBPSA-N	CC(=O)N[C@@H]([C@@H](O)[C@H](O)[C@H](O)CO)[C@@H](O)CC(=O)C(=O)O	chembl_phase3	CHEMBL2105945	CC BY-SA 3.0	2026-09-25	309.27	-4.029	7	8	184.62	9	21	40	0	0.727	0	1	0	
screen	JLYAXFNOILIKPP-KXQOOQHDSA-N	CC1(C)CCC(c2ccc(Cl)cc2)=C(CN2CCN(c3ccc(C(=O)NS(=O)(=O)c4ccc(N[C@H](CCN5CCOCC5)CSc5ccccc5)c(S(=O)(=O)C(F)(F)F)c4)cc3)CC2)C1	chembl_phase3	CHEMBL443684	CC BY-SA 3.0	2026-09-25	974.63	8.833	2	11	128.36	16	65	120	7	0.426	0	3	0	
screen	HSUDWURBWSUCOB-JPHWUADUSA-N	CC(=O)O[C@H]1C(=O)[C@]2(C)[C@@H](OC(=O)OCC(O)CO)C[C@H]3OC[C@@]3(OC(C)=O)[C@H]2[C@H](OC(=O)c2ccccc2)[C@]2(O)C[C@H](OC(=O)[C@H](O)[C@@H](NC(=O)c3ccccc3)c3ccccc3)C(C)=C1C2(C)C	chembl_phase2	CHEMBL1975551	CC BY-SA 3.0	2026-09-25	972.01	3.25	5	18	277.05	14	70	127	7	0.471	0	2	0	
screen	GCFBRXLSHGKWDP-XCGNWRKASA-M	CCN1CCN(C(=O)N[C@@H](C(=O)N[C@@H]2C(=O)N3C(C(=O)[O-])=C(CSc4nnnn4C)CS[C@H]23)c2ccc(O)cc2)C(=O)C1=O	chembl_approved	CHEMBL1200482	CC BY-SA 3.0	2026-09-25	644.67	-2.447	3	13	223.09	9	44	70	5	0.4	0	2	0	
screen	GSPPFJJUCULBDC-NQLNTKRDSA-N	CCCCC/C=C\C/C=C\CCCCCCCC(=O)NC(Cc1ccc(C)cc1)c1ccccc1	chembl_phase2	CHEMBL2105100	CC BY-SA 3.0	2026-09-25	473.75	9.209	1	1	29.1	18	35	82	2	0.485	0	1	0	
screen	JUVHVMCKLDZLGN-TVNFHGJBSA-N	CO/N=C(\C(=O)N[C@@H]1C(=O)N2C(C(=O)[O-])=C(C[N+]34CCC(C(N)=O)(CC3)CC4)CS[C@H]12)c1nsc(N)n1	chembl_phase2	CHEMBL1614665	CC BY-SA 3.0	2026-09-25	550.62	-2.639	3	12	206.02	8	37	63	6	0.571	0	2	0	
screen	GZRNOYTVBWWFLJ-NTPALUMKSA-N	CC(C)Oc1ccc(-c2nc(O[C@@H]3C[C@H]4C(=O)N[C@]5(C(=O)NS(=O)(=O)C6(C)CC6)C[C@H]5/C=C\CCCCC[C@H](NC(=O)OC5CCCC5)C(=O)N4C3)c3oc4ccccc4c3n2)cc1	chembl_phase3	CHEMBL4297647	CC BY-SA 3.0	2026-09-25	897.06	6.61	3	12	208.36	10	64	120	9	0.532	0	3	0	
screen	ZCCUWMICIWSJIX-NQJJCJBVSA-N	CCO/N=C(\C(=O)N[C@@H]1C(=O)N2C(C(=O)[O-])=C(Sc3nc(-c4cc[n+](C)cc4)cs3)CS[C@H]12)c1nsc(NP(=O)(O)O)n1	chembl_approved	CHEMBL501122	CC BY-SA 3.0	2026-09-25	684.7	-0.115	4	14	223.24	11	43	64	5	0.273	0	2	0	chembl_approved:CHEMBL3544973
screen	ISWSIDIOOBJBQZ-UHFFFAOYSA-N	Oc1ccccc1	chembl_approved	CHEMBL14060	CC BY-SA 3.0	2026-09-25	94.11	1.392	1	1	20.23	0	7	13	1	0.0	0	0	1	
screen	UDMJANYPQWEDFT-ZAWFUYGJSA-N	COc1ccc2c(O[C@@H]3C[C@H]4C(=O)N[C@]5(C(=O)NS(=O)(=O)C6CC6)C[C@H]5/C=C\CCCCC[C@H](CC(=O)N5CCCC(F)(F)C5)C(=O)N4C3)cc(-c3nc(C(C)C)cs3)nc2c1C	chembl_phase2	CHEMBL3040582	CC BY-SA 3.0	2026-09-25	911.11	6.415	2	11	177.2	10	63	119	8	0.6	0	3	0	
screen	RGJOEKWQDUBAIZ-IBOSZNHHSA-N	CC(C)(COP(=O)(O)OP(=O)(O)OC[C@H]1O[C@@H](n2cnc3c(N)ncnc32)[C@H](O)[C@@H]1OP(=O)(O)O)[C@@H](O)C(=O)NCCC(=O)NCCS	chembl_phase3	CHEMBL1213327	CC BY-SA 3.0	2026-09-25	767.54	-1.665	10	17	346.56	18	48	84	3	0.667	0	3	0	
screen	NSKGQURZWSPSBC-VVPCINPTSA-N	NC[C@H]1O[C@H](O[C@H]2[C@H](O[C@@H]3O[C@H](CO)[C@@H](O)[C@H]3O)[C@@H](O)[C@H](N)C[C@@H]2N)[C@H](N)[C@@H](O)[C@@H]1O	chembl_phase2	CHEMBL221572	CC BY-SA 3.0	2026-09-25	454.48	-6.652	10	14	262.38	6	31	65	3	1.0	0	2	0	
screen	ZPACYDRSPFRDHO-ROBAGEODSA-N	CC(C)=CCC/C(C)=C/CC/C(C)=C/CCC(=O)OC/C=C(\C)CCC=C(C)C	chembl_phase3	CHEMBL2105085	CC BY-SA 3.0	2026-09-25	400.65	8.422	0	2	26.3	14	29	73	0	0.593	0	1	0	
screen	SKKLOUVUUNMCJE-FQSMHNGLSA-N	NC[C@H]1O[C@H](O[C@H]2[C@H](O)[C@@H](O[C@H]3O[C@H](CO)[C@@H](O)[C@H](N)[C@H]3O)[C@H](N)C[C@@H]2N)[C@H](N)[C@@H](O)[C@@H]1O	chembl_phase3	CHEMBL176	CC BY-SA 3.0	2026-09-25	483.52	-7.325	11	15	288.4	6	33	70	3	1.0	0	2	0	
screen	XMGQYMWWDOXHJM-JTQLQIEISA-N	C=C(C)[C@H]1CC=C(C)CC1	chembl_phase2	CHEMBL449062	CC BY-SA 3.0	2026-09-25	136.24	3.309	0	0	0.0	1	10	26	1	0.6	0	0	0	
screen	RGHNJXZEOKUKBD-SQOUGZDYSA-M	O=C([O-])[C@H](O)[C@@H](O)[C@H](O)[C@H](O)CO	chembl_approved	CHEMBL2106119	CC BY-SA 3.0	2026-09-25	195.15	-4.828	5	7	141.28	5	13	24	0	0.833	0	0	0	chembl_phase1:CHEMBL2106978;chembl_phase2:CHEMBL2104182;chembl_phase3:CHEMBL3833377
screen	VFRROHXSMXFLSN-KVTDHHQDSA-N	O=C[C@@H](O)[C@@H](O)[C@H](O)[C@H](O)COP(=O)(O)O	chembl_phase2	CHEMBL4297395	CC BY-SA 3.0	2026-09-25	260.13	-3.262	6	7	164.75	7	16	29	0	0.833	0	1	0	
screen	ZQTKOYMWCCSKON-XKXNWSITSA-N	CC(C)c1ccccc1[C@@H]1CCCN1C1CC2(CCN(c3ccc(C(=O)NS(=O)(=O)c4ccc(NC[C@H]5CC[C@](C)(O)CC5)c([N+](=O)[O-])c4)c(Oc4cnc5[nH]ccc5c4)c3)CC2)C1	chembl_phase3	CHEMBL5314951	CC BY-SA 3.0	2026-09-25	890.12	9.445	4	11	183.03	13	64	123	9	0.469	0	3	0	
screen	BDBMLMBYCXNVMC-UHFFFAOYSA-N	CC1(C)C(/C=C/C=C/C=C/C=C2\N(CCCCS(=O)(=O)O)c3ccc4ccccc4c3C2(C)C)=[N+](CCCCS(=O)(=O)[O-])c2ccc3ccccc3c21	chembl_approved	CHEMBL1201304	CC BY-SA 3.0	2026-09-25	753.0	8.713	1	6	117.82	14	53	101	6	0.326	0	2	0	
screen	KCUSRWLYTAYGAU-KQSQHPHMSA-N	CC(=O)N[C@H]1C(O)O[C@H](CO)[C@@H](O)[C@@H]1OCC(=O)N[C@@H](C)C(=O)N[C@H](CCC(=O)O)C(N)=O	chembl_phase2	CHEMBL3989787	CC BY-SA 3.0	2026-09-25	478.46	-4.714	8	10	246.84	12	33	63	1	0.722	0	1	0	
screen	FJLUATLTXUNBOT-UHFFFAOYSA-N	CCCCCCCCCCCCCCCCN	chembl_phase2	CHEMBL1534653	CC BY-SA 3.0	2026-09-25	241.46	5.426	1	1	26.02	14	17	52	0	1.0	0	1	0	chembl_phase2:CHEMBL2104336
screen	CPOJUYUGONJVPZ-WIXASUBBSA-N	CCP(=O)(CC)c1ccc(-n2ccn(-c3c4c(nn3-c3cc(C)c(F)c(C)c3)CCN(C(=O)c3cc5cc(C6CCOCC6)ccc5n3[C@@]3(c5nc(=O)o[nH]5)C[C@@H]3C)[C@H]4C)c2=O)cc1NC	chembl_phase2	CHEMBL6068040	CC BY-SA 3.0	2026-09-25	916.01	7.708	2	9	167.21	11	66	121	10	0.408	0	2	0	
screen	DSLZVSRJTYRBFB-LLEIAEIESA-L	O=C([O-])[C@@H](O)[C@@H](O)[C@H](O)[C@@H](O)C(=O)[O-]	chembl_phase2	CHEMBL2104217	CC BY-SA 3.0	2026-09-25	208.12	-6.07	4	8	161.18	5	14	22	0	0.667	0	0	0	
screen	FEWJPZIEWOKRBE-JCYAYHJZSA-M	O=C([O-])[C@H](O)[C@@H](O)C(=O)O	chembl_approved	CHEMBL2105248	CC BY-SA 3.0	2026-09-25	149.08	-3.457	3	5	117.89	3	10	15	0	0.5	0	0	0	
screen	FIAFUQMPZJWCLV-UHFFFAOYSA-N	Cc1ccc(C(=O)Nc2ccc(S(=O)(=O)O)c3cc(S(=O)(=O)O)cc(S(=O)(=O)O)c23)cc1NC(=O)c1cccc(NC(=O)Nc2cccc(C(=O)Nc3cc(C(=O)Nc4ccc(S(=O)(=O)O)c5cc(S(=O)(=O)O)cc(S(=O)(=O)O)c45)ccc3C)c2)c1	chembl_phase3	CHEMBL265502	CC BY-SA 3.0	2026-09-25	1297.3	6.743	12	17	483.75	16	86	126	8	0.039	0	4	0	
screen	FZDZULUFHNDEDJ-UHFFFAOYSA-N	O=C(COCC(=O)Nc1c(I)cc(I)c(C(=O)O)c1I)Nc1c(I)cc(I)c(C(=O)O)c1I	chembl_phase2	CHEMBL2106372	CC BY-SA 3.0	2026-09-25	1127.71	5.304	4	5	142.03	8	33	43	2	0.111	0	2	0	
screen	FZNCGRZWXLXZSZ-CIQUZCHMSA-N	OCC(CO)N[C@H]1C[C@](O)(CO)[C@@H](O)[C@H](O)[C@H]1O	chembl_approved	CHEMBL476960	CC BY-SA 3.0	2026-09-25	267.28	-4.492	8	8	153.64	5	18	39	1	1.0	0	1	0	
screen	IYVFNTXFRYQLRP-VVSTWUKXSA-N	C[C@@H]1O[C@@H](OC[C@H]2O[C@@H](Oc3c(-c4ccc(OCCO)c(OCCO)c4)oc4cc(OCCO)cc(O)c4c3=O)[C@H](O)[C@@H](O)[C@@H]2O)[C@H](O)[C@H](O)[C@H]1O	chembl_approved	CHEMBL3182320	CC BY-SA 3.0	2026-09-25	742.68	-2.691	10	19	297.12	15	52	94	5	0.545	0	3	0	
screen	JJSYIUAIQSRVQR-BLNLWOAQSA-N	CC(=O)N[C@H]1C(O)O[C@H](CO)[C@@H](O)[C@@H]1O[C@H](C)C(=O)N[C@H](C(=O)N[C@H](CCC(=O)O)C(N)=O)[C@@H](C)O	chembl_phase2	CHEMBL3989635	CC BY-SA 3.0	2026-09-25	522.51	-4.964	9	11	267.07	13	36	70	1	0.75	0	3	0	
screen	QPDYBCZNGUJZDK-DNQXCXABSA-N	N=C(N)NCCCCC(=O)Nc1cc(C(F)(F)F)cc(NC(=O)c2cc(C(=O)Nc3cc(C(F)(F)F)cc(NC(=O)CCCCNC(=N)N)c3O[C@@H]3CCNC3)ncn2)c1O[C@@H]1CCNC1	chembl_phase2	CHEMBL2219413	CC BY-SA 3.0	2026-09-25	936.92	3.684	12	12	308.5	20	66	116	5	0.45	0	3	0	chembl_phase2:CHEMBL2219420
screen	MKDALIOACIEUJM-XCFCBFDASA-N	CC[C@@H]1[C@@H]2CN(C(=O)[C@H](C(C)(C)C)NC(=O)O[C@@H]3C[C@H]3CCCCC(F)(F)c3nc4ccc(OC)cc4nc3O2)[C@@H]1C(=O)N[C@]1(C(=O)NS(=O)(=O)C2(C)CC2)C[C@H]1C(C)C	chembl_approved	CHEMBL3707372	CC BY-SA 3.0	2026-09-25	861.02	5.347	3	11	195.22	8	60	118	7	0.714	0	3	0	
screen	NAALWFYYHHJEFQ-ZASNTINBSA-N	CC1(C)S[C@@H]2[C@H](NC(=O)[C@H](NC(=O)c3ccc(-c4ccc(S(=O)(=O)N(CCO)CCO)cc4)[nH]c3=O)c3ccc(O)cc3)C(=O)N2[C@H]1C(=O)O	chembl_phase2	CHEMBL2110877	CC BY-SA 3.0	2026-09-25	729.79	-0.174	7	11	246.74	13	50	85	5	0.344	0	3	0	
screen	OAIJSZIZWZSQBC-GYZMGTAESA-N	CC(C)=CCC/C(C)=C/C=C/C(C)=C/C=C/C(C)=C/C=C/C=C(C)/C=C/C=C(C)/C=C/C=C(\C)CCC=C(C)C	chembl_phase3	CHEMBL501174	CC BY-SA 3.0	2026-09-25	536.89	12.938	0	0	0.0	16	40	96	0	0.35	0	2	0	
screen	VWMZIGBYZQUQOA-QEEMJVPDSA-N	C[C@@H]1CC[C@@]2(OC1)O[C@H]1C[C@H]3[C@@H]4CC[C@H]5C[C@@H](O[C@@H]6O[C@H](CO)[C@@H](O[C@@H]7O[C@H](CO)[C@@H](O)[C@H](O)[C@H]7O)[C@H](O)[C@H]6O)CC[C@]5(C)[C@H]4C(=O)C[C@]3(C)[C@H]1[C@@H]2C	chembl_phase2	CHEMBL505268	CC BY-SA 3.0	2026-09-25	754.91	0.621	7	14	214.06	6	53	115	8	0.974	0	3	0	
screen	PGBHMTALBVVCIT-VCIWKGPPSA-N	NC[C@@H]1O[C@H](O[C@H]2[C@@H](O)[C@H](O[C@@H]3[C@@H](O)[C@H](N)C[C@H](N)[C@H]3O[C@H]3O[C@H](CN)[C@@H](O)[C@H](O)[C@H]3N)O[C@@H]2CO)[C@H](N)[C@@H](O)[C@@H]1O	chembl_phase3	CHEMBL184618	CC BY-SA 3.0	2026-09-25	614.65	-8.895	13	19	353.11	9	42	88	4	1.0	0	3	0	
screen	QQFZVDWDMZYSQX-FUUYDGDCSA-N	CN(C)[C@@H]1C(O)=C(C(=O)NCN[C@@H]2[C@@H](O)[C@H](O)[C@@H](CO)O[C@H]2O)C(=O)[C@@]2(O)C(O)=C3C(=O)c4c(O)cccc4[C@@](C)(O)[C@H]3C[C@@H]12	chembl_phase2	CHEMBL4297080	CC BY-SA 3.0	2026-09-25	635.62	-3.236	11	15	269.81	6	45	82	5	0.552	0	3	0	
screen	RFGUWOCFYCYEDM-ZOMNBDOOSA-N	COc1ccc2c(O[C@@H]3C[C@H]4C(=O)N[C@]5(P(=O)(O)Cc6c(F)cccc6F)C[C@H]5CCCCCCC[C@H](NC(=O)OC5CCCC5)C(=O)N4C3)cc(-c3csc(NC(C)C)n3)nc2c1Cl	chembl_phase2	CHEMBL1956820	CC BY-SA 3.0	2026-09-25	957.48	9.552	4	11	181.31	11	65	121	8	0.543	0	3	0	
screen	XPEPMWYMISJEEQ-UHFFFAOYSA-N	O=C(COCCOCCOCCOCC(=O)Nc1c(I)cc(I)c(C(=O)O)c1I)Nc1c(I)cc(I)c(C(=O)O)c1I	chembl_phase2	CHEMBL2106391	CC BY-SA 3.0	2026-09-25	1259.87	5.354	4	8	169.72	17	42	64	2	0.333	0	2	0	
screen	YEYZSIPYIGWRIT-HENWMNBSSA-M	O=S(=O)(NCO)c1ccc(NC([C@H](O)[C@@H](O)[C@H](O)[C@H](O)CO)S(=O)(=O)[O-])cc1	chembl_phase2	CHEMBL2107403	CC BY-SA 3.0	2026-09-25	445.45	-4.366	8	12	236.78	11	28	49	1	0.538	0	2	0	
screen	BEMNJULZEQTDJY-UHFFFAOYSA-N	Cc1nc2ccc(-n3ncc(C(=O)c4cc5ccccc5[nH]4)c3N)cc2[nH]1	chembl_phase2	CHEMBL3907479	CC BY-SA 3.0	2026-09-25	356.39	3.352	3	4	105.38	3	27	43	5	0.05	0	0	0	
screen	FHXBMXJMKMWVRG-SLHNCBLASA-N	CC(=O)Oc1ccc2c(c1)CC[C@@H]1[C@@H]2CC[C@]2(C)[C@@H](O)CC[C@@H]12	chembl_approved	CHEMBL1200430	CC BY-SA 3.0	2026-09-25	314.43	3.829	1	3	46.53	1	23	49	4	0.65	0	0	0	
screen	HLLICFJUWSZHRJ-UHFFFAOYSA-N	CCCOc1ccc2nc(NC(=O)OC)sc2c1	chembl_phase2	CHEMBL1371412	CC BY-SA 3.0	2026-09-25	266.32	3.263	1	5	60.45	4	18	32	2	0.333	0	0	0	
screen	KOIGYXJOGRVNIS-UHFFFAOYSA-N	OC1CC2CCCN3CCc4c(n1c1ccccc41)C23	chembl_phase2	CHEMBL2107237	CC BY-SA 3.0	2026-09-25	268.36	2.845	1	2	28.4	0	20	40	5	0.529	0	0	1	
screen	WEQNUNAIQXHGHB-UHFFFAOYSA-N	CCCc1c2oc(C(=O)O)cc(=O)c2cc2c(=O)cc(C(=O)O)oc12	chembl_phase2	CHEMBL2110970	CC BY-SA 3.0	2026-09-25	344.28	2.248	2	6	135.02	4	25	37	3	0.176	0	0	0	
screen	HWEOXFSBSQIWSY-MRXNPFEDSA-N	Cc1ccc2c(c1CCC(=O)O)CC[C@@H](NS(=O)(=O)c1ccc(Cl)cc1)C2	chembl_phase3	CHEMBL2107786	CC BY-SA 3.0	2026-09-25	407.92	3.501	2	3	83.47	6	27	49	3	0.35	0	0	0	
screen	PLMAPPWZOQMTBI-XUTJKUGGSA-N	COCCC(=O)N[C@H]1CC[C@H](CCN2CCN(c3cccc(C#N)c3)CC2)CC1	chembl_phase2	CHEMBL4297484	CC BY-SA 3.0	2026-09-25	398.55	2.782	1	5	68.6	8	29	63	3	0.652	0	0	0	
screen	RXXBBHGCAXVBES-XMUHMHRVSA-N	C[C@]12CCC(=O)C(O)=C1CC[C@@H]1[C@@H]2CC[C@@]2(C)[C@H]1CC[C@]2(C)O	chembl_phase2	CHEMBL1908006	CC BY-SA 3.0	2026-09-25	318.46	4.155	2	3	57.53	0	23	53	4	0.85	0	0	0	
screen	SMQXDOVGKKMUIZ-UHFFFAOYSA-N	O=C(Nc1nc(-c2ccccc2)cs1)OCC(Cl)(Cl)Cl	chembl_phase2	CHEMBL2105113	CC BY-SA 3.0	2026-09-25	351.64	4.729	1	4	51.22	3	20	29	2	0.167	0	0	0	
screen	WMVSIGOLIQMRHF-UHFFFAOYSA-N	CN(C)C(=O)C1(c2ccc(Cl)cc2)CCN(CCCC(=O)c2ccc(F)cc2)CC1	chembl_phase2	CHEMBL341578	CC BY-SA 3.0	2026-09-25	430.95	4.564	0	3	40.62	7	30	58	3	0.417	0	0	0	
screen	KCASCYQNVLPVDP-UHFFFAOYSA-N	NNc1nnc(Cc2ccncc2)c2ccccc12	chembl_phase2	CHEMBL1968696	CC BY-SA 3.0	2026-09-25	251.29	1.901	2	5	76.72	3	19	32	3	0.071	0	0	0	
screen	XGCBETZGOIOAKF-UHFFFAOYSA-N	CCC1(O)CCN2CCc3ccc(C)cc3C2C1	chembl_phase2	CHEMBL2105550	CC BY-SA 3.0	2026-09-25	245.37	2.829	1	2	23.47	1	18	41	3	0.625	0	0	1	
screen	SYWHXTATXSMDSB-GSLJADNHSA-N	CC(=O)OCC(=O)[C@@]1(O)CC[C@H]2[C@@H]3CCC4=CC(=O)CC[C@]4(C)[C@@]3(F)[C@@H](O)C[C@@]21C	chembl_approved	CHEMBL1201010	CC BY-SA 3.0	2026-09-25	422.49	2.445	2	6	100.9	3	30	61	4	0.783	0	0	0	
screen	UYXAWHWODHRRMR-UHFFFAOYSA-N	CN1C(=O)NC(=O)C(C)(C2=CCCCC2)C1=O	chembl_approved	CHEMBL7728	CC BY-SA 3.0	2026-09-25	236.27	1.201	1	3	66.48	1	17	33	2	0.583	0	0	1	
screen	HZVLFTCYCLXTGV-UHFFFAOYSA-N	CCc1nc2c(C)nc(C)cc2n1-c1ccc(CCNC(=O)NS(=O)(=O)c2ccc(C)cc2)cc1	chembl_phase2	CHEMBL3039498	CC BY-SA 3.0	2026-09-25	491.62	4.139	2	5	105.98	7	35	64	4	0.269	0	0	0	
screen	GHTYIKRPXXXLDM-SFHVURJKSA-N	CN(C)CC[C@H](NC(=O)c1cc2c(cnn2C(C)(C)C)cc1Oc1ccc(F)cc1F)C(N)=O	chembl_phase2	CHEMBL4802251	CC BY-SA 3.0	2026-09-25	473.52	3.397	2	5	102.48	8	34	63	3	0.375	0	0	0	
screen	IKYTUOHXXXPNOG-UHFFFAOYSA-N	CCOCCOC(=O)C(=O)Nc1nc(-c2cc(C)no2)cs1	chembl_phase2	CHEMBL155674	CC BY-SA 3.0	2026-09-25	325.35	1.625	1	8	103.55	6	22	37	2	0.385	0	0	0	
screen	MBKYLPOPYYLTNW-ZDUSSCGKSA-N	CNC(=O)C[C@H]1COc2cc(F)ccc2N1C(=O)c1ccc2c(c1)NC(=O)CO2	chembl_phase3	CHEMBL3916929	CC BY-SA 3.0	2026-09-25	399.38	1.7	2	5	96.97	3	29	47	4	0.25	0	0	0	
screen	JDLKFOPOAOFWQN-UHFFFAOYSA-N	C=CCS[S+]([O-])CC=C	chembl_phase2	CHEMBL359965	CC BY-SA 3.0	2026-09-25	162.28	1.755	0	2	23.06	5	9	19	0	0.333	0	0	1	
screen	QYTBBBAHNIWFOD-NRFANRHFSA-N	CC[C@H](NC(=O)c1c(NS(C)(=O)=O)c(-c2ccccc2)nc2ccccc12)c1ccccc1	chembl_phase2	CHEMBL3545233	CC BY-SA 3.0	2026-09-25	459.57	5.154	2	4	88.16	7	33	58	4	0.154	0	1	0	
screen	JURKNVYFZMSNLP-UHFFFAOYSA-N	CN(C)CCC=C1c2ccccc2C=Cc2ccccc21	chembl_approved	CHEMBL669	CC BY-SA 3.0	2026-09-25	275.4	4.554	0	1	3.24	3	21	42	3	0.2	0	0	0	chembl_approved:CHEMBL1200636
screen	NPPQSCRMBWNHMW-UHFFFAOYSA-N	CCCC(C)(COC(N)=O)COC(N)=O	chembl_approved	CHEMBL979	CC BY-SA 3.0	2026-09-25	218.25	0.983	2	4	104.64	6	15	33	0	0.778	0	0	0	
screen	QYCXWOACFWMQFO-WZWZCULESA-N	COc1cc2c(c(OC)n1)[C@]1(O)[C@H](O)[C@H](CN(C)C)[C@@H](c3ccccc3)[C@]1(c1ccc(C#N)cc1)O2	chembl_phase2	CHEMBL4303782	CC BY-SA 3.0	2026-09-25	487.56	2.782	2	8	108.07	6	36	65	5	0.357	0	0	0	
screen	RXOBKRPNVDTZQF-UHFFFAOYSA-N	CNC(=O)NS(=O)(=O)c1ccc(CCNC(=O)c2cc(Cl)ccc2OC)cc1	chembl_phase2	CHEMBL12806	CC BY-SA 3.0	2026-09-25	425.89	1.939	3	5	113.6	7	28	48	2	0.222	0	0	0	
screen	IORHSKBXWWSQME-UHFFFAOYSA-N	COc1ccc2c(c1)-c1c(ccc(OC)c1O)CC(CCc1ccccc1)N(C)CC2	chembl_phase2	CHEMBL2104050	CC BY-SA 3.0	2026-09-25	417.55	5.108	1	4	41.93	5	31	62	4	0.333	0	1	0	
screen	SLIVDYMORZGPLW-UHFFFAOYSA-N	Cc1ccc(C(=O)Nc2ccc(CN3CCN(C)CC3)c(C(F)(F)F)c2)cc1C#Cc1nnc2ccccn12	chembl_phase2	CHEMBL4297478	CC BY-SA 3.0	2026-09-25	532.57	4.456	1	5	65.77	4	39	66	5	0.276	0	1	0	
screen	GGXDVUAOXCBCBN-HJZGYWQISA-N	CC[N+](C)(C)[C@@H]1C=C2C=C[C@H]3[C@@H]4CC[C@@H]5[C@H](C)N(C)C[C@@]54CC[C@@H]3[C@@]2(C)CC1	chembl_phase2	CHEMBL3989497	CC BY-SA 3.0	2026-09-25	383.64	5.12	0	1	3.24	2	28	71	5	0.846	0	1	0	chembl_phase2:CHEMBL3990238
screen	IKFBPFGUINLYQI-UHFFFAOYSA-N	CCNC1C2CCC(C2)C1c1ccccc1	chembl_phase2	CHEMBL7010	CC BY-SA 3.0	2026-09-25	215.34	3.178	1	1	12.03	3	16	37	3	0.6	0	0	0	
screen	LMYRWZFENFIFIT-UHFFFAOYSA-N	Cc1ccc(S(N)(=O)=O)cc1	chembl_phase3	CHEMBL574	CC BY-SA 3.0	2026-09-25	171.22	0.642	1	2	60.16	1	11	20	1	0.143	0	0	1	
screen	IECPWNUMDGFDKC-MZJAQBGESA-N	CC(=O)O[C@H]1C[C@@]2(C)[C@@H](C[C@@H](O)[C@H]3[C@@]4(C)CC[C@@H](O)[C@@H](C)[C@@H]4CC[C@@]32C)/C1=C(\CCC=C(C)C)C(=O)O	chembl_approved	CHEMBL374975	CC BY-SA 3.0	2026-09-25	516.72	5.666	3	5	104.06	5	37	85	4	0.806	0	2	0	
screen	CNANHKGYHBTGAQ-UHFFFAOYSA-N	NC(=O)c1ccccc1OCC(=O)OCC1CCCO1	chembl_phase2	CHEMBL2104233	CC BY-SA 3.0	2026-09-25	279.29	0.886	1	5	87.85	6	20	37	2	0.429	0	0	0	
screen	XUMALORDVCFWKV-IBGZPJMESA-N	C[C@H](NC(=O)c1c(N)nn2cccnc12)c1cc2cccc(C#Cc3cnn(C)c3)c2c(=O)n1-c1ccccc1	chembl_phase2	CHEMBL3984425	CC BY-SA 3.0	2026-09-25	528.58	3.24	2	6	125.13	4	40	64	6	0.1	0	1	0	
screen	MMVBKZHQTLDYKG-UHFFFAOYSA-N	CNC1CN(c2nc3ncc(Br)cc3n3cnnc23)C1	chembl_phase2	CHEMBL5095103	CC BY-SA 3.0	2026-09-25	334.18	0.843	1	6	71.24	2	20	32	4	0.333	0	0	0	
screen	MGSRCZKZVOBKFT-UHFFFAOYSA-N	Cc1ccc(C(C)C)c(O)c1	chembl_phase2	CHEMBL29411	CC BY-SA 3.0	2026-09-25	150.22	2.824	1	1	20.23	1	11	25	1	0.4	0	0	1	
screen	YIMFXBPXUPTIEJ-OUKQBFOZSA-N	CC[N+](CC)(CC)CCOc1ccc(/C=C/c2ccccc2)cc1	chembl_phase2	CHEMBL191491	CC BY-SA 3.0	2026-09-25	324.49	5.112	0	1	9.23	9	24	54	2	0.364	0	1	0	chembl_phase2:CHEMBL1257065
screen	SOESEFMFRCCMQV-QWAPGEGQSA-N	CC(=O)OCC(=O)[C@@]12OC(C)(C)O[C@@H]1C[C@H]1[C@@H]3CC(C#N)=C4C=C(OCCCl)CC[C@]4(C)[C@@]3(F)[C@@H](O)C[C@@]12C	chembl_phase2	CHEMBL2104139	CC BY-SA 3.0	2026-09-25	566.07	4.287	1	8	115.08	6	39	76	5	0.759	0	1	0	
screen	HTJXMOGUGMSZOG-UHFFFAOYSA-N	O=C(Cn1c(=O)sc2ccc(Cl)cc21)N1CCN(CCO)CC1	chembl_phase2	CHEMBL274239	CC BY-SA 3.0	2026-09-25	355.85	0.853	1	5	65.78	4	23	41	3	0.467	0	0	0	
screen	JBMKAUGHUNFTOL-UHFFFAOYSA-N	NS(=O)(=O)c1cc2c(cc1Cl)N=CNS2(=O)=O	chembl_approved	CHEMBL842	CC BY-SA 3.0	2026-09-25	295.73	-0.061	2	5	118.69	1	17	23	2	0.0	0	0	0	
screen	PVNIIMVLHYAWGP-UHFFFAOYSA-N	O=C(O)c1cccnc1	chembl_approved	CHEMBL573	CC BY-SA 3.0	2026-09-25	123.11	0.78	1	2	50.19	1	9	14	1	0.0	0	0	1	
screen	LDHMAVIPBRSVRG-UHFFFAOYSA-O	C[n+]1cccc(C(N)=O)c1	chembl_phase2	CHEMBL71733	CC BY-SA 3.0	2026-09-25	137.16	-0.39	1	1	46.97	1	10	19	1	0.143	0	0	1	
screen	LHPBUFXEIOLURH-GQZONRFDSA-N	C[C@@H](OC(=O)CCc1ccccc1)[C@H]1CC[C@H]2[C@@H]3CCC4=CC(=O)CC[C@@H]4[C@H]3CC[C@]12C	chembl_phase2	CHEMBL2107303	CC BY-SA 3.0	2026-09-25	434.62	6.309	0	3	43.37	5	32	70	5	0.655	0	1	0	
screen	AFCGFAGUEYAMAO-UHFFFAOYSA-N	CC(=O)NCCCS(=O)(=O)O	chembl_approved	CHEMBL1201293	CC BY-SA 3.0	2026-09-25	181.21	-0.6	2	3	83.47	4	11	22	0	0.8	0	0	1	
screen	ZVFMYSNPRZIABV-UHFFFAOYSA-N	C[N+](C)(C)CCCCCn1c2ccc(Br)cc2c2cc(Br)ccc21	chembl_phase2	CHEMBL5314928	CC BY-SA 3.0	2026-09-25	453.24	6.196	0	0	4.93	6	24	49	3	0.4	0	1	0	chembl_phase2:CHEMBL5316162
screen	BWINBHTTZLVXGT-NVXWUHKLSA-N	CNc1cc(Nc2cccn(-c3ccccn3)c2=O)nc2c(C(=O)N[C@@H]3CC[C@H]3OC)cnn12	chembl_phase3	CHEMBL5314423	CC BY-SA 3.0	2026-09-25	460.5	1.968	3	8	127.47	7	34	58	5	0.261	0	0	0	
screen	JKOQGQFVAUAYPM-UHFFFAOYSA-N	NCCCNCCSP(=O)(O)O	chembl_approved	CHEMBL1006	CC BY-SA 3.0	2026-09-25	214.23	-0.249	4	4	95.58	7	12	27	0	1.0	0	0	0	
screen	IDAWWPOAHPVPMY-UHFFFAOYSA-N	CCCCc1nc(Cl)c(C(=O)OC(C)OC(=O)OCC)n1Cc1ccc(-c2ccccc2-c2nn[nH]n2)cc1	chembl_phase2	CHEMBL446373	CC BY-SA 3.0	2026-09-25	553.02	5.45	1	9	134.11	11	39	68	4	0.333	0	2	0	
screen	YVAFBXLHPINSIK-QHCPKHFHSA-N	CCNCCS(=O)(=O)NC[C@@]1(c2ccccc2)SC(NC(=O)C(C)(C)C)=NN1C(=O)C(C)(C)C	chembl_phase2	CHEMBL2105661	CC BY-SA 3.0	2026-09-25	511.71	2.423	3	7	119.97	8	34	71	2	0.609	0	1	0	
screen	ILVXQVHFMCJXTE-MRXNPFEDSA-N	CC(C)n1cc(C(=O)Nc2ccc(Oc3ccnc4[nH]nc(N[C@H](C)CO)c34)c(F)c2)c(=O)n(-c2ccc(F)cc2)c1=O	chembl_phase1	CHEMBL6060997	CC BY-SA 3.0	2026-09-25	591.58	3.967	4	8	156.16	9	43	70	5	0.207	0	1	0	
screen	QCGUSIANLFXSGE-GFCCVEGCSA-L	Cn1nnc(-c2ccc(-c3ccc(N4C[C@H](COP(=O)([O-])[O-])OC4=O)cc3F)cn2)n1	chembl_phase1	CHEMBL5314419	CC BY-SA 3.0	2026-09-25	448.31	0.249	0	10	158.45	6	31	45	4	0.235	0	0	0	
screen	FVRDYQYEVDDKCR-DBRKOABJSA-N	NC(=O)c1csc([C@@H]2O[C@H](CO)[C@@H](O)[C@H]2O)n1	chembl_phase2	CHEMBL108358	CC BY-SA 3.0	2026-09-25	260.27	-1.604	4	7	125.9	3	17	29	2	0.556	0	0	0	
screen	HCYFGRCYSCXKNQ-UHFFFAOYSA-N	Cn1c(=O)c2c(ncn2CC(=O)O)n(C)c1=O	chembl_approved	CHEMBL70246	CC BY-SA 3.0	2026-09-25	238.2	-1.482	1	4	99.12	2	17	27	2	0.333	0	0	0	chembl_approved:CHEMBL2106660
screen	NNFGKFKPLQYECP-BYXNGVTISA-N	CC(=O)O[C@H]1CC[C@H]2[C@@H]3CC[C@H]4C/C(=N/Oc5ccc([N+](=O)[O-])cc5)[C@H](Cl)C[C@]4(C)[C@H]3CC[C@]12C	chembl_phase2	CHEMBL2104712	CC BY-SA 3.0	2026-09-25	503.04	6.521	0	6	91.03	4	35	70	5	0.704	0	2	0	
screen	NWGGKKGAFZIVBJ-UHFFFAOYSA-N	O=C(OCCN1CCN(c2cccc(C(F)(F)F)c2)CC1)c1ccccc1Nc1ccnc2cc(C(F)(F)F)ccc12	chembl_approved	CHEMBL345524	CC BY-SA 3.0	2026-09-25	588.55	6.995	1	6	57.7	7	42	68	5	0.267	0	2	0	
screen	PVCULFYROUOVGJ-UHFFFAOYSA-N	CNC(=O)N(N(CCCl)S(C)(=O)=O)S(C)(=O)=O	chembl_phase3	CHEMBL167691	CC BY-SA 3.0	2026-09-25	307.78	-0.997	1	5	103.86	5	17	31	0	0.833	0	0	0	
screen	KWTSXDURSIMDCE-MRVPVSSYSA-N	C[C@@H](N)Cc1ccccc1	chembl_approved	CHEMBL19393	CC BY-SA 3.0	2026-09-25	135.21	1.576	1	1	26.02	2	10	23	1	0.333	0	0	1	
screen	VZVNFRFMDNFPOM-VWLOTQADSA-N	CCN(CC)CCOC(=O)[C@H](Cc1ccc(NC(=O)c2c(Cl)cccc2Cl)cc1)NC(=O)c1c(C)cccc1Cl	chembl_phase2	CHEMBL2107792	CC BY-SA 3.0	2026-09-25	604.96	6.434	2	5	87.74	12	40	72	3	0.3	0	2	0	
screen	PEMUGDMSUDYLHU-ZEQRLZLVSA-N	C=C(F)C(=O)N1CCN(c2nc(OC[C@@H]3CCCN3C)nc3c2CCN(c2cccc4cccc(Cl)c24)C3)C[C@@H]1CC#N	chembl_approved	CHEMBL4594350	CC BY-SA 3.0	2026-09-25	604.13	4.733	0	8	88.83	7	43	78	6	0.438	0	1	0	
screen	QCUZOJBYWQPLIN-BNMFZAHFSA-N	C#CC[C@@H](C(=O)N[C@H](/C=C/C(=O)OCC)C[C@@H]1CCNC1=O)n1cccc(NC(=O)c2cc(C)on2)c1=O	chembl_phase2	CHEMBL141157	CC BY-SA 3.0	2026-09-25	523.55	1.092	3	8	161.63	11	38	67	3	0.385	0	1	0	
screen	IMBXEJJVJRTNOW-XYMSELFBSA-M	C[C@H]1C[C@@H]2[C@H]([C@@H](O)C[C@@]3(C)[C@H]2CC[C@]3(O)C(=O)COC(=O)CCC(=O)[O-])[C@@]2(C)C=CC(=O)C=C12	chembl_approved	CHEMBL1201081	CC BY-SA 3.0	2026-09-25	473.54	0.885	2	8	141.03	6	34	67	4	0.692	0	0	0	
screen	GGGDNPWHMNJRFN-UHFFFAOYSA-N	CC(=O)Nc1c(I)c(C(=O)O)c(I)c(N(C)C(C)=O)c1I	chembl_approved	CHEMBL1736	CC BY-SA 3.0	2026-09-25	627.94	3.14	2	3	86.71	3	21	32	1	0.25	0	1	0	chembl_approved:CHEMBL1200353
screen	VDHAWDNDOKGFTD-MRXNPFEDSA-N	C[C@@H](NCCCc1cccc(C(F)(F)F)c1)c1cccc2ccccc12	chembl_approved	CHEMBL1200776	CC BY-SA 3.0	2026-09-25	357.42	6.142	1	1	12.03	6	26	48	3	0.273	0	1	0	chembl_approved:CHEMBL1201284
screen	PHIQHXFUZVPYII-ZCFIWIBFSA-N	C[N+](C)(C)C[C@H](O)CC(=O)[O-]	chembl_approved	CHEMBL1149	CC BY-SA 3.0	2026-09-25	161.2	-1.806	1	3	60.36	4	11	26	0	0.857	0	0	1	
screen	LSXUTRRVVSPWDZ-MKKUMYSQSA-N	CN[C@@H](C)C(=O)N[C@H]1CN(C(=O)CC(C)C)CC[C@H]2CC[C@@H](C(=O)NC(c3ccccc3)c3ccccc3)N2C1=O	chembl_phase3	CHEMBL2158051	CC BY-SA 3.0	2026-09-25	561.73	2.623	3	5	110.85	9	41	84	4	0.5	0	1	0	
screen	UIRKNQLZZXALBI-MSVGPLKSSA-N	CC(C)[C@@H](CC[C@@H](C)[C@H]1CC[C@H]2[C@@H]3[C@H](O)C[C@H]4C[C@@H](NCCCNCCCCN)CC[C@]4(C)[C@H]3CC[C@]12C)OS(=O)(=O)O	chembl_phase3	CHEMBL444929	CC BY-SA 3.0	2026-09-25	627.98	5.553	5	7	133.91	16	43	108	4	1.0	0	2	0	chembl_phase3:CHEMBL3989689
screen	CKLJMWTZIZZHCS-UWTATZPHSA-N	N[C@H](CC(=O)O)C(=O)O	chembl_phase2	CHEMBL29757	CC BY-SA 3.0	2026-09-25	133.1	-1.127	3	3	100.62	3	9	16	0	0.5	0	0	1	
screen	MAYZWDRUFKUGGP-VIFPVBQESA-N	Cn1nnnc1Cn1nnc2c(N3CC[C@H](O)C3)nc(C(C)(C)C)nc21	chembl_phase2	CHEMBL5314566	CC BY-SA 3.0	2026-09-25	358.41	-0.338	1	9	123.56	3	26	48	4	0.667	0	0	0	
screen	UDSFVOAUHKGBEK-CNQKSJKFSA-N	CCCCCCCCCCC(=O)O[C@H]1CC[C@H]2[C@@H]3CCC4=CC(=O)CC[C@]4(C)[C@H]3CC[C@]12C	chembl_approved	CHEMBL2107067	CC BY-SA 3.0	2026-09-25	456.71	7.961	0	3	43.37	10	33	81	4	0.867	0	1	0	
screen	JDKRQGOIZPRQRU-UHFFFAOYSA-N	CCCCCCCCCCCCCC[n+]1ccc(C)cc1	chembl_phase2	CHEMBL1393904	CC BY-SA 3.0	2026-09-25	290.51	5.984	0	0	3.88	13	21	57	1	0.75	0	1	0	chembl_phase2:CHEMBL2107233
screen	PKXWXHGLEXOSQK-UHFFFAOYSA-N	CCN(CC)C(=O)N1CCN(CCCc2nc3c(c(=O)n(C)c(=O)n3C)n2C)CC1	chembl_phase2	CHEMBL2107536	CC BY-SA 3.0	2026-09-25	419.53	-0.017	0	5	88.61	6	30	63	3	0.7	0	0	0	
screen	NAVMQTYZDKMPEU-UHFFFAOYSA-N	C=C(c1ccc(C(=O)O)cc1)c1cc2c(cc1C)C(C)(C)CCC2(C)C	chembl_approved	CHEMBL1023	CC BY-SA 3.0	2026-09-25	348.49	6.104	1	1	37.3	3	26	54	3	0.375	0	1	0	
screen	GNJCUHZOSOYIEC-GAROZEBRSA-N	CN1CC[C@]23c4c5ccc(O)c4O[C@H]2[C@@H](O[C@@H]2O[C@H](C(=O)O)[C@@H](O)[C@H](O)[C@H]2O)C=C[C@H]3[C@H]1C5	chembl_phase2	CHEMBL1330	CC BY-SA 3.0	2026-09-25	461.47	-0.885	5	9	149.15	3	33	60	6	0.609	0	0	0	
screen	HZQDCMWJEBCWBR-UUOKFMHZSA-N	NC(=O)c1ncn([C@@H]2O[C@H](CO)[C@@H](O)[C@H]2O)c1O	chembl_phase3	CHEMBL245019	CC BY-SA 3.0	2026-09-25	259.22	-2.701	5	7	151.06	3	18	31	2	0.556	0	0	0	
screen	FQKALOFOWPDTED-WBAXXEDZSA-N	COc1cccc2[nH]c(C(=O)N[C@@H](CC(C)C)C(=O)N[C@@H](C[C@@H]3CCNC3=O)C(=O)COP(=O)(O)O)cc12	chembl_phase3	CHEMBL4802214	CC BY-SA 3.0	2026-09-25	552.52	1.01	6	7	196.15	13	38	71	3	0.5	0	2	0	
screen	DXKIKFNSKJTQBC-BQELKBSMSA-N	CC(C(=O)O)c1ccc([C@H]2CCCC[C@@H]2C)cc1	chembl_phase2	CHEMBL2106868	CC BY-SA 3.0	2026-09-25	246.35	4.168	1	1	37.3	3	18	40	2	0.562	0	0	0	
screen	IPVFGAYTKQKGBM-BYPJNBLXSA-N	O=c1[nH]c(=O)n([C@@H]2O[C@H](CO)[C@@H](O)[C@@H]2F)cc1I	chembl_phase2	CHEMBL271475	CC BY-SA 3.0	2026-09-25	372.09	-1.27	3	5	104.55	2	18	28	2	0.556	0	0	0	
screen	KOWWOODYPWDWOJ-NNXCXUQRSA-N	CCN1C[C@]2(COC(=O)c3ccccc3N3C(=O)C[C@H](C)C3=O)CC[C@H](OC)[C@@]34C1[C@@]1(OCO[C@@]15C[C@H](OC)[C@H]1C[C@@H]3[C@@H]5[C@H]1OC)[C@@H](OC)[C@H]24	chembl_phase1	CHEMBL2113336	CC BY-SA 3.0	2026-09-25	694.82	3.055	0	11	122.3	9	50	100	9	0.763	0	2	0	
screen	FEWJPZIEWOKRBE-JCYAYHJZSA-N	O=C(O)[C@H](O)[C@@H](O)C(=O)O	chembl_approved	CHEMBL1200577	CC BY-SA 3.0	2026-09-25	150.09	-2.123	4	4	115.06	3	10	16	0	0.5	0	0	0	chembl_approved:CHEMBL1236315
screen	ZDZOTLJHXYCWBA-VCVYQWHSSA-N	CC(=O)O[C@@]12CO[C@@H]1C[C@H](O)[C@@]1(C)C(=O)[C@H](O)C3=C(C)[C@@H](OC(=O)[C@H](O)[C@@H](NC(=O)OC(C)(C)C)c4ccccc4)C[C@@](O)([C@@H](OC(=O)c4ccccc4)[C@H]21)C3(C)C	chembl_approved	CHEMBL92	CC BY-SA 3.0	2026-09-25	807.89	3.26	5	14	224.45	8	58	111	6	0.558	0	2	0	chembl_approved:CHEMBL3545252
screen	HJXMNVQARNZTEE-UHFFFAOYSA-N	CCCCC1OC(=O)c2ccccc21	chembl_phase3	CHEMBL248594	CC BY-SA 3.0	2026-09-25	190.24	3.088	0	2	26.3	3	14	28	2	0.417	0	0	0	
screen	ZBHXIWJRIFEVQY-IHMPYVIRSA-N	CO/N=C(\C(=O)N[C@@H]1C(=O)N2C(C(=O)O)=C(CSC(=O)c3ccco3)CS[C@H]12)c1csc(N)n1	chembl_phase2	CHEMBL222913	CC BY-SA 3.0	2026-09-25	523.57	0.981	3	12	177.42	8	34	51	4	0.263	0	2	0	
screen	MQXVYODZCMMZEM-ZYUZMQFOSA-N	O[C@@H]([C@H](O)[C@H](O)CNCCCl)[C@H](O)CNCCCl	chembl_phase2	CHEMBL460283	CC BY-SA 3.0	2026-09-25	305.2	-1.913	6	6	104.98	11	18	40	0	1.0	0	1	0	
screen	RPBNLMPTFCTXRQ-UHFFFAOYSA-N	COc1ccc(C2CCC(CN(C(=O)C3CCC(O)CC3)c3cccc(-c4cnn(C5CC5)c4)c3)CC2)cc1C	chembl_phase2	CHEMBL5314434	CC BY-SA 3.0	2026-09-25	541.74	7.06	1	4	67.59	8	40	83	6	0.529	0	2	0	
screen	WSYALRNYQFNNGP-HKBQPEDESA-N	COC(=O)[C@H](c1ccccc1)N1CCC(c2ccc(NC(=O)c3ccccc3-c3ccc(C(F)(F)F)cc3)cc2)CC1	chembl_phase2	CHEMBL2103860	CC BY-SA 3.0	2026-09-25	572.63	7.718	1	4	58.64	7	42	73	5	0.235	0	2	0	
screen	SIRZPOBKMRMKDI-UHFFFAOYSA-O	COc1c(O)c(C)c(CCCCCCCCCC[P+](c2ccccc2)(c2ccccc2)c2ccccc2)c(O)c1OC	chembl_phase2	CHEMBL4594414	CC BY-SA 3.0	2026-09-25	585.75	8.081	2	4	58.92	16	42	88	4	0.351	0	2	0	
screen	GZCGUPFRVQAUEE-KCDKBNATSA-N	O=C[C@H](O)[C@@H](O)[C@@H](O)[C@H](O)CO	chembl_phase3	CHEMBL6067641	CC BY-SA 3.0	2026-09-25	180.16	-3.379	5	6	118.22	5	12	24	0	0.833	0	0	0	
screen	WDJHHCAKBRKCLW-IBGZPJMESA-N	N=C(N)c1ccc2nc(-c3cc(CC(=O)N[C@@H](CC(=O)O)C(=O)O)cc(-c4cc(S(N)(=O)=O)ccc4O)c3O)[nH]c2c1	chembl_phase2	CHEMBL4297315	CC BY-SA 3.0	2026-09-25	596.58	0.826	9	9	282.87	10	42	66	4	0.115	0	2	0	
screen	RWWYLEGWBNMMLJ-YSOARWBDSA-N	CCC(CC)COC(=O)[C@H](C)N[P@](=O)(OC[C@H]1O[C@@](C#N)(c2ccc3c(N)ncnn23)[C@H](O)[C@@H]1O)Oc1ccccc1	chembl_approved	CHEMBL4065616	CC BY-SA 3.0	2026-09-25	602.59	2.312	4	12	203.55	13	42	77	4	0.481	0	2	0	
screen	HVYWMOMLDIMFJA-DPAQBDIFSA-N	CC(C)CCC[C@@H](C)[C@H]1CC[C@H]2[C@@H]3CC=C4C[C@@H](O)CC[C@]4(C)[C@H]3CC[C@]12C	chembl_phase2	CHEMBL112570	CC BY-SA 3.0	2026-09-25	386.66	7.389	1	1	20.23	5	28	74	4	0.926	0	1	0	
screen	FVTCRASFADXXNN-SCRDCRAPSA-N	Cc1cc2nc3c(=O)[nH]c(=O)nc-3n(C[C@H](O)[C@H](O)[C@H](O)COP(=O)(O)O)c2cc1C	chembl_approved	CHEMBL1201794	CC BY-SA 3.0	2026-09-25	456.35	-1.607	6	9	208.09	7	31	52	3	0.412	0	1	0	
screen	HYMSACOZWCUWKA-YKDDYUEBSA-N	COC(=O)CCC/C=C(\C)[C@H]1CC[C@H]2[C@@H]3CC=C4C[C@@H](O[C@@H]5C=C[C@H](OC(C)=O)[C@@H](COC(C)=O)O5)CC[C@]4(C)[C@H]3CC[C@]12C	chembl_phase2	CHEMBL6068073	CC BY-SA 3.0	2026-09-25	626.83	7.016	0	8	97.36	10	45	99	5	0.757	0	2	0	
screen	HHDDKDPLFXIPBX-DLFZDVPBSA-N	COc1cc([C@](O)(CCN(C)C)[C@@H](c2cc3cc(Br)ccc3nc2OC)c2cc(OC)nc(OC)c2OC)cc(OC)n1	chembl_phase2	CHEMBL4553146	CC BY-SA 3.0	2026-09-25	657.56	4.81	1	11	117.52	13	43	80	4	0.387	0	2	0	
screen	FPQIBCPWXJSFOQ-ILNPBIMBSA-N	Cn1ccc2c([C@@H](c3cn(C45CC(C4)C5)nn3)N(C(=O)OCOP(=O)(O)O)c3cc(Cl)c4ncc(C#N)c(NCC(C)(C)C)c4c3)cccc2c1=O	chembl_phase2	CHEMBL6067963	CC BY-SA 3.0	2026-09-25	747.15	5.97	3	10	197.72	10	52	88	8	0.371	0	2	0	
screen	LCHMHYPWGWYXEL-ZYADHFCISA-N	COC(=O)N[C@H](C(=O)N1CCC[C@H]1c1nc(-c2ccc3cc(-c4ccc5[nH]c([C@@H]6CCCN6C(=O)[C@@H](NC(=O)OC)C(C)C)nc5c4)ccc3c2)c[nH]1)C(C)C	chembl_phase2	CHEMBL3121849	CC BY-SA 3.0	2026-09-25	762.91	6.861	4	8	174.64	10	56	106	7	0.429	0	2	0	chembl_phase2:CHEMBL3545312
screen	HJJDBAOLQAWBMH-YCRCPZNHSA-N	CO/N=C(\C(=O)N[C@@H]1C(=O)N2C(C(=O)O)=C(CSc3nnnn3C)CS[C@H]12)c1csc(N)n1	chembl_approved	CHEMBL1201224	CC BY-SA 3.0	2026-09-25	511.57	-0.87	3	13	190.81	8	33	50	4	0.375	0	2	0	chembl_approved:CHEMBL3183193
screen	CFKMVGJGLGKFKI-UHFFFAOYSA-N	Cc1cc(O)ccc1Cl	chembl_phase2	CHEMBL1230222	CC BY-SA 3.0	2026-09-25	142.58	2.354	1	1	20.23	0	9	16	1	0.143	0	0	1	
screen	UCKYOOZPSJFJIZ-XVKVHKPRSA-N	O=C1NC(O)CCN1[C@@H]1O[C@H](CO)[C@@H](O)[C@H]1O	chembl_phase2	CHEMBL2311128	CC BY-SA 3.0	2026-09-25	248.24	-2.841	5	6	122.49	2	17	33	2	0.889	0	0	0	
screen	JORVRJNILJXMMG-OLNQLETPSA-N	Cc1nc(COc2ccc(C[C@H](NC(=O)O[C@H]3CO[C@H]4OCC[C@H]43)[C@H](O)CN(CC(C)C)S(=O)(=O)c3ccc4c(c3)OCO4)cc2)cs1	chembl_phase2	CHEMBL206031	CC BY-SA 3.0	2026-09-25	703.84	3.866	2	12	154.98	14	48	89	6	0.515	0	2	0	
screen	FYXHWMQPCJOJCH-GMAHTHKFSA-N	CCCCOC(=O)N1CCN(C(=O)[C@H](CP(=O)(O)O)NC(=O)c2cc(N3CC[C@H](OC)C3)nc(-c3ccccc3)n2)CC1	chembl_phase3	CHEMBL4297589	CC BY-SA 3.0	2026-09-25	618.63	1.726	3	9	174.73	11	43	82	4	0.536	0	1	0	
screen	IVBHGBMCVLDMKU-GXNBUGAJSA-M	CCN1CCN(C(=O)N[C@@H](C(=O)N[C@@H]2C(=O)N3[C@@H]2SC(C)(C)[C@@H]3C(=O)[O-])c2ccccc2)C(=O)C1=O	chembl_approved	CHEMBL1200820	CC BY-SA 3.0	2026-09-25	516.56	-1.575	2	8	159.26	6	36	62	4	0.478	0	1	0	
screen	ZLNYUCXXSDDIFU-UHFFFAOYSA-N	CC(C)(C(N)=O)C1CCN(CCC2(c3ccc(Cl)c(Cl)c3)CN(C(=O)Cc3cc(C(F)(F)F)cc(C(F)(F)F)c3)CCO2)CC1	chembl_phase2	CHEMBL3544947	CC BY-SA 3.0	2026-09-25	682.53	6.941	1	4	75.87	8	45	80	4	0.548	0	2	0	
screen	MQTOSJVFKKJCRP-BICOPXKESA-N	CC[C@H]1OC(=O)[C@H](C)[C@@H](O[C@H]2C[C@@](C)(OC)[C@@H](O)[C@H](C)O2)[C@H](C)[C@@H](O[C@@H]2O[C@H](C)C[C@H](N(C)C)[C@H]2O)[C@](C)(O)C[C@@H](C)CN(C)[C@H](C)[C@@H](O)[C@]1(C)O	chembl_approved	CHEMBL529	CC BY-SA 3.0	2026-09-25	749.0	1.901	5	14	180.08	7	52	124	3	0.974	0	2	0	chembl_phase2:CHEMBL1200502
screen	RKSMVPNZHBRNNS-UHFFFAOYSA-N	CC(C)(Sc1cc(C(C)(C)C)c(O)c(C(C)(C)C)c1)Sc1cc(C(C)(C)C)c(OC(=O)CCC(=O)O)c(C(C)(C)C)c1	chembl_phase3	CHEMBL83626	CC BY-SA 3.0	2026-09-25	616.93	9.973	2	6	83.83	8	42	94	2	0.6	0	2	0	
screen	QNRRHYPPQFELSF-CNYIRLTGSA-N	CO[C@@H]([C@@H]1OC(C(=O)O)=C[C@H](NC(=N)N)[C@H]1NC(C)=O)[C@H](O)CO	chembl_phase2	CHEMBL466246	CC BY-SA 3.0	2026-09-25	346.34	-2.922	7	7	187.22	7	24	46	1	0.615	0	1	0	
screen	WKWHOLCUESSZIQ-UHFFFAOYSA-K	CC(/C=C/C=C1/N(CCS(=O)(=O)[O-])c2ccc(S(=O)(=O)[O-])cc2C1(C)C)=C\C=C\C1=[N+](CCS(=O)(=O)[O-])c2ccc(S(=O)(=O)[O-])cc2C1(C)C	chembl_phase2	CHEMBL3989688	CC BY-SA 3.0	2026-09-25	767.9	2.702	0	13	235.05	12	50	85	4	0.344	0	2	0	
screen	GUTXTARXLVFHDK-UHFFFAOYSA-N	CCCCCCCCCC(=O)OC1(c2ccc(Cl)cc2)CCN(CCCC(=O)c2ccc(F)cc2)CC1	chembl_approved	CHEMBL1200986	CC BY-SA 3.0	2026-09-25	530.12	8.117	0	4	46.61	15	37	78	3	0.548	0	2	0	
screen	RPDFDSQFBCJTDY-GAQXSTBRSA-N	CC(C)Oc1cccc(CC(=O)N2CCC[C@](CC[N+]34CCC(c5ccccc5)(CC3)CC4)(c3ccc(Cl)c(Cl)c3)C2)c1	chembl_phase2	CHEMBL1178725	CC BY-SA 3.0	2026-09-25	620.69	8.226	0	2	29.54	9	43	88	7	0.486	0	2	0	chembl_phase2:CHEMBL2105831
screen	MHFMTUBUVQZIRE-WINRQGAFSA-N	C=C[C@@H]1C[C@]1(NC(=O)[C@@H]1C[C@@H](Oc2cc(-c3ccccc3)nc3cc(OC)ccc23)CN1C(=O)[C@@H](CC(=O)N1CCCCC1)C(C)(C)C)C(=O)NS(=O)(=O)C1CC1	chembl_phase2	CHEMBL2105750	CC BY-SA 3.0	2026-09-25	799.99	4.993	2	9	164.31	13	57	110	7	0.512	0	1	0	
screen	QJJXYPPXXYFBGM-LFZNUXCKSA-N	C=CC[C@@H]1/C=C(\C)C[C@H](C)C[C@H](OC)[C@H]2O[C@@](O)(C(=O)C(=O)N3CCCC[C@H]3C(=O)O[C@H](/C(C)=C/[C@@H]3CC[C@@H](O)[C@H](OC)C3)[C@H](C)[C@@H](O)CC1=O)[C@H](C)C[C@@H]2OC	chembl_approved	CHEMBL269732	CC BY-SA 3.0	2026-09-25	804.03	4.639	3	12	178.36	7	57	126	4	0.773	0	2	0	chembl_approved:CHEMBL3989887
screen	DSLZVSRJTYRBFB-LLEIAEIESA-N	O=C(O)[C@@H](O)[C@@H](O)[C@H](O)[C@@H](O)C(=O)O	chembl_approved	CHEMBL3989844	CC BY-SA 3.0	2026-09-25	210.14	-3.401	6	6	155.52	5	14	24	0	0.667	0	1	0	
screen	UAUIUKWPKRJZJV-QPLHLKROSA-N	Cc1cnc(C(=O)N[C@H]2CCCCC/C=C\[C@@H]3C[C@@]3(C(=O)NS(=O)(=O)C3CC3)NC(=O)[C@@H]3C[C@@H](Oc4nc5ccccc5c5ccccc45)CN3C2=O)cn1	chembl_approved	CHEMBL3391662	CC BY-SA 3.0	2026-09-25	765.89	3.637	3	10	189.65	7	55	98	8	0.425	0	1	0	
screen	BQSTXYPXJZXZNU-ZEOIZOQSSA-N	CC[C@H]1OC(=O)[C@H](C)[C@@H](O)[C@H](C)[C@@H](O[C@@H]2O[C@H](C)C[C@H](N(C)C)[C@H]2OC(=O)c2ccccc2)[C@](C)(O)C[C@@H](C)CN(C)[C@H](C)[C@@H](O)[C@]1(C)O	chembl_phase2	CHEMBL6068055	CC BY-SA 3.0	2026-09-25	694.91	2.84	4	12	158.46	6	49	111	3	0.784	0	2	0	
screen	CIDUJQMULVCIBT-MQDUPKMGSA-N	CCN[C@@H]1C[C@H](N)[C@@H](O[C@H]2OC(CN)=CC[C@H]2N)[C@H](O)[C@H]1O[C@H]1OC[C@](C)(O)[C@H](NC)[C@H]1O	chembl_approved	CHEMBL1572	CC BY-SA 3.0	2026-09-25	475.59	-3.201	8	12	199.73	8	33	74	3	0.905	0	2	0	
screen	LZPZPHGJDAGEJZ-AKAIJSEGSA-N	CNC(=O)c1cnn(-c2nc(N)c3ncn([C@@H]4O[C@H](CO)[C@@H](O)[C@H]4O)c3n2)c1	chembl_approved	CHEMBL317052	CC BY-SA 3.0	2026-09-25	390.36	-2.435	5	10	186.46	4	28	46	4	0.4	0	0	0	chembl_approved:CHEMBL3989695
screen	RZZPDXZPRHQOCG-OJAKKHQRSA-M	C[N+](C)(C)CCOP(=O)([O-])OP(=O)([O-])OC[C@H]1O[C@@H](n2ccc(N)nc2=O)[C@H](O)[C@@H]1O	chembl_phase3	CHEMBL1256994	CC BY-SA 3.0	2026-09-25	487.32	-2.862	3	13	218.55	10	31	56	2	0.714	0	1	0	
screen	QNAYBMKLOCPYGJ-REOHCLBHSA-N	C[C@H](N)C(=O)O	chembl_phase3	CHEMBL279597	CC BY-SA 3.0	2026-09-25	89.09	-0.582	2	2	63.32	1	6	13	0	0.667	0	0	1	
screen	OPZKBPQVWDSATI-KHPPLWFESA-N	CCCCCCCC/C=C\CCCCCCCC(=O)NCc1ccc(O)c(OC)c1	chembl_phase2	CHEMBL76903	CC BY-SA 3.0	2026-09-25	417.63	7.055	2	3	58.56	18	30	73	1	0.654	0	1	0	
screen	KPQQGHGDBBJGFA-QNGWXLTQSA-N	CS[C@@]1(C(=O)Nc2ccc3[nH]nc(-c4ccc(OC(C)C)nc4)c3c2)CCN(CC(=O)N2CC=C(c3ccc(-c4ncn(C)n4)cc3)CC2)C1	chembl_phase1	CHEMBL4213970	CC BY-SA 3.0	2026-09-25	691.86	5.27	2	9	134.16	10	50	91	7	0.351	0	2	0	
screen	AMMYEZPDRKXESR-CEJYENBDSA-N	Cc1nnc(SCC2=C(C(=O)OCc3oc(=O)oc3C)N3C(=O)[C@@H](NC(=O)[C@H](OC(=O)[C@@H](C)N)c4ccccc4)[C@H]3SC2)s1	chembl_phase2	CHEMBL2304040	CC BY-SA 3.0	2026-09-25	661.74	1.822	2	15	197.16	11	44	71	5	0.37	0	2	0	
screen	JGDXFQORBMPJGR-YUMQZZPRSA-N	C[As](C)SC[C@H](NC(=O)CC[C@H](N)C(=O)O)C(=O)NCC(=O)O	chembl_phase2	CHEMBL3247378	CC BY-SA 3.0	2026-09-25	411.31	-1.152	5	6	158.82	11	23	45	0	0.667	0	0	0	
screen	AXRYRYVKAWYZBR-GASGPIRDSA-N	COC(=O)N[C@H](C(=O)N[C@@H](Cc1ccccc1)[C@@H](O)CN(Cc1ccc(-c2ccccn2)cc1)NC(=O)[C@@H](NC(=O)OC)C(C)(C)C)C(C)(C)C	chembl_approved	CHEMBL1163	CC BY-SA 3.0	2026-09-25	704.87	4.212	5	9	171.22	14	51	103	3	0.447	0	1	0	chembl_approved:CHEMBL1200678
screen	QXLPXWSKPNOQLE-UHFFFAOYSA-N	C#CC(C)(O)CC	chembl_phase2	CHEMBL501613	CC BY-SA 3.0	2026-09-25	98.14	0.781	1	1	20.23	1	7	17	0	0.667	0	0	1	
screen	PYWYBTRACMRUQV-UHFFFAOYSA-N	COc1cc2c(cc1OC)C(C(C(=O)N(CCc1ccc(OC)c(OC)c1OC)CCc1ccc(OC)c(OC)c1OC)c1ccccc1)=NCC2	chembl_phase2	CHEMBL1557889	CC BY-SA 3.0	2026-09-25	712.84	6.198	0	10	106.51	17	52	100	5	0.366	0	2	0	
screen	CAVZBWFUMSXZFB-LJWNLINESA-N	CCC(C)(C)OC(=O)N[C@@H](Cc1c[nH]c2ccccc12)C(=O)N[C@@H](CCSC)C(=O)N[C@@H](CC(=O)O)C(=O)N[C@@H](Cc1ccccc1)C(N)=O	chembl_phase2	CHEMBL3187384	CC BY-SA 3.0	2026-09-25	710.85	2.404	7	8	221.81	19	50	96	3	0.429	0	2	0	
screen	YFSNREBZTKMFEB-DHGHKPCRSA-N	C=C(C)[C@@H]1CC[C@]2(NCCN3CCS(=O)(=O)CC3)CC[C@]3(C)[C@H](CC[C@@H]4[C@@]5(C)CC=C(C6=CC[C@@](CF)(C(=O)O)CC6)C(C)(C)[C@@H]5CC[C@]43C)[C@@H]12	chembl_phase1	CHEMBL5314575	CC BY-SA 3.0	2026-09-25	727.08	8.404	2	5	86.71	8	51	118	7	0.837	0	2	0	chembl_phase2:CHEMBL5201510
screen	VGEXRDWWPSGZDH-UHFFFAOYSA-N	CC(C)(C)c1cc(NC(=O)NCc2ccccc2Sc2ccc3nnc(-c4ccccc4SCCO)n3c2)n(-c2ccc(O)c(Cl)c2)n1	chembl_phase2	CHEMBL1938400	CC BY-SA 3.0	2026-09-25	700.29	7.796	4	8	129.6	10	48	82	6	0.2	0	2	0	
screen	AXFGWXLCWCNPHP-UHFFFAOYSA-N	COCCNC(=O)CN(CCN(CCN(CC(=O)O)CC(=O)NCCOC)CC(=O)O)CC(=O)O	chembl_phase2	CHEMBL1615772	CC BY-SA 3.0	2026-09-25	507.54	-3.329	5	10	198.28	22	35	72	0	0.75	0	1	0	
screen	NQGKNAVUMAHSQN-KDRPOVOJSA-N	Cn1c(=O)n(C2CCC(=O)NC2=O)c2cccc(C#CCOC3CCN(C[C@H]4CC[C@H](n5cc(NC(=O)c6cnn7ccc(N8C[C@H]9C[C@@H]8CO9)nc67)c(C(F)F)n5)CC4)CC3)c21	chembl_phase1	CHEMBL5569030	CC BY-SA 3.0	2026-09-25	865.94	3.988	2	11	175.15	10	63	112	10	0.523	0	2	0	
screen	JCQLYHFGKNRPGE-FCVZTGTOSA-N	OC[C@H]1O[C@@H](O[C@@H]2[C@@H](CO)O[C@](O)(CO)[C@H]2O)[C@H](O)[C@@H](O)[C@H]1O	chembl_approved	CHEMBL296306	CC BY-SA 3.0	2026-09-25	342.3	-5.396	8	11	189.53	5	23	45	2	1.0	0	2	0	
screen	IZLOSIXADNUSCM-ZWYZQBDTSA-N	O=C(O)CC[C@H](NP(=O)(O)OCCC[C@H](NC(=O)CC[C@H](NC(=O)CCCCCNC(=O)c1ccc([18F])cc1)C(=O)O)C(=O)O)C(=O)O	chembl_phase2	CHEMBL5314445	CC BY-SA 3.0	2026-09-25	705.62	0.84	9	9	295.06	25	48	88	1	0.536	0	2	0	
screen	TUOSYWCFRFNJBS-BHVANESWSA-N	CN(Cc1ccccc1)C(=O)[C@@H](NC(=O)c1cc2cc(NC(=O)c3ccccc3-c3ccc(C(F)(F)F)cc3)ccc2n1C)c1ccccc1	chembl_phase2	CHEMBL410414	CC BY-SA 3.0	2026-09-25	674.72	8.246	2	3	83.44	9	50	83	6	0.125	0	2	0	
screen	DIRJDIBCAHCCFL-AQFAATAFSA-N	CN(C)[C@@H]1C(O)=C(C(=O)NCN2CCN(C(=N)NC(=N)N)CC2)C(=O)[C@@]2(O)C(O)=C3C(=O)c4c(O)cccc4[C@@](C)(O)[C@H]3C[C@@H]12	chembl_phase2	CHEMBL2008915	CC BY-SA 3.0	2026-09-25	626.67	-1.591	10	12	259.86	4	45	83	5	0.483	0	3	0	
screen	LYMICVBGNUEHGE-FUQPUAIBSA-N	CO[C@@H]1[C@H](OP(=O)(S)OC[C@H]2O[C@@H](n3cnc4c(N)ncnc43)C[C@@H]2O)[C@@H](CO)O[C@H]1n1ccc(=O)[nH]c1=O	chembl_phase2	CHEMBL1084430	CC BY-SA 3.0	2026-09-25	587.51	-1.048	5	14	228.16	9	39	65	5	0.55	0	2	0	
screen	FYPMFJGVHOHGLL-UHFFFAOYSA-N	CC(C)(Sc1cc(C(C)(C)C)c(O)c(C(C)(C)C)c1)Sc1cc(C(C)(C)C)c(O)c(C(C)(C)C)c1	chembl_approved	CHEMBL608	CC BY-SA 3.0	2026-09-25	516.86	9.908	2	4	40.46	4	35	83	2	0.613	0	2	0	
screen	FGBGXESDYFKUFX-UHFFFAOYSA-N	CC(C)(Sc1cc(C(C)(C)C)c(O)c(C(C)(C)C)c1)Sc1cc(C(C)(C)C)c(OCC(=O)O)c(C(C)(C)C)c1	chembl_phase2	CHEMBL2104958	CC BY-SA 3.0	2026-09-25	574.89	9.666	2	5	66.76	7	39	89	2	0.606	0	2	0	
screen	JPIJQSOTBSSVTP-STHAYSLISA-N	O=C(O)[C@H](O)[C@@H](O)CO	chembl_phase2	CHEMBL2152047	CC BY-SA 3.0	2026-09-25	136.1	-2.215	4	4	97.99	3	9	17	0	0.75	0	0	0	
screen	WCKFMTGGCBJGEZ-GLQQXDFUSA-N	CCC(=O)OC[C@]1(O)O[C@H]([C@H]2C[C@H](C)[C@H]([C@]3(C)CC[C@H]([C@]4(C)CC[C@]5(C[C@H](O)[C@@H](C)[C@@H]([C@@H](C)[C@@H](OC(=O)CC)[C@H](C)C(=O)O)O5)O4)O3)O2)[C@@H](C)C[C@H]1C	chembl_phase2	CHEMBL2110869	CC BY-SA 3.0	2026-09-25	754.96	5.151	3	12	176.51	12	53	119	5	0.925	0	3	0	
screen	QMVPQBFHUJZJCS-NTKFZFFISA-N	O=C1c2c(c3c4ccc(O)cc4n([C@@H]4O[C@H](CO)[C@@H](O)[C@H](O)[C@H]4O)c3c3[nH]c4cc(O)ccc4c23)C(=O)N1NC(CO)CO	chembl_phase3	CHEMBL435191	CC BY-SA 3.0	2026-09-25	608.56	-0.734	10	12	241.2	6	44	72	7	0.31	0	3	0	
screen	HFZITXBUTWITPT-YWVKMMECSA-N	Cn1cc[n+](C[C@@]2(C)[C@H](C(=O)[O-])N3C(=O)C[C@H]3S2(=O)=O)n1	chembl_approved	CHEMBL4458276	CC BY-SA 3.0	2026-09-25	314.32	-3.428	0	6	116.28	3	21	35	3	0.636	0	0	0	
screen	URWAJWIAIPFPJE-YFMIWBNJSA-N	CN[C@@H]1[C@@H](O)[C@@H](O[C@@H]2[C@@H](O)[C@H](O[C@H]3OC(CN)=CC[C@H]3N)[C@@H](N)C[C@H]2N)OC[C@]1(C)O	chembl_phase3	CHEMBL221886	CC BY-SA 3.0	2026-09-25	447.53	-3.851	8	12	213.72	6	31	68	3	0.895	0	2	0	
screen	LCFWOFKPFDWYLR-CEFNRUSXSA-N	Cc1c(C)c2c(c(C)c1OCC(=O)O)CC[C@@](C)(CCC[C@H](C)CCC[C@H](C)CCCC(C)C)O2	chembl_phase1	CHEMBL2152999	CC BY-SA 3.0	2026-09-25	488.75	8.598	1	3	55.76	15	35	87	2	0.774	0	1	0	
screen	HUIKCRXUQCSUJS-ZLRZYOKSSA-N	CC(O)(P(=O)(O)O)P(=O)(O)OP(=O)(O)OC[C@H]1O[C@@H](n2ccc(N)nc2=O)[C@@H](O)[C@@H]1O	chembl_phase1	CHEMBL4802143	CC BY-SA 3.0	2026-09-25	511.21	-2.393	8	12	281.42	8	31	51	2	0.636	0	3	0	
screen	LYPFDBRUNKHDGX-UHFFFAOYSA-N	Oc1cccc(-c2c3nc(c(-c4cccc(O)c4)c4ccc([nH]4)c(-c4cccc(O)c4)c4nc(c(-c5cccc(O)c5)c5ccc2[nH]5)CC4)C=C3)c1	chembl_approved	CHEMBL500576	CC BY-SA 3.0	2026-09-25	680.76	9.761	6	6	138.28	4	52	84	9	0.045	0	3	0	
screen	HPTPDBYCFHFWJG-CWTKIQHKSA-N	CN1CCN([C@@H]2CCCN(c3cnc(C(N)=O)c(Nc4ccc(C5CCN(CC6CCN(c7ccc(C(=O)N[C@H]8CCC(=O)NC8=O)nc7)CC6)CC5)cc4)n3)C2)C1=O	chembl_phase1	CHEMBL5558927	CC BY-SA 3.0	2026-09-25	806.97	2.681	4	12	202.33	11	59	113	8	0.524	0	2	0	
screen	SLGIWUWTSWJBQE-VLCCYYTCSA-N	CC(=O)O[C@@]12CO[C@@H]1C[C@H](O)[C@@]1(C)C(=O)[C@H](OC(=O)C3CCCC3)C3=C(C)[C@@H](OC(=O)[C@H](O)[C@@H](NC(=O)OC(C)C)c4cccs4)C[C@@](O)([C@@H](OC(=O)c4ccccc4)[C@H]21)C3(C)C	chembl_phase2	CHEMBL2107372	CC BY-SA 3.0	2026-09-25	896.02	4.672	4	16	230.52	11	63	120	7	0.609	0	2	0	
screen	LCTONWCANYUPML-UHFFFAOYSA-M	CC(=O)C(=O)[O-]	chembl_phase2	CHEMBL181886	CC BY-SA 3.0	2026-09-25	87.05	-1.675	0	3	57.2	1	6	9	0	0.333	0	0	1	
screen	JMPFSEBWVLAJKM-UHFFFAOYSA-N	Cc1cc(C(C#N)c2ccc(Cl)cc2)c(Cl)cc1NC(=O)c1cc(I)cc(I)c1O	chembl_phase2	CHEMBL12131	CC BY-SA 3.0	2026-09-25	663.08	7.124	2	3	73.12	4	30	44	3	0.091	0	2	0	
screen	NMDYYWFGPIMTKO-KLCPSUAYSA-N	CC[C@]12C=CCN3CC[C@@]4(c5cc([C@@]6(C(=O)OC)C[C@@H]7C[C@@H](C(C)(F)F)CN(Cc8c6[nH]c6ccccc86)C7)c(OC)cc5N(C)[C@H]4[C@@](O)(C(=O)OC)[C@@H]1OC(C)=O)[C@@H]32	chembl_approved	CHEMBL2105629	CC BY-SA 3.0	2026-09-25	816.94	5.079	2	11	133.87	7	59	113	9	0.578	0	3	0	chembl_approved:CHEMBL2110725
screen	NTHXOOBQLCIOLC-UHFFFAOYSA-N	CC(=O)N(CC(O)CO)c1c(I)c(C(=O)NCC(O)CO)c(I)c(C(=O)NCC(O)CO)c1I	chembl_approved	CHEMBL1200455	CC BY-SA 3.0	2026-09-25	821.14	-1.627	8	9	199.89	12	34	60	1	0.526	0	2	0	
screen	OCFOTEIMZBKQFS-DGMGPCKZSA-N	NCC[C@H](O)CN[C@@H]1C[C@H](N)[C@@H](O[C@H]2O[C@H](CN)[C@@H](O)[C@H](O)[C@H]2O)[C@H](O)[C@H]1O[C@H]1O[C@H](CO)[C@@H](O)[C@H](N)[C@H]1O	chembl_phase2	CHEMBL2304044	CC BY-SA 3.0	2026-09-25	571.63	-7.951	13	17	314.87	11	39	84	3	1.0	0	3	0	
screen	YAVMDSYMZGJNES-UHFFFAOYSA-N	O=S(=O)(O)c1ccc(-c2c3nc(c(-c4ccc(S(=O)(=O)O)cc4)c4ccc([nH]4)c(-c4ccc(S(=O)(=O)O)cc4)c4ccc([nH]4)c(-c4ccc(S(=O)(=O)O)cc4)c4nc2C=C4)C=C3)cc1	chembl_phase1	CHEMBL1207607	CC BY-SA 3.0	2026-09-25	935.01	8.31	6	10	274.84	8	64	94	9	0.0	0	3	0	
screen	HIZOPJQOPKRKFM-UHFFFAOYSA-N	O=C(O)c1ccc(CCCc2c(CCNS(=O)(=O)Cc3ccc(Cl)c(Cl)c3)n(C(c3ccccc3)c3ccccc3)c3ccc(Cl)cc23)cc1	chembl_phase2	CHEMBL272342	CC BY-SA 3.0	2026-09-25	746.16	9.775	2	3	88.4	14	50	85	6	0.175	0	2	0	
screen	PWAUCHMQEXVFJR-PMAPCBKXSA-N	Cc1cc(O)c(C(=O)N[C@@H](C(=O)N[C@@H]2C(=O)N3C(C(=O)O)=C(CSc4nnnn4C)CS[C@H]23)c2ccc(O)cc2)cn1	chembl_approved	CHEMBL1201204	CC BY-SA 3.0	2026-09-25	612.65	0.327	5	12	212.76	9	42	66	5	0.28	0	2	0	
screen	BVAZQCUMNICBAQ-PZHYSIFUSA-N	COC(=O)N[C@H](C(=O)N1CCC[C@H]1c1nc(-c2ccc3c(c2)O[C@@H](c2ccccc2)n2c-3cc3cc(-c4c[nH]c([C@@H]5CCCN5C(=O)[C@@H](NC(=O)OC)C(C)C)n4)ccc32)c[nH]1)C(C)C	chembl_approved	CHEMBL3039514	CC BY-SA 3.0	2026-09-25	882.03	8.116	4	9	188.8	11	65	120	9	0.388	0	2	0	
screen	USUWIEBBBWHKNI-KHIFEHGGSA-M	Cc1cc(-n2nc3c(c2-n2ccn(-c4ccc5c(cnn5C)c4F)c2=O)[C@H](C)N(C(=O)c2cc4cc([C@H]5CCOC(C)(C)C5)ccc4n2[C@@]2(c4noc(=O)[n-]4)C[C@@H]2C)CC3)cc(C)c1F	chembl_phase1	CHEMBL5314577	CC BY-SA 3.0	2026-09-25	881.96	7.071	0	8	154.24	7	65	112	11	0.375	0	2	0	
screen	FWXVGKSWZJEPQI-UHFFFAOYSA-N	C#Cc1cc(Nc2nccc(Oc3ccc(NC(=O)Nc4cc(C(C)(C)C)cc(NS(C)(=O)=O)c4OC)c4ccccc34)n2)cc(C(=O)NCCOCCOCCOC)c1	chembl_phase2	CHEMBL3681949	CC BY-SA 3.0	2026-09-25	839.97	6.878	5	12	200.36	19	60	109	5	0.302	0	3	0	
screen	HBZAZSCNDMDWEU-GNZRQIOVSA-N	CCCCCCN(CCOc1ccc(CCCCNC(=N)NC(=O)c2nc(Cl)c(N)nc2N)cc1)C[C@H](O)C(O)[C@H](O)[C@H](O)CO	chembl_phase2	CHEMBL5095031	CC BY-SA 3.0	2026-09-25	669.22	0.268	10	13	256.42	21	46	95	2	0.6	0	3	0	
screen	TVZGACDUOSZQKY-LBPRGKRZSA-L	Nc1nc(N)c2nc(CNc3ccc(C(=O)N[C@@H](CCC(=O)[O-])C(=O)[O-])cc3)cnc2n1	chembl_phase2	CHEMBL2104643	CC BY-SA 3.0	2026-09-25	438.4	-2.425	4	12	224.99	9	32	50	3	0.211	0	1	0	
screen	ZEFUFVWPRPISAD-FLUPTLLOSA-N	NC[C@H]1O[C@H](O[C@H]2[C@H](O)[C@@H](O[C@H]3O[C@H](CO)[C@@H](O)[C@H](N)[C@H]3O)[C@H](NC(CO)CO)C[C@@H]2N)[C@H](N)[C@@H](O)[C@@H]1O	chembl_phase2	CHEMBL4594229	CC BY-SA 3.0	2026-09-25	557.6	-8.341	13	17	314.87	10	38	81	3	1.0	0	3	0	
screen	RLGQACBPNDBWTB-UHFFFAOYSA-N	CCCCCCCCCCCCCCCC[N+](C)(C)C	chembl_phase2	CHEMBL307346	CC BY-SA 3.0	2026-09-25	284.55	6.174	0	0	0.0	15	20	62	0	1.0	0	1	0	chembl_phase2:CHEMBL1183605
screen	XOEUHCONYHZURQ-HNUBZJOYSA-N	CC[C@H]1OC(=O)[C@H](C)[C@@H](O[C@H]2C[C@@](C)(OC)[C@@H](O)[C@H](C)O2)[C@H](C)[C@@H](O[C@@H]2O[C@H](C)C[C@H](N(C)C)[C@H]2O)[C@](C)(O)C[C@](C)(F)C(=O)[C@H](C)[C@@H](O)[C@]1(C)O	chembl_phase2	CHEMBL2106403	CC BY-SA 3.0	2026-09-25	751.93	1.878	5	14	193.91	7	52	118	3	0.946	0	2	0	
screen	XEDHVZKDSYZQBF-UHFFFAOYSA-N	CN1CCC(C(=O)c2cccc(NC(=O)c3c(F)cc(F)cc3F)n2)CC1	chembl_approved	CHEMBL3039520	CC BY-SA 3.0	2026-09-25	377.37	3.276	1	4	62.3	4	27	45	3	0.316	0	0	0	chembl_approved:CHEMBL3039526
screen	ZDIGNSYAACHWNL-HNNXBMFYSA-N	CN(C)CC[C@@H](c1ccc(Br)cc1)c1ccccn1	chembl_approved	CHEMBL1200638	CC BY-SA 3.0	2026-09-25	319.25	3.928	0	2	16.13	5	19	38	2	0.312	0	0	0	chembl_approved:CHEMBL1201287
screen	UVKZSORBKUEBAZ-UHFFFAOYSA-N	CN1CCN(C(c2ccccc2)c2ccccc2)CC1	chembl_approved	CHEMBL648	CC BY-SA 3.0	2026-09-25	266.39	3.023	0	2	6.48	3	20	42	3	0.333	0	0	0	chembl_approved:CHEMBL1200497
screen	QFGMXJOBTNZHEL-UHFFFAOYSA-N	O=C(O)Cc1ccc2c(c1)C(=O)c1ccccc1CO2	chembl_phase2	CHEMBL33211	CC BY-SA 3.0	2026-09-25	268.27	2.437	1	3	63.6	2	20	32	3	0.125	0	0	1	
screen	LGUDKOQUWIHXOV-UHFFFAOYSA-N	O=C(C1CCCCC1)N1CC(=O)N2CCCc3ccccc3C2C1	chembl_phase2	CHEMBL64979	CC BY-SA 3.0	2026-09-25	326.44	2.925	0	2	40.62	1	24	50	4	0.6	0	0	0	
screen	SMYALUSCZJXWHG-UHFFFAOYSA-N	O=C(c1ccc(F)cc1)C1CCN(CCn2c(=S)[nH]c3ccccc3c2=O)CC1	chembl_phase2	CHEMBL62919	CC BY-SA 3.0	2026-09-25	411.5	3.793	1	4	58.1	5	29	51	4	0.318	0	0	0	
screen	HEYBXKVTQOEUTP-UHFFFAOYSA-N	COc1ccnc(C[S+]([O-])c2nc3cc(OC(F)F)ccc3[n-]2)c1OC	chembl_approved	CHEMBL3989559	CC BY-SA 3.0	2026-09-25	382.37	2.513	0	6	90.63	7	26	40	3	0.25	0	0	0	
screen	OPYFPDBMMYUPME-UHFFFAOYSA-N	COc1ccc(-c2nc(C(F)(F)F)[nH]c2-c2ccc(OC)cc2)cc1	chembl_phase2	CHEMBL430150	CC BY-SA 3.0	2026-09-25	348.32	4.78	1	3	47.14	4	25	40	3	0.167	0	0	0	
screen	NGOHTJBYABHJKF-UHFFFAOYSA-O	CCN(CC)CC[n+]1ccc2c(C)c3[nH]c4ccc(O)cc4c3c(C)c2c1	chembl_phase2	CHEMBL68332	CC BY-SA 3.0	2026-09-25	362.5	4.426	2	2	43.14	5	27	55	4	0.348	0	0	0	chembl_phase2:CHEMBL197585
screen	PLDUPXSUYLZYBN-UHFFFAOYSA-N	OCCN1CCN(CCCN2c3ccccc3Sc3ccc(C(F)(F)F)cc32)CC1	chembl_approved	CHEMBL726	CC BY-SA 3.0	2026-09-25	437.53	4.308	1	5	29.95	6	30	56	4	0.455	0	0	0	chembl_approved:CHEMBL1448187
screen	NGOGFTYYXHNFQH-UHFFFAOYSA-N	O=S(=O)(c1cccc2cnccc12)N1CCCNCC1	chembl_phase2	CHEMBL541388	CC BY-SA 3.0	2026-09-25	291.38	1.219	1	4	62.3	2	20	37	3	0.357	0	0	0	chembl_phase3:CHEMBL38380
screen	MEZZCSHVIGVWFI-UHFFFAOYSA-N	COc1ccc(C(=O)c2ccccc2O)c(O)c1	chembl_phase2	CHEMBL1326877	CC BY-SA 3.0	2026-09-25	244.25	2.337	2	4	66.76	3	18	30	2	0.071	0	0	0	
screen	CSNKNIWBSXUJRO-UHFFFAOYSA-N	COc1cc2nc(CCN3CCN(c4ccccc4OC)CC3)[nH]c(=O)c2cc1OC	chembl_phase2	CHEMBL2107079	CC BY-SA 3.0	2026-09-25	424.5	2.314	1	7	79.92	7	31	59	4	0.391	0	0	0	
screen	LJNFYMMXCXGFCP-LLVKDONJSA-N	CO[C@]1(c2cccc(F)c2F)CCNC1	chembl_phase2	CHEMBL5095193	CC BY-SA 3.0	2026-09-25	213.23	1.8	1	2	21.26	2	15	28	2	0.455	0	0	1	
screen	GBEUKTWTUSPHEE-JWJWXJQQSA-N	CN1C(=O)C(F)=C[C@]2(C)[C@H]3CC[C@]4(C)[C@@H](C(=O)NCc5nc6cccnc6[nH]5)CC[C@H]4[C@@H]3CC[C@@H]12	chembl_phase2	CHEMBL3221237	CC BY-SA 3.0	2026-09-25	479.6	4.127	2	4	90.98	3	35	69	6	0.63	0	0	0	
screen	LFYBMMHFJIAKFE-PMEKXCSPSA-N	CCC[C@@](C)(O)[C@H]1C[C@@]23C=C[C@]1(OC)[C@@H]1Oc4c(OC(C)=O)ccc5c4[C@@]12CCN(C)[C@@H]3C5	chembl_phase2	CHEMBL3989451	CC BY-SA 3.0	2026-09-25	453.58	3.383	1	6	68.23	5	33	68	7	0.667	0	0	0	
screen	FKKUMFTYSTZUJG-UHFFFAOYSA-N	Nc1ccc(S(=O)(=O)c2ccc(NCC(=O)O)cc2)cc1	chembl_phase2	CHEMBL48396	CC BY-SA 3.0	2026-09-25	306.34	1.598	3	5	109.49	5	21	35	2	0.071	0	0	0	
screen	JKDGKIBAOAFRPJ-ZBINZKHDSA-N	CC[C@@H]1[C@H](F)C(=O)N[C@@H]1COc1nccc2cc(C(N)=O)c(OC)cc12	chembl_phase2	CHEMBL4081711	CC BY-SA 3.0	2026-09-25	361.37	1.584	2	5	103.54	6	26	46	3	0.389	0	0	0	
screen	HAHOPPGVHWVBRR-UHFFFAOYSA-N	NC1=NCC(c2ccc(Cl)cc2)O1	chembl_phase2	CHEMBL2104179	CC BY-SA 3.0	2026-09-25	196.64	1.726	1	3	47.61	1	13	22	2	0.222	0	0	1	
screen	JZCPYUJPEARBJL-UHFFFAOYSA-N	Cc1c(C(=O)NN2CCCCC2)nn(-c2ccc(Cl)cc2Cl)c1-c1ccc(Cl)cc1	chembl_approved	CHEMBL111	CC BY-SA 3.0	2026-09-25	463.8	5.939	1	3	50.16	4	30	51	4	0.273	0	1	0	
screen	WIQRCHMSJFFONW-HNNXBMFYSA-N	NCC[C@H](Oc1ccc(C(F)(F)F)cc1)c1ccccc1	chembl_phase2	CHEMBL465123	CC BY-SA 3.0	2026-09-25	295.3	4.174	1	2	35.25	5	21	37	2	0.25	0	0	0	
screen	ILTWRLHXJMWZHP-UHFFFAOYSA-N	N#CCNC(=O)CNc1ccc(C(=O)O)cc1	chembl_phase1	CHEMBL4802134	CC BY-SA 3.0	2026-09-25	233.23	0.436	3	4	102.22	5	17	28	1	0.182	0	0	0	
screen	WEAJZXNPAWBCOA-INIZCTEOSA-N	COc1ccc(CNc2nc(N3CCC[C@H]3CO)ncc2C(=O)NCc2ncccn2)cc1Cl	chembl_approved	CHEMBL1963681	CC BY-SA 3.0	2026-09-25	483.96	2.432	3	9	125.39	9	34	60	4	0.348	0	0	0	
screen	CTNPALGJUAXMMC-PMFHANACSA-N	Cc1[nH]c(/C=C2\C(=O)Nc3ccc(F)cc32)c(C)c1C(=O)NC[C@H](O)CN1CCOCC1	chembl_phase2	CHEMBL1721885	CC BY-SA 3.0	2026-09-25	442.49	1.686	4	5	106.69	6	32	59	4	0.391	0	0	0	
screen	GVVUZBSCYAVFTI-IYARVYRRSA-N	O=c1[nH]c(=O)c(Cc2cccc(C(F)(F)F)c2)c([C@H]2CC[C@H](c3ccccc3)CC2)[nH]1	chembl_phase2	CHEMBL4297602	CC BY-SA 3.0	2026-09-25	428.45	5.114	2	2	65.72	4	31	54	4	0.333	0	1	0	
screen	WKDACQVEJIVHMZ-UHFFFAOYSA-N	CCS(=O)(=O)c1cccc(-c2cc(C(=O)NC3CCN(C)CC3)c(C)c3[nH]c4ncc(C)cc4c23)c1	chembl_phase1	CHEMBL3544932	CC BY-SA 3.0	2026-09-25	504.66	4.618	2	5	95.16	5	36	68	5	0.357	0	1	0	
screen	LJTSIMVOOOLKOL-FNRDIUJOSA-N	COC1=C(OC)[C@H](O)[C@H](C/C=C(\C)CC/C=C(\C)CCC=C(C)C)[C@@H](C)C1=O	chembl_phase2	CHEMBL3235620	CC BY-SA 3.0	2026-09-25	390.56	5.496	1	4	55.76	10	28	66	1	0.625	0	1	0	
screen	RXZTWBVFHQLTBU-UHFFFAOYSA-N	CC(C(=O)O)c1ccc(Oc2nccs2)cc1	chembl_phase2	CHEMBL2107544	CC BY-SA 3.0	2026-09-25	249.29	3.124	1	4	59.42	4	17	28	2	0.167	0	0	0	
screen	WXFIGDLSSYIKKV-RCOVLWMOSA-N	C[C@H](N)[C@H](O)c1cccc(O)c1	chembl_approved	CHEMBL1201319	CC BY-SA 3.0	2026-09-25	167.21	0.773	3	3	66.48	2	12	25	1	0.333	0	0	1	chembl_approved:CHEMBL2062262
screen	IBDYYOQKQCCSDP-QFIPXVFZSA-N	CCC[C@H](Oc1cc(C)c(-n2cc(C(F)(F)F)cn2)c(C)c1)c1ccc(C(=O)NCCC(=O)O)cc1	chembl_phase2	CHEMBL2381848	CC BY-SA 3.0	2026-09-25	503.52	5.633	2	4	93.45	10	36	64	3	0.346	0	2	0	
screen	IZOYMGQQVNAMHS-UHFFFAOYSA-N	COc1nsnc1NS(=O)(=O)c1ccc(N)cc1	chembl_phase2	CHEMBL2105398	CC BY-SA 3.0	2026-09-25	286.34	0.93	2	7	107.2	4	18	28	2	0.111	0	0	0	
screen	NVPXUFQLKWKBHK-UHFFFAOYSA-N	CC(C)OC(=O)COc1cccc(CN(Cc2ccc(-n3cccn3)cc2)S(=O)(=O)c2cccnc2)c1	chembl_phase2	CHEMBL2105692	CC BY-SA 3.0	2026-09-25	520.61	3.989	0	7	103.62	11	37	65	4	0.222	0	1	0	
screen	CATMPQFFVNKDEY-YPMHNXCESA-N	N[C@H](CCC(=O)N[C@@H](Cc1c[nH]c2ccccc12)C(=O)O)C(=O)O	chembl_phase2	CHEMBL2103812	CC BY-SA 3.0	2026-09-25	333.34	0.472	5	4	145.51	8	24	43	2	0.312	0	0	0	
screen	NOOLISFMXDJSKH-KXUCPTDWSA-N	CC(C)[C@@H]1CC[C@@H](C)C[C@H]1O	chembl_phase3	CHEMBL470670	CC BY-SA 3.0	2026-09-25	156.27	2.44	1	1	20.23	1	11	31	1	1.0	0	0	1	
screen	DBOUGBAQLIXZLV-UHFFFAOYSA-N	CCN(CC)CCCN1c2ccccc2Sc2ccc(Cl)cc21	chembl_phase2	CHEMBL52125	CC BY-SA 3.0	2026-09-25	346.93	5.675	0	3	6.48	6	23	46	3	0.368	0	1	0	
decoy	DYGIPCPWPHKLMC-UHFFFAOYSA-N	CCOC(=O)C1=C(C)NC(C)=C(C(=O)OCC)C1c1cccnc1SC	chembl_phase2	CHEMBL2106863	CC BY-SA 3.0	2026-09-25	376.48	3.165	1	7	77.52	6	26	50	2	0.421	0	0	0	
decoy	UJCARUGFZOJPMI-UHFFFAOYSA-N	COc1cc(C)cc(C)c1NC(=O)CCN1CCCCC1C	chembl_phase2	CHEMBL2104555	CC BY-SA 3.0	2026-09-25	304.43	3.515	1	3	41.57	5	22	50	2	0.611	0	0	0	
decoy	SBDNJUWAMKYJOX-UHFFFAOYSA-M	Cc1ccc(Cl)c(Nc2ccccc2C(=O)[O-])c1Cl	chembl_approved	CHEMBL1562610	CC BY-SA 3.0	2026-09-25	295.14	3.409	1	3	52.16	3	19	29	2	0.071	0	0	0	
decoy	ILORKHQGIMGDFN-UHFFFAOYSA-N	CCC1(CC)C(=O)NC(=O)N(c2ccccc2)C1=O	chembl_phase2	CHEMBL93218	CC BY-SA 3.0	2026-09-25	260.29	2.076	1	3	66.48	3	19	35	2	0.357	0	0	1	
decoy	NEFZSDAFBFJUNW-UHFFFAOYSA-N	C[N+]1(C)CCC(OC(=O)C(O)(c2ccccc2)C2CCCCC2)C1	chembl_phase2	CHEMBL2105055	CC BY-SA 3.0	2026-09-25	332.46	2.846	1	3	46.53	4	24	54	3	0.65	0	0	0	chembl_phase2:CHEMBL2110685
decoy	AFDPFLDWOXXHQM-NRFANRHFSA-N	O=C(CCc1ccc(CN[C@H](C(=O)OC2CCCC2)C2CCCCC2)cn1)NO	chembl_phase2	CHEMBL4297494	CC BY-SA 3.0	2026-09-25	403.52	3.044	3	6	100.55	9	29	62	3	0.682	0	0	0	
decoy	ODGXXYXJORZPHE-ZIAGYGMSSA-N	NCc1cc(Oc2cccc(C(=O)N3C[C@@H](O)[C@H](F)C3)c2)nc(C(F)(F)F)c1	chembl_phase2	CHEMBL4116649	CC BY-SA 3.0	2026-09-25	399.34	2.506	2	5	88.68	4	28	45	3	0.333	0	0	0	
decoy	AXWZZEWIGNYBGA-UHFFFAOYSA-N	C[N+]1(CC2COC(c3ccccc3)(C3CCCCC3)O2)CCCCC1	chembl_phase2	CHEMBL1725250	CC BY-SA 3.0	2026-09-25	344.52	4.466	0	2	18.46	4	25	59	4	0.727	0	0	0	chembl_phase2:CHEMBL2107009
decoy	IWSXBCZCPVUWHT-VIFKTUCRSA-N	CC(=O)O[C@]1(C(C)=O)CC[C@H]2[C@@H]3CCC4=CC(=O)CC[C@@H]4[C@H]3[C@@H](C)C[C@@]21C	chembl_phase2	CHEMBL2104744	CC BY-SA 3.0	2026-09-25	372.51	4.265	0	4	60.44	2	27	59	4	0.783	0	0	0	
decoy	WRBFPGYDKJBYBI-LGNYVVAJSA-N	CN(C)C(=O)[C@H]1C[C@@H]1c1ccc(-c2ncn([11CH3])c2Sc2ccc(Cl)cn2)cc1	chembl_phase1	CHEMBL2386714	CC BY-SA 3.0	2026-09-25	411.95	4.478	0	4	51.02	5	28	49	4	0.286	0	0	0	
decoy	RCIMBBZXSXFZBV-UHFFFAOYSA-N	CCn1cc(C(=O)O)c(=O)c2cnc(N3CCCC3)nc21	chembl_phase2	CHEMBL311350	CC BY-SA 3.0	2026-09-25	288.31	1.11	1	5	88.32	3	21	37	3	0.429	0	0	0	
decoy	TYGVJQQISVEFSH-UHFFFAOYSA-N	O=C1C(N2CCCCC2)CCN1c1ccccc1	chembl_phase2	CHEMBL2105856	CC BY-SA 3.0	2026-09-25	244.34	2.278	0	2	23.55	2	18	38	3	0.533	0	0	1	
decoy	YJGVMLPVUAXIQN-XVVDYKMHSA-N	COc1cc([C@@H]2c3cc4c(cc3[C@H](O)[C@H]3COC(=O)[C@H]23)OCO4)cc(OC)c1OC	chembl_approved	CHEMBL61	CC BY-SA 3.0	2026-09-25	414.41	2.409	1	8	92.68	4	30	52	5	0.409	0	0	0	
decoy	WCEFMBSFXJUREW-LIJGXYGRSA-N	NC[C@@]1(CC(=O)O)[C@@H]2CC[C@H]3C[C@@H]2[C@@H]1C3	chembl_phase3	CHEMBL5314958	CC BY-SA 3.0	2026-09-25	209.29	1.472	2	2	63.32	3	15	34	3	0.917	0	0	1	
decoy	GLNWREBYRLDPQP-MHZLTWQESA-N	O=C(CCCCCCC(=O)Nc1ccc(CN[C@H](C(=O)OC2CCCC2)c2ccccc2)cc1)NO	chembl_phase2	CHEMBL4297582	CC BY-SA 3.0	2026-09-25	495.62	4.788	4	6	116.76	14	36	73	3	0.464	0	0	0	
decoy	VRBKIVRKKCLPHA-UHFFFAOYSA-N	CCc1nn(CCCN2CCN(c3cccc(Cl)c3)CC2)c(=O)n1CCOc1ccccc1	chembl_approved	CHEMBL623	CC BY-SA 3.0	2026-09-25	470.02	3.552	0	5	55.53	10	33	65	4	0.44	0	0	0	chembl_approved:CHEMBL1200492
decoy	LZFZMUMEGBBDTC-QEJZJMRPSA-N	C[C@H](N[C@@H](CCc1ccccc1)C(=O)O)C(=O)N1CCC[C@H]1C(=O)O	chembl_approved	CHEMBL577	CC BY-SA 3.0	2026-09-25	348.4	1.126	3	4	106.94	8	25	49	2	0.5	0	0	0	chembl_approved:CHEMBL3989406
decoy	WNMJYKCGWZFFKR-UHFFFAOYSA-N	COc1cc2nc(N(C)CCCNC(=O)C3CCCO3)nc(N)c2cc1OC	chembl_approved	CHEMBL709	CC BY-SA 3.0	2026-09-25	389.46	1.351	2	8	111.83	8	28	55	3	0.526	0	0	0	chembl_approved:CHEMBL1723
decoy	HSHNITRMYYLLCV-UHFFFAOYSA-N	Cc1cc(=O)oc2cc(O)ccc12	chembl_phase2	CHEMBL12208	CC BY-SA 3.0	2026-09-25	176.17	1.807	1	3	50.44	0	13	21	2	0.1	0	0	1	
decoy	KVCQTKNUUQOELD-UHFFFAOYSA-N	Cc1ccc2c(Nc3cccc(Cl)c3F)nccc2c1NC(=O)c1csc2c(N)ncnc12	chembl_phase2	CHEMBL3977543	CC BY-SA 3.0	2026-09-25	478.94	5.919	3	7	105.82	4	33	49	5	0.043	0	1	0	
decoy	BNKIWXODDDABSJ-UHFFFAOYSA-N	CCN1CCc2[nH]c3cc(F)c4scc(C)c4c3c2C1	chembl_phase2	CHEMBL2104715	CC BY-SA 3.0	2026-09-25	288.39	4.208	1	2	19.03	1	20	37	4	0.375	0	0	0	
decoy	HJLSLZFTEKNLFI-UHFFFAOYSA-N	CCS(=O)(=O)CCn1c([N+](=O)[O-])cnc1C	chembl_approved	CHEMBL1220	CC BY-SA 3.0	2026-09-25	247.28	0.534	0	5	95.1	5	16	29	1	0.625	0	0	0	
decoy	XJGXCBHXFWBOTN-UHFFFAOYSA-N	O=C(c1cc(Cc2n[nH]c(=O)c3ccccc23)ccc1F)N1CCn2nc(C(F)(F)F)nc2C1	chembl_phase3	CHEMBL3930624	CC BY-SA 3.0	2026-09-25	472.4	2.919	1	5	96.77	3	34	50	5	0.227	0	0	0	
decoy	BLLNYXOLLAVTRF-UHFFFAOYSA-N	CC(C)(C)OC(=O)NCCN1CC2CN(CCOc3ccc(C#N)cc3F)CC(C1)O2	chembl_phase2	CHEMBL3545169	CC BY-SA 3.0	2026-09-25	434.51	1.986	1	7	87.06	7	31	62	3	0.636	0	0	0	
decoy	AYSBIMSATXNCSF-VFEFFJNBSA-N	CC(=O)OC[C@]12CC[C@H]3[C@@H](CC[C@H]4C[C@@H](N(C)C)CC[C@@]43C)[C@@H]1CC[C@@H]2[C@H](C)OC(C)=O	chembl_phase2	CHEMBL3989877	CC BY-SA 3.0	2026-09-25	447.66	5.07	0	5	55.84	5	32	77	4	0.926	0	1	0	
decoy	BGKSBHPSVMJTFL-IZZNHLLZSA-N	COCCN1C[C@@H](NC(=O)Nc2c(C)c(-c3cnc(C)nc3)nn2-c2ccccc2)[C@H](c2cccc(F)c2)C1	chembl_phase2	CHEMBL5095088	CC BY-SA 3.0	2026-09-25	529.62	4.321	2	6	97.2	8	39	71	5	0.31	0	1	0	
decoy	ZZKWNLZUYAGVOT-UHFFFAOYSA-N	CCN(CC)CCC(=O)N1c2ccccc2Sc2ccc(Cl)cc21	chembl_phase2	CHEMBL290624	CC BY-SA 3.0	2026-09-25	360.91	5.201	0	3	23.55	5	24	45	3	0.316	0	1	0	
decoy	AAQOQKQBGPPFNS-UHFFFAOYSA-N	CC[N+](C)(C)Cc1ccccc1Br	chembl_approved	CHEMBL1095292	CC BY-SA 3.0	2026-09-25	243.17	3.045	0	0	0.0	3	13	30	1	0.455	0	0	0	chembl_approved:CHEMBL1199080
decoy	ZCVAIGPGEINFCX-UHFFFAOYSA-N	N=C(N)NCC1CCCCCCN1	chembl_phase2	CHEMBL2008565	CC BY-SA 3.0	2026-09-25	184.29	0.392	4	2	73.93	2	13	33	1	0.889	0	0	0	
decoy	ALLLQQUASFFEKP-UHFFFAOYSA-N	Cc1cc(C(=O)O)ccc1COc1cc2c(cc1N(CC(C)C)S(=O)(=O)c1nccs1)CCC2	chembl_phase2	CHEMBL3912251	CC BY-SA 3.0	2026-09-25	500.64	5.069	1	6	96.8	9	34	62	4	0.36	0	2	0	
decoy	ZXFRFPSZAKNPQQ-YTWAJWBKSA-N	O=C(O)[C@@H]1C[C@H]2C[C@@H](CCc3nn[nH]n3)CC[C@H]2CN1	chembl_phase2	CHEMBL14935	CC BY-SA 3.0	2026-09-25	279.34	0.611	3	5	103.79	4	20	41	3	0.846	0	0	0	chembl_phase2:CHEMBL3989703
decoy	RKWPZPDLTYBKCL-RVZGXXANSA-N	CO[C@@H]1[C@@H](O)[C@@H](O)[C@H](O[C@@H]2C=C3CC[C@@H]4[C@H](CC[C@]5(C)[C@@H](c6ccc(=O)oc6)CC[C@]45O)[C@@]3(C)CC2)O[C@H]1C	chembl_phase2	CHEMBL2106427	CC BY-SA 3.0	2026-09-25	544.69	3.668	3	8	118.59	4	39	83	6	0.774	0	1	0	
decoy	JPEUYYKTUFRADV-UHFFFAOYSA-M	O=C([O-])C1N=C(c2ccccc2)c2cc([N+](=O)[O-])ccc2NC1=O	chembl_phase2	CHEMBL2104581	CC BY-SA 3.0	2026-09-25	324.27	0.503	1	6	124.73	3	24	34	3	0.062	0	0	0	
decoy	FEJCIXJKPISCJV-UHFFFAOYSA-N	c1ccc2c(c1)cc1n2CCCNC1	chembl_phase2	CHEMBL10758	CC BY-SA 3.0	2026-09-25	186.26	2.135	1	1	16.96	0	14	28	3	0.333	0	0	1	
decoy	ZGLIFVFRIOKQLE-LVZFUZTISA-N	CCCC/N=C(/c1cc(Cl)ccc1O)c1ccccc1Cl	chembl_phase2	CHEMBL2104573	CC BY-SA 3.0	2026-09-25	322.24	5.337	1	2	32.59	5	21	38	2	0.235	0	1	0	
decoy	PQHLRGARXNPFCF-UHFFFAOYSA-N	O=C(Nc1ccc(S(=O)(=O)N2CCOCC2)cc1)c1cc(Cl)ccc1NS(=O)(=O)c1ccc(Cl)s1	chembl_phase2	CHEMBL2107729	CC BY-SA 3.0	2026-09-25	576.51	4.129	2	7	121.88	7	35	54	4	0.19	0	1	0	
decoy	RJCXNCSJGRUWRW-SJKOYZFVSA-N	CN1C[C@H](CN2CC(=O)NC(=O)C2)C=C2c3cccc4[nH]cc(c34)C[C@H]21	chembl_phase2	CHEMBL2104885	CC BY-SA 3.0	2026-09-25	350.42	0.996	2	4	68.44	2	26	48	5	0.4	0	0	0	
decoy	NFXPEHLDVKVVKA-ISTVAULSSA-N	CC(C)C(=O)N1CCC[C@]12CN([C@H](C(N)=O)[C@@H](C)O)C2=O	chembl_phase2	CHEMBL5095189	CC BY-SA 3.0	2026-09-25	297.36	-0.919	2	4	103.94	4	21	44	2	0.786	0	0	0	
decoy	HWGBHCRJGXAGEU-UHFFFAOYSA-N	Cc1cc(=O)[nH]c(=S)[nH]1	chembl_phase2	CHEMBL1330588	CC BY-SA 3.0	2026-09-25	142.18	0.741	2	2	48.65	0	9	15	1	0.2	0	0	1	
decoy	GHASVSINZRGABV-UHFFFAOYSA-N	O=c1[nH]cc(F)c(=O)[nH]1	chembl_approved	CHEMBL185	CC BY-SA 3.0	2026-09-25	130.08	-0.798	2	2	65.72	0	9	12	1	0.0	0	0	1	
decoy	QIBWSQJZKMUZAK-UHFFFAOYSA-N	N#Cc1ccc(Oc2cccc(NC(=O)Nc3ccc(Cl)c(C(F)(F)F)c3)c2)cc1	chembl_phase1	CHEMBL2063215	CC BY-SA 3.0	2026-09-25	431.8	6.667	2	3	74.15	4	30	43	3	0.048	0	1	0	
decoy	RJFAYQIBOAGBLC-ZEMBQCNESA-N	C[75Se]CC[C@H](N)C(=O)O	chembl_approved	CHEMBL1201054	CC BY-SA 3.0	2026-09-25	192.07	-0.041	2	2	63.32	4	9	20	0	0.8	0	0	1	
decoy	GTOMRUVXHAYDFH-DWXRJYCRSA-N	C[C@H](c1ccc(C#N)cc1)N1CCN(c2ccc(C#N)cc2Cl)[C@H](c2ccc(Cl)cc2)C1	chembl_phase2	CHEMBL2105761	CC BY-SA 3.0	2026-09-25	461.4	6.361	0	4	54.06	4	32	54	4	0.231	0	1	0	
decoy	XMLCDJOGFNNCSF-UHFFFAOYSA-N	COc1cc(C(Nc2ccc(S(N)(=O)=O)cc2)Nc2ccc(S(N)(=O)=O)cc2)ccc1O	chembl_phase2	CHEMBL2104446	CC BY-SA 3.0	2026-09-25	478.55	1.918	5	8	173.84	8	32	54	3	0.1	0	0	0	
decoy	BXZVVICBKDXVGW-NKWVEPMBSA-N	O=c1[nH]cnc2c1ncn2[C@H]1CC[C@@H](CO)O1	chembl_approved	CHEMBL1460	CC BY-SA 3.0	2026-09-25	236.23	-0.211	2	5	93.03	2	17	29	3	0.5	0	0	0	
decoy	ITAMRBIZWGDOHW-UHFFFAOYSA-N	COc1ccc(CCN(C)CCCOc2ccc(S(=O)(=O)c3c(C(C)C)cn4ccccc34)cc2)cc1OC	chembl_phase2	CHEMBL285855	CC BY-SA 3.0	2026-09-25	550.72	5.856	0	6	69.48	13	39	77	4	0.355	0	2	0	
decoy	BWYBBMQLUKXECQ-GIVPXCGWSA-N	CC(C)C[C@H](NC(=O)c1cc2ccccc2o1)C(=O)N[C@H]1CC[C@@H](C)N(S(=O)(=O)c2ccccn2)CC1=O	chembl_phase2	CHEMBL203665	CC BY-SA 3.0	2026-09-25	540.64	2.899	2	7	138.68	8	38	70	4	0.407	0	1	0	
decoy	PGRHEHZIRYNZDV-FUHWJXTLSA-N	C=CC(=O)N[C@H]1CCOC[C@H]1Nc1ncc2cc(-c3c(F)c(OC)cc(OC)c3F)nc(N3CC(C)(OC)C3)c2n1	chembl_phase2	CHEMBL5314522	CC BY-SA 3.0	2026-09-25	570.6	3.084	2	10	119.96	9	41	73	5	0.429	0	1	0	
decoy	WUCQGGOGHZRELS-LSCFUAHRSA-N	Nc1nc(OCCc2ccc(Cl)cc2)nc2c1ncn2[C@@H]1O[C@H](CO)[C@@H](O)[C@H]1O	chembl_phase2	CHEMBL1950553	CC BY-SA 3.0	2026-09-25	421.84	0.295	4	9	148.77	6	29	49	4	0.389	0	0	0	
decoy	QLLGKCJUPWYJON-HLTSFMKQSA-N	Nc1ccn([C@@H]2C(F)=C(CO)[C@@H](O)[C@H]2O)c(=O)n1	chembl_phase1	CHEMBL2064455	CC BY-SA 3.0	2026-09-25	257.22	-1.682	4	6	121.6	2	18	30	2	0.4	0	0	0	
decoy	WRUUGTRCQOWXEG-UHFFFAOYSA-N	NCCC(O)(P(=O)(O)O)P(=O)(O)O	chembl_approved	CHEMBL834	CC BY-SA 3.0	2026-09-25	235.07	-1.663	6	4	161.31	4	13	24	0	1.0	0	1	0	
decoy	RPVDFHPBGBMWID-UHFFFAOYSA-N	Cn1cc(C(=O)O)c2ccc(N3CCC(OCc4c(-c5c(Cl)cccc5Cl)noc4C4CC4)CC3)cc21	chembl_phase2	CHEMBL3746388	CC BY-SA 3.0	2026-09-25	540.45	6.901	1	5	80.73	7	37	64	6	0.357	0	2	0	
decoy	LNMRSSIMGCDUTP-UHFFFAOYSA-N	Cc1ccc(-n2nc(C(C)(C)C)cc2NC(=O)NCc2cc(F)ccc2Oc2ccc3c(cnn3CCO)c2)cc1	chembl_phase2	CHEMBL3991932	CC BY-SA 3.0	2026-09-25	556.64	6.073	3	5	106.23	8	41	74	5	0.258	0	2	0	
decoy	JMPOIZCOJJMTHI-UHFFFAOYSA-M	O=C(CCn1cnc2c(=O)[nH]cnc21)Nc1ccc(C(=O)[O-])cc1	chembl_phase2	CHEMBL2146108	CC BY-SA 3.0	2026-09-25	326.29	-0.488	2	6	132.8	5	24	36	3	0.133	0	0	0	
decoy	QIGBRXMKCJKVMJ-UHFFFAOYSA-N	Oc1ccc(O)cc1	chembl_approved	CHEMBL537	CC BY-SA 3.0	2026-09-25	110.11	1.098	2	2	40.46	0	8	14	1	0.0	0	0	1	
decoy	YVPXVXANRNDGTA-WDYNHAJCSA-N	COc1ccc2cc1Oc1ccc(cc1)C[C@H]1c3c(cc4c(c3Oc3cc5c(cc3OC)CCN(C)[C@@H]5C2)OCO4)CCN1C	chembl_phase2	CHEMBL449782	CC BY-SA 3.0	2026-09-25	606.72	6.874	0	8	61.86	2	45	83	9	0.351	0	2	0	
decoy	OEKXCVYZBVOWBR-BQYQJAHWSA-N	Cn1cc(NC(=O)c2cc(NC(=O)c3ccc(/C=C/c4cnc5ccccc5c4)cc3)cn2C)cc1C(=O)NCCN1CCOCC1	chembl_phase2	CHEMBL236345	CC BY-SA 3.0	2026-09-25	631.74	4.649	3	6	122.52	10	47	84	6	0.222	0	1	0	
decoy	TTZHDVOVKQGIBA-IQWMDFIBSA-N	CC(C)OC(=O)[C@H](C)N[P@](=O)(OC[C@H]1O[C@@H](n2ccc(=O)[nH]c2=O)[C@](C)(F)[C@@H]1O)Oc1ccccc1	chembl_approved	CHEMBL1259059	CC BY-SA 3.0	2026-09-25	529.46	1.657	3	9	158.18	10	36	65	3	0.5	0	1	0	
decoy	XFLBOEMFLGLWFF-HDXRNPEWSA-N	CC(C)[C@H]1NC(=O)[C@H]2CSSCC/C=C/[C@H](CC(=O)N[C@H](C)C(=O)N2)OC(=O)C[C@@H]1O	chembl_phase1	CHEMBL3126832	CC BY-SA 3.0	2026-09-25	473.62	0.525	4	8	133.83	1	31	62	2	0.7	0	0	0	
decoy	LDZJFVOUPUFOHX-UHFFFAOYSA-N	Cc1cc(N2C(=O)NC(=O)C2(C)C)cc(C)c1CCS(=O)(=O)N1CCC2(CC1)N=C(c1ccc(OC(F)(F)F)cc1)NC2=O	chembl_phase1	CHEMBL3976807	CC BY-SA 3.0	2026-09-25	635.67	3.32	2	7	137.48	7	44	76	5	0.448	0	1	0	
decoy	ZYRLHJIMTROTBO-UHFFFAOYSA-N	O=C(O)CCCCC(CCSCc1ccccc1)SCc1ccccc1	chembl_phase3	CHEMBL3186849	CC BY-SA 3.0	2026-09-25	388.6	6.257	1	3	37.3	13	26	54	2	0.409	0	1	0	
decoy	KRKNYBCHXYNGOX-UHFFFAOYSA-N	O=C(O)CC(O)(CC(=O)O)C(=O)O	chembl_approved	CHEMBL1261	CC BY-SA 3.0	2026-09-25	192.12	-1.248	4	4	132.13	5	13	21	0	0.5	0	0	0	chembl_approved:CHEMBL3989678;chembl_approved:CHEMBL3990694
decoy	ZADWXQMNNVICKB-UHFFFAOYSA-N	CCc1cc2c(c(OCC(F)(F)F)c(C(=O)NC3CCN(C(=O)CO)CC3)n2C)c(=O)n1CC(=O)c1ccccc1	chembl_phase1	CHEMBL2205230	CC BY-SA 3.0	2026-09-25	576.57	2.44	2	6	122.87	9	41	72	4	0.429	0	1	0	
decoy	MBWRLLRCTIYXDW-UHFFFAOYSA-N	C=CC(=O)Nc1cc(N2CCN(CC)CC2)ccc1Nc1cc(N(C)C(=O)Nc2c(Cl)c(OC)cc(OC)c2Cl)ncn1	chembl_phase1	CHEMBL3939295	CC BY-SA 3.0	2026-09-25	629.55	5.479	3	9	124.19	10	43	77	4	0.31	0	2	0	
decoy	MLFKVJCWGUZWNV-REOHCLBHSA-N	N[C@@H](CN(O)N=O)C(=O)O	chembl_phase2	CHEMBL452715	CC BY-SA 3.0	2026-09-25	149.11	-1.229	3	5	116.22	4	10	17	0	0.667	0	0	0	
decoy	XJFMHMFFBSOEPR-DNZQAUTHSA-N	Nc1nc(N/N=C/C2CCCCC2)nc2c1ncn2[C@@H]1O[C@H](CO)[C@@H](O)[C@H]1O	chembl_phase3	CHEMBL1950554	CC BY-SA 3.0	2026-09-25	391.43	-0.002	5	10	163.93	5	28	53	4	0.647	0	0	0	
decoy	JJNUVQIGQRFZAC-UHFFFAOYSA-N	O=C(O)CCCCCCCOc1nc(-c2ccccc2)c(-c2ccccc2)n1-c1ccccc1	chembl_phase2	CHEMBL419952	CC BY-SA 3.0	2026-09-25	454.57	7.01	1	3	64.35	12	34	64	4	0.241	0	1	0	
decoy	PYWBJEDBESDHNP-UHFFFAOYSA-N	CCC(c1ccc(O)c(C)c1)C(CC)c1ccc(O)c(C)c1	chembl_phase2	CHEMBL279605	CC BY-SA 3.0	2026-09-25	298.43	5.402	2	2	40.46	5	22	48	2	0.4	0	1	0	
decoy	OFKRKCHCYWQZLY-XHBSWPGZSA-N	CC1=C(C(=O)O)N2C(=O)[C@@H](NC(=O)[C@H](N)c3cccc(NS(C)(=O)=O)c3)[C@H]2SC1	chembl_phase2	CHEMBL2375142	CC BY-SA 3.0	2026-09-25	440.5	-0.184	4	7	158.9	6	29	49	3	0.353	0	0	0	
decoy	YUFFSWGQGVEMMI-RCHUDCCISA-N	CC/C=C/C/C=C/C/C=C/C/C=C/C/C=C/CCCCCC(=O)O	chembl_phase3	CHEMBL4650221	CC BY-SA 3.0	2026-09-25	330.51	6.773	1	1	37.3	15	24	58	0	0.5	0	1	0	
decoy	QYNUQALWYRSVHF-ABLWVSNPSA-N	Nc1nc(=O)c2c([nH]1)NCC1CN(c3ccc(C(=O)N[C@@H](CCC(=O)O)C(=O)O)cc3)CN21	chembl_phase3	CHEMBL117348	CC BY-SA 3.0	2026-09-25	457.45	-0.522	6	9	193.98	7	33	56	4	0.35	0	1	0	
decoy	IRSCQMHQWWYFCW-UHFFFAOYSA-M	Nc1nc([O-])c2ncn(COC(CO)CO)c2n1	chembl_approved	CHEMBL1200850	CC BY-SA 3.0	2026-09-25	254.23	-2.191	3	8	142.37	5	18	30	2	0.444	0	0	0	
decoy	MLBVMOWEQCZNCC-OEMFJLHTSA-L	CC(C)CN(C[C@@H](OP(=O)([O-])[O-])[C@H](Cc1ccccc1)NC(=O)O[C@H]1CCOC1)S(=O)(=O)c1ccc(N)cc1	chembl_approved	CHEMBL1200734	CC BY-SA 3.0	2026-09-25	583.6	1.256	2	10	183.38	13	39	73	3	0.48	0	1	0	
decoy	NLZUEZXRPGMBCV-UHFFFAOYSA-N	Cc1cc(C(C)(C)C)c(O)c(C(C)(C)C)c1	chembl_phase2	CHEMBL146	CC BY-SA 3.0	2026-09-25	220.36	4.296	1	1	20.23	0	16	40	1	0.6	0	0	0	
decoy	NNULBSISHYWZJU-LLKWHZGFSA-M	CO/N=C(\C(=O)N[C@@H]1C(=O)N2C(C(=O)[O-])=CCS[C@H]12)c1csc(N)n1	chembl_approved	CHEMBL1201019	CC BY-SA 3.0	2026-09-25	382.4	-1.89	2	10	150.04	5	25	37	3	0.308	0	0	0	
decoy	WYFCZWSWFGJODV-MIANJLSGSA-N	CN1CCN(c2cccc3c2CCN(C(=O)/C=C/c2c(-n4cnnn4)ccc(Cl)c2F)[C@@H]3C(=O)Nc2ccc(C(=O)O)cc2)C(=O)C1	chembl_phase1	CHEMBL4073292	CC BY-SA 3.0	2026-09-25	659.08	3.209	2	8	153.86	7	47	75	6	0.219	0	1	0	
decoy	LXBIFEVIBLOUGU-DPYQTVNSSA-N	OC[C@H]1NC[C@H](O)[C@@H](O)[C@H]1O	chembl_approved	CHEMBL110458	CC BY-SA 3.0	2026-09-25	163.17	-2.967	5	5	92.95	1	11	24	1	1.0	0	0	0	chembl_approved:CHEMBL2107355
decoy	HYQJLIGADHPYIR-OJBANTNJSA-N	CCC(=O)O[C@H]1[C@H](C)O[C@@H](O[C@H]2[C@H](C)[C@@H](O[C@@H]3O[C@H](C)C[C@H](N(C)C)[C@H]3O)[C@@H](C)C[C@@]3(CO3)C(=O)[C@H](C)[C@@H](OC(=O)CC)[C@@H](C)[C@@H](C)OC(=O)[C@@H]2C)C[C@@H]1OC	chembl_phase2	CHEMBL3989817	CC BY-SA 3.0	2026-09-25	800.0	3.83	1	15	178.12	10	56	125	4	0.902	0	2	0	
decoy	IYOLBFFHPZOQGW-UHFFFAOYSA-N	Cc1cc(O)c(Cl)c(C)c1Cl	chembl_phase2	CHEMBL2104302	CC BY-SA 3.0	2026-09-25	191.06	3.316	1	1	20.23	0	11	19	1	0.25	0	0	0	
decoy	UEQVTKSAEXANEZ-YCRCPZNHSA-N	Nc1nc(/C(=N/O)C(=O)N[C@@H]2C(=O)N3C(C(=O)O)=C(SCSc4cnn[nH]4)CS[C@H]23)cs1	chembl_phase2	CHEMBL2104438	CC BY-SA 3.0	2026-09-25	514.6	0.201	5	13	199.78	8	32	46	4	0.267	0	2	0	
decoy	GUCKKCMJTSNWCU-BQBZGAKWSA-N	CC(=O)N[C@@H](CC(=O)N[C@@H](CCC(=O)O)C(=O)O)C(=O)O	chembl_phase2	CHEMBL2105616	CC BY-SA 3.0	2026-09-25	304.25	-1.6	5	5	170.1	9	21	37	0	0.545	0	0	0	
decoy	MDLAAYDRRZXJIF-UHFFFAOYSA-N	OC1(c2ccc(Cl)c(C(F)(F)F)c2)CCN(CCCC(c2ccc(F)cc2)c2ccc(F)cc2)CC1	chembl_phase2	CHEMBL47050	CC BY-SA 3.0	2026-09-25	523.97	7.533	1	2	23.47	7	36	63	4	0.357	0	2	0	
decoy	OSUWTUZVEDSJAZ-UHFFFAOYSA-N	CCCCCCCCC(I)C(I)CCCCCCCC(=O)OCC	chembl_phase2	CHEMBL2104286	CC BY-SA 3.0	2026-09-25	564.33	7.638	0	2	26.3	17	24	62	0	0.95	0	2	0	
decoy	ZWLPJYVIMWAEDC-UHFFFAOYSA-N	C#CCN1CCC2=C(C1)c1c(OC(=O)C(C)CCN3CCCCC3C)cc(C(C)C(C)CCCCC)cc1OC2(C)C	chembl_phase2	CHEMBL2110875	CC BY-SA 3.0	2026-09-25	576.87	8.076	0	5	42.01	12	42	98	4	0.703	0	2	0	
decoy	VOIFKEWOFUNPBN-QIUUJYRFSA-N	NC(=O)[C@H]1O[C@@H](O)[C@H](O)[C@@H](O)[C@@H]1O	chembl_phase2	CHEMBL1729883	CC BY-SA 3.0	2026-09-25	193.16	-3.728	5	6	133.24	1	13	24	1	0.833	0	0	0	
decoy	BYDKEYCXCIVOOV-JTSKRJEESA-N	N=C(N)N1CCC[C@@H](CNC(=O)C[C@H](NS(=O)(=O)c2ccc3ccccc3c2)C(=O)N(CC(=O)O)C2CC2)C1	chembl_phase2	CHEMBL325166	CC BY-SA 3.0	2026-09-25	558.66	0.674	5	6	185.99	11	39	73	4	0.462	0	1	0	chembl_phase2:CHEMBL3989664
decoy	MAFMQEKGGFWBAB-UHFFFAOYSA-N	CCCCNc1ccc(C(=O)OCCOCCOCCOCCOCCOCCOCCOCCOCCOC)cc1	chembl_approved	CHEMBL1374379	CC BY-SA 3.0	2026-09-25	603.75	2.835	1	12	121.4	32	42	95	1	0.767	0	2	0	
decoy	QYSXJUFSXHHAJI-YRZJJWOYSA-N	C=C1CC[C@H](O)C/C1=C/C=C1\CCC[C@]2(C)[C@@H]([C@H](C)CCCC(C)C)CC[C@@H]12	chembl_approved	CHEMBL1042	CC BY-SA 3.0	2026-09-25	384.65	7.619	1	1	20.23	6	28	72	3	0.778	0	1	0	
decoy	MMQXRUYUBYWTDP-LNXFEASCSA-N	CO/N=C(\C(=O)N[C@@H]1C(=O)N2C(C(=O)O)=C(COC(C)=O)C[S+]([O-])[C@H]12)c1csc(N)n1	chembl_phase2	CHEMBL2104178	CC BY-SA 3.0	2026-09-25	471.47	-1.607	3	11	196.57	7	31	48	3	0.375	0	1	0	
decoy	DFQGDHBGRSTTHX-UHFFFAOYSA-M	CCOc1ccc(-c2ccc(Cn3c(CC(C)(C)C(=O)[O-])c(SC(C)(C)C)c4cc(OCc5ccc(C)cn5)ccc43)cc2)cn1	chembl_phase3	CHEMBL1922673	CC BY-SA 3.0	2026-09-25	636.84	7.642	0	7	89.3	12	46	88	5	0.342	0	2	0	
decoy	OIIOPWHTJZYKIL-PMACEKPBSA-N	COc1nc(-c2cccc(-c3cccc(-c4cnc(CNC[C@@H]5CCC(=O)N5)c(OC)n4)c3Cl)c2Cl)cnc1CNC[C@@H]1CCC(=O)N1	chembl_phase1	CHEMBL5095237	CC BY-SA 3.0	2026-09-25	691.62	4.328	4	10	152.28	13	48	84	6	0.353	0	1	0	
decoy	XULSCZPZVQIMFM-IPZQJPLYSA-N	CCCCC1(CCCC)CN(c2ccccc2)c2cc(SC)c(OCC(=O)N[C@@H](C(=O)N[C@@H](CC)C(=O)O)c3ccc(O)cc3)cc2S(=O)(=O)N1	chembl_approved	CHEMBL4297588	CC BY-SA 3.0	2026-09-25	740.95	5.879	5	9	174.37	17	51	99	4	0.432	0	2	0	
decoy	AFJYYKSVHJGXSN-XHKIUTQPSA-N	CO[C@H]1C[C@H](O[C@@H]2/C(C)=C/C[C@@H]3C[C@@H](C[C@]4(CC[C@H](C)[C@@H](C5CCCCC5)O4)O3)OC(=O)[C@@H]3C=C(C)/C(=N/O)[C@H]4OC/C(=C\C=C\[C@@H]2C)[C@]43O)O[C@@H](C)[C@@H]1O	chembl_phase2	CHEMBL1908325	CC BY-SA 3.0	2026-09-25	769.97	6.07	3	12	154.73	4	55	118	7	0.767	0	3	0	
decoy	YWKJNRNSJKEFMK-PQFQYKRASA-N	CO/N=C(\C(=O)N[C@@H]1C(=O)N2C(C(=O)[O-])=C(C[n+]3cccc4c3CCCC4)CS[C@H]12)c1csc(N)n1	chembl_phase2	CHEMBL1631107	CC BY-SA 3.0	2026-09-25	528.62	-0.654	2	10	153.92	7	36	60	5	0.391	0	1	0	
decoy	KBPLFHHGFOOTCA-UHFFFAOYSA-N	CCCCCCCCO	chembl_phase2	CHEMBL26215	CC BY-SA 3.0	2026-09-25	130.23	2.339	1	1	20.23	6	9	27	0	1.0	0	0	1	
decoy	AVDUGNCTZRCAHH-MDASVERJSA-N	N[C@@]1(C(=O)O)CS(=O)(=O)[C@H]2[C@H](C(=O)O)[C@H]21	chembl_phase1	CHEMBL375611	CC BY-SA 3.0	2026-09-25	235.22	-2.104	3	5	134.76	2	15	24	2	0.714	0	0	0	
decoy	OUMSIYHSIIRHKR-LSHDLFTRSA-N	C/C(=N\c1c(I)cc(I)c(C(=O)NCC(C)C(=O)O)c1I)N1CCOCC1	chembl_phase2	CHEMBL2104832	CC BY-SA 3.0	2026-09-25	711.08	3.333	2	4	91.23	5	27	47	2	0.471	0	1	0	
decoy	FUWFSXZKBMCSKF-ZASNTINBSA-N	O=C(OC[C@H]1O[C@](O)(COC(=O)c2cccnc2)[C@@H](OC(=O)c2cccnc2)[C@@H]1OC(=O)c1cccnc1)c1cccnc1	chembl_phase2	CHEMBL1697844	CC BY-SA 3.0	2026-09-25	600.54	1.819	1	14	186.22	10	44	68	5	0.2	0	2	0	
decoy	ZKHQWZAMYRWXGA-KQYNXXCUSA-N	Nc1ncnc2c1ncn2[C@@H]1O[C@H](COP(=O)(O)OP(=O)(O)OP(=O)(O)O)[C@@H](O)[C@H]1O	chembl_phase2	CHEMBL14249	CC BY-SA 3.0	2026-09-25	507.18	-1.629	7	13	279.13	8	31	47	3	0.5	0	3	0	
decoy	HZIYEEMJNBKMJH-UHFFFAOYSA-O	Cc1ccccc1-c1cc(N2CC[N+](C)(COP(=O)(O)O)CC2)ncc1N(C)C(=O)C(C)(C)c1cc(C(F)(F)F)cc(C(F)(F)F)c1	chembl_approved	CHEMBL3989919	CC BY-SA 3.0	2026-09-25	689.61	6.369	2	5	103.2	8	47	83	4	0.419	0	2	0	
decoy	RXOVOXFAAGIKDQ-UHFFFAOYSA-N	C=C(Br)C(=O)Nc1cc(C(=O)Nc2cc(C(=O)Nc3cc(C(=O)Nc4cc(C(=O)NCCNC(=N)N)n(C)c4)n(C)c3)n(C)c2)n(C)c1	chembl_phase2	CHEMBL1189025	CC BY-SA 3.0	2026-09-25	723.59	1.857	8	6	227.12	12	48	83	4	0.2	0	2	0	
decoy	BQDZMZRUXNFTQT-KSJDNICASA-N	C[C@@H]1C[C@@]2(C)[C@@H](CC[C@@H]3[C@@H]2CC[C@]2(C)[C@@H](O)CC[C@@H]32)C/C1=N\N=C1/C[C@@H]2CC[C@@H]3[C@H](CC[C@]4(C)[C@@H](O)CC[C@@H]34)[C@@]2(C)C[C@H]1C	chembl_phase2	CHEMBL2104408	CC BY-SA 3.0	2026-09-25	604.96	9.083	2	4	65.18	1	44	108	8	0.95	0	2	0	
decoy	DSFGXPJYDCSWTA-UHFFFAOYSA-N	CN(CCO)CC(O)Cn1cnc2c1c(=O)n(C)c(=O)n2C	chembl_approved	CHEMBL1560089	CC BY-SA 3.0	2026-09-25	311.34	-2.281	2	6	105.52	6	22	43	2	0.615	0	0	0	chembl_approved:CHEMBL1624126
decoy	PAEBIVWUMLRPSK-IDTAVKCVSA-N	CSCCNc1nc(SCCC(F)(F)F)nc2c1ncn2[C@@H]1O[C@H](COP(=O)(O)OP(=O)(O)C(Cl)(Cl)P(=O)(O)O)[C@@H](O)[C@H]1O	chembl_approved	CHEMBL334966	CC BY-SA 3.0	2026-09-25	776.37	2.851	7	14	255.91	15	44	69	3	0.706	0	3	0	
decoy	IOYZYMQFUSNATM-UHFFFAOYSA-N	CCCCCCCCCCCCCCCC[N+](C)(C)CCN(Cc1ccc(OC)cc1)c1ncccn1	chembl_approved	CHEMBL1200883	CC BY-SA 3.0	2026-09-25	511.82	8.05	0	4	38.25	22	37	92	2	0.688	0	2	0	chembl_approved:CHEMBL1201322
decoy	ZOAIEFWMQLYMTF-YRKXUXMHSA-N	C[N+](C)(C)CCOP(=O)([O-])OCCCCCCCCCCCCCCCCCCc1ccc([131I])cc1	chembl_phase2	CHEMBL4297495	CC BY-SA 3.0	2026-09-25	641.63	8.283	0	4	58.59	24	36	89	1	0.793	0	2	0	
decoy	FQVSDHOWSLEEKJ-LJAQVGFWSA-N	Cc1cc(C)c2cccc(OCc3c(Cl)ccc(S(=O)(=O)NC4(C(=O)N5CCN(C(=O)[C@@H](N)CCC[N+](C)(C)C)CC5)CCOCC4)c3Cl)c2n1	chembl_phase2	CHEMBL218427	CC BY-SA 3.0	2026-09-25	764.8	4.049	2	8	144.16	12	51	100	5	0.528	0	1	0	chembl_phase2:CHEMBL541758
decoy	LPGWZGMPDKDHEP-NVDFJPPOSA-N	CC[C@]12CN3CCc4c([nH]c5ccccc45)[C@@](C(=O)OC)(c4cc5c(cc4OC)N(C)[C@H]4[C@@](O)(C(=O)OC)[C@H](OC(C)=O)[C@]6(CC)C=CCN7CC[C@]54[C@@H]76)C[C@@H](C3)[C@H]1O2	chembl_phase2	CHEMBL1187572	CC BY-SA 3.0	2026-09-25	808.97	4.007	2	12	146.4	7	59	115	10	0.587	0	2	0	
decoy	DSLZVSRJTYRBFB-DUHBMQHGSA-N	O=C(O)[C@@H](O)[C@H](O)[C@H](O)[C@@H](O)C(=O)O	chembl_approved	CHEMBL2355839	CC BY-SA 3.0	2026-09-25	210.14	-3.401	6	6	155.52	5	14	24	0	0.667	0	1	0	
decoy	WDJUZGPOPHTGOT-XUDUSOBPSA-N	C[C@H]1O[C@@H](O[C@H]2[C@@H](O)C[C@H](O[C@H]3[C@@H](O)C[C@H](O[C@H]4CC[C@@]5(C)[C@H](CC[C@@H]6[C@@H]5CC[C@]5(C)[C@@H](C7=CC(=O)OC7)CC[C@]65O)C4)O[C@@H]3C)O[C@@H]2C)C[C@H](O)[C@@H]1O	chembl_approved	CHEMBL254219	CC BY-SA 3.0	2026-09-25	764.95	3.247	5	13	182.83	7	54	118	8	0.927	0	2	0	
decoy	GAOZTHIDHYLHMS-GDMSFIFLSA-M	CC[C@@]1([C@H]2O[C@H]([C@H]3O[C@@](O)(CO)[C@H](C)C[C@@H]3C)C[C@H]2C)CC[C@H]([C@@]2(C)CC[C@]3(C[C@H](O)[C@@H](C)[C@@H]([C@H](C)[C@H](OC)[C@@H](C)C(=O)[O-])O3)O2)O1	chembl_approved	CHEMBL5314365	CC BY-SA 3.0	2026-09-25	669.87	2.938	3	11	156.2	10	47	108	5	0.972	0	2	0	
decoy	VVIAGPKUTFNRDU-ABLWVSNPSA-L	Nc1nc(=O)c2c([nH]1)NCC(CNc1ccc(C(=O)N[C@@H](CCC(=O)[O-])C(=O)[O-])cc1)N2C=O	chembl_approved	CHEMBL1201138	CC BY-SA 3.0	2026-09-25	471.43	-3.4	5	11	225.5	10	34	55	3	0.3	0	1	0	chembl_phase3:CHEMBL3707260
decoy	XZOCIZHAHWDUPU-QWRGUYRKSA-N	NC(=O)[C@@H]1CCCN1C(=O)[C@H](Cc1cnc[nH]1)NC(=O)c1cc(=O)[nH]c(=O)[nH]1	chembl_phase2	CHEMBL2105278	CC BY-SA 3.0	2026-09-25	389.37	-2.396	5	6	186.9	6	28	47	3	0.375	0	0	0	
decoy	FBOZXECLQNJBKD-ZDUSSCGKSA-L	CN(Cc1cnc2nc(N)nc(N)c2n1)c1ccc(C(=O)N[C@@H](CCC(=O)[O-])C(=O)[O-])cc1	chembl_approved	CHEMBL3244648	CC BY-SA 3.0	2026-09-25	452.43	-2.401	3	12	216.2	9	33	53	3	0.25	0	1	0	
decoy	JVTAAEKCZFNVCJ-UWTATZPHSA-N	C[C@@H](O)C(=O)O	chembl_phase3	CHEMBL358850	CC BY-SA 3.0	2026-09-25	90.08	-0.548	2	2	57.53	1	6	12	0	0.667	0	0	1	
decoy	JKWKMORAXJQQSR-MOPIKTETSA-N	CCCCCCCCCC(=O)O[C@H]1CC[C@H]2[C@@H]3CCC4=CC(=O)CC[C@@H]4[C@H]3CC[C@]12C	chembl_approved	CHEMBL1200946	CC BY-SA 3.0	2026-09-25	428.66	7.181	0	3	43.37	9	31	75	4	0.857	0	1	0	
decoy	IWTSXJNGTTXMFK-KTQUSEMZSA-N	CC[C@H]1OC(=O)[C@H](C)[C@@H](O[C@H]2C[C@@](C)(OC)C[C@H](C)O2)[C@H](C)[C@@H](O[C@@H]2O[C@H](C)C[C@H](N(C)CC)[C@H]2O)[C@@]2(C)CC(C)=C(O2)[C@H](C)[C@@H](O)[C@H]1C	chembl_phase2	CHEMBL300049	CC BY-SA 3.0	2026-09-25	697.95	5.197	2	11	125.38	8	49	116	4	0.921	0	3	0	
decoy	FYQZGCBXYVWXSP-LCHZDSEPSA-N	CN[C@H]1[C@@H](O[C@@H]2/C3=C/C#C[C@H]4O[C@@]4([C@@H]4COC(=O)O4)C#CC3=C[C@H]2OC(=O)c2c(C)ccc3c(C)cc(OC)cc23)O[C@H](C)[C@H](O)[C@@H]1O	chembl_phase2	CHEMBL3989835	CC BY-SA 3.0	2026-09-25	657.67	1.99	3	12	154.54	7	48	83	7	0.444	0	2	0	
decoy	URLYINUFLXOMHP-HTVVRFAVSA-N	CN1N=C(N)c2cn([C@@H]3O[C@H](COP(=O)(O)O)[C@@H](O)[C@H]3O)c3ncnc1c23	chembl_phase2	CHEMBL462018	CC BY-SA 3.0	2026-09-25	400.29	-1.77	5	10	188.78	4	27	44	4	0.462	0	0	0	
decoy	RSWOJTICKMKTER-QXLBVTBOSA-N	CNCC(=O)OCc1cccnc1N(C)C(=O)OC(C)[n+]1cnn(C[C@](O)(c2cc(F)ccc2F)[C@@H](C)c2nc(-c3ccc(C#N)cc3)cs2)c1	chembl_approved	CHEMBL1183349	CC BY-SA 3.0	2026-09-25	717.78	4.585	2	11	159.37	13	51	86	5	0.286	0	2	0	chembl_approved:CHEMBL3137333
decoy	FERIUCNNQQJTOY-UHFFFAOYSA-N	CCCC(=O)O	chembl_phase2	CHEMBL14227	CC BY-SA 3.0	2026-09-25	88.11	0.871	1	1	37.3	2	6	14	0	0.75	0	0	1	
decoy	VNNWQLOUMFCVJD-XIFFEERXSA-N	Cc1c(N(C(=O)c2cc(-c3cc(Cl)ccc3C(=O)N3Cc4ccccc4C[C@H]3CN3CCOCC3)n(C)c2C)c2ccc(O)cc2)cc(C#N)n1C	chembl_phase1	CHEMBL3701382	CC BY-SA 3.0	2026-09-25	717.27	6.756	1	6	106.97	7	52	93	7	0.293	0	2	0	
decoy	AGOYDEPGAOXOCK-KCBOHYOISA-N	CC[C@H]1OC(=O)[C@H](C)[C@@H](O[C@H]2C[C@@](C)(OC)[C@@H](O)[C@H](C)O2)[C@H](C)[C@@H](O[C@@H]2O[C@H](C)C[C@H](N(C)C)[C@H]2O)[C@](C)(OC)C[C@@H](C)C(=O)[C@H](C)[C@@H](O)[C@]1(C)O	chembl_approved	CHEMBL1741	CC BY-SA 3.0	2026-09-25	747.96	2.44	4	14	182.91	8	52	121	3	0.947	0	2	0	
decoy	IXJCHVMUTFCRBH-SDUHDBOFSA-N	CCCc1c(OCCCC/C=C\C=C\[C@H](Sc2ccc3c(=O)cc(C(=O)O)oc3c2)[C@H](O)c2cccc(C(F)(F)F)c2)ccc(C(C)=O)c1O	chembl_phase2	CHEMBL1206833	CC BY-SA 3.0	2026-09-25	710.77	8.927	3	8	134.27	16	50	87	4	0.289	0	2	0	
decoy	VTCJNYICQADBJD-UHFFFAOYSA-N	Cc1cnc(N2CC3(CCOCC3)C2)c(C(=O)Nc2ccc(C(=O)N3CCc4cc(C(=O)Nc5c(C)cccc5F)sc4-c4ccccc43)cc2)c1	chembl_phase2	CHEMBL4291143	CC BY-SA 3.0	2026-09-25	715.85	7.89	2	7	103.87	6	52	90	8	0.268	0	2	0	
decoy	ZDSXRJABOCTJTD-HUYBTDLASA-N	CCCCOC(=O)[C@@H](CCC(N)=O)NC(=O)[C@H](C)NC(=O)[C@@H](C)O[C@H]1[C@H](O)[C@@H](CO)OC(O)[C@@H]1NC(C)=O	chembl_phase2	CHEMBL1908312	CC BY-SA 3.0	2026-09-25	548.59	-3.066	7	11	235.84	15	38	78	1	0.783	0	3	0	
decoy	RCINICONZNJXQF-MZXODVADSA-N	CC(=O)O[C@H]1C(=O)[C@@]2(C)[C@H]([C@H](OC(=O)c3ccccc3)[C@]3(O)C[C@H](OC(=O)[C@H](O)[C@@H](NC(=O)c4ccccc4)c4ccccc4)C(C)=C1C3(C)C)[C@]1(OC(C)=O)CO[C@@H]1C[C@@H]2O	chembl_approved	CHEMBL428647	CC BY-SA 3.0	2026-09-25	853.92	3.736	4	14	221.29	10	62	113	7	0.447	0	2	0	
decoy	CFMYXEVWODSLAX-QOZOJKKESA-N	NC1=N[C@H](O)[C@H]2[C@H]3O[C@]4(O)O[C@@H]([C@@H](O)[C@@]2(N1)[C@@H]4O)[C@]3(O)CO	chembl_phase3	CHEMBL507974	CC BY-SA 3.0	2026-09-25	319.27	-5.52	8	11	190.25	1	22	39	5	0.909	0	2	0	
decoy	IZLOSIXADNUSCM-ACRUOGEOSA-N	O=C(O)CC[C@H](NP(=O)(O)OCCC[C@H](NC(=O)CC[C@H](NC(=O)CCCCCNC(=O)c1ccc(F)cc1)C(=O)O)C(=O)O)C(=O)O	chembl_phase3	CHEMBL3427435	CC BY-SA 3.0	2026-09-25	706.61	0.84	9	9	295.06	25	48	88	1	0.536	0	2	0	
decoy	KZTXNPVFWHWJSH-UHFFFAOYSA-N	C[N+](C)(C)CCCOc1ccc(-c2c3nc(cc4ccc([nH]4)c(-c4ccc(OCCC[N+](C)(C)C)cc4)c4nc(cc5ccc2[nH]5)C=C4)C=C3)cc1	chembl_phase2	CHEMBL3822503	CC BY-SA 3.0	2026-09-25	694.92	8.94	2	4	75.82	12	52	102	7	0.273	0	2	0	chembl_phase2:CHEMBL3824393
decoy	GCFBRXLSHGKWDP-XCGNWRKASA-N	CCN1CCN(C(=O)N[C@@H](C(=O)N[C@@H]2C(=O)N3C(C(=O)O)=C(CSc4nnnn4C)CS[C@H]23)c2ccc(O)cc2)C(=O)C1=O	chembl_approved	CHEMBL507674	CC BY-SA 3.0	2026-09-25	645.68	-1.112	4	12	220.26	9	44	71	5	0.4	0	2	0	
decoy	WJXAHFZIHLTPFR-JLRJEBFFSA-N	CO/N=C(\C(=O)N[C@@H]1C(=O)N2C(C(=O)O)=C(/C=C/Sc3n[nH]c(=O)c(=O)n3CC=O)CS[C@H]12)c1csc(N)n1	chembl_phase2	CHEMBL2106102	CC BY-SA 3.0	2026-09-25	594.61	-1.436	4	14	232.03	10	39	57	4	0.25	0	2	0	
decoy	DRVZFWZGQKGHQO-UHFFFAOYSA-N	CCCCCC(C)C(C)c1cc(OC(=O)CCCN2CCCCCC2)c2c(c1)OC(C)(C)C1=C2CC(C)CC1	chembl_phase2	CHEMBL2107661	CC BY-SA 3.0	2026-09-25	537.83	9.313	0	4	38.77	11	39	94	4	0.743	0	2	0	
decoy	TVXOXGBTADZYCZ-UHFFFAOYSA-N	CCCCCCCN(CCCCCSc1nc(-c2ccccc2)c(-c2ccccc2)[nH]1)C(=O)Nc1ccc(F)cc1F	chembl_phase2	CHEMBL274185	CC BY-SA 3.0	2026-09-25	590.78	9.789	2	3	61.02	16	42	82	4	0.353	0	2	0	
decoy	XUYJLQHKOGNDPB-UHFFFAOYSA-L	O=C([O-])CP(=O)([O-])O	chembl_phase2	CHEMBL3989828	CC BY-SA 3.0	2026-09-25	138.01	-2.718	1	4	100.49	2	8	11	0	0.5	0	0	0	
decoy	PENDGIOBPJLVBT-AMXFZXBBSA-N	CC[C@H]1OC(=O)[C@H](C)C(=O)[C@H](C)[C@@H](O[C@@H]2O[C@H](C)C[C@H](N(C)C)[C@H]2O)[C@](C)(OCC=Cc2cnc3ccccc3c2)C[C@@H](C)C(=O)[C@H](C)[C@H]2NC(=O)O[C@@]21C	chembl_phase3	CHEMBL3989904	CC BY-SA 3.0	2026-09-25	765.95	5.11	2	12	162.82	8	55	114	5	0.643	0	3	0	
decoy	YGIDGBAHDZEYMT-MQFIMZJJSA-N	OC[C@H]1O[C@@H](S[C@@H]2O[C@H](CO)[C@H](O)[C@H](n3cc(-c4cccc(F)c4)nn3)[C@H]2O)[C@H](O)[C@@H](n2cc(-c3cccc(F)c3)nn2)[C@H]1O	chembl_phase2	CHEMBL4297442	CC BY-SA 3.0	2026-09-25	648.65	-0.125	6	13	201.26	8	45	75	6	0.429	0	3	0	
decoy	WOUDXEYYJPOSNE-VKZDFBPFSA-N	C=C1CCO[C@]2([C@@H](O)[C@@](C)(O)CO)NC(=O)[C@@]1(O)NC2=O	chembl_phase2	CHEMBL1231250	CC BY-SA 3.0	2026-09-25	302.28	-3.302	6	7	148.35	3	21	39	3	0.667	0	1	0	
decoy	BIDUPMYXGFNAEJ-APGVDKLISA-N	CO[C@H]1[C@@H](O)[C@H](N)[C@@H](O[C@H]2O[C@H]([C@H](C)N)CC[C@H]2N)[C@H](O)[C@@H]1N(C)C(=O)CN	chembl_phase2	CHEMBL3084803	CC BY-SA 3.0	2026-09-25	405.5	-3.585	6	10	192.54	6	28	63	2	0.941	0	1	0	
decoy	GZIJBIYIMDKOSA-UHFFFAOYSA-N	Cc1cc(NCCCCCCCCCCNc2cc(C)nc3ccccc23)c2ccccc2n1	chembl_phase2	CHEMBL125375	CC BY-SA 3.0	2026-09-25	454.66	8.045	2	4	49.84	13	34	72	4	0.4	0	1	0	
decoy	QDUIJCOKQCCXQY-WHJQOFBOSA-N	CO/N=C(\C(=O)N[C@@H]1C(=O)N2C(C(=O)[O-])=C(C[n+]3ccn4ncccc43)CS[C@H]12)c1nsc(N)n1	chembl_phase2	CHEMBL1276663	CC BY-SA 3.0	2026-09-25	515.54	-2.49	2	12	184.11	7	35	52	5	0.263	0	2	0	
decoy	FQUNFJULCYSSOP-UHFFFAOYSA-N	CC(C)(C)CC(C)(C)c1cc(Cc2cc(C(C)(C)CC(C)(C)C)cc(-n3nc4ccccc4n3)c2O)c(O)c(-n2nc3ccccc3n2)c1	chembl_phase2	CHEMBL2104957	CC BY-SA 3.0	2026-09-25	658.89	9.584	2	6	101.88	8	49	99	6	0.415	0	2	0	
decoy	HCCUQCPVNVAHMV-UHFFFAOYSA-J	O=S(=O)(c1ccc(NC(CC(c2ccccc2)S(=O)(=O)[O-])S(=O)(=O)[O-])cc1)c1ccc(NC(CC(c2ccccc2)S(=O)(=O)[O-])S(=O)(=O)[O-])cc1	chembl_phase2	CHEMBL2106031	CC BY-SA 3.0	2026-09-25	800.89	2.439	2	16	287.0	16	51	79	4	0.2	0	2	0	
decoy	RLFCSBSRGRJFRO-QAOQTAGDSA-N	CC[C@H]1OC(=O)[C@H](C)C(=O)[C@H](C)[C@@H](O[C@@H]2O[C@H](C)C[C@H](N(C)C)[C@H]2O)[C@](C)(OC)C[C@@H](C)C(=O)[C@H](C)[C@H]2[C@H](/C(N)=N/O[C@@H](C)c3nnc(-c4ccccn4)s3)C(=O)O[C@@]21C	chembl_phase2	CHEMBL4297519	CC BY-SA 3.0	2026-09-25	859.06	4.122	2	17	224.18	10	60	122	5	0.714	0	2	0	
decoy	HPHBOJANXDKUQD-UHFFFAOYSA-N	N#CCC(=O)NN	chembl_phase2	CHEMBL2106008	CC BY-SA 3.0	2026-09-25	99.09	-1.11	2	3	78.91	1	7	12	0	0.333	0	0	1	
decoy	RBJROVWIRLFZFC-PNLFXGMVSA-N	CCCCCCCCCCCCCCCCCC(=O)OCC(=O)OCC(=O)[C@@]1(O)CC[C@H]2[C@@H]3CCC4=CC(=O)C=C[C@]4(C)[C@H]3[C@@H](O)C[C@@]21C	chembl_phase2	CHEMBL2105774	CC BY-SA 3.0	2026-09-25	684.96	7.913	2	8	127.2	21	49	113	4	0.805	0	2	0	
decoy	KASDHRXLYQOAKZ-XDSKOBMDSA-N	CC[C@@H]1/C=C(\C)C[C@H](C)C[C@H](OC)[C@H]2O[C@@](O)(C(=O)C(=O)N3CCCC[C@H]3C(=O)O[C@H](/C(C)=C/[C@@H]3CC[C@H](Cl)[C@H](OC)C3)[C@H](C)[C@@H](O)CC1=O)[C@H](C)C[C@@H]2OC	chembl_approved	CHEMBL1200686	CC BY-SA 3.0	2026-09-25	810.47	5.719	2	11	158.13	6	56	124	4	0.814	0	3	0	
decoy	YLPBXIKWXNRACS-UHFFFAOYSA-N	CN(CC(O)CO)C(=O)c1c(I)c(NC(=O)C(CO)CO)c(I)c(C(=O)N(C)CC(O)CO)c1I	chembl_phase3	CHEMBL2107212	CC BY-SA 3.0	2026-09-25	835.17	-1.11	7	9	191.1	12	35	63	1	0.55	0	2	0	
decoy	UDIIBEDMEYAVNG-ZKFPOVNWSA-N	CN[C@@H]1[C@@H](O)[C@@H](O[C@@H]2[C@@H](O)[C@H](O[C@H]3O[C@H](CN)[C@@H](O)[C@H](O)[C@H]3O)[C@@H](N)C[C@H]2NC(=O)[C@@H](O)CN)OC[C@]1(C)O	chembl_phase2	CHEMBL272080	CC BY-SA 3.0	2026-09-25	569.61	-7.524	12	16	297.72	9	39	82	3	0.955	0	3	0	
decoy	CCDRQWAEZGRMTP-WJOKGBTCSA-N	C[C@@H]1CN(c2cc(N3CCN(CC4=C(c5ccc(Cl)cc5)CC(C)(C)CC4)CC3)ccc2C(=O)NS(=O)(=O)c2ccc(NCC3CCOCC3)c([N+](=O)[O-])c2)c2cc3cc[nH]c3nc2O1	chembl_phase2	CHEMBL5314523	CC BY-SA 3.0	2026-09-25	923.54	8.787	3	12	175.27	12	65	120	9	0.417	0	3	0	
decoy	NHHBNHIPCSPSHQ-UHFFFAOYSA-N	O=C(O)c1ccc(CCCc2c(CCNS(=O)(=O)Cc3ccccc3C(F)(F)F)n(C(c3ccccc3)c3ccccc3)c3ccc(Cl)cc23)cc1	chembl_phase2	CHEMBL2104969	CC BY-SA 3.0	2026-09-25	745.26	9.487	2	3	88.4	14	52	88	6	0.195	0	2	0	
decoy	SQKUFYLUXROIFM-UHFFFAOYSA-N	Cc1ncc(COP(=O)(O)O)c(CN(CCN(CC(=O)O)Cc2c(COP(=O)(O)O)cnc(C)c2O)CC(=O)O)c1O	chembl_phase2	CHEMBL1208640	CC BY-SA 3.0	2026-09-25	638.46	0.197	8	12	280.84	17	42	74	2	0.455	0	3	0	
decoy	LQBVNQSMGBZMKD-UHFFFAOYSA-N	CC1(C)CCC(CN2CCN(c3ccc(C(=O)NS(=O)(=O)c4ccc(NCC5CCOCC5)c([N+](=O)[O-])c4)c(Oc4cnc5[nH]ccc5c4)c3)CC2)=C(c2ccc(Cl)cc2)C1	chembl_approved	CHEMBL3137309	CC BY-SA 3.0	2026-09-25	868.46	8.66	3	11	172.03	13	61	111	8	0.378	0	3	0	
decoy	FHCUMDQMBHQXKK-CDIODLITSA-N	COC[C@H]1C[C@@H](c2nc(-c3ccc4c(c3)COc3cc5c(ccc6nc([C@@H]7CC[C@H](C)N7C(=O)[C@@H](NC(=O)OC)C(C)C)[nH]c65)cc3-4)c[nH]2)N(C(=O)[C@H](NC(=O)OC)c2ccccc2)C1	chembl_approved	CHEMBL3545062	CC BY-SA 3.0	2026-09-25	883.02	7.732	4	10	193.1	11	65	119	9	0.388	0	2	0	
decoy	QTLQVMGAXZJADU-ZRWMMNBYSA-N	CCN(CC)c1nc2c(s1)c1c(O)c3c(O)c(C)c4c(c32)C(=O)[C@@](C)(O/C=C/[C@H](OC)[C@@H](C)[C@@H](OC(C)=O)[C@H](C)[C@H](O)[C@H](C)[C@@H](O)[C@@H](C)/C=C/C=C(/C)C(=O)N1)O4	chembl_phase2	CHEMBL1908313	CC BY-SA 3.0	2026-09-25	809.98	6.504	5	14	197.21	5	57	112	5	0.524	0	3	0	
decoy	YCDUQXXFNZLWJU-CROMWVBPSA-N	CC1(C)S[C@@H]2[C@H](NC(=O)[C@H](NC(=O)Nc3cnc(Nc4ccc(S(N)(=O)=O)cc4)nc3O)c3ccc(O)cc3)C(=O)N2[C@H]1C(=O)O	chembl_phase2	CHEMBL2103982	CC BY-SA 3.0	2026-09-25	672.7	0.773	8	12	266.27	9	46	74	5	0.259	0	3	0	
decoy	IQUHNCOJRJBMSU-UHFFFAOYSA-N	CC(O)CN1CCN(CC(=O)O)CCN(CC(=O)O)CCN(CC(=O)O)CC1	chembl_phase2	CHEMBL1615776	CC BY-SA 3.0	2026-09-25	404.46	-2.157	4	8	145.09	8	28	60	1	0.824	0	0	0	
decoy	LKCWBDHBTVXHDL-RMDFUYIESA-N	NCC[C@H](O)C(=O)N[C@@H]1C[C@H](N)[C@@H](O[C@H]2O[C@H](CN)[C@@H](O)[C@H](O)[C@H]2O)[C@H](O)[C@H]1O[C@H]1O[C@H](CO)[C@@H](O)[C@H](N)[C@H]1O	chembl_approved	CHEMBL177	CC BY-SA 3.0	2026-09-25	585.61	-8.424	13	17	331.94	10	40	83	3	0.955	0	3	0	chembl_approved:CHEMBL4208954
decoy	ZQPPMHVWECSIRJ-KTKRTIGZSA-N	CCCCCCCC/C=C\CCCCCCCC(=O)O	chembl_approved	CHEMBL3989529	CC BY-SA 3.0	2026-09-25	282.47	6.109	1	1	37.3	15	20	54	0	0.833	0	1	0	chembl_phase2:CHEMBL8659
decoy	ZOTHAEBAWXWVID-HXEFRTELSA-N	CCNC(=O)[C@H]1O[C@@H](n2cnc3c(NCC(c4ccccc4)c4ccccc4)nc(C(=O)NCCNC(=O)NC4CCN(c5ccccn5)CC4)nc32)[C@H](O)[C@@H]1O	chembl_phase2	CHEMBL1096896	CC BY-SA 3.0	2026-09-25	777.89	1.919	7	12	220.78	14	57	104	7	0.375	0	3	0	
decoy	VPRFDABTJNLKKR-UHFFFAOYSA-N	Cc1c(C)c2c(c(C)c1OC(=O)C(C)(C)Oc1ccc(Cl)cc1)CCC(C)(CCCC(C)CCCC(C)CCCC(C)C)O2	chembl_phase2	CHEMBL2106035	CC BY-SA 3.0	2026-09-25	627.35	11.551	0	4	44.76	16	44	103	3	0.667	0	2	0	
decoy	DGAIEPBNLOQYER-UHFFFAOYSA-N	COCC(=O)Nc1c(I)c(C(=O)NCC(O)CO)c(I)c(C(=O)N(C)CC(O)CO)c1I	chembl_approved	CHEMBL1725	CC BY-SA 3.0	2026-09-25	791.12	-0.407	6	8	168.66	11	32	56	1	0.5	0	2	0	
decoy	JHFNIHVVXRKLEF-DCZLAGFPSA-N	Cn1c(N)c(NC(=O)NCCN)c[n+]1CC1=C(C(=O)O)N2C(=O)[C@@H](NC(=O)/C(=N\OC(C)(C)C(=O)[O-])c3nsc(N)n3)[C@H]2SC1	chembl_approved	CHEMBL1213250	CC BY-SA 3.0	2026-09-25	666.7	-3.903	7	15	302.21	12	45	75	4	0.435	0	3	0	chembl_approved:CHEMBL2103872
decoy	BRYXUCLEHAUSDY-WEWMWRJBSA-N	CC(C)(C#Cc1ccc(-c2ccc(Cl)c3c(NS(C)(=O)=O)nn(CC(F)(F)F)c23)c([C@H](Cc2cc(F)cc(F)c2)NC(=O)Cn2nc(C(F)(F)F)c3c2C(F)(F)[C@@H]2C[C@H]32)n1)S(C)(=O)=O	chembl_approved	CHEMBL4594438	CC BY-SA 3.0	2026-09-25	968.3	7.663	2	8	157.94	11	64	96	7	0.385	0	2	0	
decoy	JKQXZKUSFCKOGQ-QAYBQHTQSA-N	CC1=C(/C=C/C(C)=C/C=C/C(C)=C/C=C/C=C(C)/C=C/C=C(C)/C=C/C2=C(C)C[C@@H](O)CC2(C)C)C(C)(C)C[C@H](O)C1	chembl_phase3	CHEMBL2359248	CC BY-SA 3.0	2026-09-25	568.89	10.547	2	2	40.46	10	42	98	2	0.45	0	2	0	
decoy	PVPJTBAEAQVTPN-HRAQMCAYSA-N	N[C@@H](CC(=O)Nc1ccn([C@@H]2O[C@H](CO)[C@@H](O)[C@@H]2O)c(=O)n1)C(=O)O	chembl_phase1	CHEMBL4802250	CC BY-SA 3.0	2026-09-25	358.31	-3.405	6	9	197.23	6	25	43	2	0.538	0	1	0	chembl_phase2:CHEMBL4297599
decoy	UEZIBPZHJNOZNX-CDTKKYFSSA-N	CO[C@H]1O[C@H](CN2C[C@H](O)[C@@H](O)[C@H](O)[C@H]2CO)[C@@H](O)[C@H](O)[C@H]1O	chembl_phase2	CHEMBL2105521	CC BY-SA 3.0	2026-09-25	339.34	-4.8	7	10	163.31	4	23	48	2	1.0	0	1	0	
decoy	CHCWDBMFOLTXQX-OBTVHEKISA-N	Cn1nc(NS(C)(=O)=O)c2c(Cl)ccc(-n3c([C@H](Cc4cc(F)cc(F)c4)NC(=O)Cn4nc(C(F)F)c5c4C(F)(F)[C@@H]4C[C@H]54)nc4cc(-c5cccc(C(F)(F)F)n5)ccc4c3=O)c21	chembl_phase2	CHEMBL6068076	CC BY-SA 3.0	2026-09-25	950.24	8.1	2	8	158.69	11	65	94	9	0.268	0	2	0	
decoy	MEFAKOINNJLWFO-UWXQCODUSA-N	CC(C)(COC(=O)c1cccnc1)[C@@H](OC(=O)c1cccnc1)C(=O)NCCC(=O)NCCSSCCNC(=O)CCNC(=O)[C@H](OC(=O)c1cccnc1)C(C)(C)COC(=O)c1cccnc1	chembl_phase2	CHEMBL2104399	CC BY-SA 3.0	2026-09-25	975.12	3.41	4	18	273.16	27	68	122	4	0.391	0	2	0	
decoy	SMSRCGPDNDCXFR-CYWZMYCQSA-N	CCN1CCN(C(=O)N[C@@H](C(=O)N[C@]2(OC)C(=O)N3C(C(=O)O)=C(CSc4nnnn4C)CS[C@@H]32)[C@H](C)O)C(=O)C1=O	chembl_phase2	CHEMBL1908372	CC BY-SA 3.0	2026-09-25	627.66	-2.835	4	13	229.49	10	42	71	4	0.591	0	2	0	
decoy	ZAKOWWREFLAJOT-ADUHFSDSSA-N	CC(=O)Oc1c(C)c(C)c2c(c1C)CCC(C)(CCC[C@H](C)CCC[C@H](C)CCCC(C)C)O2	chembl_approved	CHEMBL3989859	CC BY-SA 3.0	2026-09-25	472.75	9.06	0	3	35.53	13	34	86	2	0.774	0	1	0	
decoy	XAKKNLNAJBNLPC-MAYKBZFQSA-N	CC[N+](C)(C/C=C/C1=C(C(=O)[O-])N2C(=O)[C@@H](NC(=O)/C(=N\OCF)c3nsc(N)n3)[C@H]2SC1)CC(N)=O	chembl_phase2	CHEMBL2074822	CC BY-SA 3.0	2026-09-25	556.6	-2.32	3	12	206.02	12	37	62	3	0.45	0	2	0	
decoy	QTPZAEAYDWMVJO-GGCSAXROSA-N	CCc1c2c(nc3ccc(OC(=O)N4CCC(CCn5ccc6cc(-n7c(-c8cc(C(C)C)c(O)cc8O)n[nH]c7=O)ccc65)CC4)cc13)-c1cc3c(c(=O)n1C2)COC(=O)[C@]3(O)CC	chembl_phase1	CHEMBL4297475	CC BY-SA 3.0	2026-09-25	879.97	6.973	4	11	207.03	9	65	114	10	0.347	0	3	0	
decoy	LNZMRLHZGOBKAN-KAWPREARSA-N	O=C(O)C1=C(C[n+]2ccc(CCS(=O)(=O)[O-])cc2)CS[C@@H]2[C@H](NC(=O)[C@H](NC(=O)c3nc[nH]c3C(=O)O)c3ccccc3)C(=O)N12	chembl_phase2	CHEMBL2103902	CC BY-SA 3.0	2026-09-25	670.68	-0.607	5	10	242.87	12	46	72	5	0.25	0	1	0	
decoy	YXFVVABEGXRONW-UHFFFAOYSA-N	Cc1ccccc1	chembl_phase2	CHEMBL9113	CC BY-SA 3.0	2026-09-25	92.14	1.995	0	0	0.0	0	7	15	1	0.143	0	0	1	
decoy	JBJQTRRKPQLQQB-VWPQPMDRSA-N	Cn1nc(NS(C)(=O)=O)c2c(Cl)ccc(-n3c([C@H](Cc4cc(F)cc(F)c4)NC(=O)Cn4nc(C(F)F)c5c4C(F)(F)[C@@H]4C[C@H]54)nc4nc(OCCC(F)(F)F)ccc4c3=O)c21	chembl_phase2	CHEMBL6068048	CC BY-SA 3.0	2026-09-25	918.2	6.745	2	9	167.92	13	62	91	8	0.351	0	2	0	
decoy	XQZXYNRDCRIARQ-LURJTMIESA-N	C[C@H](O)C(=O)Nc1c(I)c(C(=O)NC(CO)CO)c(I)c(C(=O)NC(CO)CO)c1I	chembl_approved	CHEMBL1200932	CC BY-SA 3.0	2026-09-25	777.09	-1.014	8	8	188.45	10	31	53	1	0.471	0	2	0	
decoy	RHRAMPXHWHSKQB-GGEUKFTFSA-N	CN[C@@H]1[C@@H](O)[C@@H](O[C@@H]2[C@@H](O)[C@H](O[C@H]3O[C@H](CN)[C@@H](O)[C@H](O)[C@H]3O)[C@@H](N)C[C@H]2N)OC[C@]1(C)O	chembl_phase2	CHEMBL2110604	CC BY-SA 3.0	2026-09-25	482.53	-6.002	10	14	248.39	6	33	71	3	1.0	0	2	0	
decoy	QUEDXNHFTDJVIY-DQCZWYHMSA-N	Cc1c(O)cc2c(c1C)O[C@](C)(CCC[C@H](C)CCC[C@H](C)CCCC(C)C)CC2	chembl_phase2	CHEMBL2151591	CC BY-SA 3.0	2026-09-25	416.69	8.532	1	2	29.46	12	30	78	2	0.786	0	1	0	
decoy	SBUJHOSQTJFQJX-KSACQAOKSA-N	NC[C@@H]1O[C@@H](O[C@H]2[C@H](O)[C@@H](O[C@H]3O[C@H](CO)[C@@H](O)[C@H](N)[C@H]3O)[C@H](N)C[C@@H]2N)[C@@H](O)[C@H](O)[C@H]1O	chembl_phase1	CHEMBL223520	CC BY-SA 3.0	2026-09-25	484.5	-7.291	11	15	282.61	6	33	69	3	1.0	0	2	0	
decoy	UAHWPYUMFXYFJY-UHFFFAOYSA-N	C=CC(=C)CCC=C(C)C	chembl_phase1	CHEMBL455491	CC BY-SA 3.0	2026-09-25	136.24	3.475	0	0	0.0	4	10	26	0	0.4	0	0	0	
decoy	AEMOLEFTQBMNLQ-WAXACMCWSA-M	O=C([O-])[C@H]1O[C@H](O)[C@H](O)[C@@H](O)[C@@H]1O	chembl_approved	CHEMBL2068884	CC BY-SA 3.0	2026-09-25	193.13	-4.464	4	7	130.28	1	13	22	1	0.833	0	0	0	
decoy	AGRCPNMCOXLKFO-BDVNFPICSA-N	CN(N=O)C(=O)N[C@@H](C=O)[C@@H](O)[C@H](O)[C@H](O)CO	chembl_approved	CHEMBL1977579	CC BY-SA 3.0	2026-09-25	265.22	-3.048	5	8	159.76	7	18	33	0	0.75	0	0	0	
decoy	ATOLIHZIXHZSBA-BTSKBWHGSA-N	COC(=O)N[C@H](C(=O)N1CCC[C@H]1c1nc2cc(-c3csc4c(-c5ccc(-c6c[nH]c([C@@H]7CCCN7C(=O)[C@H](NC(=O)OC)c7ccccc7)n6)cc5)csc34)ccc2[nH]1)C(C)C	chembl_phase2	CHEMBL3039519	CC BY-SA 3.0	2026-09-25	885.09	9.368	4	10	174.64	11	63	111	9	0.319	0	2	0	
decoy	BDBMLMBYCXNVMC-UHFFFAOYSA-M	CC1(C)C(/C=C/C=C/C=C/C=C2\N(CCCCS(=O)(=O)[O-])c3ccc4ccccc4c3C2(C)C)=[N+](CCCCS(=O)(=O)[O-])c2ccc3ccccc3c21	chembl_approved	CHEMBL1646	CC BY-SA 3.0	2026-09-25	751.99	8.37	0	7	120.65	14	53	100	6	0.326	0	2	0	
decoy	BSOQXXWZTUDTEL-QAQREVAFSA-N	CC(=O)N[C@H]1C(O)O[C@H](CO)[C@@H](O)[C@@H]1O[C@H](C)C(=O)N[C@@H](C)C(=O)N[C@H](CCC(=O)O)C(N)=O	chembl_phase1	CHEMBL1779325	CC BY-SA 3.0	2026-09-25	492.48	-4.325	8	10	246.84	12	34	66	1	0.737	0	1	0	
decoy	BXWNKGSJHAJOGX-UHFFFAOYSA-N	CCCCCCCCCCCCCCCCO	chembl_approved	CHEMBL706	CC BY-SA 3.0	2026-09-25	242.45	5.46	1	1	20.23	14	17	51	0	1.0	0	1	0	
decoy	OGIBAYOMUKQFLE-UHFFFAOYSA-N	CC1(CCCC(=O)O)C(/C=C/C2=C(Oc3ccc(S(=O)(=O)O)cc3)C(=C/C=C3/N(CCCS(=O)(=O)O)c4ccccc4C3(C)C)/CCC2)=[N+](CCCS(=O)(=O)[O-])c2ccccc21	chembl_phase2	CHEMBL6068053	CC BY-SA 3.0	2026-09-25	909.11	7.439	3	10	218.72	18	62	114	6	0.378	0	2	0	
decoy	CZONNRSTWJECNT-UHFFFAOYSA-N	O=[Si]([O-])O[Si]([O-])([O-])O[Si](=O)[O-]	chembl_approved	CHEMBL2096633	CC BY-SA 3.0	2026-09-25	212.25	-6.273	0	8	144.84	4	11	11	0	0.0	0	0	0	
decoy	FEWJPZIEWOKRBE-UHFFFAOYSA-M	O=C([O-])C(O)C(O)C(=O)O	chembl_phase3	CHEMBL2105935	CC BY-SA 3.0	2026-09-25	149.08	-3.457	3	5	117.89	3	10	15	0	0.5	0	0	0	
decoy	WWVAPFRKZMUPHZ-UHFFFAOYSA-N	O=C(CCOCCOCCOCCOCCC(=O)Nc1c(I)cc(I)c(C(=O)O)c1I)Nc1c(I)cc(I)c(C(=O)O)c1I	chembl_approved	CHEMBL1615487	CC BY-SA 3.0	2026-09-25	1287.92	6.134	4	8	169.72	19	44	70	2	0.385	0	2	0	chembl_approved:CHEMBL4594231
decoy	RTJVUHUGTUDWRK-CSLCKUBZSA-N	COc1cc([C@@H]2c3cc4c(cc3[C@@H](O[C@@H]3O[C@@H]5CO[C@@H](C)O[C@H]5[C@H](OC(=O)COc5c(F)c(F)c(F)c(F)c5F)[C@H]3OC(=O)COc3c(F)c(F)c(F)c(F)c3F)[C@H]3COC(=O)[C@H]23)OCO4)cc(OC)c1OP(=O)(O)O	chembl_phase2	CHEMBL3989413	CC BY-SA 3.0	2026-09-25	1116.71	5.755	2	18	237.96	15	76	111	9	0.4	0	3	0	
decoy	KCXVZYZYPLLWCC-UHFFFAOYSA-L	O=C([O-])CN(CCN(CC(=O)[O-])CC(=O)O)CC(=O)O	chembl_approved	CHEMBL1749	CC BY-SA 3.0	2026-09-25	290.23	-4.741	2	8	161.34	11	20	34	0	0.6	0	0	0	chembl_approved:CHEMBL3989507;chembl_phase2:CHEMBL2106963
decoy	YZSIZVRFVQKMJU-RDGPPVDQSA-N	N[C@@H](CNC(=O)CC[C@@H](NC(=O)c1ccc(NCc2c[nH]c3ncnc(=O)c-3n2)cc1)C(=O)O)C(=O)N[C@@H](CC(=O)O)C(=O)N[C@@H](CS)C(=O)O	chembl_phase2	CHEMBL4297280	CC BY-SA 3.0	2026-09-25	730.72	-2.858	11	14	337.88	19	51	85	3	0.345	0	3	0	
decoy	OAEOAAHCJGWJIC-CEVJMMQXSA-N	CC(=O)N[C@@H]1[C@@H](COC[C@@H]2O[C@H](C(=O)O)[C@@H](CO)[C@H](O)[C@H]2O)[C@@H](CS(=O)(=O)O)[C@@H](CO)O[C@H]1CO	chembl_phase3	CHEMBL2303614	CC BY-SA 3.0	2026-09-25	531.53	-4.438	8	12	249.61	11	35	68	2	0.895	0	3	0	
decoy	LNKYWHXCKVSEBC-FRAIECQRSA-N	CC(=O)O[C@@]12CO[C@@H]1C[C@H](O)[C@@]1(C)C(=O)[C@H](O)C3=C(C)[C@@H](OC(=O)[C@H](OC(=O)CCC(=O)O)[C@@H](NC(=O)OC(C)(C)C)c4ccccc4)C[C@@](O)([C@@H](OC(=O)c4ccccc4)[C@H]21)C3(C)C	chembl_phase1	CHEMBL5314594	CC BY-SA 3.0	2026-09-25	907.96	3.675	5	16	267.82	12	65	122	6	0.553	0	2	0	
decoy	MMRCWWRFYLZGAE-ZBZRSYSASA-N	CC[C@]1(O)C[C@@H]2CN(CCc3c([nH]c4ccccc34)[C@@](C(=O)OC)(c3cc4c(cc3OC)N(C)[C@H]3[C@]5(OC(=O)N(CCCl)C5=O)[C@H](OC(C)=O)[C@]5(CC)C=CCN6CC[C@]43[C@@H]65)C2)C1	chembl_phase2	CHEMBL3991434	CC BY-SA 3.0	2026-09-25	884.47	5.043	2	12	154.18	8	63	121	10	0.583	0	3	0	
decoy	ZFOVUHQJAMLXDS-UHFFFAOYSA-N	CN(CC(O)CO)C(=O)c1c(I)c(C(N)=O)c(I)c(C(=O)NCC(O)CO)c1I	chembl_phase2	CHEMBL2105048	CC BY-SA 3.0	2026-09-25	747.06	-0.892	6	7	173.42	9	29	49	1	0.438	0	2	0	
decoy	OENHQHLEOONYIE-JLTXGRSLSA-N	CC1=C(/C=C/C(C)=C/C=C/C(C)=C/C=C/C=C(C)/C=C/C=C(C)/C=C/C2=C(C)CCCC2(C)C)C(C)(C)CCC1	chembl_approved	CHEMBL1293	CC BY-SA 3.0	2026-09-25	536.89	12.606	0	0	0.0	10	40	96	2	0.45	0	2	0	
decoy	PAEBIVWUMLRPSK-IDTAVKCVSA-J	CSCCNc1nc(SCCC(F)(F)F)nc2c1ncn2[C@@H]1O[C@H](COP(=O)([O-])OP(=O)([O-])C(Cl)(Cl)P(=O)([O-])[O-])[C@@H](O)[C@H]1O	chembl_approved	CHEMBL1097279	CC BY-SA 3.0	2026-09-25	772.33	0.322	3	18	267.23	15	44	65	3	0.706	0	2	0	
decoy	UOZODPSAJZTQNH-LSWIJEOBSA-N	NC[C@@H]1O[C@H](O[C@H]2[C@@H](O)[C@H](O[C@@H]3[C@@H](O)[C@H](N)C[C@H](N)[C@H]3O[C@H]3O[C@H](CO)[C@@H](O)[C@H](O)[C@H]3N)O[C@@H]2CO)[C@H](N)[C@@H](O)[C@@H]1O	chembl_approved	CHEMBL370143	CC BY-SA 3.0	2026-09-25	615.63	-8.862	13	19	347.32	9	42	87	4	1.0	0	3	0	chembl_approved:CHEMBL2206196
decoy	YPZRWBKMTBYPTK-BJDJZHNGSA-N	N[C@@H](CCC(=O)N[C@@H](CSSC[C@H](NC(=O)CC[C@H](N)C(=O)O)C(=O)NCC(=O)O)C(=O)NCC(=O)O)C(=O)O	chembl_approved	CHEMBL1372	CC BY-SA 3.0	2026-09-25	612.64	-3.877	10	12	317.64	21	40	72	0	0.6	0	3	0	
decoy	VDNLFJGJEQUWRB-UHFFFAOYSA-N	O=C(O)c1c(Cl)c(Cl)c(Cl)c(Cl)c1-c1c2cc(I)c(=O)c(I)c-2oc2c(I)c(O)c(I)cc12	chembl_approved	CHEMBL1208422	CC BY-SA 3.0	2026-09-25	973.68	9.001	2	4	87.74	2	33	37	4	0.0	0	2	0	
decoy	SMQYOVYWPWASGU-UHFFFAOYSA-N	CNC(=O)c1c(I)c(NC(=O)CCCCC(=O)Nc2c(I)c(C(=O)O)c(I)c(C(=O)NC)c2I)c(I)c(C(=O)O)c1I	chembl_phase2	CHEMBL2106389	CC BY-SA 3.0	2026-09-25	1253.87	5.567	6	6	191.0	11	42	62	2	0.25	0	3	0	
decoy	YEYZSIPYIGWRIT-HENWMNBSSA-N	O=S(=O)(NCO)c1ccc(NC([C@H](O)[C@@H](O)[C@H](O)[C@H](O)CO)S(=O)(=O)O)cc1	chembl_phase2	CHEMBL2111115	CC BY-SA 3.0	2026-09-25	446.46	-4.024	9	11	233.95	11	28	50	1	0.538	0	2	0	
decoy	ANZIISNSHPKVRV-UHFFFAOYSA-N	COc1cc2c(cc1OC)CN(c1cc(N)c3cc(OC)c(OC)cc3n1)CC2	chembl_phase2	CHEMBL324090	CC BY-SA 3.0	2026-09-25	395.46	3.414	1	7	79.07	5	29	54	4	0.318	0	0	0	
decoy	YKPUWZUDDOIDPM-SOFGYWHQSA-N	COc1cc(CNC(=O)CCCC/C=C/C(C)C)ccc1O	chembl_approved	CHEMBL294199	CC BY-SA 3.0	2026-09-25	305.42	3.79	2	3	58.56	9	22	49	1	0.5	0	0	0	
decoy	IOKKIRANVRFSAH-FQEVSTJZSA-N	CN(C)CC[C@]1(c2ccccc2)CCc2ccccc2C1=O	chembl_phase2	CHEMBL2104267	CC BY-SA 3.0	2026-09-25	293.41	3.705	0	2	20.31	4	22	45	3	0.35	0	0	0	
decoy	IYBFBADVQPQHLQ-UHFFFAOYSA-N	Cc1cccc(N2CCN(CCc3cc(C)[nH]n3)CC2)c1	chembl_phase2	CHEMBL2105560	CC BY-SA 3.0	2026-09-25	284.41	2.391	1	3	35.16	4	21	45	3	0.471	0	0	1	
decoy	ULGABHCZIJXUFO-UHFFFAOYSA-N	O=c1c(N2CCCC2)c(O)c2cccnc2n1-c1ccccc1	chembl_phase2	CHEMBL2105217	CC BY-SA 3.0	2026-09-25	307.35	2.692	1	4	58.36	2	23	40	4	0.222	0	0	0	
decoy	KVCJCEKJKGLBOK-UHFFFAOYSA-N	COc1cc(C(=O)c2ccc(Cl)cc2)cc(OC)c1OCCN1CCOCC1	chembl_phase2	CHEMBL2105158	CC BY-SA 3.0	2026-09-25	405.88	3.299	0	6	57.23	8	28	52	3	0.381	0	0	0	
decoy	RMPRGCBYQSAAAZ-UHFFFAOYSA-N	CCCc1c2nc(C(=O)O)cc(NC)c2cc2c(=O)cc(C(=O)O)oc12	chembl_phase2	CHEMBL1207579	CC BY-SA 3.0	2026-09-25	356.33	2.732	3	6	129.73	5	26	42	3	0.222	0	0	0	
decoy	VPRGXNLHFBBDFS-UHFFFAOYSA-N	CCN(CC)CCC(OC(=O)c1ccccc1)c1ccccc1	chembl_phase2	CHEMBL2105346	CC BY-SA 3.0	2026-09-25	311.43	4.317	0	3	29.54	8	23	48	2	0.35	0	0	0	
decoy	PRHCHMGCDBUACR-UHFFFAOYSA-N	CCN(CC)CCCNC(=O)Cn1ncc(-c2ccccc2)c1-c1ccccc1	chembl_phase2	CHEMBL2111169	CC BY-SA 3.0	2026-09-25	390.53	4.065	1	3	50.16	10	29	59	3	0.333	0	0	0	
decoy	GKPFBMQXTRZTOW-UHFFFAOYSA-N	C[N+](C)(CCCCC(C#N)(c1ccccc1)c1ccccc1)CC[N+]1(C)CCOCC1	chembl_phase2	CHEMBL2104746	CC BY-SA 3.0	2026-09-25	421.63	4.22	0	2	33.02	10	31	70	3	0.519	0	0	0	chembl_phase2:CHEMBL2110647
decoy	LLZVAIDABZBAGE-UHFFFAOYSA-O	Cc1cc(-c2ccccc2)n[n+](CCCC(=O)O)c1N	chembl_phase2	CHEMBL311981	CC BY-SA 3.0	2026-09-25	272.33	1.792	2	3	80.09	5	20	38	2	0.267	0	0	1	chembl_phase2:CHEMBL1202348
decoy	STAYVYIMUXVGBN-UHFFFAOYSA-N	CCc1ncnc2cc(OC)c(OC)cc12	chembl_phase2	CHEMBL1904952	CC BY-SA 3.0	2026-09-25	218.26	2.209	0	4	44.24	3	16	30	2	0.333	0	0	0	
decoy	XMSYHEQGNQFEEZ-NSHDSACASA-N	O=C(NCc1c(F)cc(F)cc1F)c1cn2c(c(O)c1=O)C(=O)N1CCCC[C@H]2C1	chembl_phase2	CHEMBL6068025	CC BY-SA 3.0	2026-09-25	421.38	2.082	2	4	91.64	3	30	48	4	0.35	0	0	0	
decoy	YDDRXDOPBABLRB-UHFFFAOYSA-N	N=C(N)NCCNc1c(Cl)cccc1Cl	chembl_phase2	CHEMBL2106795	CC BY-SA 3.0	2026-09-25	247.13	1.888	4	2	73.93	4	15	27	1	0.222	0	0	0	
decoy	RNOAOAWBMHREKO-QFIPXVFZSA-N	C=CC(=O)N1CCC([C@@H]2CCNc3c(C(N)=O)c(-c4ccc(Oc5ccccc5)cc4)nn32)CC1	chembl_approved	CHEMBL3936761	CC BY-SA 3.0	2026-09-25	471.56	4.223	2	5	102.48	6	35	64	5	0.296	0	0	0	
decoy	DALKLAYLIPSCQL-YPYQNWSCSA-N	CCC(=O)O[C@]1(C(=O)COC(C)=O)CC[C@H]2[C@@H]3C[C@H](C)C4=CC(=O)C=C[C@]4(C)[C@H]3[C@@H](O)C[C@@]21C	chembl_phase2	CHEMBL1697782	CC BY-SA 3.0	2026-09-25	472.58	3.335	1	7	106.97	5	34	70	4	0.704	0	0	0	
decoy	YYUAYBYLJSNDCX-UHFFFAOYSA-N	Cc1cc(NC(=O)C2=C(O)c3ccccc3S(=O)(=O)N2C)no1	chembl_approved	CHEMBL53292	CC BY-SA 3.0	2026-09-25	335.34	1.482	2	6	112.74	2	23	36	3	0.143	0	0	0	
decoy	YFTARXQOKASKBW-JOYOIKCWSA-N	NC(=O)c1c(N)nn2ccc(N3C[C@@H](F)C[C@@H]3c3cc(F)ccc3F)nc12	chembl_phase2	CHEMBL5314458	CC BY-SA 3.0	2026-09-25	376.34	1.978	2	5	102.54	3	27	42	4	0.235	0	0	0	
decoy	MQUIHBQDYYAEMH-UHFFFAOYSA-N	CNC(C)C(=O)c1ccc(OC)cc1	chembl_phase2	CHEMBL2106893	CC BY-SA 3.0	2026-09-25	193.25	1.486	1	3	38.33	4	14	29	1	0.364	0	0	1	
decoy	IFYJCDHOWBSELI-UHFFFAOYSA-N	COc1cc(C(=O)OCCCNCCC(c2ccccc2)c2ccccc2)cc(OC)c1OC	chembl_phase2	CHEMBL2105186	CC BY-SA 3.0	2026-09-25	463.57	5.071	1	6	66.02	13	34	67	3	0.321	0	1	0	
decoy	DHOKBGHAEUVRMO-SLHNCBLASA-N	C#C[C@]1(O)CC[C@H]2[C@@H]3CCC4=C(CCCC4)[C@H]3CC[C@@]21C	chembl_phase2	CHEMBL2105440	CC BY-SA 3.0	2026-09-25	284.44	4.458	1	1	20.23	0	21	49	4	0.8	0	0	0	
decoy	DREVJBVJBRSSDL-UHFFFAOYSA-N	CC(C)NCC(O)COc1nccs1	chembl_phase2	CHEMBL2111158	CC BY-SA 3.0	2026-09-25	216.31	0.881	2	5	54.38	6	14	30	1	0.667	0	0	0	
decoy	KVLFRAWTRWDEDF-IRXDYDNUSA-N	COc1ccc(-c2ccc3c(N4CCOC[C@@H]4C)nc(N4CCOC[C@@H]4C)nc3n2)cc1CO	chembl_phase1	CHEMBL1801204	CC BY-SA 3.0	2026-09-25	465.55	2.643	1	9	93.07	5	34	65	5	0.48	0	0	0	
decoy	LCDDAGSJHKEABN-MLGOLLRUSA-N	CC(C)(C)OC[C@@H]1C(=O)NCCN1C(=O)C[C@H](N)Cc1cc(F)c(F)cc1F	chembl_approved	CHEMBL1779710	CC BY-SA 3.0	2026-09-25	401.43	1.506	2	4	84.66	6	28	54	2	0.579	0	0	0	
decoy	IERWCEALNGTKIK-UHFFFAOYSA-N	COc1cc(C(C#N)(CCCN(C)CCc2ccccc2)C(C)C)cc(OC)c1OC	chembl_phase2	CHEMBL523367	CC BY-SA 3.0	2026-09-25	424.59	5.084	0	5	54.72	12	31	67	2	0.5	0	1	0	
decoy	SYTNEMZCCLUTNX-NPMXOYFQSA-N	C[C@@H](c1nc(-c2ccc(C#N)cc2)cs1)[C@@](Cn1cncn1)(OCOP(=O)(O)O)c1ccc(F)cc1F	chembl_phase2	CHEMBL333325	CC BY-SA 3.0	2026-09-25	547.48	4.334	2	8	143.38	10	37	57	4	0.217	0	1	0	
decoy	NMRJDSZFSHRJHS-UHFFFAOYSA-N	CCCCCCCCCC[N+](C)(C)CCOC(=O)C12CC3CC(CC(C3)C1)C2	chembl_phase2	CHEMBL2106663	CC BY-SA 3.0	2026-09-25	392.65	5.963	0	2	26.3	13	28	74	4	0.96	0	1	0	chembl_phase2:CHEMBL2110921
decoy	WDMFHQNUSVLQMS-XFYQWYMDSA-N	CC(=O)/C=C/C=C1/C2CCC(C2)C1(C)C	chembl_phase2	CHEMBL2104245	CC BY-SA 3.0	2026-09-25	204.31	3.514	0	1	17.07	2	15	35	2	0.643	0	0	0	
decoy	BBACKDMGYMXYLE-UHFFFAOYSA-N	O=C1NCCNC1c1cccs1	chembl_phase2	CHEMBL2104853	CC BY-SA 3.0	2026-09-25	182.25	0.509	2	3	41.13	1	12	22	2	0.375	0	0	1	
decoy	DRACNSAQZFZUKW-UHFFFAOYSA-N	O=c1nc(OCCc2ccc(Oc3ccc(Cl)c(C(F)(F)F)c3)cc2)[nH]cc1Cc1cncnc1	chembl_phase1	CHEMBL3634561	CC BY-SA 3.0	2026-09-25	502.88	5.237	1	6	89.99	8	35	53	4	0.167	0	2	0	
decoy	RSNPAKAFCAAMBH-UHFFFAOYSA-N	Cc1nc2cccc(N)c2c(=O)n1C1CCC(=O)NC1=O	chembl_phase2	CHEMBL3989934	CC BY-SA 3.0	2026-09-25	286.29	0.265	2	5	107.08	1	21	35	3	0.286	0	0	0	
decoy	MJUVRTYWUMPBTR-MRXNPFEDSA-N	CC(C)(CO)c1cc2cc(NC(=O)C3(c4ccc5c(c4)OC(F)(F)O5)CC3)c(F)cc2n1C[C@@H](O)CO	chembl_approved	CHEMBL3544914	CC BY-SA 3.0	2026-09-25	520.5	3.395	4	6	113.18	8	37	64	5	0.423	0	1	0	
decoy	BGRJTUBHPOOWDU-UHFFFAOYSA-N	CCN1CCCC1CNC(=O)c1cc(S(N)(=O)=O)ccc1OC	chembl_approved	CHEMBL26	CC BY-SA 3.0	2026-09-25	341.43	0.557	2	5	101.73	6	23	46	2	0.533	0	0	0	
decoy	FOHWAQGURRYJFK-ONEGZZNKSA-N	C(=C\c1cccs1)/c1cc[nH]n1	chembl_phase3	CHEMBL4650326	CC BY-SA 3.0	2026-09-25	176.24	2.642	1	2	28.68	2	12	20	2	0.0	0	0	1	
decoy	OCAPBUJLXMYKEJ-UHFFFAOYSA-N	c1ccc(-c2ccc(C(c3ccccc3)n3ccnc3)cc2)cc1	chembl_approved	CHEMBL277535	CC BY-SA 3.0	2026-09-25	310.4	5.188	0	1	17.82	4	24	42	4	0.045	0	1	0	
decoy	FLEFKKUZMDEUIP-QFIPXVFZSA-N	CS(=O)(=O)CC(=O)N1CC2(C1)OCc1cc(C3=NO[C@@](c4cc(Cl)c(F)c(Cl)c4)(C(F)(F)F)C3)ccc12	chembl_phase2	CHEMBL3137302	CC BY-SA 3.0	2026-09-25	581.37	4.327	0	6	85.27	4	37	55	5	0.391	0	1	0	
decoy	RAMPGXSXWLFXFU-UHFFFAOYSA-N	CC(=O)NS(=O)(=O)c1cc(N)ccc1S(=O)(=O)c1ccc(N)cc1	chembl_phase2	CHEMBL3306903	CC BY-SA 3.0	2026-09-25	369.42	0.509	3	7	149.42	4	24	39	2	0.071	0	0	0	
decoy	VSAZFRKEFQPOIS-UHFFFAOYSA-N	O=S(=O)(O)c1cc(O)c(S(=O)(=O)O)cc1O	chembl_phase2	CHEMBL2107069	CC BY-SA 3.0	2026-09-25	270.24	-0.409	4	6	149.2	2	16	22	1	0.0	0	0	0	
decoy	NOEGNKMFWQHSLB-UHFFFAOYSA-N	O=Cc1ccc(CO)o1	chembl_phase2	CHEMBL185885	CC BY-SA 3.0	2026-09-25	126.11	0.584	1	3	50.44	2	9	15	1	0.167	0	0	1	
decoy	IPEHBUMCGVEMRF-UHFFFAOYSA-N	NC(=O)c1cnccn1	chembl_approved	CHEMBL614	CC BY-SA 3.0	2026-09-25	123.11	-0.425	1	3	68.87	1	9	14	1	0.0	0	0	1	
decoy	VSXZKSNSPQZSDB-UHFFFAOYSA-N	Cc1cc(OCCC[N+](C)(C)Cc2ccc(Br)cc2)c(C(C)C)cc1Cl	chembl_phase2	CHEMBL2106528	CC BY-SA 3.0	2026-09-25	439.85	6.58	0	1	9.23	8	26	56	2	0.455	0	1	0	chembl_phase2:CHEMBL2110890
decoy	JRBXPUUAYKCCLQ-QMMMGPOBSA-N	N[C@H](C(=O)O)c1ccc(CO)c(O)c1	chembl_phase2	CHEMBL472562	CC BY-SA 3.0	2026-09-25	197.19	-0.031	4	4	103.78	3	14	25	1	0.222	0	0	0	
decoy	SZFPYBIJACMNJV-UHFFFAOYSA-N	CCCCCCCCCCCCCCCCCCOP(=O)([O-])OC1CC[N+](C)(C)CC1	chembl_phase3	CHEMBL372764	CC BY-SA 3.0	2026-09-25	461.67	6.988	0	4	58.59	20	31	83	1	1.0	0	1	0	
decoy	BNRNXUUZRGQAQC-UHFFFAOYSA-N	CCCc1nn(C)c2c(=O)[nH]c(-c3cc(S(=O)(=O)N4CCN(C)CC4)ccc3OCC)nc12	chembl_approved	CHEMBL192	CC BY-SA 3.0	2026-09-25	474.59	1.611	1	7	113.42	7	33	63	4	0.5	0	0	0	chembl_approved:CHEMBL1737
decoy	GQZQCROBCYNTMU-UHFFFAOYSA-N	O=C(NNCS(=O)(=O)O)c1ccncc1	chembl_phase2	CHEMBL2105190	CC BY-SA 3.0	2026-09-25	231.23	-0.839	3	5	108.39	4	15	24	1	0.143	0	0	0	
decoy	DYLJVOXRWLXDIG-UHFFFAOYSA-N	COc1cccc(OC)c1-c1cc(C(=O)NC2(C(=O)O)C3CC4CC(C3)CC2C4)nn1-c1ccnc2cc(Cl)ccc12	chembl_phase3	CHEMBL506981	CC BY-SA 3.0	2026-09-25	587.08	5.767	2	6	115.57	7	42	73	8	0.375	0	2	0	
decoy	YMARZQAQMVYCKC-OEMFJLHTSA-N	CC(C)CN(C[C@@H](O)[C@H](Cc1ccccc1)NC(=O)O[C@H]1CCOC1)S(=O)(=O)c1ccc(N)cc1	chembl_approved	CHEMBL116	CC BY-SA 3.0	2026-09-25	505.64	2.403	3	7	131.19	11	35	70	3	0.48	0	1	0	
decoy	CPRLHPSXWZTPMC-XMMPIXPASA-N	C=CC(=O)N[C@@H]1CCCN(Cc2ccnc(C(=O)Nc3ccc(-c4cc5c(N6CCOCC6)ncnc5[nH]4)cc3)c2)C1	chembl_phase2	CHEMBL6068392	CC BY-SA 3.0	2026-09-25	566.67	3.375	3	8	128.37	8	42	76	6	0.323	0	1	0	
decoy	MMDWBZHWHFGVHF-UHFFFAOYSA-N	O=[N+]([O-])c1cccc(S(=O)(=O)NCCNS(=O)(=O)c2cccc([N+](=O)[O-])c2)c1	chembl_phase2	CHEMBL2104289	CC BY-SA 3.0	2026-09-25	430.42	0.76	2	8	178.62	9	28	42	2	0.143	0	0	0	
decoy	AJACDNCVEGIBNA-KQYNXXCUSA-N	COc1nc(N)c2ncn([C@@H]3O[C@H](CO)[C@@H](O)[C@H]3O)c2n1	chembl_phase2	CHEMBL470888	CC BY-SA 3.0	2026-09-25	297.27	-1.971	4	9	148.77	3	21	36	3	0.545	0	0	0	
decoy	RBMHUYBJIYNRLY-UHFFFAOYSA-N	CC(O)(C(=O)O)P(=O)(O)C(C)(O)C(=O)O	chembl_phase2	CHEMBL2106759	CC BY-SA 3.0	2026-09-25	242.12	-1.157	5	5	152.36	4	15	26	0	0.667	0	0	0	
decoy	STWITCBWQHTJFJ-XMMPIXPASA-N	CC[C@@H](Oc1cccc(-n2c(C)c(C(=O)c3ccc(OC)cc3)c3ccc(OC(F)(F)F)cc32)c1)C(=O)O	chembl_phase2	CHEMBL490029	CC BY-SA 3.0	2026-09-25	527.5	6.319	1	5	86.99	9	38	62	4	0.214	0	2	0	
decoy	KNGOFJLMZYHAGD-XMMPIXPASA-N	CC(C)CN1CCN(c2ccc(-c3ccc(Cl)cc3N3CCC[C@@H](n4ncc(C(=O)O)c4C(F)F)C3)cc2)CC1	chembl_phase2	CHEMBL6068024	CC BY-SA 3.0	2026-09-25	572.1	6.459	1	5	64.84	8	40	76	5	0.467	0	2	0	
decoy	CDHVRXOLGDSJGX-UHFFFAOYSA-N	Cn1c(=O)c2c(ncn2CCNCc2cccnc2)n(C)c1=O	chembl_phase2	CHEMBL2105195	CC BY-SA 3.0	2026-09-25	314.35	-0.381	1	5	86.74	5	23	41	3	0.333	0	0	0	
decoy	NWVVVBRKAWDGAB-UHFFFAOYSA-N	COc1ccc(O)cc1	chembl_approved	CHEMBL544	CC BY-SA 3.0	2026-09-25	124.14	1.401	1	2	29.46	1	9	17	1	0.143	0	0	1	
decoy	VYWRYBZVVSPTQN-SANMLTNESA-N	N#Cc1c(-c2cc(NC(=O)c3cc(F)cc(C(F)(F)F)c3)c3c(c2)C(=O)N[C@H]3c2cc(F)ccc2Cl)ccc2ncnn12	chembl_phase1	CHEMBL6068523	CC BY-SA 3.0	2026-09-25	608.91	6.303	2	5	112.18	4	43	57	6	0.069	0	2	0	
decoy	CDSBFDCCJJDFCV-CKZSCMLPSA-N	CCOc1ccc2c(c1)[C@]1(CC[C@H](CCN3CCOCC3)CC1)C(=O)N2S(=O)(=O)c1ccc(C(=O)NC(C)(C)C)cc1OC	chembl_phase3	CHEMBL2107777	CC BY-SA 3.0	2026-09-25	627.8	4.508	1	8	114.48	9	44	89	5	0.576	0	1	0	
decoy	HGVDHZBSSITLCT-JLJPHGGASA-N	CN1CCc2nc(C(=O)N[C@@H]3C[C@@H](C(=O)N(C)C)CC[C@@H]3NC(=O)C(=O)Nc3ccc(Cl)cn3)sc2C1	chembl_approved	CHEMBL1269025	CC BY-SA 3.0	2026-09-25	548.07	1.29	3	8	136.63	5	37	67	4	0.5	0	1	0	chembl_approved:CHEMBL2105682
decoy	ODCKWAPNRBCXHV-UHFFFAOYSA-N	CC(C)CN(CC(=O)N(CCCN1CCCC1=O)CC(N)=O)C(=O)CNCCc1ccccc1F	chembl_phase2	CHEMBL6068029	CC BY-SA 3.0	2026-09-25	491.61	0.769	2	5	116.05	15	35	73	2	0.6	0	0	0	
decoy	QIVUCLWGARAQIO-OLIXTKCUSA-N	C[C@@H]1[C@H](c2c(F)ccc(F)c2F)C[C@H](NC(=O)c2cnc3c(c2)C[C@@]2(C3)C(=O)Nc3ncccc32)C(=O)N1CC(F)(F)F	chembl_approved	CHEMBL3991065	CC BY-SA 3.0	2026-09-25	603.52	3.948	2	5	104.29	4	43	66	6	0.345	0	1	0	
decoy	SSQJFGMEZBFMNV-PMACEKPBSA-N	CCCCCCC(C)(C)c1cc(O)c2c(c1)OC(C)(C)[C@H]1CC=C(CO)C[C@H]21	chembl_phase3	CHEMBL334533	CC BY-SA 3.0	2026-09-25	386.58	6.224	2	3	49.69	7	28	66	3	0.68	0	1	0	
decoy	YWXYYJSYQOXTPL-SLPGGIOYSA-N	O=[N+]([O-])O[C@@H]1CO[C@H]2[C@@H]1OC[C@@H]2O	chembl_approved	CHEMBL1311	CC BY-SA 3.0	2026-09-25	191.14	-1.278	1	6	91.06	2	13	22	2	1.0	0	0	0	
decoy	YQNFBOJPTAXAKV-OMCISZLKSA-M	CN(C)/C=N/c1c(I)cc(I)c(CCC(=O)[O-])c1I	chembl_approved	CHEMBL1201033	CC BY-SA 3.0	2026-09-25	596.95	2.404	0	3	55.73	5	19	31	1	0.333	0	1	0	chembl_approved:CHEMBL2068725
decoy	PHEDXBVPIONUQT-RGYGYFBISA-N	CCCCCCCCCCCCCC(=O)O[C@@H]1[C@@H](C)[C@@]2(O)[C@@H](C=C(CO)C[C@]3(O)C(=O)C(C)=C[C@@H]23)[C@@H]2C(C)(C)[C@]12OC(C)=O	chembl_phase2	CHEMBL279115	CC BY-SA 3.0	2026-09-25	616.84	5.753	3	8	130.36	15	44	100	4	0.806	0	2	0	
decoy	KLDXJTOLSGUMSJ-JGWLITMVSA-N	O[C@@H]1CO[C@H]2[C@@H]1OC[C@@H]2O	chembl_approved	CHEMBL1200660	CC BY-SA 3.0	2026-09-25	146.14	-1.494	2	4	58.92	0	10	20	2	1.0	0	0	0	
decoy	YIHPGVCWGSURHO-VSBTWAGUSA-N	CC(C)C(=O)OC[C@H]1O[C@@](C#N)(c2ccc3c(N)ncnn23)[C@H](O)[C@@H]1O	chembl_phase3	CHEMBL4863829	CC BY-SA 3.0	2026-09-25	361.36	-0.65	3	9	155.99	4	26	45	3	0.5	0	0	0	
decoy	SJXNPGGVGZXKKI-NYYWCZLTSA-N	CC(F)(F)c1cc(F)ccc1-c1sc2cc(O)ccc2c1Oc1ccc(/C=C/C(=O)O)cc1	chembl_phase1	CHEMBL4076124	CC BY-SA 3.0	2026-09-25	470.47	7.415	2	4	66.76	6	33	50	4	0.08	0	1	0	
decoy	FPIPGXGPPPQFEQ-QZNDTXPVSA-N	[2H]C([2H])([2H])C(/C=C/C=C(C)/C=C/C1=C(C)CCCC1(C)C)=C\CO	chembl_phase3	CHEMBL5314606	CC BY-SA 3.0	2026-09-25	289.48	5.51	1	1	20.23	5	21	51	1	0.5	0	1	0	
decoy	OJMMVQQUTAEWLP-KIDUDLJLSA-N	CCC[C@@H]1C[C@@H](C(=O)N[C@@H]([C@H]2O[C@H](SC)[C@H](O)[C@@H](O)[C@H]2O)[C@@H](C)O)N(C)C1	chembl_approved	CHEMBL1447	CC BY-SA 3.0	2026-09-25	406.55	-0.857	5	8	122.49	7	27	61	2	0.944	0	0	0	chembl_approved:CHEMBL3989551
decoy	YXUPZGKORWTXID-UHFFFAOYSA-N	CCCCCCCCCCCC[N+](C)(C)CCOc1ccccc1	chembl_phase2	CHEMBL486696	CC BY-SA 3.0	2026-09-25	334.57	6.063	0	1	9.23	15	24	64	1	0.727	0	1	0	chembl_phase2:CHEMBL1187011
decoy	GPRBEKHLDVQUJE-QSWIMTSFSA-N	CO/N=C(\C(=O)N[C@@H]1C(=O)N2C(C(=O)O)=C(COC(C)=O)CS[C@H]12)c1csc(N)n1	chembl_approved	CHEMBL1730	CC BY-SA 3.0	2026-09-25	455.47	-0.622	3	11	173.51	7	30	47	3	0.375	0	1	0	
decoy	IBVJFULICYLKCE-BDVNFPICSA-N	CN(C[C@H](O)[C@@H](O)[C@H](O)[C@H](O)CO)C(=S)S	chembl_phase2	CHEMBL4301787	CC BY-SA 3.0	2026-09-25	271.36	-2.431	6	6	104.39	6	16	33	0	0.875	0	1	0	
decoy	GNOGSFBXBWBTIG-UHFFFAOYSA-M	CC(=O)Nc1c(I)cc(I)c(C(=O)[O-])c1I	chembl_approved	CHEMBL1201045	CC BY-SA 3.0	2026-09-25	555.86	1.822	1	3	69.23	2	16	21	1	0.111	0	1	0	
decoy	ZRJOUVOXPWNFOF-UHFFFAOYSA-N	CCCCCCCCCCCCOCCCN	chembl_phase2	CHEMBL1887483	CC BY-SA 3.0	2026-09-25	243.43	4.273	1	2	35.25	14	17	50	0	1.0	0	0	0	
decoy	PSVUJBVBCOISSP-SPFKKGSWSA-N	O=P(NCCCl)(NCCCl)O[C@@H]1O[C@H](CO)[C@@H](O)[C@H](O)[C@H]1O	chembl_phase3	CHEMBL2107143	CC BY-SA 3.0	2026-09-25	383.17	-1.432	6	7	140.51	9	22	43	1	1.0	0	1	0	
decoy	AUYYCJSJGJYCDS-LBPRGKRZSA-N	N[C@@H](Cc1cc(I)c(Oc2ccc(O)c(I)c2)c(I)c1)C(=O)O	chembl_approved	CHEMBL1544	CC BY-SA 3.0	2026-09-25	650.98	3.953	3	4	92.78	5	23	35	2	0.133	0	1	0	
decoy	PYMYPHUHKUWMLA-VPENINKCSA-N	O=C[C@H](O)[C@@H](O)[C@H](O)CO	chembl_approved	CHEMBL1236821	CC BY-SA 3.0	2026-09-25	150.13	-2.74	4	5	97.99	4	10	20	0	0.8	0	0	0	
decoy	HPMZBILYSWLILX-UMDUKNJSSA-N	CC(=O)O[C@H]1C[C@H](O[C@H]2[C@@H](O)C[C@H](O[C@H]3[C@@H](O)C[C@H](O[C@H]4CC[C@@]5(C)[C@H](CC[C@@H]6[C@@H]5CC[C@]5(C)[C@@H](C7=CC(=O)OC7)CC[C@]65O)C4)O[C@@H]3C)O[C@@H]2C)O[C@H](C)[C@H]1O	chembl_approved	CHEMBL3545057	CC BY-SA 3.0	2026-09-25	806.99	3.818	4	14	188.9	8	57	123	8	0.907	0	2	0	
decoy	SALPXBRLSNRTNE-RUDMXATFSA-N	C/C=C(\C)c1ccc(OC(C)=O)cc1	chembl_phase2	CHEMBL2106531	CC BY-SA 3.0	2026-09-25	190.24	3.035	0	2	26.3	2	14	28	1	0.25	0	0	0	
decoy	SWZXEVABPLUDIO-WSZYKNRRSA-N	COC[C@H](NC(=O)c1cnc(C)s1)C(=O)N[C@@H](COC)C(=O)N[C@@H](Cc1ccccc1)C(=O)[C@@]1(C)CO1	chembl_phase2	CHEMBL2103884	CC BY-SA 3.0	2026-09-25	532.62	0.413	3	9	148.25	14	37	69	3	0.48	0	1	0	
decoy	SNFOERUNNSHUGP-ZXZARUISSA-N	O=[N+]([O-])OC[C@H](O[N+](=O)[O-])[C@@H](CO[N+](=O)[O-])O[N+](=O)[O-]	chembl_phase2	CHEMBL2107583	CC BY-SA 3.0	2026-09-25	302.11	-1.443	0	12	209.48	11	20	26	0	1.0	0	1	0	
decoy	RMMXLENWKUUMAY-UHFFFAOYSA-N	CCCc1nc2c(C)cc(-c3nc4ccccc4n3C)cc2n1Cc1ccc(-c2ccccc2C(=O)O)cc1	chembl_approved	CHEMBL1017	CC BY-SA 3.0	2026-09-25	514.63	7.264	1	3	72.94	7	39	69	6	0.182	0	2	0	
decoy	VRFVGZRKFFTPCG-KYHPDETOSA-N	CC1(C)[C@@H](OC(=O)CCC(=O)O)CC[C@]2(C)C3=CC[C@@H]4[C@@H]5C[C@@](C)(C(=O)O)CC[C@]5(C)CC[C@@]4(C)[C@]3(C)CC[C@@H]12	chembl_phase2	CHEMBL2106405	CC BY-SA 3.0	2026-09-25	556.78	7.649	2	4	100.9	5	40	92	5	0.853	0	2	0	
decoy	ZLJZDYOBXVOTSA-XMMPIXPASA-N	C[C@H](CCOc1cccc(CC(=O)O)c1)N(Cc1cccc(C(F)(F)F)c1Cl)CC(c1ccccc1)c1ccccc1	chembl_phase1	CHEMBL573677	CC BY-SA 3.0	2026-09-25	596.09	8.478	1	3	49.77	13	42	75	4	0.265	0	2	0	
decoy	BJHIKXHVCXFQLS-UYFOZJQFSA-N	O=C(CO)[C@@H](O)[C@H](O)[C@H](O)CO	chembl_phase2	CHEMBL1232863	CC BY-SA 3.0	2026-09-25	180.16	-3.377	5	6	118.22	5	12	24	0	0.833	0	0	0	
decoy	LTINZAODLRIQIX-FBXRGJNPSA-N	COCC1=C(C(=O)OC(C)OC(=O)OC(C)C)N2C(=O)[C@@H](NC(=O)/C(=N\OC)c3csc(N)n3)[C@H]2SC1	chembl_approved	CHEMBL1201016	CC BY-SA 3.0	2026-09-25	557.61	0.827	2	14	180.97	10	37	64	3	0.524	0	2	0	
decoy	OIXRDAZPDINJPT-UHFFFAOYSA-M	CCC(=O)Nc1c(I)c(NC(=O)CC)c(I)c(C(=O)[O-])c1I	chembl_phase2	CHEMBL2106377	CC BY-SA 3.0	2026-09-25	640.96	2.561	2	4	98.33	5	22	34	1	0.308	0	1	0	
decoy	ILYCWAKSDCYMBB-OPCMSESCSA-N	CC(C)[C@@H](C)/C=C/[C@@H](C)[C@H]1CC[C@H]2/C(=C/C=C3\C[C@@H](O)CC[C@@H]3C)CCC[C@]12C	chembl_approved	CHEMBL2356023	CC BY-SA 3.0	2026-09-25	398.68	7.721	1	1	20.23	5	29	75	3	0.786	0	1	0	
decoy	FMZXNVLFJHCSAF-DNVCBOLYSA-N	NC(=O)c1cc[n+](CC2=C(C(=O)[O-])N3C(=O)[C@@H](NC(=O)Cc4cccs4)[C@H]3SC2)cc1	chembl_phase2	CHEMBL2105567	CC BY-SA 3.0	2026-09-25	458.52	-1.219	2	7	136.51	7	31	49	4	0.25	0	0	0	
decoy	YANGEESWIGIKOP-UUWRZZSWSA-N	O=c1c2ccccc2c(Cc2ccc(Cl)cc2)nn1C[C@H]1CCCN1CCCCc1ccc(OCCCN2CCCCCC2)cc1	chembl_phase2	CHEMBL1767164	CC BY-SA 3.0	2026-09-25	641.3	7.773	0	5	50.6	14	46	95	6	0.487	0	2	0	
decoy	BNYZXONJFQJYPC-IDZRBWSNSA-N	COC(=O)c1cc([C@@H](OC(=O)c2cccnc2)[C@H](OC(=O)c2cccnc2)[C@@H](COC(=O)c2cccnc2)OC(=O)c2cccnc2)oc1C	chembl_phase2	CHEMBL3989439	CC BY-SA 3.0	2026-09-25	680.63	4.161	0	15	196.2	13	50	78	5	0.171	0	2	0	
decoy	MNOMBFWMICHMKG-MGYWSNOQSA-N	CC[C@H](O)[C@@H](C)[C@H]1O[C@@H]1C[C@@](C)(O)/C=C/C=C(\C)[C@H]1OC(=O)C[C@H](O)CC[C@@](C)(O)[C@@H](OC(=O)N2CCN(C3CCCCCC3)CC2)/C=C/[C@@H]1C	chembl_phase1	CHEMBL4297278	CC BY-SA 3.0	2026-09-25	718.97	5.05	4	10	152.53	10	51	117	4	0.8	0	2	0	
decoy	LHXFPSQJODNWEW-UHFFFAOYSA-N	C=CC1=C(C)c2cc3[nH]c(cc4nc(cc5[nH]c(cc1n2)c(C)c5CCC(=O)OCCC)C(CCC(=O)OCCO)=C4C)C1(C)C3=CC=C(C(=O)OC)C1C(=O)OC	chembl_phase2	CHEMBL2107756	CC BY-SA 3.0	2026-09-25	790.91	6.838	3	11	182.79	13	58	108	6	0.378	0	3	0	
decoy	AQOXEJNYXXLRQQ-KRWDZBQOSA-N	CCOc1ccc(C[C@@H](CN(CCN(CC(=O)O)CC(=O)O)CC(=O)O)N(CC(=O)O)CC(=O)O)cc1	chembl_phase2	CHEMBL6069486	CC BY-SA 3.0	2026-09-25	527.53	-0.675	5	9	205.45	20	37	70	1	0.522	0	1	0	
decoy	XVQUOJBERHHONY-UHFFFAOYSA-N	CNC(C)CCC=C(C)C	chembl_approved	CHEMBL1697841	CC BY-SA 3.0	2026-09-25	141.26	2.341	1	1	12.03	4	10	29	0	0.778	0	0	1	
decoy	FKENQMMABCRJMK-RITPCOANSA-M	CC1(C)[C@H](C(=O)[O-])N2C(=O)C[C@H]2S1(=O)=O	chembl_approved	CHEMBL1200944	CC BY-SA 3.0	2026-09-25	232.24	-2.13	0	5	94.58	1	15	25	2	0.75	0	0	0	
decoy	BZHSRUIDLJDTTJ-UHFFFAOYSA-N	CCOC(=O)COC(=O)c1c(I)c(NC(C)=O)c(I)c(NC(C)=O)c1I	chembl_phase2	CHEMBL2104278	CC BY-SA 3.0	2026-09-25	700.01	3.137	2	6	110.8	6	26	41	1	0.333	0	1	0	
decoy	GBXJAPBXPROFPY-GOSISDBHSA-L	Cn1ccc(S(=O)(=O)N2CCC[C@@H](Nc3nccc(-c4c(-c5cccc(OCOP(=O)([O-])[O-])c5)nc5occn45)n3)C2)n1	chembl_phase1	CHEMBL5314407	CC BY-SA 3.0	2026-09-25	628.56	1.232	1	13	205.1	10	43	68	6	0.28	0	2	0	
decoy	YPBATNHYBCGSSN-VWPFQQQWSA-M	CC1(C)S[C@@H]2[C@H](NC(=O)[C@H](NC(=O)N3CCN(S(C)(=O)=O)C3=O)c3ccccc3)C(=O)N2[C@H]1C(=O)[O-]	chembl_approved	CHEMBL1697708	CC BY-SA 3.0	2026-09-25	538.58	-1.568	2	9	176.33	6	36	60	4	0.476	0	1	0	
decoy	VCFBPAOSTLMYIV-SANMLTNESA-N	CS(=O)(=O)Nc1ccc(C(=O)O[C@@H](Cc2c(Cl)c[n+]([O-])cc2Cl)c2ccc(OC(F)F)c(OCC3CC3)c2)cc1OCC1CC1	chembl_phase2	CHEMBL3113974	CC BY-SA 3.0	2026-09-25	687.54	6.318	1	8	127.1	15	45	75	5	0.4	0	2	0	
decoy	VWXDZAZSCZVCPV-YFRBGRBWSA-N	CC(=O)N1CC2(CCN(C(=O)[C@@H](CCCCN)NC(=O)[C@@H](CC(C)C)NC(=O)[C@@H](Cc3ccccc3)NC(=O)[C@H](N)Cc3ccccc3)CC2)C1	chembl_phase2	CHEMBL5095089	CC BY-SA 3.0	2026-09-25	703.93	1.9	5	7	179.96	17	51	108	4	0.564	0	1	0	
decoy	XOKCXRVJBBLBSX-HDMCCQRMSA-N	CCCCCCCCCCCCCCCCOC(=O)COc1cccc2c1C[C@H]1C[C@@H](O)[C@H](CC[C@@H](O)CCCCC)[C@H]1C2	chembl_phase1	CHEMBL4650232	CC BY-SA 3.0	2026-09-25	614.95	9.523	2	5	75.99	25	44	110	3	0.821	0	2	0	
decoy	UNFWWIHTNXNPBV-WXKVUWSESA-N	CN[C@@H]1[C@H](O)[C@H](NC)[C@H]2O[C@@]3(O)C(=O)C[C@@H](C)O[C@H]3O[C@@H]2[C@H]1O	chembl_approved	CHEMBL1167	CC BY-SA 3.0	2026-09-25	332.35	-2.926	5	9	129.51	2	23	47	3	0.929	0	0	0	chembl_approved:CHEMBL3989571
decoy	KUBPNVYPKPWGRJ-LIVOIKKVSA-N	NC(=O)C1(NC(=O)[C@H](Cc2ccccc2)NC(=O)[C@@H](Cc2c[nH]c3ccccc23)NC(=O)[C@@H](Cc2csc3ccccc23)NC(=O)C2CCNCC2)CCNCC1	chembl_phase3	CHEMBL4297525	CC BY-SA 3.0	2026-09-25	790.99	2.588	8	8	199.34	15	57	107	7	0.372	0	2	0	
decoy	HDZAQYPYABGTCL-UHFFFAOYSA-N	C[N+](C)(CCCCCC[N+](C)(C)C1c2ccccc2-c2ccccc21)C1c2ccccc2-c2ccccc21	chembl_approved	CHEMBL1200933	CC BY-SA 3.0	2026-09-25	502.75	8.24	0	0	0.0	9	38	80	6	0.333	0	2	0	chembl_approved:CHEMBL1201349
decoy	CMSGWTNRGKRWGS-NQIIRXRSSA-N	CCOC(=O)N1c2ccc(C(F)(F)F)cc2[C@@H](N(Cc2cc(C(F)(F)F)cc(C(F)(F)F)c2)C(=O)OC)C[C@H]1CC	chembl_phase3	CHEMBL479527	CC BY-SA 3.0	2026-09-25	600.48	8.198	0	4	59.08	5	41	66	3	0.462	0	2	0	
decoy	GBABOYUKABKIAF-IELIFDKJSA-N	CCC1=C[C@@H]2CN(C1)Cc1c([nH]c3ccccc13)[C@@](C(=O)OC)(c1cc3c(cc1OC)N(C)[C@H]1[C@@](O)(C(=O)OC)[C@H](OC(C)=O)[C@]4(CC)C=CCN5CC[C@]31[C@@H]54)C2	chembl_approved	CHEMBL553025	CC BY-SA 3.0	2026-09-25	778.95	4.754	2	11	133.87	7	57	111	9	0.533	0	2	0	chembl_approved:CHEMBL538943
decoy	IXXFZUPTQVDPPK-ZAWHAJPISA-N	CC[C@H]1OC(=O)[C@@](C)(F)C(=O)[C@H](C)[C@@H](O[C@@H]2O[C@H](C)C[C@H](N(C)C)[C@H]2O)[C@](C)(OC)C[C@@H](C)C(=O)[C@H](C)[C@H]2N(CCCCn3cc(-c4cccc(N)c4)nn3)C(=O)O[C@]12C	chembl_phase3	CHEMBL1232510	CC BY-SA 3.0	2026-09-25	845.02	4.604	2	14	197.87	11	60	125	5	0.721	0	2	0	
decoy	OVRNDRQMDRJTHS-UOLFYFMNSA-N	CC(=O)N[C@H]1[C@@H](O)[C@H](O)[C@@H](CO)O[C@@H]1O	chembl_phase2	CHEMBL1231391	CC BY-SA 3.0	2026-09-25	221.21	-3.078	5	6	119.25	2	15	30	1	0.875	0	0	0	
decoy	XUIIKFGFIJCVMT-GFCCVEGCSA-M	N[C@H](Cc1cc(I)c(Oc2cc(I)c(O)c(I)c2)c(I)c1)C(=O)[O-]	chembl_approved	CHEMBL3545058	CC BY-SA 3.0	2026-09-25	775.86	3.223	2	5	95.61	5	24	34	2	0.133	0	1	0	
decoy	GDJNSDVQXIUOGF-BPFJZTMSSA-N	C=C1/C=C/[C@H](C)[C@@H](O[C@@H]2O[C@H](C)[C@@H](O)[C@@H](OC)[C@H]2OC)CC[C@](C)(O)C(=O)/C=C/[C@@H]2O[C@H]2[C@H](CO[C@@H]2O[C@H](C)C[C@H](OC)[C@H]2O)[C@@H](C)O1	chembl_phase2	CHEMBL3989795	CC BY-SA 3.0	2026-09-25	684.82	2.2	3	13	164.13	8	48	104	4	0.8	0	2	0	
decoy	DNYGXMICFMACRA-XHEDQWPISA-N	CNC[C@@H]1CC[C@@H](N)[C@@H](O[C@H]2[C@H](O)[C@@H](O[C@H]3OC[C@](C)(O)[C@H](NC)[C@H]3O)[C@H](N)C[C@@H]2N)O1	chembl_phase2	CHEMBL373081	CC BY-SA 3.0	2026-09-25	463.58	-3.716	8	12	199.73	7	32	73	3	1.0	0	2	0	
decoy	CZAKJJUNKNPTTO-AJFJRRQVSA-N	Nc1nc(=O)c2c([nH]1)N[C@@H]1O[C@@H]3COP(=O)(O)O[C@@H]3C(O)(O)[C@@H]1N2	chembl_approved	CHEMBL2338675	CC BY-SA 3.0	2026-09-25	363.22	-2.52	7	11	201.28	0	24	38	4	0.6	0	2	0	chembl_approved:CHEMBL4594300
decoy	RZZPDXZPRHQOCG-OJAKKHQRSA-N	C[N+](C)(C)CCOP(=O)(O)OP(=O)([O-])OC[C@H]1O[C@@H](n2ccc(N)nc2=O)[C@H](O)[C@@H]1O	chembl_phase3	CHEMBL1231700	CC BY-SA 3.0	2026-09-25	488.33	-2.23	4	12	215.72	10	31	57	2	0.714	0	1	0	
decoy	FERIUCNNQQJTOY-UHFFFAOYSA-M	CCCC(=O)[O-]	chembl_phase2	CHEMBL62381	CC BY-SA 3.0	2026-09-25	87.1	-0.464	0	2	40.13	2	6	13	0	0.75	0	0	1	
decoy	WRYIIOKOQSICTB-UHFFFAOYSA-N	CCCCCCCCC(F)(F)C(F)(F)C(F)(F)C(F)(F)C(F)(F)C(F)(F)F	chembl_approved	CHEMBL5314588	CC BY-SA 3.0	2026-09-25	432.26	7.476	0	0	0.0	11	27	44	0	1.0	0	1	0	
decoy	MUNWOYRHJPWQNE-GMFUQMJFSA-N	COC[C@H]1CN(C(=O)[C@]2(F)CN(C3CCCC3)C[C@H]2c2ccc(OC)cc2)C[C@@H]1c1ccc(C(F)(F)F)cc1N1CCC(C(=O)O)CC1	chembl_phase1	CHEMBL4802244	CC BY-SA 3.0	2026-09-25	675.76	5.954	1	6	82.55	9	48	93	6	0.611	0	2	0	chembl_phase3:CHEMBL4802160
decoy	FAXGPCHRFPCXOO-LXTPJMTPSA-N	CC(C)CC(=O)N[C@H](C(=O)N[C@H](C(=O)N[C@@H](CC(C)C)[C@@H](O)CC(=O)N[C@@H](C)C(=O)N[C@@H](CC(C)C)[C@@H](O)CC(=O)O)C(C)C)C(C)C	chembl_phase2	CHEMBL296588	CC BY-SA 3.0	2026-09-25	685.9	1.467	8	8	223.26	22	48	111	0	0.824	0	2	0	
decoy	XTEGRRHNMFDROI-YRRQLQLVSA-N	Cn1c(=O)c2c(ncn2CCCN[C@H]2CO[C@H]3[C@@H]2OC[C@@H]3O[N+](=O)[O-])n(C)c1=O	chembl_phase2	CHEMBL2107483	CC BY-SA 3.0	2026-09-25	410.39	-1.843	1	9	144.68	7	29	51	4	0.688	0	0	0	
decoy	YTMOQFAFGKLYIW-CONSDPRKSA-N	CC(C)COC(=O)[C@H](Cc1ccccc1)NP(=O)(COCCn1cnc2c(NC3CC3)nc(N)nc21)N[C@@H](Cc1ccccc1)C(=O)OCC(C)C	chembl_phase1	CHEMBL1652465	CC BY-SA 3.0	2026-09-25	734.84	4.95	4	11	184.61	21	52	103	5	0.486	0	2	0	
decoy	CZPWVGJYEJSRLH-UHFFFAOYSA-N	c1cncnc1	chembl_phase3	CHEMBL15562	CC BY-SA 3.0	2026-09-25	80.09	0.477	0	2	25.78	0	6	10	1	0.0	0	0	1	
decoy	ZXOSVKYCXLTVGS-KRWDZBQOSA-N	CC[C@H](C)OC(=O)Cc1oc2ccccc2c1C(=O)c1cc(I)c(OCCN(CC)CC)c(I)c1	chembl_phase2	CHEMBL2105631	CC BY-SA 3.0	2026-09-25	703.36	6.478	0	6	68.98	12	35	66	3	0.407	0	2	0	
decoy	IDRYSCOQVVUBIJ-PPGFLMPOSA-N	CC[C@H]1OC(=O)[C@H](C)[C@@H](O[C@H]2C[C@@](C)(OC)[C@@H](O)[C@H](C)O2)[C@H](C)[C@@H](O[C@@H]2O[C@H](C)C[C@H](N(C)C)[C@H]2O)[C@](C)(O)C[C@@H](C)C(=O)[C@H](C)[C@@H](O)[C@H]1C	chembl_phase2	CHEMBL3220708	CC BY-SA 3.0	2026-09-25	717.94	2.671	4	13	173.68	7	50	117	3	0.946	0	2	0	
decoy	NNBGCSGCRSCFEA-UHFFFAOYSA-N	COCCN1CCC(N(Cc2ccc(-c3ccc(C(F)(F)F)cc3)cc2)C(=O)Cn2c(SCc3cccc(F)c3F)cc(=O)c3ccccc32)CC1	chembl_phase2	CHEMBL2104981	CC BY-SA 3.0	2026-09-25	735.82	8.397	0	5	54.78	12	52	90	6	0.3	0	2	0	
decoy	NHUWXMNVGMRODJ-UHFFFAOYSA-P	COc1ccc2[nH]c3ccc4cc[n+](CCN5CCC(C6CCN(CC[n+]7ccc8ccc9[nH]c%10ccc(OC)cc%10c9c8c7)CC6)CC5)cc4c3c2c1	chembl_phase2	CHEMBL435565	CC BY-SA 3.0	2026-09-25	718.95	7.978	2	4	64.28	9	54	104	10	0.348	0	2	0	chembl_phase2:CHEMBL1182165
decoy	BHXLLRXDAYEMPP-SBGRAJFYSA-N	CO/N=C(\C(=O)N[C@@H]1C(=O)N2C(C(=O)[O-])=C(C[n+]3ccc(N)n3CCO)CS[C@H]12)c1csc(N)n1	chembl_phase2	CHEMBL2105940	CC BY-SA 3.0	2026-09-25	522.57	-3.157	4	12	205.1	9	35	57	4	0.368	0	2	0	
decoy	BWKDAMBGCPRVPI-ZQRPHVBESA-N	CC(=O)O[C@H]1C(=O)[C@@]2(C)[C@H]([C@H](OC(=O)c3ccccc3)[C@]34OC(=O)O[C@H]3[C@H](OC(=O)[C@H](O)[C@H](CC(C)C)NC(=O)OC(C)(C)C)C(C)=C1C4(C)C)[C@]1(OC(C)=O)CO[C@@H]1C[C@@H]2O	chembl_phase2	CHEMBL382300	CC BY-SA 3.0	2026-09-25	871.93	3.657	3	17	245.82	10	62	119	6	0.659	0	2	0	
decoy	SERLAGPUMNYUCK-BLEZHGCXSA-N	OCC(O)[C@@H](O)[C@H](O)[C@H](O)CO[C@H]1O[C@H](CO)[C@@H](O)[C@H](O)[C@H]1O	chembl_phase3	CHEMBL2104398	CC BY-SA 3.0	2026-09-25	344.31	-5.761	9	11	200.53	8	23	47	1	1.0	0	2	0	
decoy	NPCYYZYVQAQDBM-UHFFFAOYSA-N	CNC(=O)C(CO)NC(=O)c1c(I)c(NC(=O)COC)c(I)c(C(=O)O)c1I	chembl_phase2	CHEMBL2104817	CC BY-SA 3.0	2026-09-25	731.02	0.62	5	6	154.06	8	28	44	1	0.333	0	1	0	
decoy	DDINXHAORAAYAD-UHFFFAOYSA-N	CCCCCCCCCCCC(=O)OCN1C(=O)CCc2ccc(OCCCCN3CCN(c4cccc(Cl)c4Cl)CC3)cc21	chembl_approved	CHEMBL2219425	CC BY-SA 3.0	2026-09-25	660.73	8.675	0	6	62.32	19	45	96	4	0.611	0	2	0	
decoy	GZSOSUNBTXMUFQ-YFAPSIMESA-N	COc1ccc(-c2cc(=O)c3c(O)cc(O[C@@H]4O[C@H](CO[C@@H]5O[C@@H](C)[C@H](O)[C@@H](O)[C@H]5O)[C@@H](O)[C@H](O)[C@H]4O)cc3o2)cc1O	chembl_approved	CHEMBL231884	CC BY-SA 3.0	2026-09-25	608.55	-1.09	8	15	238.2	7	43	75	5	0.464	0	3	0	
decoy	DJWYOLJPSHDSAL-ROUUACIJSA-N	CC(C)(CO)[C@@H](O)C(=O)NCCC(=O)NCCSSCCNC(=O)CCNC(=O)[C@H](O)C(C)(C)CO	chembl_phase3	CHEMBL2104786	CC BY-SA 3.0	2026-09-25	554.73	-1.628	8	10	197.32	19	36	78	0	0.818	0	2	0	
decoy	XPCSGTPPHYORKJ-YHXMLEJGSA-N	CCCCCCCCCC(=O)O[C@H]1CC[C@@]2(C)C(=CC[C@@H]3[C@@H]2CC[C@]2(C)C(c4cccnc4)=CC[C@@H]32)C1	chembl_phase1	CHEMBL5314964	CC BY-SA 3.0	2026-09-25	503.77	9.09	0	3	39.19	10	37	86	5	0.706	0	2	0	
decoy	ZVXNYZWXUADSRV-UHFFFAOYSA-N	CCCCCCCCN=c1ccn(CCCCCCCCCCn2ccc(=NCCCCCCCC)cc2)cc1	chembl_phase2	CHEMBL36342	CC BY-SA 3.0	2026-09-25	550.92	9.633	0	2	34.58	25	40	102	2	0.722	0	2	0	chembl_phase2:CHEMBL1199480
decoy	LENZDBCJOHFCAS-UHFFFAOYSA-N	NC(CO)(CO)CO	chembl_approved	CHEMBL1200391	CC BY-SA 3.0	2026-09-25	121.14	-2.339	4	4	86.71	3	8	19	0	1.0	0	0	0	
decoy	OFDNQWIFNXBECV-VFSYNPLYSA-N	CC[C@H](C)[C@@H]([C@@H](CC(=O)N1CCC[C@H]1[C@H](OC)[C@@H](C)C(=O)N[C@@H](Cc1ccccc1)c1nccs1)OC)N(C)C(=O)[C@@H](NC(=O)[C@H](C(C)C)N(C)C)C(C)C	chembl_phase2	CHEMBL39541	CC BY-SA 3.0	2026-09-25	785.11	5.19	2	9	133.41	21	55	123	3	0.69	0	2	0	
decoy	HCCFUFNFJIUPHS-MZYBJUSBSA-O	C[n+]1ccc(SCC2=C(C(=O)O)N3C(=O)[C@@H](NC(=O)/C(=N\OC(C)(C)C(=O)O)c4csc(N)n4)[C@H]3[S+]([O-])C2)cc1	chembl_phase2	CHEMBL2105810	CC BY-SA 3.0	2026-09-25	609.69	-0.32	4	11	211.45	10	40	65	4	0.348	0	2	0	chembl_phase2:CHEMBL2110741
decoy	PPEKGEBBBBNZKS-HGRQIUPRSA-N	N=C1N(O)[C@@H](COC(N)=O)[C@@H]2N=C(N)N[C@]23N1CCC3(O)O	chembl_phase1	CHEMBL4297307	CC BY-SA 3.0	2026-09-25	315.29	-3.541	7	9	193.75	2	22	39	3	0.7	0	1	0	
decoy	URWAJWIAIPFPJE-VHLNBGGKSA-N	CN[C@@H]1[C@@H](O)[C@@H](O[C@@H]2[C@H](O)[C@H](O[C@H]3OC(CN)=CC[C@H]3N)[C@@H](N)C[C@H]2N)OC[C@]1(C)O	chembl_phase2	CHEMBL2105403	CC BY-SA 3.0	2026-09-25	447.53	-3.851	8	12	213.72	6	31	68	3	0.895	0	2	0	
decoy	KLBJRPVUPJXXCM-UHFFFAOYSA-N	CCCCCCCCCCCCC(C#N)(CCCN(C)CCc1ccccc1)c1ccccc1	chembl_phase2	CHEMBL363884	CC BY-SA 3.0	2026-09-25	460.75	8.714	0	2	27.03	19	34	82	2	0.594	0	1	0	
decoy	ORFOPKXBNMVMKC-DWVKKRMSSA-M	CC(C)(O/N=C(\C(=O)N[C@@H]1C(=O)N2C(C(=O)[O-])=C(C[n+]3ccccc3)CS[C@H]12)c1csc(N)n1)C(=O)[O-]	chembl_approved	CHEMBL1200768	CC BY-SA 3.0	2026-09-25	545.58	-2.634	2	12	194.05	9	37	58	4	0.318	0	2	0	
decoy	VOMKSBFLAZZBOW-UHFFFAOYSA-N	CCCCCCCCCCCCCCCC(=O)OC1CCCn2c1nc(C)c(CCN1CCC(c3noc4cc(F)ccc34)CC1)c2=O	chembl_approved	CHEMBL2107360	CC BY-SA 3.0	2026-09-25	664.91	9.114	0	7	90.46	19	48	105	5	0.692	0	2	0	
decoy	DMUAPQTXSSNEDD-QALJCMCCSA-N	CCC(=O)O[C@@H]1CC(=O)O[C@H](C)C/C=C/C=C/[C@H](O)[C@H](C)C[C@H](CC=O)[C@H](O[C@@H]2O[C@H](C)[C@@H](O[C@H]3C[C@@](C)(O)[C@@H](OC(=O)CC)[C@H](C)O3)[C@H](N(C)C)[C@H]2O)[C@H]1OC	chembl_phase2	CHEMBL444963	CC BY-SA 3.0	2026-09-25	813.98	2.767	3	16	206.05	12	57	124	3	0.805	0	2	0	
decoy	MODVSQKJJIBWPZ-VLLPJHQWSA-N	CC(=O)O[C@@]12CO[C@@H]1CC[C@@]1(C)[C@@H]3O[C@H](CN(C)C)O[C@@H]3C3=C(C)[C@@H](OC(=O)[C@H](O)[C@@H](NC(=O)OC(C)(C)C)c4ncccc4F)C[C@@](O)([C@@H](OC(=O)c4ccccc4)[C@@H]12)C3(C)C	chembl_phase3	CHEMBL2107787	CC BY-SA 3.0	2026-09-25	881.99	4.565	3	15	201.51	10	63	123	7	0.63	0	2	0	
decoy	JVTAAEKCZFNVCJ-UHFFFAOYSA-M	CC(O)C(=O)[O-]	chembl_approved	CHEMBL1357	CC BY-SA 3.0	2026-09-25	89.07	-1.883	1	3	60.36	1	6	11	0	0.667	0	0	1	chembl_approved:CHEMBL1200664;chembl_phase1:CHEMBL2106111
decoy	JFXBEKISTKFVAB-AJQTZOPKSA-N	COc1ccc2cc1Oc1cc3c(cc1OC)CC[N+](C)(C)[C@H]3Cc1ccc(cc1)Oc1c(OC)c(OC)cc3c1[C@@H](C2)[N+](C)(C)CC3	chembl_approved	CHEMBL1259	CC BY-SA 3.0	2026-09-25	652.83	7.452	0	6	55.38	4	48	96	8	0.4	0	2	0	chembl_approved:CHEMBL1739;chembl_phase2:CHEMBL2105841
decoy	YUVGVJYLOFTILT-INJOXJOKSA-N	CCc1cc(N2C(=S)N(c3ccc(C#N)c(C(F)(F)F)c3)C(=O)C2(C)C)ccc1OCCN1CCN(CC(=O)Nc2cccc(N[C@@H]3CCC(=O)NC3=O)c2)[C@H](C)C1	chembl_phase2	CHEMBL6068413	CC BY-SA 3.0	2026-09-25	818.92	5.297	3	10	150.35	12	58	103	6	0.415	0	2	0	
decoy	ODYPLCHSCOJEIZ-SFNQMWQSSA-N	CC(=O)N(C)c1c(I)c(NC(=O)[C@H](O)[C@@H](O)[C@H](O)[C@H](O)CO)c(I)c(C(=O)NCCO)c1I	chembl_phase2	CHEMBL3989479	CC BY-SA 3.0	2026-09-25	807.11	-1.42	8	9	199.89	10	33	57	1	0.5	0	2	0	
decoy	RQLDKUSQKQMFCN-AEXVNIBOSA-N	CN[C@@H]1[C@H](O[C@H]2[C@H](O[C@H]3[C@H](O)[C@@H](O)[C@H](OC(N)=O)[C@@H](O)[C@@H]3NC(=N)N)O[C@@H](C)[C@]2(O)CO)O[C@@H](CO)[C@H](O)[C@H]1O	chembl_phase2	CHEMBL2104642	CC BY-SA 3.0	2026-09-25	585.56	-7.336	13	16	325.01	9	40	79	3	0.905	0	3	0	
decoy	DREKSGOBSPWACW-MNMGTKACSA-N	CC1(C)CCC(CN2CCN(c3ccc(C(=O)NS(=O)(=O)c4ccc(NC[C@H]5CC[C@](C)(O)CC5)c([N+](=O)[O-])c4)c(Oc4cnc5[nH]ccc5c4)c3)CC2)=C(C23CC(C(F)F)(C2)C3)C1	chembl_phase2	CHEMBL5754780	CC BY-SA 3.0	2026-09-25	902.08	8.799	4	11	183.03	14	64	121	10	0.532	0	3	0	
decoy	BBZDXMBRAFTCAA-AREMUKBSSA-N	CCN(CC)c1ccc2cc(C(=O)Nc3ccc4[nH]c(C(=O)N5C[C@@H](CCl)c6c5cc(OC(=O)Nc5ccccc5)c5[nH]cc(C)c65)cc4c3)oc2c1	chembl_phase2	CHEMBL32911	CC BY-SA 3.0	2026-09-25	729.24	9.396	4	6	135.7	9	53	90	8	0.195	0	2	0	
decoy	NVHRBQOZEMFKLD-CUYJMHBOSA-N	C#CCN(c1ccc(C(=O)N[C@@H](CCC(=O)N[C@H](CCC(=O)O)C(=O)O)C(=O)O)cc1)[C@H]1CCc2cc3nc(CO)[nH]c(=O)c3cc21	chembl_phase2	CHEMBL4594449	CC BY-SA 3.0	2026-09-25	647.64	0.94	7	9	239.32	15	47	80	4	0.344	0	2	0	
decoy	CMLNPOWEANUBIB-XIGHHNHFSA-N	COC(=O)N[C@H](C(=O)N1CCC[C@H]1c1ncc(-c2ccc(-c3ccc(-c4ccc5nc([C@@H]6CCCN6C(=O)[C@@H](NC(=O)OC)C(C)C)[nH]c5c4)c4c3[C@@H]3CC[C@H]4C3)cc2)[nH]1)C(C)C	chembl_phase1	CHEMBL5095204	CC BY-SA 3.0	2026-09-25	855.05	8.74	4	8	174.64	11	63	121	9	0.469	0	2	0	chembl_phase3:CHEMBL5095203
decoy	USUWIEBBBWHKNI-KHIFEHGGSA-N	Cc1cc(-n2nc3c(c2-n2ccn(-c4ccc5c(cnn5C)c4F)c2=O)[C@H](C)N(C(=O)c2cc4cc([C@H]5CCOC(C)(C)C5)ccc4n2[C@@]2(c4noc(=O)[nH]4)C[C@@H]2C)CC3)cc(C)c1F	chembl_phase3	CHEMBL4446782	CC BY-SA 3.0	2026-09-25	882.97	7.442	1	8	155.93	7	65	113	11	0.375	0	2	0	
decoy	PTXGHCGBYMQQIG-UHFFFAOYSA-N	CCCN(CCC)C(=O)C(CCC(=O)OCCCN1CCN(CCOC(=O)Cc2c(C)n(C(=O)c3ccc(Cl)cc3)c3ccc(OC)cc23)CC1)NC(=O)c1ccccc1	chembl_phase2	CHEMBL2105825	CC BY-SA 3.0	2026-09-25	844.45	6.164	1	10	139.72	21	60	118	5	0.457	0	2	0	
decoy	TZJALUIVHRYQQB-XLRXWWTNSA-N	COc1ccc(-c2oc3c(CC=C(C)C)c(O[C@@H]4O[C@H](CO)[C@@H](O)[C@H](O)[C@H]4O)cc(O)c3c(=O)c2O[C@@H]2O[C@@H](C)[C@H](O)[C@@H](O)[C@H]2O)cc1	chembl_phase3	CHEMBL553204	CC BY-SA 3.0	2026-09-25	676.67	0.068	8	15	238.2	9	48	88	5	0.485	0	3	0	
decoy	WBXPDJSOTKVWSJ-ZDUSSCGKSA-L	Nc1nc2[nH]cc(CCc3ccc(C(=O)N[C@@H](CCC(=O)[O-])C(=O)[O-])cc3)c2c(=O)[nH]1	chembl_approved	CHEMBL2360464	CC BY-SA 3.0	2026-09-25	425.4	-2.003	4	8	196.92	9	31	50	3	0.25	0	0	0	chembl_approved:CHEMBL6068329;chembl_approved:CHEMBL6068335
decoy	UCSJYZPVAKXKNQ-HZYVHMACSA-N	CN[C@@H]1[C@H](O[C@H]2[C@H](O[C@H]3[C@H](O)[C@@H](O)[C@H](N=C(N)N)[C@@H](O)[C@@H]3N=C(N)N)O[C@@H](C)[C@]2(O)C=O)O[C@@H](CO)[C@H](O)[C@H]1O	chembl_approved	CHEMBL372795	CC BY-SA 3.0	2026-09-25	581.58	-8.161	12	15	336.43	9	40	79	3	0.857	0	3	0	
decoy	VCAVAURZPNANDQ-UHFFFAOYSA-N	CCCCCCCCCCCCCCCC[N+](C)(C)CC	chembl_phase2	CHEMBL1550879	CC BY-SA 3.0	2026-09-25	298.58	6.564	0	0	0.0	16	21	65	0	1.0	0	1	0	chembl_phase2:CHEMBL2106839
decoy	NEYNJQRKHLUJRU-DZUOILHNSA-N	CSCC[C@H](NC(=O)[C@H](Cc1c[nH]c2ccccc12)NC(=O)CCNC(=O)OC(C)(C)C)C(=O)N[C@@H](CC(=O)O)C(=O)N[C@@H](Cc1ccccc1)C(N)=O	chembl_approved	CHEMBL1328	CC BY-SA 3.0	2026-09-25	767.91	1.52	8	9	250.91	20	54	103	3	0.432	0	2	0	
decoy	FBOUYBDGKBSUES-VXKWHMMOSA-N	O=C(O[C@H]1CN2CCC1CC2)N1CCc2ccccc2[C@@H]1c1ccccc1	chembl_approved	CHEMBL1734	CC BY-SA 3.0	2026-09-25	362.47	3.865	0	3	32.78	2	27	53	6	0.435	0	0	0	chembl_approved:CHEMBL1200803
decoy	XXBDOTXPQDVHIP-JTQLQIEISA-N	CCOC(=O)Nc1cc2c(c(N)n1)N=C(c1ccccc1)[C@H](C)N2	chembl_phase2	CHEMBL1233800	CC BY-SA 3.0	2026-09-25	325.37	3.167	3	6	101.63	3	24	43	3	0.235	0	0	0	
decoy	XGLHZTBDUXXHOM-WMZJFQQLSA-N	Cl/C(=C\n1cncn1)c1ccc(Cl)cc1Cl	chembl_phase2	CHEMBL1397886	CC BY-SA 3.0	2026-09-25	274.54	3.779	0	2	30.71	2	16	22	2	0.0	0	0	0	
decoy	KYSFUHHFTIGRJN-UHFFFAOYSA-N	CC1(NC2=NS(=O)(=O)c3sc(Cl)cc3N2)CC1	chembl_phase2	CHEMBL135191	CC BY-SA 3.0	2026-09-25	291.79	2.014	2	5	70.56	1	17	27	3	0.444	0	0	0	
decoy	LITNEAPWQHVPOK-FFSVYQOJSA-N	COc1ccc(C2CNC(=O)NC2)cc1O[C@H]1C[C@@H]2CC[C@H]1C2	chembl_phase2	CHEMBL1229569	CC BY-SA 3.0	2026-09-25	316.4	2.659	2	3	59.59	4	23	47	4	0.611	0	0	0	
decoy	BBRMAVGRWHNAIG-FIBGUPNXSA-N	[2H]C([2H])([2H])NC(=O)c1cnc(NC(=O)C2CC2)cc1Nc1cccc(-c2ncc(F)cn2)c1OC	chembl_phase1	CHEMBL4789639	CC BY-SA 3.0	2026-09-25	439.47	3.138	3	7	118.13	7	32	53	4	0.227	0	0	0	
decoy	MDUYWDNWFXSMJJ-XWLWVQCSSA-N	C[C@H]1CCN1c1nc(N2C[C@@H]3[C@@H](CC(=O)O)[C@@H]3C2)cc(C(F)(F)F)n1	chembl_phase2	CHEMBL4549658	CC BY-SA 3.0	2026-09-25	356.35	2.251	1	5	69.56	4	25	44	4	0.688	0	0	0	
decoy	DZLOHEOHWICNIL-QGZVFWFLSA-N	CCOC(=O)[C@@]1(CCCCCCOc2ccc(Cl)cc2)CO1	chembl_phase2	CHEMBL2051959	CC BY-SA 3.0	2026-09-25	326.82	4.001	0	4	48.06	10	22	45	2	0.588	0	0	0	
decoy	ORAUEDBBTFLQSK-UHFFFAOYSA-N	c1ccc(C(c2ccccc2)N2CCN(Cc3ccc4c(c3)OCO4)CC2)cc1	chembl_phase2	CHEMBL2104758	CC BY-SA 3.0	2026-09-25	386.5	4.323	0	4	24.94	5	29	55	5	0.28	0	0	0	
decoy	FJCZHMXAGBYXHJ-QGZVFWFLSA-N	O=C(O)CC[C@@H](NC(=O)c1cc(Cl)cc(Cl)c1)C(=O)N1CCC2(CCCC2)CC1	chembl_phase2	CHEMBL283820	CC BY-SA 3.0	2026-09-25	441.36	4.139	2	3	86.71	6	29	55	3	0.571	0	0	0	
decoy	YEYAKZXEBSVURO-UHFFFAOYSA-N	CCN(CC)CCNC(=O)c1ccc(N)c(Cl)c1	chembl_phase2	CHEMBL1618378	CC BY-SA 3.0	2026-09-25	269.78	1.994	2	3	58.36	6	18	38	1	0.462	0	0	1	
decoy	ZOWQTJXNFTWSCS-IAQYHMDHSA-N	CN1CC[C@]2(C)C[C@@H](Cc3ccc(O)cc32)C1	chembl_phase2	CHEMBL70566	CC BY-SA 3.0	2026-09-25	231.34	2.548	1	2	23.47	0	17	38	3	0.6	0	0	1	
decoy	DRHKJLXJIQTDTD-OAHLLOKOSA-N	CCOc1ccccc1OCCN[C@H](C)Cc1ccc(OC)c(S(N)(=O)=O)c1	chembl_approved	CHEMBL836	CC BY-SA 3.0	2026-09-25	408.52	2.341	2	6	99.88	11	28	56	2	0.4	0	0	0	chembl_approved:CHEMBL1200914
decoy	ZSYULWHBPBAOKV-UHFFFAOYSA-N	O=C(c1ccccc1)N1CC2COCC2C1	chembl_phase2	CHEMBL2106524	CC BY-SA 3.0	2026-09-25	217.27	1.405	0	2	29.54	1	16	31	3	0.462	0	0	1	
decoy	MPJMWXDJLRIVPO-KSZLIROESA-N	COc1ccc2cc([C@H](C)C(=O)O[C@@H](C)OC(=O)NC[C@H](CC(=O)O)CC(C)C)ccc2c1	chembl_phase2	CHEMBL6068028	CC BY-SA 3.0	2026-09-25	459.54	4.704	2	6	111.16	11	33	66	2	0.48	0	0	0	
decoy	CWOFQJBATWQSHL-DEOSSOPVSA-N	COCCN(CCCCC1=CC=C2CCCN=C2N1)CC[C@H](Nc1ncnc2ccccc12)C(=O)O	chembl_phase2	CHEMBL5095257	CC BY-SA 3.0	2026-09-25	492.62	3.61	3	8	111.97	14	36	72	4	0.481	0	0	0	
decoy	JCMSBXFQPKUFEJ-UHFFFAOYSA-N	CCOc1nsnc1NS(=O)(=O)c1ccc(N)cc1	chembl_phase2	CHEMBL2105508	CC BY-SA 3.0	2026-09-25	300.37	1.32	2	7	107.2	5	19	31	2	0.2	0	0	0	
decoy	HAWSQZCWOQZXHI-FQEVSTJZSA-N	CC[C@@]1(O)C(=O)OCc2c1cc1n(c2=O)Cc2cc3cc(O)ccc3nc2-1	chembl_phase3	CHEMBL273862	CC BY-SA 3.0	2026-09-25	364.36	1.785	2	6	101.65	1	27	43	5	0.25	0	0	0	
decoy	DFYRUELUNQRZTB-UHFFFAOYSA-N	COc1cc(C(C)=O)ccc1O	chembl_phase1	CHEMBL346919	CC BY-SA 3.0	2026-09-25	166.18	1.603	1	3	46.53	2	12	22	1	0.222	0	0	1	
decoy	GQGRDYWMOPRROR-XUSMOFMBSA-N	O=C(O)CC/C=C\CC[C@@H]1[C@@H](N2CCCCC2)[C@@H](O)C[C@@H]1OCc1ccc(-c2ccccc2)cc1	chembl_phase2	CHEMBL65030	CC BY-SA 3.0	2026-09-25	477.65	5.675	2	4	70.0	11	35	74	4	0.5	0	1	0	
decoy	ZRCUMOBNOPSLKM-UHFFFAOYSA-N	CCCN1CC=C(c2c[nH]c3ccc(Cl)cc23)CC1	chembl_phase2	CHEMBL2105413	CC BY-SA 3.0	2026-09-25	274.8	4.32	1	1	19.03	3	19	38	3	0.375	0	0	0	
decoy	VXROHTDSRBRJLN-UHFFFAOYSA-O	COc1cc(N)cn[n+]1-c1ccccc1	chembl_phase2	CHEMBL2106667	CC BY-SA 3.0	2026-09-25	202.24	0.949	1	3	52.02	2	15	27	2	0.091	0	0	1	chembl_phase2:CHEMBL2110922
decoy	LYXKFNHUJJDTIA-UHFFFAOYSA-N	O=C1c2ccccc2S(=O)(=O)N1CCCCN1CCN(c2cc(Cl)cc3c2OCCO3)CC1	chembl_phase2	CHEMBL79261	CC BY-SA 3.0	2026-09-25	492.0	2.858	0	7	79.39	6	33	59	5	0.435	0	0	0	
decoy	KHVVROKBGPRWFA-UHFFFAOYSA-N	Cc1cc(=O)oc2cc(OCCN3CCOCC3)cc(OCCN3CCOCC3)c12	chembl_phase2	CHEMBL2105164	CC BY-SA 3.0	2026-09-25	418.49	1.523	0	8	73.61	8	30	60	4	0.591	0	0	0	
decoy	VEPKQEUBKLEPRA-UHFFFAOYSA-N	O=c1ncn2nc(Sc3ccc(F)cc3F)ccc2c1-c1c(Cl)cccc1Cl	chembl_phase2	CHEMBL119385	CC BY-SA 3.0	2026-09-25	436.27	5.493	0	4	47.26	3	28	37	4	0.0	0	1	0	
decoy	KNPYQCPWTWANOG-RUZDIDTESA-N	CC(C)(O)CCOc1cc(-c2cnn(C(C)(C)C(N)=O)c2)c2c(c1)[C@@](O)(C(F)(F)F)c1ccccc1-2	chembl_phase2	CHEMBL3673096	CC BY-SA 3.0	2026-09-25	503.52	4.089	3	5	110.6	7	36	64	4	0.385	0	1	0	
decoy	FRQSLQPWXFAJFO-UHFFFAOYSA-N	CCOCOC(=O)c1ccccc1Nc1c(Cl)ccc(C)c1Cl	chembl_phase2	CHEMBL2105509	CC BY-SA 3.0	2026-09-25	354.23	5.196	1	4	47.56	6	23	40	2	0.235	0	1	0	
decoy	XVWQQNARVMHZBP-UHFFFAOYSA-N	CN(CCc1ccccc1)CCc1ccccc1	chembl_phase2	CHEMBL2104216	CC BY-SA 3.0	2026-09-25	239.36	3.404	0	1	3.24	6	18	39	2	0.294	0	0	0	
decoy	HNPHEZIYSZIWHH-UHFFFAOYSA-N	N=C(N)NCc1cccc(F)c1	chembl_phase3	CHEMBL111272	CC BY-SA 3.0	2026-09-25	167.19	0.809	3	1	61.9	2	12	22	1	0.125	0	0	1	
decoy	PLUKVDOZEJBBIS-UHFFFAOYSA-N	C=CC(=O)Nc1cc(Nc2nccc(-c3c4n(c5ccccc35)CCCC4)n2)c(OC)cc1N(C)CCN(C)C	chembl_phase2	CHEMBL6068561	CC BY-SA 3.0	2026-09-25	539.68	5.309	2	7	87.55	10	40	77	5	0.323	0	2	0	
decoy	AOCCBINRVIKJHY-UHFFFAOYSA-N	CCCCCCNC(=O)n1cc(F)c(=O)[nH]c1=O	chembl_phase2	CHEMBL460499	CC BY-SA 3.0	2026-09-25	257.26	0.814	2	3	83.96	5	18	34	1	0.545	0	0	1	
decoy	DJHCCTTVDRAMEH-DUUJBDRPSA-N	CCC(=O)OCC(=O)[C@@]1(OC(=O)CC)[C@H](C)C[C@H]2[C@H]3[C@H]([C@@H](O)C[C@@]21C)[C@@]1(C)C=CC(=O)C=C1C[C@H]3Cl	chembl_approved	CHEMBL1200989	CC BY-SA 3.0	2026-09-25	521.05	3.943	1	7	106.97	6	36	73	4	0.714	0	1	0	
decoy	QULKGELYPOJSLP-WCABBAIRSA-N	C=CCSCC(=O)N[C@@H]1C(=O)N2[C@@H]1SC(C)(C)[C@@H]2C(=O)O	chembl_phase2	CHEMBL2105909	CC BY-SA 3.0	2026-09-25	330.43	0.537	2	5	86.71	6	21	39	2	0.615	0	0	0	
decoy	OTRQRKIYHATFKM-UHFFFAOYSA-N	Cc1[nH]c(-c2ccccc2)nc1CC#N	chembl_phase2	CHEMBL2106836	CC BY-SA 3.0	2026-09-25	197.24	2.451	1	2	52.47	2	15	26	2	0.167	0	0	1	
decoy	JSFATNQSLKRBCI-VAEKSGALSA-N	CCCCC[C@H](O)/C=C/C=C\C/C=C\C/C=C\CCCC(=O)O	chembl_phase2	CHEMBL594621	CC BY-SA 3.0	2026-09-25	320.47	5.188	2	2	57.53	14	23	55	0	0.55	0	1	0	
